{
  "label": "results_eft68_c6f20_c8f40_f516p669_mh125_Glauber_C3p74606_Lambda1000",
  "model_parameters": {
    "c6_over_f2_TeV2": 0.0,
    "c8_over_f4_TeV4": 0.0,
    "f_GeV": 516.6692326229311,
    "m_h": 125.0,
    "v": 246.0,
    "m_w": 80.36,
    "m_z": 91.19,
    "m_t": 173.1,
    "use_glauber_measure": true,
    "C_glauber": 3.746060606060606,
    "Lambda_glauber": 1000.0
  },
  "derived_tree_coefficients": {
    "glauber_scheme": "counterterm_subtracted",
    "lambda_tree": 0.12909808976138543,
    "mu2_tree_GeV2": 7812.5,
    "a0_mean_field": 0.3998252334093464,
    "glauber_t0": 0.22669660363636362,
    "glauber_lambda_shift": 0.0,
    "glauber_mu2_shift_after_lambda_GeV2": 0.0,
    "lambda_tree_raw_glauber_equivalent": -0.4653172750620465,
    "mu2_tree_raw_glauber_equivalent_GeV2": 94546.67498592689,
    "combo_TeV2": 0.0
  },
  "scan_parameters": {
    "T_min": 1.0,
    "T_max": 250.0,
    "phi_scan_range": [
      -10.0,
      516.6692326229311
    ],
    "n_phi_scan": 1200,
    "n_T_seeds": 3,
    "deltaX_target": 0.1,
    "x_eps": 0.001,
    "T_eps": 0.01,
    "deriv_order": 4,
    "phitol": 0.0001,
    "overlapAngle": 45.0,
    "Tn_Ttol": 0.01,
    "Tn_maxiter": 160,
    "include_zeroT_loops": true,
    "include_scalar_loops": true,
    "include_thermal": true,
    "include_scalar_thermal": true,
    "include_daisy": true,
    "renormalize_zeroT_loops": true,
    "thermal_approx": "spline"
  },
  "key_temperatures": {
    "Tn": 63.74362444744753,
    "Tc": 81.17309018937202,
    "Ts_false": 49.36260859374559,
    "Ts_true": 92.66944726562473,
    "S_at_Tn": 8923.300648408067,
    "S_over_Tn": 139.98734345212435,
    "false_phase_key": 1,
    "true_phase_key": 0,
    "phi_false_Tn": -0.0003139914657996719,
    "phi_true_Tn": 238.38612551893274,
    "vTn_over_Tn": 3.7397642130542263,
    "Tc_minus_Tn_over_Tc": 0.2147197513518652
  },
  "gw_scales": {
    "gw_T_star_GeV": 63.74362444744753,
    "gw_alpha": 0.05904129537615455,
    "gw_beta_over_H": 728.9224061132438,
    "gw_v_w": 1.0,
    "gw_g_star": 106.75
  },
  "gw_peaks": {
    "sw": {
      "f_peak_mHz": 8.91165363379737,
      "f_peak_Hz": 0.008911653633797369,
      "omega_peak": 3.160929406883788e-15
    },
    "turb": {
      "f_peak_mHz": 15.25760047357916,
      "f_peak_Hz": 0.01525760047357916,
      "omega_peak": 2.296630248486358e-19
    },
    "coll": {
      "f_peak_mHz": NaN,
      "f_peak_Hz": NaN,
      "omega_peak": NaN
    },
    "total": {
      "f_peak_mHz": 8.91165363379737,
      "f_peak_Hz": 0.008911653633797369,
      "omega_peak": 3.161130919680105e-15
    }
  },
  "gw_run_parameters": {
    "g_star": 106.75,
    "v_w": 1.0,
    "epsilon_turb": 1.0,
    "frequency_unit": "mHz"
  },
  "S3": 8923.188582205781,
  "S3_over_T": 139.98558537508907,
  "bounce_diagnostics": {
    "label": "results_eft68_c6f20_c8f40_f516p669_mh125_Glauber_C3p74606_Lambda1000",
    "C": NaN,
    "Lambda_GeV": NaN,
    "finiteT": null,
    "temperature_GeV": NaN,
    "phi_metaMin": -0.0003139914657996719,
    "phi_absMin": 238.38612551893274,
    "phi_bar": 113.79521791430683,
    "phi_top": 78.4876194432199,
    "V(phi_meta)": -47984914.39062276,
    "V(phi_true)": -67221022.89384335,
    "V(phi_top)": -47133038.11062442,
    "DeltaV_true_minus_meta": -19236108.503220595,
    "r0": 3.471674554634447e-06,
    "phi0": 229.92192475828648,
    "dphi0": -0.10256374639785294,
    "rscale_cubic": 0.03471674554634447,
    "rscale_curv": 0.03212712112967098,
    "wall_r_hi": 0.11225443608285449,
    "wall_thickness": 0.08444317625777088,
    "S_total": 8923.188582205781,
    "S_kin": 13368.916260335596,
    "S_pot": -4445.727678129817,
    "S_interior": 0.0,
    "S3_over_T": NaN,
    "beta_rscale": 28.804543290645395,
    "beta_curvature": 31.126361300183774,
    "beta_wall": 11.842283110566616,
    "Tn_from_transitionFinder_GeV": 63.74362444744753,
    "Tc_from_transitionFinder_GeV": 81.17309018937202,
    "T_spinodal_high_GeV": NaN,
    "T_spinodal_low_GeV": NaN,
    "gw_T_star_GeV": 63.74362444744753,
    "gw_alpha": 0.05904129537615455,
    "gw_beta_over_H": 728.9224061132438,
    "gw_R_star_times_H": NaN,
    "gw_Gamma_Tstar_GeV4": NaN,
    "gw_dT_for_beta_GeV": NaN,
    "gw_f_sw_peak_Hz": NaN,
    "gw_f_turb_peak_Hz": NaN,
    "gw_f_coll_peak_Hz": NaN,
    "gw_g_star": 106.75,
    "gw_v_w": 1.0,
    "omega_sw_peak": NaN,
    "omega_turb_peak": NaN,
    "omega_coll_peak": NaN,
    "omega_tot_peak": NaN
  }
}