{
  "label": "results_eft68_c6f23p5_c8f40_f1000_mh125_Glauber_off",
  "model_parameters": {
    "c6_over_f2_TeV2": 3.5,
    "c8_over_f4_TeV4": 0.0,
    "f_GeV": 1000.0,
    "m_h": 125.0,
    "v": 246.0,
    "m_w": 80.36,
    "m_z": 91.19,
    "m_t": 173.1,
    "use_glauber_measure": false,
    "C_glauber": 0.0,
    "Lambda_glauber": 1000.0
  },
  "derived_tree_coefficients": {
    "glauber_scheme": "counterterm_subtracted",
    "lambda_tree": -0.18861091023861454,
    "mu2_tree_GeV2": -1800.7389219999986,
    "a0_mean_field": 0.2409707334093464,
    "glauber_t0": 0.0,
    "glauber_lambda_shift": 0.0,
    "glauber_mu2_shift_after_lambda_GeV2": 0.0,
    "lambda_tree_raw_glauber_equivalent": -0.18861091023861454,
    "mu2_tree_raw_glauber_equivalent_GeV2": -1800.7389219999986,
    "combo_TeV2": 7.0
  },
  "scan_parameters": {
    "T_min": 1.0,
    "T_max": 250.0,
    "phi_scan_range": [
      -10,
      1000.0
    ],
    "n_phi_scan": 1200,
    "n_T_seeds": 3,
    "deltaX_target": 0.1,
    "x_eps": 0.001,
    "T_eps": 0.01,
    "deriv_order": 4,
    "phitol": 0.0001,
    "overlapAngle": 45.0,
    "Tn_Ttol": 0.01,
    "Tn_maxiter": 160,
    "include_zeroT_loops": true,
    "include_scalar_loops": true,
    "include_thermal": true,
    "include_scalar_thermal": true,
    "include_daisy": false,
    "renormalize_zeroT_loops": true,
    "thermal_approx": "spline"
  },
  "key_temperatures": {
    "Tn": 63.985219682982915,
    "Tc": 87.70740318246193,
    "Ts_false": 15.892388476557148,
    "Ts_true": 92.80464648437471,
    "S_at_Tn": 8958.401778400963,
    "S_over_Tn": 140.00736143105686,
    "false_phase_key": 2,
    "true_phase_key": 0,
    "phi_false_Tn": -4.4434119788385505e-05,
    "phi_true_Tn": 237.51424769372062,
    "vTn_over_Tn": 3.7120173826157594,
    "Tc_minus_Tn_over_Tc": 0.2704695685736883
  },
  "gw_scales": {
    "gw_T_star_GeV": 63.985219682982915,
    "gw_alpha": 0.05946597618950606,
    "gw_beta_over_H": 404.3840540452545,
    "gw_v_w": 1.0,
    "gw_g_star": 106.75
  },
  "gw_peaks": {
    "sw": {
      "f_peak_mHz": 4.987109735477842,
      "f_peak_Hz": 0.004987109735477843,
      "omega_peak": 1.046897410021055e-14
    },
    "turb": {
      "f_peak_mHz": 8.510694130335365,
      "f_peak_Hz": 0.008510694130335365,
      "omega_peak": 7.606508952241249e-19
    },
    "coll": {
      "f_peak_mHz": NaN,
      "f_peak_Hz": NaN,
      "omega_peak": NaN
    },
    "total": {
      "f_peak_mHz": 4.987109735477842,
      "f_peak_Hz": 0.004987109735477843,
      "omega_peak": 1.0469643112074197e-14
    }
  },
  "gw_run_parameters": {
    "g_star": 106.75,
    "v_w": 1.0,
    "epsilon_turb": 1.0,
    "frequency_unit": "mHz"
  },
  "S3": 8958.404852617305,
  "S3_over_T": 140.007409476783,
  "bounce_diagnostics": {
    "label": "results_eft68_c6f23p5_c8f40_f1000_mh125_Glauber_off",
    "C": NaN,
    "Lambda_GeV": NaN,
    "finiteT": null,
    "temperature_GeV": NaN,
    "phi_metaMin": -4.4434119788385505e-05,
    "phi_absMin": 237.51424769372062,
    "phi_bar": 115.99963377275225,
    "phi_top": 79.0003643370787,
    "V(phi_meta)": -42461101.2527041,
    "V(phi_true)": -64907523.06898816,
    "V(phi_top)": -40968533.81857852,
    "DeltaV_true_minus_meta": -22446421.81628406,
    "r0": 2.6398954801856375e-06,
    "phi0": 228.52084933935248,
    "dphi0": -0.08566694913941449,
    "rscale_cubic": 0.026398954801856375,
    "rscale_curv": 0.02561896533132568,
    "wall_r_hi": 0.09917330517652692,
    "wall_thickness": 0.07292348216733835,
    "S_total": 8958.404852617305,
    "S_kin": 13425.868254233015,
    "S_pot": -4467.463401615709,
    "S_interior": 0.0,
    "S3_over_T": NaN,
    "beta_rscale": 37.8802875911466,
    "beta_curvature": 39.033580843201335,
    "beta_wall": 13.713003963596918,
    "Tn_from_transitionFinder_GeV": 63.985219682982915,
    "Tc_from_transitionFinder_GeV": 87.70740318246193,
    "T_spinodal_high_GeV": NaN,
    "T_spinodal_low_GeV": NaN,
    "gw_T_star_GeV": 63.985219682982915,
    "gw_alpha": 0.05946597618950606,
    "gw_beta_over_H": 404.3840540452545,
    "gw_R_star_times_H": NaN,
    "gw_Gamma_Tstar_GeV4": NaN,
    "gw_dT_for_beta_GeV": NaN,
    "gw_f_sw_peak_Hz": NaN,
    "gw_f_turb_peak_Hz": NaN,
    "gw_f_coll_peak_Hz": NaN,
    "gw_g_star": 106.75,
    "gw_v_w": 1.0,
    "omega_sw_peak": NaN,
    "omega_turb_peak": NaN,
    "omega_coll_peak": NaN,
    "omega_tot_peak": NaN
  }
}