{
  "label": "results_eft68_c6f20_c8f40_f517p088_mh125_Glauber_C3p74_Lambda1000",
  "model_parameters": {
    "c6_over_f2_TeV2": 0.0,
    "c8_over_f4_TeV4": 0.0,
    "f_GeV": 517.0876899950191,
    "m_h": 125.0,
    "v": 246.0,
    "m_w": 80.36,
    "m_z": 91.19,
    "m_t": 173.1,
    "use_glauber_measure": true,
    "C_glauber": 3.74,
    "Lambda_glauber": 1000.0
  },
  "scan_parameters": {
    "T_min": 1.0,
    "T_max": 250.0,
    "phi_scan_range": [
      -10.0,
      517.0876899950191
    ],
    "n_phi_scan": 1200,
    "n_T_seeds": 3,
    "deltaX_target": 0.1,
    "x_eps": 0.001,
    "T_eps": 0.01,
    "deriv_order": 4,
    "phitol": 1e-05,
    "overlapAngle": 45.0,
    "Tn_Ttol": 0.001,
    "Tn_maxiter": 160,
    "include_zeroT_loops": true,
    "include_scalar_loops": true,
    "include_thermal": true,
    "include_scalar_thermal": true,
    "include_daisy": true,
    "renormalize_zeroT_loops": true,
    "thermal_approx": "spline"
  },
  "key_temperatures": {
    "Tn": 64.71236577798847,
    "Tc": 81.58617764356399,
    "Ts_false": 50.672436132808194,
    "Ts_true": 92.84987499999973,
    "S_at_Tn": 9059.621356859288,
    "S_over_Tn": 139.99830245645055,
    "false_phase_key": 1,
    "true_phase_key": 0,
    "phi_false_Tn": -0.00030611704464700914,
    "phi_true_Tn": 237.94022317763532,
    "vTn_over_Tn": 3.6768895761583993,
    "Tc_minus_Tn_over_Tc": 0.20682194402211498
  },
  "gw_scales": {
    "gw_T_star_GeV": 64.71236577798847,
    "gw_alpha": 0.05582355438974125,
    "gw_beta_over_H": 911.515824980403,
    "gw_v_w": 1.0,
    "gw_g_star": 106.75
  },
  "gw_peaks": {
    "sw": {
      "f_peak_mHz": 11.39498947221261,
      "f_peak_Hz": 0.011394989472212609,
      "omega_peak": 1.7393994114509327e-15
    },
    "turb": {
      "f_peak_mHz": 19.211870093326358,
      "f_peak_Hz": 0.01921187009332636,
      "omega_peak": 1.2638433153122303e-19
    },
    "coll": {
      "f_peak_mHz": NaN,
      "f_peak_Hz": NaN,
      "omega_peak": NaN
    },
    "total": {
      "f_peak_mHz": 11.39498947221261,
      "f_peak_Hz": 0.011394989472212609,
      "omega_peak": 1.7395106921402546e-15
    }
  },
  "gw_run_parameters": {
    "g_star": 106.75,
    "v_w": 1.0,
    "epsilon_turb": 1.0,
    "frequency_unit": "mHz"
  },
  "S3": 9059.999774556169,
  "S3_over_T": 140.00415014401892,
  "bounce_diagnostics": {
    "label": "results_eft68_c6f20_c8f40_f517p088_mh125_Glauber_C3p74_Lambda1000",
    "C": NaN,
    "Lambda_GeV": NaN,
    "finiteT": null,
    "temperature_GeV": NaN,
    "phi_metaMin": -0.00030611704464700914,
    "phi_absMin": 237.94022317763532,
    "phi_bar": 114.17309029415603,
    "phi_top": 78.67236103329324,
    "V(phi_meta)": -50818725.97164084,
    "V(phi_true)": -69648239.53799967,
    "V(phi_top)": -49964066.654900864,
    "DeltaV_true_minus_meta": -18829513.566358835,
    "r0": 3.474175337408846e-06,
    "phi0": 229.78948882149717,
    "dphi0": -0.09791280927029897,
    "rscale_cubic": 0.03474175337408846,
    "rscale_curv": 0.032258503708806084,
    "wall_r_hi": 0.11320804555262055,
    "wall_thickness": 0.08468785010354206,
    "S_total": 9059.999774556169,
    "S_kin": 13588.610420794234,
    "S_pot": -4528.61064623806,
    "S_interior": 0.0,
    "S3_over_T": NaN,
    "beta_rscale": 28.783809188681673,
    "beta_curvature": 30.999581434670183,
    "beta_wall": 11.80806926586716,
    "Tn_from_transitionFinder_GeV": 64.71236577798847,
    "Tc_from_transitionFinder_GeV": 81.58617764356399,
    "T_spinodal_high_GeV": NaN,
    "T_spinodal_low_GeV": NaN,
    "gw_T_star_GeV": 64.71236577798847,
    "gw_alpha": 0.05582355438974125,
    "gw_beta_over_H": 911.515824980403,
    "gw_R_star_times_H": NaN,
    "gw_Gamma_Tstar_GeV4": NaN,
    "gw_dT_for_beta_GeV": NaN,
    "gw_f_sw_peak_Hz": NaN,
    "gw_f_turb_peak_Hz": NaN,
    "gw_f_coll_peak_Hz": NaN,
    "gw_g_star": 106.75,
    "gw_v_w": 1.0,
    "omega_sw_peak": NaN,
    "omega_turb_peak": NaN,
    "omega_coll_peak": NaN,
    "omega_tot_peak": NaN
  }
}