{
  "label": "results_eft68_c6f23p35152_c8f42_f1000_mh125_Glauber_off",
  "model_parameters": {
    "c6_over_f2_TeV2": 3.3515151515151516,
    "c8_over_f4_TeV4": 2.0,
    "f_GeV": 1000.0,
    "m_h": 125.0,
    "v": 246.0,
    "m_w": 80.36,
    "m_z": 91.19,
    "m_t": 173.1,
    "use_glauber_measure": false,
    "C_glauber": 0.0,
    "Lambda_glauber": 1000.0
  },
  "derived_tree_coefficients": {
    "glauber_scheme": "counterterm_subtracted",
    "lambda_tree": -0.18611890537025097,
    "mu2_tree_GeV2": -1836.1462704271025,
    "a0_mean_field": 0.2422167358435282,
    "glauber_t0": 0.0,
    "glauber_lambda_shift": 0.0,
    "glauber_mu2_shift_after_lambda_GeV2": 0.0,
    "lambda_tree_raw_glauber_equivalent": -0.18611890537025097,
    "mu2_tree_raw_glauber_equivalent_GeV2": -1836.1462704271025,
    "combo_TeV2": 7.066126303030303
  },
  "scan_parameters": {
    "T_min": 1.0,
    "T_max": 250.0,
    "phi_scan_range": [
      -10,
      1000.0
    ],
    "n_phi_scan": 1200,
    "n_T_seeds": 3,
    "deltaX_target": 0.1,
    "x_eps": 0.001,
    "T_eps": 0.01,
    "deriv_order": 4,
    "phitol": 0.0001,
    "overlapAngle": 45.0,
    "Tn_Ttol": 0.01,
    "Tn_maxiter": 160,
    "include_zeroT_loops": true,
    "include_scalar_loops": true,
    "include_thermal": true,
    "include_scalar_thermal": true,
    "include_daisy": true,
    "renormalize_zeroT_loops": true,
    "thermal_approx": "spline"
  },
  "key_temperatures": {
    "Tn": 64.96583607288218,
    "Tc": 88.855036022135,
    "Ts_false": 16.157583203119525,
    "Ts_true": 93.63918554687469,
    "S_at_Tn": 9095.445699339296,
    "S_over_Tn": 140.0035195288726,
    "false_phase_key": 2,
    "true_phase_key": 0,
    "phi_false_Tn": -4.5942907501385286e-05,
    "phi_true_Tn": 237.38773808473456,
    "vTn_over_Tn": 3.654039606577528,
    "Tc_minus_Tn_over_Tc": 0.26885589178425057
  },
  "gw_scales": {
    "gw_T_star_GeV": 64.96583607288218,
    "gw_alpha": 0.05526417678729067,
    "gw_beta_over_H": 385.3960931409167,
    "gw_v_w": 1.0,
    "gw_g_star": 106.75
  },
  "gw_peaks": {
    "sw": {
      "f_peak_mHz": 4.820246238000243,
      "f_peak_Hz": 0.004820246238000243,
      "omega_peak": 9.470715855362986e-15
    },
    "turb": {
      "f_peak_mHz": 8.252721021916784,
      "f_peak_Hz": 0.008252721021916784,
      "omega_peak": 6.881051585309558e-19
    },
    "coll": {
      "f_peak_mHz": NaN,
      "f_peak_Hz": NaN,
      "omega_peak": NaN
    },
    "total": {
      "f_peak_mHz": 4.820246238000243,
      "f_peak_Hz": 0.004820246238000243,
      "omega_peak": 9.47132073214793e-15
    }
  },
  "gw_run_parameters": {
    "g_star": 106.75,
    "v_w": 1.0,
    "epsilon_turb": 1.0,
    "frequency_unit": "mHz"
  },
  "S3": 9095.307053283877,
  "S3_over_T": 140.00138539093487,
  "bounce_diagnostics": {
    "label": "results_eft68_c6f23p35152_c8f42_f1000_mh125_Glauber_off",
    "C": NaN,
    "Lambda_GeV": NaN,
    "finiteT": null,
    "temperature_GeV": NaN,
    "phi_metaMin": -4.5942907501385286e-05,
    "phi_absMin": 237.38773808473456,
    "phi_bar": 116.52389719879575,
    "phi_top": 79.3418307198963,
    "V(phi_meta)": -45783139.974176936,
    "V(phi_true)": -67844018.38843748,
    "V(phi_top)": -44298082.12661848,
    "DeltaV_true_minus_meta": -22060878.414260544,
    "r0": 2.6580011091643476e-06,
    "phi0": 228.7325685800437,
    "dphi0": -0.08287744894805339,
    "rscale_cubic": 0.026580011091643475,
    "rscale_curv": 0.02583603708349819,
    "wall_r_hi": 0.10012034101543153,
    "wall_thickness": 0.07323311664070807,
    "S_total": 9095.307053283877,
    "S_kin": 13639.670669167204,
    "S_pot": -4544.363615883325,
    "S_interior": 0.0,
    "S3_over_T": NaN,
    "beta_rscale": 37.62225668575403,
    "beta_curvature": 38.70562658973825,
    "beta_wall": 13.655024473506161,
    "Tn_from_transitionFinder_GeV": 64.96583607288218,
    "Tc_from_transitionFinder_GeV": 88.855036022135,
    "T_spinodal_high_GeV": NaN,
    "T_spinodal_low_GeV": NaN,
    "gw_T_star_GeV": 64.96583607288218,
    "gw_alpha": 0.05526417678729067,
    "gw_beta_over_H": 385.3960931409167,
    "gw_R_star_times_H": NaN,
    "gw_Gamma_Tstar_GeV4": NaN,
    "gw_dT_for_beta_GeV": NaN,
    "gw_f_sw_peak_Hz": NaN,
    "gw_f_turb_peak_Hz": NaN,
    "gw_f_coll_peak_Hz": NaN,
    "gw_g_star": 106.75,
    "gw_v_w": 1.0,
    "omega_sw_peak": NaN,
    "omega_turb_peak": NaN,
    "omega_coll_peak": NaN,
    "omega_tot_peak": NaN
  }
}