{
  "label": "results_eft68_c6f20_c8f40_f512p051_mh125_Glauber_C3p81394_Lambda1000",
  "model_parameters": {
    "c6_over_f2_TeV2": 0.0,
    "c8_over_f4_TeV4": 0.0,
    "f_GeV": 512.0508674874449,
    "m_h": 125.0,
    "v": 246.0,
    "m_w": 80.36,
    "m_z": 91.19,
    "m_t": 173.1,
    "use_glauber_measure": true,
    "C_glauber": 3.813939393939394,
    "Lambda_glauber": 1000.0
  },
  "derived_tree_coefficients": {
    "glauber_scheme": "counterterm_subtracted",
    "lambda_tree": 0.12909808976138543,
    "mu2_tree_GeV2": 7812.5,
    "a0_mean_field": 0.3998252334093464,
    "glauber_t0": 0.23080435636363636,
    "glauber_lambda_shift": 0.0,
    "glauber_mu2_shift_after_lambda_GeV2": 0.0,
    "lambda_tree_raw_glauber_equivalent": -0.4936525845846926,
    "mu2_tree_raw_glauber_equivalent_GeV2": 95722.53279809111,
    "combo_TeV2": 0.0
  },
  "scan_parameters": {
    "T_min": 1.0,
    "T_max": 250.0,
    "phi_scan_range": [
      -10.0,
      512.0508674874449
    ],
    "n_phi_scan": 1200,
    "n_T_seeds": 3,
    "deltaX_target": 0.1,
    "x_eps": 0.001,
    "T_eps": 0.01,
    "deriv_order": 4,
    "phitol": 0.0001,
    "overlapAngle": 45.0,
    "Tn_Ttol": 0.01,
    "Tn_maxiter": 160,
    "include_zeroT_loops": true,
    "include_scalar_loops": true,
    "include_thermal": true,
    "include_scalar_thermal": true,
    "include_daisy": false,
    "renormalize_zeroT_loops": true,
    "thermal_approx": "spline"
  },
  "key_temperatures": {
    "Tn": 48.50402920041851,
    "Tc": 75.2633624444664,
    "Ts_false": 27.415641601557006,
    "Ts_true": 89.54187109374978,
    "S_at_Tn": 6790.142562874941,
    "S_over_Tn": 139.99130948107614,
    "false_phase_key": 1,
    "true_phase_key": 0,
    "phi_false_Tn": -0.000401002202569566,
    "phi_true_Tn": 243.05410543220268,
    "vTn_over_Tn": 5.0110085582355195,
    "Tc_minus_Tn_over_Tc": 0.35554262226581296
  },
  "gw_scales": {
    "gw_T_star_GeV": 48.50402920041851,
    "gw_alpha": 0.16631058662453813,
    "gw_beta_over_H": 288.0126264024436,
    "gw_v_w": 1.0,
    "gw_g_star": 106.75
  },
  "gw_peaks": {
    "sw": {
      "f_peak_mHz": 2.6885901539081773,
      "f_peak_Hz": 0.0026885901539081773,
      "omega_peak": 2.8140142738158613e-13
    },
    "turb": {
      "f_peak_mHz": 4.603122618001695,
      "f_peak_Hz": 0.004603122618001695,
      "omega_peak": 2.0445514780762866e-17
    },
    "coll": {
      "f_peak_mHz": NaN,
      "f_peak_Hz": NaN,
      "omega_peak": NaN
    },
    "total": {
      "f_peak_mHz": 2.6885901539081773,
      "f_peak_Hz": 0.0026885901539081773,
      "omega_peak": 2.8141939708324295e-13
    }
  },
  "gw_run_parameters": {
    "g_star": 106.75,
    "v_w": 1.0,
    "epsilon_turb": 1.0,
    "frequency_unit": "mHz"
  },
  "S3": 6790.140869070978,
  "S3_over_T": 139.99127456018417,
  "bounce_diagnostics": {
    "label": "results_eft68_c6f20_c8f40_f512p051_mh125_Glauber_C3p81394_Lambda1000",
    "C": NaN,
    "Lambda_GeV": NaN,
    "finiteT": null,
    "temperature_GeV": NaN,
    "phi_metaMin": -0.000401002202569566,
    "phi_absMin": 243.05410543220268,
    "phi_bar": 103.76226720096126,
    "phi_top": 72.15453702304484,
    "V(phi_meta)": -17085375.74271454,
    "V(phi_true)": -41802572.05360916,
    "V(phi_top)": -16428783.814741198,
    "DeltaV_true_minus_meta": -24717196.310894623,
    "r0": 3.635320145693996e-06,
    "phi0": 227.2198228012163,
    "dphi0": -0.20678511531830854,
    "rscale_cubic": 0.03635320145693996,
    "rscale_curv": 0.0325890085036882,
    "wall_r_hi": 0.10290182851979723,
    "wall_thickness": 0.08643410597600228,
    "S_total": 6790.140869070978,
    "S_kin": 10176.800803641787,
    "S_pot": -3386.659934570808,
    "S_interior": 0.0,
    "S3_over_T": NaN,
    "beta_rscale": 27.50789366335427,
    "beta_curvature": 30.685183185858676,
    "beta_wall": 11.569507067934987,
    "Tn_from_transitionFinder_GeV": 48.50402920041851,
    "Tc_from_transitionFinder_GeV": 75.2633624444664,
    "T_spinodal_high_GeV": NaN,
    "T_spinodal_low_GeV": NaN,
    "gw_T_star_GeV": 48.50402920041851,
    "gw_alpha": 0.16631058662453813,
    "gw_beta_over_H": 288.0126264024436,
    "gw_R_star_times_H": NaN,
    "gw_Gamma_Tstar_GeV4": NaN,
    "gw_dT_for_beta_GeV": NaN,
    "gw_f_sw_peak_Hz": NaN,
    "gw_f_turb_peak_Hz": NaN,
    "gw_f_coll_peak_Hz": NaN,
    "gw_g_star": 106.75,
    "gw_v_w": 1.0,
    "omega_sw_peak": NaN,
    "omega_turb_peak": NaN,
    "omega_coll_peak": NaN,
    "omega_tot_peak": NaN
  }
}