{
  "label": "results_eft68_c6f23p23434_c8f42_f1000_mh125_Glauber_off",
  "model_parameters": {
    "c6_over_f2_TeV2": 3.234343434343434,
    "c8_over_f4_TeV4": 2.0,
    "f_GeV": 1000.0,
    "m_h": 125.0,
    "v": 246.0,
    "m_w": 80.36,
    "m_z": 91.19,
    "m_t": 173.1,
    "use_glauber_measure": false,
    "C_glauber": 0.0,
    "Lambda_glauber": 1000.0
  },
  "derived_tree_coefficients": {
    "glauber_scheme": "counterterm_subtracted",
    "lambda_tree": -0.17548275991570547,
    "mu2_tree_GeV2": -1514.317781263463,
    "a0_mean_field": 0.24753480857080093,
    "glauber_t0": 0.0,
    "glauber_lambda_shift": 0.0,
    "glauber_mu2_shift_after_lambda_GeV2": 0.0,
    "lambda_tree_raw_glauber_equivalent": -0.17548275991570547,
    "mu2_tree_raw_glauber_equivalent_GeV2": -1514.317781263463,
    "combo_TeV2": 6.831782868686868
  },
  "scan_parameters": {
    "T_min": 1.0,
    "T_max": 250.0,
    "phi_scan_range": [
      -10,
      1000.0
    ],
    "n_phi_scan": 1200,
    "n_T_seeds": 3,
    "deltaX_target": 0.1,
    "x_eps": 0.001,
    "T_eps": 0.01,
    "deriv_order": 4,
    "phitol": 0.0001,
    "overlapAngle": 45.0,
    "Tn_Ttol": 0.01,
    "Tn_maxiter": 160,
    "include_zeroT_loops": true,
    "include_scalar_loops": true,
    "include_thermal": true,
    "include_scalar_thermal": true,
    "include_daisy": false,
    "renormalize_zeroT_loops": true,
    "thermal_approx": "spline"
  },
  "key_temperatures": {
    "Tn": 70.95129576546475,
    "Tc": 89.77783511095451,
    "Ts_false": 35.743232617181654,
    "Ts_true": 93.4592441406247,
    "S_at_Tn": 9931.975673920337,
    "S_over_Tn": 139.98300618428854,
    "false_phase_key": 2,
    "true_phase_key": 0,
    "phi_false_Tn": -4.3066236495002175e-05,
    "phi_true_Tn": 233.4958511086612,
    "vTn_over_Tn": 3.290931456424709,
    "Tc_minus_Tn_over_Tc": 0.20970141819773716
  },
  "gw_scales": {
    "gw_T_star_GeV": 70.95129576546475,
    "gw_alpha": 0.03919697304150425,
    "gw_beta_over_H": 631.8515132120151,
    "gw_v_w": 1.0,
    "gw_g_star": 106.75
  },
  "gw_peaks": {
    "sw": {
      "f_peak_mHz": 8.641991700066688,
      "f_peak_Hz": 0.008641991700066689,
      "omega_peak": 1.3844907057687219e-15
    },
    "turb": {
      "f_peak_mHz": 14.79591353904755,
      "f_peak_Hz": 0.01479591353904755,
      "omega_peak": 1.005921706810846e-19
    },
    "coll": {
      "f_peak_mHz": NaN,
      "f_peak_Hz": NaN,
      "omega_peak": NaN
    },
    "total": {
      "f_peak_mHz": 8.641991700066688,
      "f_peak_Hz": 0.008641991700066689,
      "omega_peak": 1.3845791869725596e-15
    }
  },
  "gw_run_parameters": {
    "g_star": 106.75,
    "v_w": 1.0,
    "epsilon_turb": 1.0,
    "frequency_unit": "mHz"
  },
  "S3": 9932.262608123247,
  "S3_over_T": 139.9870502852428,
  "bounce_diagnostics": {
    "label": "results_eft68_c6f23p23434_c8f42_f1000_mh125_Glauber_off",
    "C": NaN,
    "Lambda_GeV": NaN,
    "finiteT": null,
    "temperature_GeV": NaN,
    "phi_metaMin": -4.3066236495002175e-05,
    "phi_absMin": 233.4958511086612,
    "phi_bar": 116.98915587482063,
    "phi_top": 79.54676853254465,
    "V(phi_meta)": -64460079.746451505,
    "V(phi_true)": -83323113.76074538,
    "V(phi_top)": -63023688.592980474,
    "DeltaV_true_minus_meta": -18863034.01429387,
    "r0": 2.70963498419049e-06,
    "phi0": 226.2132550461027,
    "dphi0": -0.0648014211156808,
    "rscale_cubic": 0.0270963498419049,
    "rscale_curv": 0.026057819930613825,
    "wall_r_hi": 0.10626563704594741,
    "wall_thickness": 0.07554566866443982,
    "S_total": 9932.262608123247,
    "S_kin": 14912.737321943507,
    "S_pot": -4980.47471382026,
    "S_interior": 0.0,
    "S3_over_T": NaN,
    "beta_rscale": 36.905339864393305,
    "beta_curvature": 38.37619515996125,
    "beta_wall": 13.237026260788278,
    "Tn_from_transitionFinder_GeV": 70.95129576546475,
    "Tc_from_transitionFinder_GeV": 89.77783511095451,
    "T_spinodal_high_GeV": NaN,
    "T_spinodal_low_GeV": NaN,
    "gw_T_star_GeV": 70.95129576546475,
    "gw_alpha": 0.03919697304150425,
    "gw_beta_over_H": 631.8515132120151,
    "gw_R_star_times_H": NaN,
    "gw_Gamma_Tstar_GeV4": NaN,
    "gw_dT_for_beta_GeV": NaN,
    "gw_f_sw_peak_Hz": NaN,
    "gw_f_turb_peak_Hz": NaN,
    "gw_f_coll_peak_Hz": NaN,
    "gw_g_star": 106.75,
    "gw_v_w": 1.0,
    "omega_sw_peak": NaN,
    "omega_turb_peak": NaN,
    "omega_coll_peak": NaN,
    "omega_tot_peak": NaN
  }
}