{
  "label": "results_eft68_c6f23p29333_c8f40_f1000_mh125_Glauber_off",
  "model_parameters": {
    "c6_over_f2_TeV2": 3.2933333333333334,
    "c8_over_f4_TeV4": 0.0,
    "f_GeV": 1000.0,
    "m_h": 125.0,
    "v": 246.0,
    "m_w": 80.36,
    "m_z": 91.19,
    "m_t": 173.1,
    "use_glauber_measure": false,
    "C_glauber": 0.0,
    "Lambda_glauber": 1000.0
  },
  "scan_parameters": {
    "T_min": 1.0,
    "T_max": 250.0,
    "phi_scan_range": [
      -10,
      1000.0
    ],
    "n_phi_scan": 1200,
    "n_T_seeds": 3,
    "deltaX_target": 0.1,
    "x_eps": 0.001,
    "T_eps": 0.01,
    "deriv_order": 4,
    "phitol": 1e-05,
    "overlapAngle": 45.0,
    "Tn_Ttol": 0.001,
    "Tn_maxiter": 160,
    "include_zeroT_loops": true,
    "include_scalar_loops": true,
    "include_thermal": true,
    "include_scalar_thermal": true,
    "include_daisy": false,
    "renormalize_zeroT_loops": true,
    "thermal_approx": "spline"
  },
  "key_temperatures": {
    "Tn": 76.35033005051694,
    "Tc": 91.99916739389928,
    "Ts_false": 46.056063671870014,
    "Ts_true": 94.64248046874968,
    "S_at_Tn": 10683.451173445757,
    "S_over_Tn": 139.92671893333122,
    "false_phase_key": 2,
    "true_phase_key": 0,
    "phi_false_Tn": 3.079547911160385e-05,
    "phi_true_Tn": 229.5371003019684,
    "vTn_over_Tn": 3.006366837577466,
    "Tc_minus_Tn_over_Tc": 0.1700975974747795
  },
  "gw_scales": {
    "gw_T_star_GeV": 76.35033005051694,
    "gw_alpha": 0.029357985948946855,
    "gw_beta_over_H": 840.3205026020732,
    "gw_v_w": 1.0,
    "gw_g_star": 106.75
  },
  "gw_peaks": {
    "sw": {
      "f_peak_mHz": 12.30481426276792,
      "f_peak_Hz": 0.01230481426276792,
      "omega_peak": 3.515143196254996e-16
    },
    "turb": {
      "f_peak_mHz": 21.06701490404673,
      "f_peak_Hz": 0.02106701490404673,
      "omega_peak": 2.5539915910258804e-20
    },
    "coll": {
      "f_peak_mHz": NaN,
      "f_peak_Hz": NaN,
      "omega_peak": NaN
    },
    "total": {
      "f_peak_mHz": 12.30481426276792,
      "f_peak_Hz": 0.01230481426276792,
      "omega_peak": 3.5153672853445454e-16
    }
  },
  "gw_run_parameters": {
    "g_star": 106.75,
    "v_w": 1.0,
    "epsilon_turb": 1.0,
    "frequency_unit": "mHz"
  },
  "S3": 10690.501125864108,
  "S3_over_T": 140.0190558284525,
  "bounce_diagnostics": {
    "label": "results_eft68_c6f23p29333_c8f40_f1000_mh125_Glauber_off",
    "C": NaN,
    "Lambda_GeV": NaN,
    "finiteT": null,
    "temperature_GeV": NaN,
    "phi_metaMin": 3.079547911160385e-05,
    "phi_absMin": 229.5371003019684,
    "phi_bar": 117.04464440571041,
    "phi_top": 78.75035963602,
    "V(phi_meta)": -86712503.25827514,
    "V(phi_true)": -102978993.10668612,
    "V(phi_top)": -85326357.79695372,
    "DeltaV_true_minus_meta": -16266489.848410979,
    "r0": 2.7306896681470934e-06,
    "phi0": 223.22494390898188,
    "dphi0": -0.05145873418505988,
    "rscale_cubic": 0.027306896681470932,
    "rscale_curv": 0.025955727478068763,
    "wall_r_hi": 0.11218719978071628,
    "wall_thickness": 0.07788721975129682,
    "S_total": 10690.501125864108,
    "S_kin": 16043.099605036927,
    "S_pot": -5352.598479172818,
    "S_interior": 0.0,
    "S3_over_T": NaN,
    "beta_rscale": 36.620785278707594,
    "beta_curvature": 38.52714425519574,
    "beta_wall": 12.839076849746585,
    "Tn_from_transitionFinder_GeV": 76.35033005051694,
    "Tc_from_transitionFinder_GeV": 91.99916739389928,
    "T_spinodal_high_GeV": NaN,
    "T_spinodal_low_GeV": NaN,
    "gw_T_star_GeV": 76.35033005051694,
    "gw_alpha": 0.029357985948946855,
    "gw_beta_over_H": 840.3205026020732,
    "gw_R_star_times_H": NaN,
    "gw_Gamma_Tstar_GeV4": NaN,
    "gw_dT_for_beta_GeV": NaN,
    "gw_f_sw_peak_Hz": NaN,
    "gw_f_turb_peak_Hz": NaN,
    "gw_f_coll_peak_Hz": NaN,
    "gw_g_star": 106.75,
    "gw_v_w": 1.0,
    "omega_sw_peak": NaN,
    "omega_turb_peak": NaN,
    "omega_coll_peak": NaN,
    "omega_tot_peak": NaN
  }
}