{
  "label": "results_eft68_c6f23p37172_c8f42_f1000_mh125_Glauber_off",
  "model_parameters": {
    "c6_over_f2_TeV2": 3.3717171717171714,
    "c8_over_f4_TeV4": 2.0,
    "f_GeV": 1000.0,
    "m_h": 125.0,
    "v": 246.0,
    "m_w": 80.36,
    "m_z": 91.19,
    "m_t": 173.1,
    "use_glauber_measure": false,
    "C_glauber": 0.0,
    "Lambda_glauber": 1000.0
  },
  "derived_tree_coefficients": {
    "glauber_scheme": "counterterm_subtracted",
    "lambda_tree": -0.18795272355206907,
    "mu2_tree_GeV2": -1891.6339409725524,
    "a0_mean_field": 0.24129982675261916,
    "glauber_t0": 0.0,
    "glauber_lambda_shift": 0.0,
    "glauber_mu2_shift_after_lambda_GeV2": 0.0,
    "lambda_tree_raw_glauber_equivalent": -0.18795272355206907,
    "mu2_tree_raw_glauber_equivalent_GeV2": -1891.6339409725524,
    "combo_TeV2": 7.1065303434343425
  },
  "scan_parameters": {
    "T_min": 1.0,
    "T_max": 250.0,
    "phi_scan_range": [
      -10,
      1000.0
    ],
    "n_phi_scan": 1200,
    "n_T_seeds": 3,
    "deltaX_target": 0.1,
    "x_eps": 0.001,
    "T_eps": 0.01,
    "deriv_order": 4,
    "phitol": 0.0001,
    "overlapAngle": 45.0,
    "Tn_Ttol": 0.01,
    "Tn_maxiter": 160,
    "include_zeroT_loops": true,
    "include_scalar_loops": true,
    "include_thermal": true,
    "include_scalar_thermal": true,
    "include_daisy": false,
    "renormalize_zeroT_loops": true,
    "thermal_approx": "spline"
  },
  "key_temperatures": {
    "Tn": 61.50540050667389,
    "Tc": 86.88966758854933,
    "Ts_false": 9.290192382807025,
    "Ts_true": 92.26239062499971,
    "S_at_Tn": 8610.586191923148,
    "S_over_Tn": 139.99723798219674,
    "false_phase_key": 2,
    "true_phase_key": 0,
    "phi_false_Tn": -4.6394043727993946e-05,
    "phi_true_Tn": 238.64412039540053,
    "vTn_over_Tn": 3.8800514821378247,
    "Tc_minus_Tn_over_Tc": 0.29214367814224074
  },
  "gw_scales": {
    "gw_T_star_GeV": 61.50540050667389,
    "gw_alpha": 0.06921429968078739,
    "gw_beta_over_H": 392.9269685305196,
    "gw_v_w": 1.0,
    "gw_g_star": 106.75
  },
  "gw_peaks": {
    "sw": {
      "f_peak_mHz": 4.674388131860708,
      "f_peak_Hz": 0.004674388131860708,
      "omega_peak": 1.659535171664708e-14
    },
    "turb": {
      "f_peak_mHz": 7.88098468840946,
      "f_peak_Hz": 0.00788098468840946,
      "omega_peak": 1.2058533556846827e-18
    },
    "coll": {
      "f_peak_mHz": NaN,
      "f_peak_Hz": NaN,
      "omega_peak": NaN
    },
    "total": {
      "f_peak_mHz": 4.674388131860708,
      "f_peak_Hz": 0.004674388131860708,
      "omega_peak": 1.659641408814481e-14
    }
  },
  "gw_run_parameters": {
    "g_star": 106.75,
    "v_w": 1.0,
    "epsilon_turb": 1.0,
    "frequency_unit": "mHz"
  },
  "S3": 8610.633067070197,
  "S3_over_T": 139.99800011278467,
  "bounce_diagnostics": {
    "label": "results_eft68_c6f23p37172_c8f42_f1000_mh125_Glauber_off",
    "C": NaN,
    "Lambda_GeV": NaN,
    "finiteT": null,
    "temperature_GeV": NaN,
    "phi_metaMin": -4.6394043727993946e-05,
    "phi_absMin": 238.64412039540053,
    "phi_bar": 115.09640700938363,
    "phi_top": 78.37487757904236,
    "V(phi_meta)": -36197386.98583688,
    "V(phi_true)": -59610918.36617555,
    "V(phi_top)": -34752082.863771975,
    "DeltaV_true_minus_meta": -23413531.38033867,
    "r0": 2.661471909120867e-06,
    "phi0": 228.86663841599955,
    "dphi0": -0.0955534524363976,
    "rscale_cubic": 0.026614719091208668,
    "rscale_curv": 0.02570852340403405,
    "wall_r_hi": 0.0977915250041152,
    "wall_thickness": 0.07304206484903587,
    "S_total": 8610.633067070197,
    "S_kin": 12918.390272352091,
    "S_pot": -4307.757205281895,
    "S_interior": 0.0,
    "S3_over_T": NaN,
    "beta_rscale": 37.573193862125656,
    "beta_curvature": 38.89760608635843,
    "beta_wall": 13.690741110164543,
    "Tn_from_transitionFinder_GeV": 61.50540050667389,
    "Tc_from_transitionFinder_GeV": 86.88966758854933,
    "T_spinodal_high_GeV": NaN,
    "T_spinodal_low_GeV": NaN,
    "gw_T_star_GeV": 61.50540050667389,
    "gw_alpha": 0.06921429968078739,
    "gw_beta_over_H": 392.9269685305196,
    "gw_R_star_times_H": NaN,
    "gw_Gamma_Tstar_GeV4": NaN,
    "gw_dT_for_beta_GeV": NaN,
    "gw_f_sw_peak_Hz": NaN,
    "gw_f_turb_peak_Hz": NaN,
    "gw_f_coll_peak_Hz": NaN,
    "gw_g_star": 106.75,
    "gw_v_w": 1.0,
    "omega_sw_peak": NaN,
    "omega_turb_peak": NaN,
    "omega_coll_peak": NaN,
    "omega_tot_peak": NaN
  }
}