{
  "label": "results_eft68_c6f23p34141_c8f40_f1000_mh125_Glauber_off",
  "model_parameters": {
    "c6_over_f2_TeV2": 3.3414141414141416,
    "c8_over_f4_TeV4": 0.0,
    "f_GeV": 1000.0,
    "m_h": 125.0,
    "v": 246.0,
    "m_w": 80.36,
    "m_z": 91.19,
    "m_t": 173.1,
    "use_glauber_measure": false,
    "C_glauber": 0.0,
    "Lambda_glauber": 1000.0
  },
  "derived_tree_coefficients": {
    "glauber_scheme": "counterterm_subtracted",
    "lambda_tree": -0.17421543751134183,
    "mu2_tree_GeV2": -1365.16070821818,
    "a0_mean_field": 0.24816846977298276,
    "glauber_t0": 0.0,
    "glauber_lambda_shift": 0.0,
    "glauber_mu2_shift_after_lambda_GeV2": 0.0,
    "lambda_tree_raw_glauber_equivalent": -0.17421543751134183,
    "mu2_tree_raw_glauber_equivalent_GeV2": -1365.16070821818,
    "combo_TeV2": 6.682828282828283
  },
  "scan_parameters": {
    "T_min": 1.0,
    "T_max": 250.0,
    "phi_scan_range": [
      -10,
      1000.0
    ],
    "n_phi_scan": 1200,
    "n_T_seeds": 3,
    "deltaX_target": 0.1,
    "x_eps": 0.001,
    "T_eps": 0.01,
    "deriv_order": 4,
    "phitol": 0.0001,
    "overlapAngle": 45.0,
    "Tn_Ttol": 0.01,
    "Tn_maxiter": 160,
    "include_zeroT_loops": true,
    "include_scalar_loops": true,
    "include_thermal": true,
    "include_scalar_thermal": true,
    "include_daisy": false,
    "renormalize_zeroT_loops": true,
    "thermal_approx": "spline"
  },
  "key_temperatures": {
    "Tn": 73.89326219712126,
    "Tc": 91.01296925958573,
    "Ts_false": 40.87282714843206,
    "Ts_true": 94.20478515624968,
    "S_at_Tn": 10353.675187872568,
    "S_over_Tn": 140.1166341831357,
    "false_phase_key": 2,
    "true_phase_key": 0,
    "phi_false_Tn": -4.6876189123241234e-05,
    "phi_true_Tn": 231.46899782990937,
    "vTn_over_Tn": 3.132477724591877,
    "Tc_minus_Tn_over_Tc": 0.18810184088858717
  },
  "gw_scales": {
    "gw_T_star_GeV": 73.89326219712126,
    "gw_alpha": 0.03349001140434623,
    "gw_beta_over_H": 751.3416858884317,
    "gw_v_w": 1.0,
    "gw_g_star": 106.75
  },
  "gw_peaks": {
    "sw": {
      "f_peak_mHz": 10.715810400696313,
      "f_peak_Hz": 0.010715810400696314,
      "omega_peak": 6.341561205907411e-16
    },
    "turb": {
      "f_peak_mHz": 18.06677907556844,
      "f_peak_Hz": 0.018066779075568442,
      "omega_peak": 4.607667450083622e-20
    },
    "coll": {
      "f_peak_mHz": NaN,
      "f_peak_Hz": NaN,
      "omega_peak": NaN
    },
    "total": {
      "f_peak_mHz": 10.715810400696313,
      "f_peak_Hz": 0.010715810400696314,
      "omega_peak": 6.341966739853836e-16
    }
  },
  "gw_run_parameters": {
    "g_star": 106.75,
    "v_w": 1.0,
    "epsilon_turb": 1.0,
    "frequency_unit": "mHz"
  },
  "S3": 10353.57230713132,
  "S3_over_T": 140.11524189460775,
  "bounce_diagnostics": {
    "label": "results_eft68_c6f23p34141_c8f40_f1000_mh125_Glauber_off",
    "C": NaN,
    "Lambda_GeV": NaN,
    "finiteT": null,
    "temperature_GeV": NaN,
    "phi_metaMin": -4.6876189123241234e-05,
    "phi_absMin": 231.46899782990937,
    "phi_bar": 117.19573116846648,
    "phi_top": 79.28190837799265,
    "V(phi_meta)": -75968597.54142274,
    "V(phi_true)": -93505163.59744424,
    "V(phi_top)": -74537124.86982554,
    "DeltaV_true_minus_meta": -17536566.056021497,
    "r0": 2.7052486959806144e-06,
    "phi0": 224.7737868168855,
    "dphi0": -0.05684054305353213,
    "rscale_cubic": 0.02705248695980614,
    "rscale_curv": 0.025745072293374638,
    "wall_r_hi": 0.10907239608088312,
    "wall_thickness": 0.07643062876851614,
    "S_total": 10353.57230713132,
    "S_kin": 15542.330358672602,
    "S_pot": -5188.758051541281,
    "S_interior": 0.0,
    "S3_over_T": NaN,
    "beta_rscale": 36.96517815481339,
    "beta_curvature": 38.8423830380069,
    "beta_wall": 13.083759954777806,
    "Tn_from_transitionFinder_GeV": 73.89326219712126,
    "Tc_from_transitionFinder_GeV": 91.01296925958573,
    "T_spinodal_high_GeV": NaN,
    "T_spinodal_low_GeV": NaN,
    "gw_T_star_GeV": 73.89326219712126,
    "gw_alpha": 0.03349001140434623,
    "gw_beta_over_H": 751.3416858884317,
    "gw_R_star_times_H": NaN,
    "gw_Gamma_Tstar_GeV4": NaN,
    "gw_dT_for_beta_GeV": NaN,
    "gw_f_sw_peak_Hz": NaN,
    "gw_f_turb_peak_Hz": NaN,
    "gw_f_coll_peak_Hz": NaN,
    "gw_g_star": 106.75,
    "gw_v_w": 1.0,
    "omega_sw_peak": NaN,
    "omega_turb_peak": NaN,
    "omega_coll_peak": NaN,
    "omega_tot_peak": NaN
  }
}