{
  "label": "results_eft68_c6f23p48_c8f40_f1000_mh125_Glauber_off",
  "model_parameters": {
    "c6_over_f2_TeV2": 3.48,
    "c8_over_f4_TeV4": 0.0,
    "f_GeV": 1000.0,
    "m_h": 125.0,
    "v": 246.0,
    "m_w": 80.36,
    "m_z": 91.19,
    "m_t": 173.1,
    "use_glauber_measure": false,
    "C_glauber": 0.0,
    "Lambda_glauber": 1000.0
  },
  "scan_parameters": {
    "T_min": 1.0,
    "T_max": 250.0,
    "phi_scan_range": [
      -10,
      1000.0
    ],
    "n_phi_scan": 1200,
    "n_T_seeds": 3,
    "deltaX_target": 0.1,
    "x_eps": 0.001,
    "T_eps": 0.01,
    "deriv_order": 4,
    "phitol": 1e-05,
    "overlapAngle": 45.0,
    "Tn_Ttol": 0.001,
    "Tn_maxiter": 160,
    "include_zeroT_loops": true,
    "include_scalar_loops": true,
    "include_thermal": true,
    "include_scalar_thermal": true,
    "include_daisy": false,
    "renormalize_zeroT_loops": true,
    "thermal_approx": "spline"
  },
  "key_temperatures": {
    "Tn": 65.45227650346135,
    "Tc": 88.12981032256248,
    "Ts_false": 20.506572460931917,
    "Ts_true": 92.97777929687471,
    "S_at_Tn": 9159.684712977296,
    "S_over_Tn": 139.9444786690177,
    "false_phase_key": 2,
    "true_phase_key": 0,
    "phi_false_Tn": -4.6676973516365745e-05,
    "phi_true_Tn": 236.77285967812517,
    "vTn_over_Tn": 3.6174885325127506,
    "Tc_minus_Tn_over_Tc": 0.25731967124517185
  },
  "gw_scales": {
    "gw_T_star_GeV": 65.45227650346135,
    "gw_alpha": 0.05433747970995095,
    "gw_beta_over_H": 678.9254302711689,
    "gw_v_w": 1.0,
    "gw_g_star": 106.75
  },
  "gw_peaks": {
    "sw": {
      "f_peak_mHz": 8.510236278416366,
      "f_peak_Hz": 0.008510236278416367,
      "omega_peak": 2.916083601832621e-15
    },
    "turb": {
      "f_peak_mHz": 14.570335698348613,
      "f_peak_Hz": 0.014570335698348614,
      "omega_peak": 2.1187621597126891e-19
    },
    "coll": {
      "f_peak_mHz": NaN,
      "f_peak_Hz": NaN,
      "omega_peak": NaN
    },
    "total": {
      "f_peak_mHz": 8.510236278416366,
      "f_peak_Hz": 0.008510236278416367,
      "omega_peak": 2.9162693728947666e-15
    }
  },
  "gw_run_parameters": {
    "g_star": 106.75,
    "v_w": 1.0,
    "epsilon_turb": 1.0,
    "frequency_unit": "mHz"
  },
  "S3": 9174.106002423354,
  "S3_over_T": 140.1648115621799,
  "bounce_diagnostics": {
    "label": "results_eft68_c6f23p48_c8f40_f1000_mh125_Glauber_off",
    "C": NaN,
    "Lambda_GeV": NaN,
    "finiteT": null,
    "temperature_GeV": NaN,
    "phi_metaMin": -4.6676973516365745e-05,
    "phi_absMin": 236.77285967812517,
    "phi_bar": 116.35139573876414,
    "phi_top": 79.2493556502901,
    "V(phi_meta)": -46531604.754676215,
    "V(phi_true)": -68279806.72526288,
    "V(phi_top)": -45036755.07731011,
    "DeltaV_true_minus_meta": -21748201.970586665,
    "r0": 2.646193567407115e-06,
    "phi0": 228.22433587423453,
    "dphi0": -0.0804386200508866,
    "rscale_cubic": 0.026461935674071152,
    "rscale_curv": 0.02575405104646664,
    "wall_r_hi": 0.10041894918855157,
    "wall_thickness": 0.07320754100871722,
    "S_total": 9174.106002423354,
    "S_kin": 13758.017747728933,
    "S_pot": -4583.911745305579,
    "S_interior": 0.0,
    "S3_over_T": NaN,
    "beta_rscale": 37.79013040908623,
    "beta_curvature": 38.828842966357456,
    "beta_wall": 13.65979496403143,
    "Tn_from_transitionFinder_GeV": 65.45227650346135,
    "Tc_from_transitionFinder_GeV": 88.12981032256248,
    "T_spinodal_high_GeV": NaN,
    "T_spinodal_low_GeV": NaN,
    "gw_T_star_GeV": 65.45227650346135,
    "gw_alpha": 0.05433747970995095,
    "gw_beta_over_H": 678.9254302711689,
    "gw_R_star_times_H": NaN,
    "gw_Gamma_Tstar_GeV4": NaN,
    "gw_dT_for_beta_GeV": NaN,
    "gw_f_sw_peak_Hz": NaN,
    "gw_f_turb_peak_Hz": NaN,
    "gw_f_coll_peak_Hz": NaN,
    "gw_g_star": 106.75,
    "gw_v_w": 1.0,
    "omega_sw_peak": NaN,
    "omega_turb_peak": NaN,
    "omega_coll_peak": NaN,
    "omega_tot_peak": NaN
  }
}