{
  "label": "results_eft68_c6f21p6_c8f40_f1000_mh125_Glauber_C3p2_Lambda1000_test",
  "model_parameters": {
    "c6_over_f2_TeV2": 1.6,
    "c8_over_f4_TeV4": 0.0,
    "f_GeV": 1000.0,
    "m_h": 125.0,
    "v": 246.0,
    "m_w": 80.36,
    "m_z": 91.19,
    "m_t": 173.1,
    "use_glauber_measure": true,
    "C_glauber": 3.2,
    "Lambda_glauber": 1000.0
  },
  "derived_tree_coefficients": {
    "glauber_scheme": "counterterm_subtracted",
    "lambda_tree": -0.016140310238614564,
    "mu2_tree_GeV2": 3417.876492800001,
    "a0_mean_field": 0.3272060334093464,
    "glauber_t0": 0.19365120000000002,
    "glauber_lambda_shift": 0.0,
    "glauber_mu2_shift_after_lambda_GeV2": 0.0,
    "lambda_tree_raw_glauber_equivalent": -0.41506813781578306,
    "mu2_tree_raw_glauber_equivalent_GeV2": 79799.78978334527,
    "combo_TeV2": 3.2
  },
  "scan_parameters": {
    "T_min": 1.0,
    "T_max": 250.0,
    "phi_scan_range": [
      -10.0,
      559.0169943749474
    ],
    "n_phi_scan": 1600,
    "n_T_seeds": 3,
    "deltaX_target": 0.1,
    "x_eps": 0.001,
    "T_eps": 0.01,
    "deriv_order": 4,
    "phitol": 0.0001,
    "overlapAngle": 45.0,
    "Tn_Ttol": 0.01,
    "Tn_maxiter": 160,
    "include_zeroT_loops": true,
    "include_scalar_loops": true,
    "include_thermal": true,
    "include_scalar_thermal": true,
    "include_daisy": true,
    "renormalize_zeroT_loops": true,
    "thermal_approx": "spline"
  },
  "key_temperatures": {
    "Tn": 56.88716217502557,
    "Tc": 81.86002621830278,
    "Ts_false": 28.916109765618895,
    "Ts_true": 94.29232421874968,
    "S_at_Tn": 7972.581208081193,
    "S_over_Tn": 140.14728285358714,
    "false_phase_key": 1,
    "true_phase_key": 0,
    "phi_false_Tn": -0.00027853167036819953,
    "phi_true_Tn": 240.9042906550195,
    "vTn_over_Tn": 4.234774269699475,
    "Tc_minus_Tn_over_Tc": 0.3050678725252303
  },
  "gw_scales": {
    "gw_T_star_GeV": 56.88716217502557,
    "gw_alpha": 0.09211034543972996,
    "gw_beta_over_H": 274.6268812946463,
    "gw_v_w": 1.0,
    "gw_g_star": 106.75
  },
  "gw_peaks": {
    "sw": {
      "f_peak_mHz": 3.0042693663439826,
      "f_peak_Hz": 0.0030042693663439824,
      "omega_peak": 7.153690145086722e-14
    },
    "turb": {
      "f_peak_mHz": 5.126900954314018,
      "f_peak_Hz": 0.005126900954314018,
      "omega_peak": 5.19764119720021e-18
    },
    "coll": {
      "f_peak_mHz": NaN,
      "f_peak_Hz": NaN,
      "omega_peak": NaN
    },
    "total": {
      "f_peak_mHz": 3.0042693663439826,
      "f_peak_Hz": 0.0030042693663439824,
      "omega_peak": 7.154146782579503e-14
    }
  },
  "gw_run_parameters": {
    "g_star": 106.75,
    "v_w": 1.0,
    "epsilon_turb": 1.0,
    "frequency_unit": "mHz"
  },
  "S3": 7971.146881129361,
  "S3_over_T": 140.1220693098456,
  "bounce_diagnostics": {
    "label": "results_eft68_c6f21p6_c8f40_f1000_mh125_Glauber_C3p2_Lambda1000_test",
    "C": NaN,
    "Lambda_GeV": NaN,
    "finiteT": null,
    "temperature_GeV": NaN,
    "phi_metaMin": -0.00027853167036819953,
    "phi_absMin": 240.9042906550195,
    "phi_bar": 111.95026446203728,
    "phi_top": 77.41589344410669,
    "V(phi_meta)": -29144719.133614283,
    "V(phi_true)": -52787597.95046549,
    "V(phi_top)": -28101800.679949984,
    "DeltaV_true_minus_meta": -23642878.81685121,
    "r0": 3.0947879100235983e-06,
    "phi0": 229.9795463776389,
    "dphi0": -0.1275548849705055,
    "rscale_cubic": 0.03094787910023598,
    "rscale_curv": 0.028122045223513144,
    "wall_r_hi": 0.10108820577928995,
    "wall_thickness": 0.07833214997243683,
    "S_total": 7971.146881129361,
    "S_kin": 11944.497024813267,
    "S_pot": -3973.350143683907,
    "S_interior": 0.0,
    "S3_over_T": NaN,
    "beta_rscale": 32.31239196589646,
    "beta_curvature": 35.55929079513176,
    "beta_wall": 12.76615030165616,
    "Tn_from_transitionFinder_GeV": 56.88716217502557,
    "Tc_from_transitionFinder_GeV": 81.86002621830278,
    "T_spinodal_high_GeV": NaN,
    "T_spinodal_low_GeV": NaN,
    "gw_T_star_GeV": 56.88716217502557,
    "gw_alpha": 0.09211034543972996,
    "gw_beta_over_H": 274.6268812946463,
    "gw_R_star_times_H": NaN,
    "gw_Gamma_Tstar_GeV4": NaN,
    "gw_dT_for_beta_GeV": NaN,
    "gw_f_sw_peak_Hz": NaN,
    "gw_f_turb_peak_Hz": NaN,
    "gw_f_coll_peak_Hz": NaN,
    "gw_g_star": 106.75,
    "gw_v_w": 1.0,
    "omega_sw_peak": NaN,
    "omega_turb_peak": NaN,
    "omega_coll_peak": NaN,
    "omega_tot_peak": NaN
  }
}