{
  "label": "results_eft68_c6f21p12167_c8f45_f1000_mh125_Glauber_C3p2_Lambda1000",
  "model_parameters": {
    "c6_over_f2_TeV2": 1.1216666666666666,
    "c8_over_f4_TeV4": 5.0,
    "f_GeV": 1000.0,
    "m_h": 125.0,
    "v": 246.0,
    "m_w": 80.36,
    "m_z": 91.19,
    "m_t": 173.1,
    "use_glauber_measure": true,
    "C_glauber": 3.2,
    "Lambda_glauber": 1000.0
  },
  "derived_tree_coefficients": {
    "glauber_scheme": "counterterm_subtracted",
    "lambda_tree": -0.00018647715861457373,
    "mu2_tree_GeV2": 3623.58149479952,
    "a0_mean_field": 0.3351829499493464,
    "glauber_t0": 0.19365120000000002,
    "glauber_lambda_shift": 0.0,
    "glauber_mu2_shift_after_lambda_GeV2": 0.0,
    "lambda_tree_raw_glauber_equivalent": -0.3991143047357831,
    "mu2_tree_raw_glauber_equivalent_GeV2": 80005.4947853448,
    "combo_TeV2": 3.151073333333333
  },
  "scan_parameters": {
    "T_min": 1.0,
    "T_max": 250.0,
    "phi_scan_range": [
      -10.0,
      559.0169943749474
    ],
    "n_phi_scan": 1200,
    "n_T_seeds": 3,
    "deltaX_target": 0.1,
    "x_eps": 0.001,
    "T_eps": 0.01,
    "deriv_order": 4,
    "phitol": 0.0001,
    "overlapAngle": 45.0,
    "Tn_Ttol": 0.01,
    "Tn_maxiter": 160,
    "include_zeroT_loops": true,
    "include_scalar_loops": true,
    "include_thermal": true,
    "include_scalar_thermal": true,
    "include_daisy": false,
    "renormalize_zeroT_loops": true,
    "thermal_approx": "spline"
  },
  "key_temperatures": {
    "Tn": 60.652737666987676,
    "Tc": 81.65926131132153,
    "Ts_false": 39.22534199218207,
    "Ts_true": 93.10957421874971,
    "S_at_Tn": 8490.144468791528,
    "S_over_Tn": 139.97957545472147,
    "false_phase_key": 1,
    "true_phase_key": 0,
    "phi_false_Tn": -0.00028496028685819774,
    "phi_true_Tn": 239.2064018264787,
    "vTn_over_Tn": 3.9438681752476765,
    "Tc_minus_Tn_over_Tc": 0.2572460650145685
  },
  "gw_scales": {
    "gw_T_star_GeV": 60.652737666987676,
    "gw_alpha": 0.07126733786186709,
    "gw_beta_over_H": 849.2085106845976,
    "gw_v_w": 1.0,
    "gw_g_star": 106.75
  },
  "gw_peaks": {
    "sw": {
      "f_peak_mHz": 9.923477436927469,
      "f_peak_Hz": 0.009923477436927468,
      "omega_peak": 3.8377907699649015e-15
    },
    "turb": {
      "f_peak_mHz": 16.989939270866806,
      "f_peak_Hz": 0.016989939270866807,
      "omega_peak": 2.788395064960118e-19
    },
    "coll": {
      "f_peak_mHz": NaN,
      "f_peak_Hz": NaN,
      "omega_peak": NaN
    },
    "total": {
      "f_peak_mHz": 9.923477436927469,
      "f_peak_Hz": 0.009923477436927468,
      "omega_peak": 3.8380359719956685e-15
    }
  },
  "gw_run_parameters": {
    "g_star": 106.75,
    "v_w": 1.0,
    "epsilon_turb": 1.0,
    "frequency_unit": "mHz"
  },
  "S3": 8490.140978220687,
  "S3_over_T": 139.97951790462602,
  "bounce_diagnostics": {
    "label": "results_eft68_c6f21p12167_c8f45_f1000_mh125_Glauber_C3p2_Lambda1000",
    "C": NaN,
    "Lambda_GeV": NaN,
    "finiteT": null,
    "temperature_GeV": NaN,
    "phi_metaMin": -0.00028496028685819774,
    "phi_absMin": 239.2064018264787,
    "phi_bar": 112.9291700365721,
    "phi_top": 77.94565309104816,
    "V(phi_meta)": -37006484.8544711,
    "V(phi_true)": -58328932.61768489,
    "V(phi_top)": -36014139.394266196,
    "DeltaV_true_minus_meta": -21322447.76321379,
    "r0": 3.194378831342937e-06,
    "phi0": 229.6700603485843,
    "dphi0": -0.11060111375506548,
    "rscale_cubic": 0.03194378831342937,
    "rscale_curv": 0.029324182895582744,
    "wall_r_hi": 0.10579144130660019,
    "wall_thickness": 0.08041464071372185,
    "S_total": 8490.140978220687,
    "S_kin": 12721.755514332108,
    "S_pot": -4231.61453611142,
    "S_interior": 0.0,
    "S3_over_T": NaN,
    "beta_rscale": 31.304990822882264,
    "beta_curvature": 34.10155702270308,
    "beta_wall": 12.435546451796323,
    "Tn_from_transitionFinder_GeV": 60.652737666987676,
    "Tc_from_transitionFinder_GeV": 81.65926131132153,
    "T_spinodal_high_GeV": NaN,
    "T_spinodal_low_GeV": NaN,
    "gw_T_star_GeV": 60.652737666987676,
    "gw_alpha": 0.07126733786186709,
    "gw_beta_over_H": 849.2085106845976,
    "gw_R_star_times_H": NaN,
    "gw_Gamma_Tstar_GeV4": NaN,
    "gw_dT_for_beta_GeV": NaN,
    "gw_f_sw_peak_Hz": NaN,
    "gw_f_turb_peak_Hz": NaN,
    "gw_f_coll_peak_Hz": NaN,
    "gw_g_star": 106.75,
    "gw_v_w": 1.0,
    "omega_sw_peak": NaN,
    "omega_turb_peak": NaN,
    "omega_coll_peak": NaN,
    "omega_tot_peak": NaN
  }
}