{
  "label": "results_eft68_c6f20_c8f40_f520p216_mh125_Glauber_C3p69515_Lambda1000",
  "model_parameters": {
    "c6_over_f2_TeV2": 0.0,
    "c8_over_f4_TeV4": 0.0,
    "f_GeV": 520.2162026413337,
    "m_h": 125.0,
    "v": 246.0,
    "m_w": 80.36,
    "m_z": 91.19,
    "m_t": 173.1,
    "use_glauber_measure": true,
    "C_glauber": 3.6951515151515153,
    "Lambda_glauber": 1000.0
  },
  "derived_tree_coefficients": {
    "glauber_scheme": "counterterm_subtracted",
    "lambda_tree": 0.12909808976138543,
    "mu2_tree_GeV2": 7812.5,
    "a0_mean_field": 0.3998252334093464,
    "glauber_t0": 0.2236157890909091,
    "glauber_lambda_shift": 0.0,
    "glauber_mu2_shift_after_lambda_GeV2": 0.0,
    "lambda_tree_raw_glauber_equivalent": -0.4446897968739459,
    "mu2_tree_raw_glauber_equivalent_GeV2": 93647.09250676943,
    "combo_TeV2": 0.0
  },
  "scan_parameters": {
    "T_min": 1.0,
    "T_max": 250.0,
    "phi_scan_range": [
      -10.0,
      520.2162026413337
    ],
    "n_phi_scan": 1200,
    "n_T_seeds": 3,
    "deltaX_target": 0.1,
    "x_eps": 0.001,
    "T_eps": 0.01,
    "deriv_order": 4,
    "phitol": 0.0001,
    "overlapAngle": 45.0,
    "Tn_Ttol": 0.01,
    "Tn_maxiter": 160,
    "include_zeroT_loops": true,
    "include_scalar_loops": true,
    "include_thermal": true,
    "include_scalar_thermal": true,
    "include_daisy": false,
    "renormalize_zeroT_loops": true,
    "thermal_approx": "spline"
  },
  "key_temperatures": {
    "Tn": 69.85878972684435,
    "Tc": 83.40389878379337,
    "Ts_false": 57.93871328124637,
    "Ts_true": 92.99917773437473,
    "S_at_Tn": 9782.262099342253,
    "S_over_Tn": 140.02908062953836,
    "false_phase_key": 1,
    "true_phase_key": 0,
    "phi_false_Tn": -0.0003079518105692267,
    "phi_true_Tn": 234.66569521913547,
    "vTn_over_Tn": 3.359143439740432,
    "Tc_minus_Tn_over_Tc": 0.16240378752630968
  },
  "gw_scales": {
    "gw_T_star_GeV": 69.85878972684435,
    "gw_alpha": 0.042448102368163564,
    "gw_beta_over_H": 1235.610530691114,
    "gw_v_w": 1.0,
    "gw_g_star": 106.75
  },
  "gw_peaks": {
    "sw": {
      "f_peak_mHz": 16.47583267897981,
      "f_peak_Hz": 0.01647583267897981,
      "omega_peak": 4.504289320896103e-16
    },
    "turb": {
      "f_peak_mHz": 28.208196011125306,
      "f_peak_Hz": 0.028208196011125307,
      "omega_peak": 3.2728846603893564e-20
    },
    "coll": {
      "f_peak_mHz": NaN,
      "f_peak_Hz": NaN,
      "omega_peak": NaN
    },
    "total": {
      "f_peak_mHz": 16.47583267897981,
      "f_peak_Hz": 0.01647583267897981,
      "omega_peak": 4.504575816134224e-16
    }
  },
  "gw_run_parameters": {
    "g_star": 106.75,
    "v_w": 1.0,
    "epsilon_turb": 1.0,
    "frequency_unit": "mHz"
  },
  "S3": 9780.665474634476,
  "S3_over_T": 140.0062255999276,
  "bounce_diagnostics": {
    "label": "results_eft68_c6f20_c8f40_f520p216_mh125_Glauber_C3p69515_Lambda1000",
    "C": NaN,
    "Lambda_GeV": NaN,
    "finiteT": null,
    "temperature_GeV": NaN,
    "phi_metaMin": -0.0003079518105692267,
    "phi_absMin": 234.66569521913547,
    "phi_bar": 114.71791522519963,
    "phi_top": 78.38080190317444,
    "V(phi_meta)": -67201163.50938165,
    "V(phi_true)": -83557277.85796468,
    "V(phi_top)": -66377791.37107692,
    "DeltaV_true_minus_meta": -16356114.348583028,
    "r0": 3.5264497516834133e-06,
    "phi0": 227.6290989009044,
    "dphi0": -0.07862746699631802,
    "rscale_cubic": 0.03526449751683413,
    "rscale_curv": 0.03351018185610621,
    "wall_r_hi": 0.11923892979963721,
    "wall_thickness": 0.0872636231040084,
    "S_total": 9780.665474634476,
    "S_kin": 14661.752816577038,
    "S_pot": -4881.0873419425625,
    "S_interior": 0.0,
    "S3_over_T": NaN,
    "beta_rscale": 28.357131688113018,
    "beta_curvature": 29.841668293372503,
    "beta_wall": 11.459528775330734,
    "Tn_from_transitionFinder_GeV": 69.85878972684435,
    "Tc_from_transitionFinder_GeV": 83.40389878379337,
    "T_spinodal_high_GeV": NaN,
    "T_spinodal_low_GeV": NaN,
    "gw_T_star_GeV": 69.85878972684435,
    "gw_alpha": 0.042448102368163564,
    "gw_beta_over_H": 1235.610530691114,
    "gw_R_star_times_H": NaN,
    "gw_Gamma_Tstar_GeV4": NaN,
    "gw_dT_for_beta_GeV": NaN,
    "gw_f_sw_peak_Hz": NaN,
    "gw_f_turb_peak_Hz": NaN,
    "gw_f_coll_peak_Hz": NaN,
    "gw_g_star": 106.75,
    "gw_v_w": 1.0,
    "omega_sw_peak": NaN,
    "omega_turb_peak": NaN,
    "omega_coll_peak": NaN,
    "omega_tot_peak": NaN
  }
}