{
  "label": "results_eft68_c6f20_c8f40_f522p471_mh125_Glauber_C3p66333_Lambda1000",
  "model_parameters": {
    "c6_over_f2_TeV2": 0.0,
    "c8_over_f4_TeV4": 0.0,
    "f_GeV": 522.4705084606221,
    "m_h": 125.0,
    "v": 246.0,
    "m_w": 80.36,
    "m_z": 91.19,
    "m_t": 173.1,
    "use_glauber_measure": true,
    "C_glauber": 3.6633333333333336,
    "Lambda_glauber": 1000.0
  },
  "derived_tree_coefficients": {
    "glauber_scheme": "counterterm_subtracted",
    "lambda_tree": 0.12909808976138543,
    "mu2_tree_GeV2": 7812.5,
    "a0_mean_field": 0.3998252334093464,
    "glauber_t0": 0.22169028,
    "glauber_lambda_shift": 0.0,
    "glauber_mu2_shift_after_lambda_GeV2": 0.0,
    "lambda_tree_raw_glauber_equivalent": -0.4320638790619257,
    "mu2_tree_raw_glauber_equivalent_GeV2": 93077.37556935276,
    "combo_TeV2": 0.0
  },
  "scan_parameters": {
    "T_min": 1.0,
    "T_max": 250.0,
    "phi_scan_range": [
      -10.0,
      522.4705084606221
    ],
    "n_phi_scan": 1200,
    "n_T_seeds": 3,
    "deltaX_target": 0.1,
    "x_eps": 0.001,
    "T_eps": 0.01,
    "deriv_order": 4,
    "phitol": 0.0001,
    "overlapAngle": 45.0,
    "Tn_Ttol": 0.01,
    "Tn_maxiter": 160,
    "include_zeroT_loops": true,
    "include_scalar_loops": true,
    "include_thermal": true,
    "include_scalar_thermal": true,
    "include_daisy": true,
    "renormalize_zeroT_loops": true,
    "thermal_approx": "spline"
  },
  "key_temperatures": {
    "Tn": 74.8626604540666,
    "Tc": 86.52821435552153,
    "Ts_false": 64.22080820312172,
    "Ts_true": 95.17257812499967,
    "S_at_Tn": 10476.94973246797,
    "S_over_Tn": 139.94893674525903,
    "false_phase_key": 1,
    "true_phase_key": 0,
    "phi_false_Tn": -0.0003288771689562727,
    "phi_true_Tn": 231.8598016108433,
    "vTn_over_Tn": 3.0971354772130395,
    "Tc_minus_Tn_over_Tc": 0.13481792023956782
  },
  "gw_scales": {
    "gw_T_star_GeV": 74.8626604540666,
    "gw_alpha": 0.03259247179225652,
    "gw_beta_over_H": 1501.2952773856748,
    "gw_v_w": 1.0,
    "gw_g_star": 106.75
  },
  "gw_peaks": {
    "sw": {
      "f_peak_mHz": 21.724383271678267,
      "f_peak_Hz": 0.021724383271678267,
      "omega_peak": 1.4729882540818842e-16
    },
    "turb": {
      "f_peak_mHz": 36.627153565248044,
      "f_peak_Hz": 0.036627153565248045,
      "omega_peak": 1.0702855618441067e-20
    },
    "coll": {
      "f_peak_mHz": NaN,
      "f_peak_Hz": NaN,
      "omega_peak": NaN
    },
    "total": {
      "f_peak_mHz": 21.724383271678267,
      "f_peak_Hz": 0.021724383271678267,
      "omega_peak": 1.4730825182839051e-16
    }
  },
  "gw_run_parameters": {
    "g_star": 106.75,
    "v_w": 1.0,
    "epsilon_turb": 1.0,
    "frequency_unit": "mHz"
  },
  "S3": 10476.841607136994,
  "S3_over_T": 139.9474924293568,
  "bounce_diagnostics": {
    "label": "results_eft68_c6f20_c8f40_f522p471_mh125_Glauber_C3p66333_Lambda1000",
    "C": NaN,
    "Lambda_GeV": NaN,
    "finiteT": null,
    "temperature_GeV": NaN,
    "phi_metaMin": -0.0003288771689562727,
    "phi_absMin": 231.8598016108433,
    "phi_bar": 115.5782276488627,
    "phi_top": 78.56555148591909,
    "V(phi_meta)": -88808752.3175744,
    "V(phi_true)": -103178800.31087628,
    "V(phi_top)": -88017571.3959791,
    "DeltaV_true_minus_meta": -14370047.993301883,
    "r0": 3.6059562480762634e-06,
    "phi0": 225.8175573550831,
    "dphi0": -0.06414322327484138,
    "rscale_cubic": 0.036059562480762634,
    "rscale_curv": 0.03432741028318762,
    "wall_r_hi": 0.12554454350992508,
    "wall_thickness": 0.09005945888296601,
    "S_total": 10476.841607136994,
    "S_kin": 15691.88838014126,
    "S_pot": -5215.0467730042665,
    "S_interior": 0.0,
    "S3_over_T": NaN,
    "beta_rscale": 27.731894987175416,
    "beta_curvature": 29.131239471736578,
    "beta_wall": 11.103775354674505,
    "Tn_from_transitionFinder_GeV": 74.8626604540666,
    "Tc_from_transitionFinder_GeV": 86.52821435552153,
    "T_spinodal_high_GeV": NaN,
    "T_spinodal_low_GeV": NaN,
    "gw_T_star_GeV": 74.8626604540666,
    "gw_alpha": 0.03259247179225652,
    "gw_beta_over_H": 1501.2952773856748,
    "gw_R_star_times_H": NaN,
    "gw_Gamma_Tstar_GeV4": NaN,
    "gw_dT_for_beta_GeV": NaN,
    "gw_f_sw_peak_Hz": NaN,
    "gw_f_turb_peak_Hz": NaN,
    "gw_f_coll_peak_Hz": NaN,
    "gw_g_star": 106.75,
    "gw_v_w": 1.0,
    "omega_sw_peak": NaN,
    "omega_turb_peak": NaN,
    "omega_coll_peak": NaN,
    "omega_tot_peak": NaN
  }
}