{
  "label": "results_eft68_c6f20_c8f40_f777p269_mh125_Glauber_C6p62091_Lambda2000",
  "model_parameters": {
    "c6_over_f2_TeV2": 0.0,
    "c8_over_f4_TeV4": 0.0,
    "f_GeV": 777.2687069906715,
    "m_h": 125.0,
    "v": 246.0,
    "m_w": 80.36,
    "m_z": 91.19,
    "m_t": 173.1,
    "use_glauber_measure": true,
    "C_glauber": 6.620909090909091,
    "Lambda_glauber": 2000.0
  },
  "scan_parameters": {
    "T_min": 1.0,
    "T_max": 250.0,
    "phi_scan_range": [
      -10.0,
      777.2687069906715
    ],
    "n_phi_scan": 1200,
    "n_T_seeds": 3,
    "deltaX_target": 0.1,
    "x_eps": 0.001,
    "T_eps": 0.01,
    "deriv_order": 4,
    "phitol": 1e-05,
    "overlapAngle": 45.0,
    "Tn_Ttol": 0.001,
    "Tn_maxiter": 160,
    "include_zeroT_loops": true,
    "include_scalar_loops": true,
    "include_thermal": true,
    "include_scalar_thermal": true,
    "include_daisy": true,
    "renormalize_zeroT_loops": true,
    "thermal_approx": "spline"
  },
  "key_temperatures": {
    "Tn": 63.168612586975826,
    "Tc": 82.22328034369006,
    "Ts_false": 45.348067187495005,
    "Ts_true": 94.48150585937469,
    "S_at_Tn": 8838.62974082132,
    "S_over_Tn": 139.9212263630384,
    "false_phase_key": 1,
    "true_phase_key": 0,
    "phi_false_Tn": -0.0013157477166614718,
    "phi_true_Tn": 238.72160788303557,
    "vTn_over_Tn": 3.779117477914268,
    "Tc_minus_Tn_over_Tc": 0.23174297689251122
  },
  "gw_scales": {
    "gw_T_star_GeV": 63.168612586975826,
    "gw_alpha": 0.06403096206720267,
    "gw_beta_over_H": 750.6177662065478,
    "gw_v_w": 1.0,
    "gw_g_star": 106.75
  },
  "gw_peaks": {
    "sw": {
      "f_peak_mHz": 9.049623796282821,
      "f_peak_Hz": 0.009049623796282822,
      "omega_peak": 3.700318165817935e-15
    },
    "turb": {
      "f_peak_mHz": 15.49381854297249,
      "f_peak_Hz": 0.01549381854297249,
      "omega_peak": 2.6887112145640456e-19
    },
    "coll": {
      "f_peak_mHz": NaN,
      "f_peak_Hz": NaN,
      "omega_peak": NaN
    },
    "total": {
      "f_peak_mHz": 9.049623796282821,
      "f_peak_Hz": 0.009049623796282822,
      "omega_peak": 3.700553515738955e-15
    }
  },
  "gw_run_parameters": {
    "g_star": 106.75,
    "v_w": 1.0,
    "epsilon_turb": 1.0,
    "frequency_unit": "mHz"
  },
  "S3": 8832.389281664324,
  "S3_over_T": 139.8224358577316,
  "bounce_diagnostics": {
    "label": "results_eft68_c6f20_c8f40_f777p269_mh125_Glauber_C6p62091_Lambda2000",
    "C": NaN,
    "Lambda_GeV": NaN,
    "finiteT": null,
    "temperature_GeV": NaN,
    "phi_metaMin": -0.0013157477166614718,
    "phi_absMin": 238.72160788303557,
    "phi_bar": 115.60945364334034,
    "phi_top": 79.63086364360838,
    "V(phi_meta)": -46360904.40046392,
    "V(phi_true)": -67487464.80298105,
    "V(phi_top)": -45289914.02347204,
    "DeltaV_true_minus_meta": -21126560.402517132,
    "r0": 3.1413779589296983e-06,
    "phi0": 230.2678767245763,
    "dphi0": -0.09683838063413806,
    "rscale_cubic": 0.03141377958929698,
    "rscale_curv": 0.02896968223656829,
    "wall_r_hi": 0.10607293132682975,
    "wall_thickness": 0.07889343800740108,
    "S_total": 8832.389281664324,
    "S_kin": 13252.198767135436,
    "S_pot": -4419.809485471111,
    "S_interior": 0.0,
    "S3_over_T": NaN,
    "beta_rscale": 31.833164078757047,
    "beta_curvature": 34.518900409080075,
    "beta_wall": 12.675325416876737,
    "Tn_from_transitionFinder_GeV": 63.168612586975826,
    "Tc_from_transitionFinder_GeV": 82.22328034369006,
    "T_spinodal_high_GeV": NaN,
    "T_spinodal_low_GeV": NaN,
    "gw_T_star_GeV": 63.168612586975826,
    "gw_alpha": 0.06403096206720267,
    "gw_beta_over_H": 750.6177662065478,
    "gw_R_star_times_H": NaN,
    "gw_Gamma_Tstar_GeV4": NaN,
    "gw_dT_for_beta_GeV": NaN,
    "gw_f_sw_peak_Hz": NaN,
    "gw_f_turb_peak_Hz": NaN,
    "gw_f_coll_peak_Hz": NaN,
    "gw_g_star": 106.75,
    "gw_v_w": 1.0,
    "omega_sw_peak": NaN,
    "omega_turb_peak": NaN,
    "omega_coll_peak": NaN,
    "omega_tot_peak": NaN
  }
}