{
  "label": "results_eft68_c6f23p36566_c8f40_f1000_mh125_Glauber_off",
  "model_parameters": {
    "c6_over_f2_TeV2": 3.3656565656565656,
    "c8_over_f4_TeV4": 0.0,
    "f_GeV": 1000.0,
    "m_h": 125.0,
    "v": 246.0,
    "m_w": 80.36,
    "m_z": 91.19,
    "m_t": 173.1,
    "use_glauber_measure": false,
    "C_glauber": 0.0,
    "Lambda_glauber": 1000.0
  },
  "derived_tree_coefficients": {
    "glauber_scheme": "counterterm_subtracted",
    "lambda_tree": -0.17641601932952367,
    "mu2_tree_GeV2": -1431.745912872726,
    "a0_mean_field": 0.24706817886389185,
    "glauber_t0": 0.0,
    "glauber_lambda_shift": 0.0,
    "glauber_mu2_shift_after_lambda_GeV2": 0.0,
    "lambda_tree_raw_glauber_equivalent": -0.17641601932952367,
    "mu2_tree_raw_glauber_equivalent_GeV2": -1431.745912872726,
    "combo_TeV2": 6.731313131313131
  },
  "scan_parameters": {
    "T_min": 1.0,
    "T_max": 250.0,
    "phi_scan_range": [
      -10,
      1000.0
    ],
    "n_phi_scan": 1200,
    "n_T_seeds": 3,
    "deltaX_target": 0.1,
    "x_eps": 0.001,
    "T_eps": 0.01,
    "deriv_order": 4,
    "phitol": 0.0001,
    "overlapAngle": 45.0,
    "Tn_Ttol": 0.01,
    "Tn_maxiter": 160,
    "include_zeroT_loops": true,
    "include_scalar_loops": true,
    "include_thermal": true,
    "include_scalar_thermal": true,
    "include_daisy": false,
    "renormalize_zeroT_loops": true,
    "thermal_approx": "spline"
  },
  "key_temperatures": {
    "Tn": 72.5744333341791,
    "Tc": 90.51339942950133,
    "Ts_false": 38.02036679686932,
    "Ts_true": 93.9864238281247,
    "S_at_Tn": 10157.953701682076,
    "S_over_Tn": 139.96600779379648,
    "false_phase_key": 2,
    "true_phase_key": 0,
    "phi_false_Tn": 1.9436293114417447e-05,
    "phi_true_Tn": 232.42773172783114,
    "vTn_over_Tn": 3.202611733219951,
    "Tc_minus_Tn_over_Tc": 0.1981912756386357
  },
  "gw_scales": {
    "gw_T_star_GeV": 72.5744333341791,
    "gw_alpha": 0.03599914154102924,
    "gw_beta_over_H": 526.0493532965096,
    "gw_v_w": 1.0,
    "gw_g_star": 106.75
  },
  "gw_peaks": {
    "sw": {
      "f_peak_mHz": 7.298260309936079,
      "f_peak_Hz": 0.007298260309936079,
      "omega_peak": 1.5799123564136398e-15
    },
    "turb": {
      "f_peak_mHz": 12.495317315618713,
      "f_peak_Hz": 0.012495317315618714,
      "omega_peak": 1.1479572981390827e-19
    },
    "coll": {
      "f_peak_mHz": NaN,
      "f_peak_Hz": NaN,
      "omega_peak": NaN
    },
    "total": {
      "f_peak_mHz": 7.298260309936079,
      "f_peak_Hz": 0.007298260309936079,
      "omega_peak": 1.5800129192209098e-15
    }
  },
  "gw_run_parameters": {
    "g_star": 106.75,
    "v_w": 1.0,
    "epsilon_turb": 1.0,
    "frequency_unit": "mHz"
  },
  "S3": 10154.932155951787,
  "S3_over_T": 139.92437404494754,
  "bounce_diagnostics": {
    "label": "results_eft68_c6f23p36566_c8f40_f1000_mh125_Glauber_off",
    "C": NaN,
    "Lambda_GeV": NaN,
    "finiteT": null,
    "temperature_GeV": NaN,
    "phi_metaMin": 1.9436293114417447e-05,
    "phi_absMin": 232.42773172783114,
    "phi_bar": 117.1818698232401,
    "phi_top": 79.45994283335592,
    "V(phi_meta)": -70633784.93006879,
    "V(phi_true)": -88848588.12392128,
    "V(phi_top)": -69184188.85107225,
    "DeltaV_true_minus_meta": -18214803.193852484,
    "r0": 2.6943190020564254e-06,
    "phi0": 225.47080831815072,
    "dphi0": -0.06022490970869708,
    "rscale_cubic": 0.026943190020564254,
    "rscale_curv": 0.025704751942454127,
    "wall_r_hi": 0.10748816345135144,
    "wall_thickness": 0.07577634430017492,
    "S_total": 10154.932155951787,
    "S_kin": 15236.027856221086,
    "S_pot": -5081.095700269302,
    "S_interior": 0.0,
    "S3_over_T": NaN,
    "beta_rscale": 37.115129991539796,
    "beta_curvature": 38.903308401673954,
    "beta_wall": 13.196730579119421,
    "Tn_from_transitionFinder_GeV": 72.5744333341791,
    "Tc_from_transitionFinder_GeV": 90.51339942950133,
    "T_spinodal_high_GeV": NaN,
    "T_spinodal_low_GeV": NaN,
    "gw_T_star_GeV": 72.5744333341791,
    "gw_alpha": 0.03599914154102924,
    "gw_beta_over_H": 526.0493532965096,
    "gw_R_star_times_H": NaN,
    "gw_Gamma_Tstar_GeV4": NaN,
    "gw_dT_for_beta_GeV": NaN,
    "gw_f_sw_peak_Hz": NaN,
    "gw_f_turb_peak_Hz": NaN,
    "gw_f_coll_peak_Hz": NaN,
    "gw_g_star": 106.75,
    "gw_v_w": 1.0,
    "omega_sw_peak": NaN,
    "omega_turb_peak": NaN,
    "omega_coll_peak": NaN,
    "omega_tot_peak": NaN
  }
}