{
  "label": "results_eft68_c6f23p47071_c8f40_f1000_mh125_Glauber_off",
  "model_parameters": {
    "c6_over_f2_TeV2": 3.470707070707071,
    "c8_over_f4_TeV4": 0.0,
    "f_GeV": 1000.0,
    "m_h": 125.0,
    "v": 246.0,
    "m_w": 80.36,
    "m_z": 91.19,
    "m_t": 173.1,
    "use_glauber_measure": false,
    "C_glauber": 0.0,
    "Lambda_glauber": 1000.0
  },
  "derived_tree_coefficients": {
    "glauber_scheme": "counterterm_subtracted",
    "lambda_tree": -0.1859518738749782,
    "mu2_tree_GeV2": -1720.2817997090897,
    "a0_mean_field": 0.24230025159116458,
    "glauber_t0": 0.0,
    "glauber_lambda_shift": 0.0,
    "glauber_mu2_shift_after_lambda_GeV2": 0.0,
    "lambda_tree_raw_glauber_equivalent": -0.1859518738749782,
    "mu2_tree_raw_glauber_equivalent_GeV2": -1720.2817997090897,
    "combo_TeV2": 6.941414141414142
  },
  "scan_parameters": {
    "T_min": 1.0,
    "T_max": 250.0,
    "phi_scan_range": [
      -10,
      1000.0
    ],
    "n_phi_scan": 1200,
    "n_T_seeds": 3,
    "deltaX_target": 0.1,
    "x_eps": 0.001,
    "T_eps": 0.01,
    "deriv_order": 4,
    "phitol": 0.0001,
    "overlapAngle": 45.0,
    "Tn_Ttol": 0.01,
    "Tn_maxiter": 160,
    "include_zeroT_loops": true,
    "include_scalar_loops": true,
    "include_thermal": true,
    "include_scalar_thermal": true,
    "include_daisy": false,
    "renormalize_zeroT_loops": true,
    "thermal_approx": "spline"
  },
  "key_temperatures": {
    "Tn": 66.06672508102979,
    "Tc": 88.32547473617156,
    "Ts_false": 22.366728906244305,
    "Ts_true": 93.0585097656247,
    "S_at_Tn": 9248.73615887443,
    "S_over_Tn": 139.99083725628904,
    "false_phase_key": 2,
    "true_phase_key": 0,
    "phi_false_Tn": -3.3887368091006964e-05,
    "phi_true_Tn": 236.44831233237713,
    "vTn_over_Tn": 3.5789319364986993,
    "Tc_minus_Tn_over_Tc": 0.2520082651310816
  },
  "gw_scales": {
    "gw_T_star_GeV": 66.06672508102979,
    "gw_alpha": 0.05237477069846827,
    "gw_beta_over_H": 638.8235175281261,
    "gw_v_w": 1.0,
    "gw_g_star": 106.75
  },
  "gw_peaks": {
    "sw": {
      "f_peak_mHz": 8.126900403737212,
      "f_peak_Hz": 0.008126900403737211,
      "omega_peak": 2.9828628446331907e-15
    },
    "turb": {
      "f_peak_mHz": 13.914028141593606,
      "f_peak_Hz": 0.013914028141593607,
      "omega_peak": 2.1672324847291282e-19
    },
    "coll": {
      "f_peak_mHz": NaN,
      "f_peak_Hz": NaN,
      "omega_peak": NaN
    },
    "total": {
      "f_peak_mHz": 8.126900403737212,
      "f_peak_Hz": 0.008126900403737211,
      "omega_peak": 2.9830533726678878e-15
    }
  },
  "gw_run_parameters": {
    "g_star": 106.75,
    "v_w": 1.0,
    "epsilon_turb": 1.0,
    "frequency_unit": "mHz"
  },
  "S3": 9248.735429321963,
  "S3_over_T": 139.99082621362777,
  "bounce_diagnostics": {
    "label": "results_eft68_c6f23p47071_c8f40_f1000_mh125_Glauber_off",
    "C": NaN,
    "Lambda_GeV": NaN,
    "finiteT": null,
    "temperature_GeV": NaN,
    "phi_metaMin": -3.3887368091006964e-05,
    "phi_absMin": 236.44831233237713,
    "phi_bar": 116.39704669485118,
    "phi_top": 79.2872271843296,
    "V(phi_meta)": -48321700.12061513,
    "V(phi_true)": -69787322.97205824,
    "V(phi_top)": -46831080.80050655,
    "DeltaV_true_minus_meta": -21465622.851443104,
    "r0": 2.651211760420547e-06,
    "phi0": 228.0490835864587,
    "dphi0": -0.07862257984820771,
    "rscale_cubic": 0.026512117604205465,
    "rscale_curv": 0.025836206795756135,
    "wall_r_hi": 0.100923771244433,
    "wall_thickness": 0.0733547835748998,
    "S_total": 9248.735429321963,
    "S_kin": 13885.428246220403,
    "S_pot": -4636.692816898441,
    "S_interior": 0.0,
    "S3_over_T": NaN,
    "beta_rscale": 37.71860154397383,
    "beta_curvature": 38.70536995816568,
    "beta_wall": 13.632376121441865,
    "Tn_from_transitionFinder_GeV": 66.06672508102979,
    "Tc_from_transitionFinder_GeV": 88.32547473617156,
    "T_spinodal_high_GeV": NaN,
    "T_spinodal_low_GeV": NaN,
    "gw_T_star_GeV": 66.06672508102979,
    "gw_alpha": 0.05237477069846827,
    "gw_beta_over_H": 638.8235175281261,
    "gw_R_star_times_H": NaN,
    "gw_Gamma_Tstar_GeV4": NaN,
    "gw_dT_for_beta_GeV": NaN,
    "gw_f_sw_peak_Hz": NaN,
    "gw_f_turb_peak_Hz": NaN,
    "gw_f_coll_peak_Hz": NaN,
    "gw_g_star": 106.75,
    "gw_v_w": 1.0,
    "omega_sw_peak": NaN,
    "omega_turb_peak": NaN,
    "omega_coll_peak": NaN,
    "omega_tot_peak": NaN
  }
}