{
  "label": "results_eft68_c6f22p87677_c8f45_f1000_mh125_Glauber_off",
  "model_parameters": {
    "c6_over_f2_TeV2": 2.8767676767676766,
    "c8_over_f4_TeV4": 5.0,
    "f_GeV": 1000.0,
    "m_h": 125.0,
    "v": 246.0,
    "m_w": 80.36,
    "m_z": 91.19,
    "m_t": 173.1,
    "use_glauber_measure": false,
    "C_glauber": 0.0,
    "Lambda_glauber": 1000.0
  },
  "derived_tree_coefficients": {
    "glauber_scheme": "counterterm_subtracted",
    "lambda_tree": -0.15950401624952362,
    "mu2_tree_GeV2": -1197.048603013206,
    "a0_mean_field": 0.2555241804038919,
    "glauber_t0": 0.0,
    "glauber_lambda_shift": 0.0,
    "glauber_mu2_shift_after_lambda_GeV2": 0.0,
    "lambda_tree_raw_glauber_equivalent": -0.15950401624952362,
    "mu2_tree_raw_glauber_equivalent_GeV2": -1197.048603013206,
    "combo_TeV2": 6.661275353535354
  },
  "scan_parameters": {
    "T_min": 1.0,
    "T_max": 250.0,
    "phi_scan_range": [
      -10,
      1000.0
    ],
    "n_phi_scan": 1200,
    "n_T_seeds": 3,
    "deltaX_target": 0.1,
    "x_eps": 0.001,
    "T_eps": 0.01,
    "deriv_order": 4,
    "phitol": 0.0001,
    "overlapAngle": 45.0,
    "Tn_Ttol": 0.01,
    "Tn_maxiter": 160,
    "include_zeroT_loops": true,
    "include_scalar_loops": true,
    "include_thermal": true,
    "include_scalar_thermal": true,
    "include_daisy": true,
    "renormalize_zeroT_loops": true,
    "thermal_approx": "spline"
  },
  "key_temperatures": {
    "Tn": 78.9264954547414,
    "Tc": 93.63454404032292,
    "Ts_false": 51.47716328124545,
    "Ts_true": 95.35786914062467,
    "S_at_Tn": 11047.494415792957,
    "S_over_Tn": 139.97193657392137,
    "false_phase_key": 2,
    "true_phase_key": 0,
    "phi_false_Tn": -5.379299273426847e-05,
    "phi_true_Tn": 227.93492579911003,
    "vTn_over_Tn": 2.8879392716709957,
    "Tc_minus_Tn_over_Tc": 0.15707929948639068
  },
  "gw_scales": {
    "gw_T_star_GeV": 78.9264954547414,
    "gw_alpha": 0.02511285507741309,
    "gw_beta_over_H": 1062.7294232411064,
    "gw_v_w": 1.0,
    "gw_g_star": 106.75
  },
  "gw_peaks": {
    "sw": {
      "f_peak_mHz": 16.22464286568221,
      "f_peak_Hz": 0.01622464286568221,
      "omega_peak": 1.419159389768896e-16
    },
    "turb": {
      "f_peak_mHz": 27.35463089336022,
      "f_peak_Hz": 0.02735463089336022,
      "omega_peak": 1.031193249221038e-20
    },
    "coll": {
      "f_peak_mHz": NaN,
      "f_peak_Hz": NaN,
      "omega_peak": NaN
    },
    "total": {
      "f_peak_mHz": 16.22464286568221,
      "f_peak_Hz": 0.01622464286568221,
      "omega_peak": 1.4192502421294589e-16
    }
  },
  "gw_run_parameters": {
    "g_star": 106.75,
    "v_w": 1.0,
    "epsilon_turb": 1.0,
    "frequency_unit": "mHz"
  },
  "S3": 11047.137035698093,
  "S3_over_T": 139.96740856222132,
  "bounce_diagnostics": {
    "label": "results_eft68_c6f22p87677_c8f45_f1000_mh125_Glauber_off",
    "C": NaN,
    "Lambda_GeV": NaN,
    "finiteT": null,
    "temperature_GeV": NaN,
    "phi_metaMin": -5.379299273426847e-05,
    "phi_absMin": 227.93492579911003,
    "phi_bar": 116.92985021691226,
    "phi_top": 78.65687693543615,
    "V(phi_meta)": -100519211.78214772,
    "V(phi_true)": -115460086.73115444,
    "V(phi_top)": -99226046.91748919,
    "DeltaV_true_minus_meta": -14940874.949006721,
    "r0": 2.8238031766956606e-06,
    "phi0": 221.96269614033994,
    "dphi0": -0.04771777144452607,
    "rscale_cubic": 0.028238031766956603,
    "rscale_curv": 0.026910848917963012,
    "wall_r_hi": 0.11645405746579744,
    "wall_thickness": 0.080376753307428,
    "S_total": 11047.137035698093,
    "S_kin": 16580.785389329936,
    "S_pot": -5533.648353631841,
    "S_interior": 0.0,
    "S3_over_T": NaN,
    "beta_rscale": 35.41323305578874,
    "beta_curvature": 37.15973469197701,
    "beta_wall": 12.441408228759412,
    "Tn_from_transitionFinder_GeV": 78.9264954547414,
    "Tc_from_transitionFinder_GeV": 93.63454404032292,
    "T_spinodal_high_GeV": NaN,
    "T_spinodal_low_GeV": NaN,
    "gw_T_star_GeV": 78.9264954547414,
    "gw_alpha": 0.02511285507741309,
    "gw_beta_over_H": 1062.7294232411064,
    "gw_R_star_times_H": NaN,
    "gw_Gamma_Tstar_GeV4": NaN,
    "gw_dT_for_beta_GeV": NaN,
    "gw_f_sw_peak_Hz": NaN,
    "gw_f_turb_peak_Hz": NaN,
    "gw_f_coll_peak_Hz": NaN,
    "gw_g_star": 106.75,
    "gw_v_w": 1.0,
    "omega_sw_peak": NaN,
    "omega_turb_peak": NaN,
    "omega_coll_peak": NaN,
    "omega_tot_peak": NaN
  }
}