{
  "label": "results_eft68_c6f22p86869_c8f45_f1000_mh125_Glauber_off",
  "model_parameters": {
    "c6_over_f2_TeV2": 2.8686868686868685,
    "c8_over_f4_TeV4": 5.0,
    "f_GeV": 1000.0,
    "m_h": 125.0,
    "v": 246.0,
    "m_w": 80.36,
    "m_z": 91.19,
    "m_t": 173.1,
    "use_glauber_measure": false,
    "C_glauber": 0.0,
    "Lambda_glauber": 1000.0
  },
  "derived_tree_coefficients": {
    "glauber_scheme": "counterterm_subtracted",
    "lambda_tree": -0.15877048897679633,
    "mu2_tree_GeV2": -1174.853534795022,
    "a0_mean_field": 0.25589094404025553,
    "glauber_t0": 0.0,
    "glauber_lambda_shift": 0.0,
    "glauber_mu2_shift_after_lambda_GeV2": 0.0,
    "lambda_tree_raw_glauber_equivalent": -0.15877048897679633,
    "mu2_tree_raw_glauber_equivalent_GeV2": -1174.853534795022,
    "combo_TeV2": 6.6451137373737375
  },
  "scan_parameters": {
    "T_min": 1.0,
    "T_max": 250.0,
    "phi_scan_range": [
      -10,
      1000.0
    ],
    "n_phi_scan": 1200,
    "n_T_seeds": 3,
    "deltaX_target": 0.1,
    "x_eps": 0.001,
    "T_eps": 0.01,
    "deriv_order": 4,
    "phitol": 0.0001,
    "overlapAngle": 45.0,
    "Tn_Ttol": 0.01,
    "Tn_maxiter": 160,
    "include_zeroT_loops": true,
    "include_scalar_loops": true,
    "include_thermal": true,
    "include_scalar_thermal": true,
    "include_daisy": true,
    "renormalize_zeroT_loops": true,
    "thermal_approx": "spline"
  },
  "key_temperatures": {
    "Tn": 79.31873487206292,
    "Tc": 93.80352171388242,
    "Ts_false": 52.240990234370486,
    "Ts_true": 95.43422265624966,
    "S_at_Tn": 11106.57880846986,
    "S_over_Tn": 140.02465907183475,
    "false_phase_key": 2,
    "true_phase_key": 0,
    "phi_false_Tn": -5.312979670380579e-05,
    "phi_true_Tn": 227.5824407660424,
    "vTn_over_Tn": 2.8692142043506026,
    "Tc_minus_Tn_over_Tc": 0.1544162370150739
  },
  "gw_scales": {
    "gw_T_star_GeV": 79.31873487206292,
    "gw_alpha": 0.024607925289158148,
    "gw_beta_over_H": 1079.6208170938635,
    "gw_v_w": 1.0,
    "gw_g_star": 106.75
  },
  "gw_peaks": {
    "sw": {
      "f_peak_mHz": 16.47583267897981,
      "f_peak_Hz": 0.01647583267897981,
      "omega_peak": 1.2988986663284344e-16
    },
    "turb": {
      "f_peak_mHz": 28.208196011125306,
      "f_peak_Hz": 0.028208196011125307,
      "omega_peak": 9.437281759625073e-21
    },
    "coll": {
      "f_peak_mHz": NaN,
      "f_peak_Hz": NaN,
      "omega_peak": NaN
    },
    "total": {
      "f_peak_mHz": 16.47583267897981,
      "f_peak_Hz": 0.01647583267897981,
      "omega_peak": 1.2989815986373785e-16
    }
  },
  "gw_run_parameters": {
    "g_star": 106.75,
    "v_w": 1.0,
    "epsilon_turb": 1.0,
    "frequency_unit": "mHz"
  },
  "S3": 11106.579055296534,
  "S3_over_T": 140.02466218366797,
  "bounce_diagnostics": {
    "label": "results_eft68_c6f22p86869_c8f45_f1000_mh125_Glauber_off",
    "C": NaN,
    "Lambda_GeV": NaN,
    "finiteT": null,
    "temperature_GeV": NaN,
    "phi_metaMin": -5.312979670380579e-05,
    "phi_absMin": 227.5824407660424,
    "phi_bar": 116.87862910482896,
    "phi_top": 78.55044438357027,
    "V(phi_meta)": -102554001.36662525,
    "V(phi_true)": -117293119.55568989,
    "V(phi_top)": -101269534.98527254,
    "DeltaV_true_minus_meta": -14739118.189064637,
    "r0": 2.8295146309685077e-06,
    "phi0": 221.66410249495917,
    "dphi0": -0.04693498557714736,
    "rscale_cubic": 0.028295146309685076,
    "rscale_curv": 0.026943981727223766,
    "wall_r_hi": 0.11703444121694917,
    "wall_thickness": 0.08065900370036766,
    "S_total": 11106.579055296534,
    "S_kin": 16663.03650754767,
    "S_pot": -5556.457452251138,
    "S_interior": 0.0,
    "S3_over_T": NaN,
    "beta_rscale": 35.34175045625095,
    "beta_curvature": 37.114038860919514,
    "beta_wall": 12.397871956301412,
    "Tn_from_transitionFinder_GeV": 79.31873487206292,
    "Tc_from_transitionFinder_GeV": 93.80352171388242,
    "T_spinodal_high_GeV": NaN,
    "T_spinodal_low_GeV": NaN,
    "gw_T_star_GeV": 79.31873487206292,
    "gw_alpha": 0.024607925289158148,
    "gw_beta_over_H": 1079.6208170938635,
    "gw_R_star_times_H": NaN,
    "gw_Gamma_Tstar_GeV4": NaN,
    "gw_dT_for_beta_GeV": NaN,
    "gw_f_sw_peak_Hz": NaN,
    "gw_f_turb_peak_Hz": NaN,
    "gw_f_coll_peak_Hz": NaN,
    "gw_g_star": 106.75,
    "gw_v_w": 1.0,
    "omega_sw_peak": NaN,
    "omega_turb_peak": NaN,
    "omega_coll_peak": NaN,
    "omega_tot_peak": NaN
  }
}