{
  "label": "results_eft68_c6f23p31717_c8f40_f1000_mh125_Glauber_off",
  "model_parameters": {
    "c6_over_f2_TeV2": 3.317171717171717,
    "c8_over_f4_TeV4": 0.0,
    "f_GeV": 1000.0,
    "m_h": 125.0,
    "v": 246.0,
    "m_w": 80.36,
    "m_z": 91.19,
    "m_t": 173.1,
    "use_glauber_measure": false,
    "C_glauber": 0.0,
    "Lambda_glauber": 1000.0
  },
  "derived_tree_coefficients": {
    "glauber_scheme": "counterterm_subtracted",
    "lambda_tree": -0.17201485569316005,
    "mu2_tree_GeV2": -1298.5755035636357,
    "a0_mean_field": 0.24926876068207365,
    "glauber_t0": 0.0,
    "glauber_lambda_shift": 0.0,
    "glauber_mu2_shift_after_lambda_GeV2": 0.0,
    "lambda_tree_raw_glauber_equivalent": -0.17201485569316005,
    "mu2_tree_raw_glauber_equivalent_GeV2": -1298.5755035636357,
    "combo_TeV2": 6.634343434343434
  },
  "scan_parameters": {
    "T_min": 1.0,
    "T_max": 250.0,
    "phi_scan_range": [
      -10,
      1000.0
    ],
    "n_phi_scan": 1200,
    "n_T_seeds": 3,
    "deltaX_target": 0.1,
    "x_eps": 0.001,
    "T_eps": 0.01,
    "deriv_order": 4,
    "phitol": 0.0001,
    "overlapAngle": 45.0,
    "Tn_Ttol": 0.01,
    "Tn_maxiter": 160,
    "include_zeroT_loops": true,
    "include_scalar_loops": true,
    "include_thermal": true,
    "include_scalar_thermal": true,
    "include_daisy": false,
    "renormalize_zeroT_loops": true,
    "thermal_approx": "spline"
  },
  "key_temperatures": {
    "Tn": 75.14672079925339,
    "Tc": 91.51092396008673,
    "Ts_false": 43.55492675780729,
    "Ts_true": 94.42460546874968,
    "S_at_Tn": 10521.576924660245,
    "S_over_Tn": 140.01378653324792,
    "false_phase_key": 2,
    "true_phase_key": 0,
    "phi_false_Tn": -4.125545699109551e-05,
    "phi_true_Tn": 230.50849590801408,
    "vTn_over_Tn": 3.067445837374507,
    "Tc_minus_Tn_over_Tc": 0.17882240122469673
  },
  "gw_scales": {
    "gw_T_star_GeV": 75.14672079925339,
    "gw_alpha": 0.031304031431702684,
    "gw_beta_over_H": 736.499526917882,
    "gw_v_w": 1.0,
    "gw_g_star": 106.75
  },
  "gw_peaks": {
    "sw": {
      "f_peak_mHz": 10.55243763123881,
      "f_peak_Hz": 0.01055243763123881,
      "omega_peak": 5.471428256884652e-16
    },
    "turb": {
      "f_peak_mHz": 18.06677907556844,
      "f_peak_Hz": 0.018066779075568442,
      "omega_peak": 3.975712993309321e-20
    },
    "coll": {
      "f_peak_mHz": NaN,
      "f_peak_Hz": NaN,
      "omega_peak": NaN
    },
    "total": {
      "f_peak_mHz": 10.55243763123881,
      "f_peak_Hz": 0.01055243763123881,
      "omega_peak": 5.471776089045103e-16
    }
  },
  "gw_run_parameters": {
    "g_star": 106.75,
    "v_w": 1.0,
    "epsilon_turb": 1.0,
    "frequency_unit": "mHz"
  },
  "S3": 10521.565921930944,
  "S3_over_T": 140.0136401166221,
  "bounce_diagnostics": {
    "label": "results_eft68_c6f23p31717_c8f40_f1000_mh125_Glauber_off",
    "C": NaN,
    "Lambda_GeV": NaN,
    "finiteT": null,
    "temperature_GeV": NaN,
    "phi_metaMin": -4.125545699109551e-05,
    "phi_absMin": 230.50849590801408,
    "phi_bar": 117.11766989188456,
    "phi_top": 79.02320560979419,
    "V(phi_meta)": -81315879.9632232,
    "V(phi_true)": -98209652.17027247,
    "V(phi_top)": -79906908.80209917,
    "DeltaV_true_minus_meta": -16893772.207049266,
    "r0": 2.717866950133686e-06,
    "phi0": 223.99103118905919,
    "dphi0": -0.05421415255418081,
    "rscale_cubic": 0.027178669501336856,
    "rscale_curv": 0.02583654838185836,
    "wall_r_hi": 0.11061032178832009,
    "wall_thickness": 0.07718546468648317,
    "S_total": 10521.565921930944,
    "S_kin": 15771.499797932187,
    "S_pot": -5249.933876001244,
    "S_interior": 0.0,
    "S3_over_T": NaN,
    "beta_rscale": 36.79355974179723,
    "beta_curvature": 38.70486130303032,
    "beta_wall": 12.955807211394834,
    "Tn_from_transitionFinder_GeV": 75.14672079925339,
    "Tc_from_transitionFinder_GeV": 91.51092396008673,
    "T_spinodal_high_GeV": NaN,
    "T_spinodal_low_GeV": NaN,
    "gw_T_star_GeV": 75.14672079925339,
    "gw_alpha": 0.031304031431702684,
    "gw_beta_over_H": 736.499526917882,
    "gw_R_star_times_H": NaN,
    "gw_Gamma_Tstar_GeV4": NaN,
    "gw_dT_for_beta_GeV": NaN,
    "gw_f_sw_peak_Hz": NaN,
    "gw_f_turb_peak_Hz": NaN,
    "gw_f_coll_peak_Hz": NaN,
    "gw_g_star": 106.75,
    "gw_v_w": 1.0,
    "omega_sw_peak": NaN,
    "omega_turb_peak": NaN,
    "omega_coll_peak": NaN,
    "omega_tot_peak": NaN
  }
}