{
  "label": "results_gw_C0_Lambda0_D0_mh125",
  "model_parameters": {
    "C": 3.65,
    "D": 0,
    "Lambda": 1000.0,
    "m_h": 125.0,
    "use_glauber_measure": false
  },
  "scan_parameters": {
    "T_min": 5.0,
    "T_max": 200.0,
    "phi_scan_range": [
      0.0,
      300.0
    ],
    "n_phi_scan": 800,
    "n_T_seeds": 2,
    "deltaX_target": 0.1,
    "x_eps": 0.001,
    "T_eps": 0.01,
    "deriv_order": 4,
    "phitol": 1e-05,
    "overlapAngle": 45.0,
    "Tn_Ttol": 0.001,
    "Tn_maxiter": 100
  },
  "key_temperatures": {
    "Tn": 166.89366219095763,
    "Tc": 166.90480555338337,
    "Ts_false": 166.62327441405924,
    "Ts_true": 166.93912109374654,
    "T_spinodal_false_phase": 166.62327441405924,
    "T_spinodal_true_phase": 166.93912109374654,
    "T_spinodal_high_phase": 166.62327441405924,
    "T_spinodal_low_phase": 166.93912109374654,
    "S_at_Tn": 24180.765144756537,
    "S_over_Tn": 144.88725831355544,
    "false_phase_key": 1,
    "true_phase_key": 0
  },
  "gw_scales": {
    "gw_T_star_GeV": 166.89366219095763,
    "gw_alpha": 4.648566138143525e-05,
    "gw_beta_over_H": 3888226.229584171,
    "gw_R_star_times_H": 7.533470539434919e-07,
    "gw_nucleation_rate_GeV4": 1.107123350890482e-52,
    "gw_dT_for_beta_GeV": 0.0001,
    "gw_f_sw_peak_mHz": 124644.4517872052,
    "gw_f_turb_peak_mHz": 177126.32622392318,
    "gw_f_coll_peak_mHz": 24855.998865167818,
    "gw_f_sw_peak_Hz": 124.6444517872052,
    "gw_f_turb_peak_Hz": 177.1263262239232,
    "gw_f_coll_peak_Hz": 24.85599886516782,
    "gw_g_star": 106.75,
    "gw_v_w": 1.0
  },
  "gw_run_parameters": {
    "g_star": 106.75,
    "v_w": 1.0,
    "dT_fraction": 0.001,
    "include_sw": true,
    "include_turb": true,
    "include_coll": true,
    "epsilon_turb": 1.0,
    "kappa_coll": null,
    "beta_over_H_override": null,
    "frequency_unit": "mHz"
  },
  "gw_thermodynamics": {
    "T_star_GeV": 166.89366219095763,
    "alpha": 4.648566138143525e-05,
    "beta_over_H": 3888226.229584171,
    "R_star_times_H": 7.533470539434919e-07,
    "Gamma_Tstar_GeV4": 1.107123350890482e-52,
    "dT_for_beta_GeV": 0.0001,
    "S3_Tn": 24167.602306523102,
    "S3_over_Tn": 144.80838870244716,
    "f_sw_peak_mHz": 124644.4517872052,
    "f_turb_peak_mHz": 177126.32622392318,
    "f_coll_peak_mHz": 24855.998865167818,
    "f_sw_peak_Hz": 124.6444517872052,
    "f_turb_peak_Hz": 177.1263262239232,
    "f_coll_peak_Hz": 24.85599886516782
  },
  "gw_peaks": {
    "sw": {
      "f_peak_mHz": 100000.0,
      "f_peak_Hz": 100.0,
      "omega_peak": 8.516439828050238e-32
    },
    "turb": {
      "f_peak_mHz": 100000.0,
      "f_peak_Hz": 100.0,
      "omega_peak": 5.1819142709123426e-36
    },
    "coll": {
      "f_peak_mHz": NaN,
      "f_peak_Hz": NaN,
      "omega_peak": NaN
    },
    "total": {
      "f_peak_mHz": 100000.0,
      "f_peak_Hz": 100.0,
      "omega_peak": 8.516958019477329e-32
    },
    "total_no_turb": {
      "f_peak_mHz": 100000.0,
      "f_peak_Hz": 100.0,
      "omega_peak": 8.516439828050238e-32
    },
    "total_max_turb": {
      "f_peak_mHz": 100000.0,
      "f_peak_Hz": 100.0,
      "omega_peak": 8.516958019477329e-32
    }
  },
  "bounce_diagnostics": {
    "label": "results_gw_C0_Lambda0_D0_mh125",
    "C": NaN,
    "Lambda_GeV": NaN,
    "finiteT": null,
    "temperature_GeV": NaN,
    "phi_metaMin": 3.603372230922065e-05,
    "phi_absMin": 23.876273439330145,
    "phi_bar": 18.42678282239007,
    "phi_top": 10.656869749303668,
    "V(phi_meta)": -1569283033.9711826,
    "V(phi_true)": -1569283360.5367885,
    "V(phi_top)": -1569282613.4088702,
    "DeltaV_true_minus_meta": -326.56560587882996,
    "r0": 1.6096958009585915,
    "phi0": 23.87388581558958,
    "dphi0": -0.012735946888401047,
    "rscale_cubic": 0.21214724103575378,
    "rscale_curv": 0.2512787909455743,
    "wall_r_hi": 3.6709248677001445,
    "wall_thickness": 0.782450711788544,
    "S_total": 24167.602306523102,
    "S_kin": 36219.7888651625,
    "S_pot": -12052.186558639398,
    "S_interior": 0.0,
    "S3_over_T": NaN,
    "beta_rscale": 4.7137073059152685,
    "beta_curvature": 3.979367599281292,
    "beta_wall": 1.2780357726484481,
    "Tn_from_transitionFinder_GeV": 166.89366219095763,
    "Tc_from_transitionFinder_GeV": 166.90480555338337,
    "T_spinodal_high_GeV": 166.62327441405924,
    "T_spinodal_low_GeV": 166.93912109374654,
    "gw_T_star_GeV": 166.89366219095763,
    "gw_alpha": 4.648566138143525e-05,
    "gw_beta_over_H": 3888226.229584171,
    "gw_R_star_times_H": 7.533470539434919e-07,
    "gw_Gamma_Tstar_GeV4": 1.107123350890482e-52,
    "gw_dT_for_beta_GeV": 0.0001,
    "gw_f_sw_peak_Hz": 124.6444517872052,
    "gw_f_turb_peak_Hz": 177.1263262239232,
    "gw_f_coll_peak_Hz": 24.85599886516782,
    "gw_g_star": 106.75,
    "gw_v_w": 1.0,
    "omega_sw_peak": 8.516439828050238e-32,
    "omega_turb_peak": 5.1819142709123426e-36,
    "omega_coll_peak": NaN,
    "omega_tot_peak": 8.516958019477329e-32
  },
  "bounce_settings": {
    "xguess": null,
    "phitol": 1e-05,
    "thinCutoff": 0.0001,
    "npoints": 800,
    "alpha": 2,
    "phi_eps": 0.001
  },
  "S3": 24167.602306523102,
  "S3_over_T": 144.80838870244716
}