{
  "lambda_tree": -0.17069030715861458,
  "mu2_tree": -1535.5233933404797,
  "a0_mean_field": 0.2499310349493464,
  "combo_TeV2": 6.90774,
  "upper_c6_over_f2_TeV2_from_Eq_2_14": 3.812707095689914,
  "passes_Eq_2_14": true,
  "passes_EFT_tree_condition_Vv_lower_than_v_to_f": true,
  "min_after_v_tree": -22514053.42322611,
  "V_tree_v": -22514106.036680922,
  "sampled_min_phi_full_zeroT": 246.08202734244747,
  "sampled_min_deltaV_full_zeroT": -22514053.42322611,
  "dV_at_v_numeric": 5.169758747324226,
  "d2V_at_v_numeric": 15625.045731084067,
  "mh2_target": 15625.0
}