{
  "label": "results_eft68_c6f23_c8f45_f1000_mh125_Glauber_off",
  "model_parameters": {
    "c6_over_f2_TeV2": 3.0,
    "c8_over_f4_TeV4": 5.0,
    "f_GeV": 1000.0,
    "m_h": 125.0,
    "v": 246.0,
    "m_w": 80.36,
    "m_z": 91.19,
    "m_t": 173.1,
    "use_glauber_measure": false,
    "C_glauber": 0.0,
    "Lambda_glauber": 1000.0
  },
  "scan_parameters": {
    "T_min": 1.0,
    "T_max": 250.0,
    "phi_scan_range": [
      -10,
      1000.0
    ],
    "n_phi_scan": 1400,
    "n_T_seeds": 3,
    "deltaX_target": 0.1,
    "x_eps": 0.001,
    "T_eps": 0.01,
    "deriv_order": 4,
    "phitol": 1e-05,
    "overlapAngle": 45.0,
    "Tn_Ttol": 0.001,
    "Tn_maxiter": 160,
    "include_zeroT_loops": true,
    "include_scalar_loops": true,
    "include_thermal": true,
    "include_scalar_thermal": true,
    "include_daisy": false,
    "renormalize_zeroT_loops": true,
    "thermal_approx": "spline"
  },
  "key_temperatures": {
    "Tn": 70.68257222750978,
    "Tc": 89.45275747024598,
    "Ts_false": 37.024804492181836,
    "Ts_true": 92.99917773437471,
    "S_at_Tn": 9896.093656197367,
    "S_over_Tn": 140.0075484568428,
    "false_phase_key": 2,
    "true_phase_key": 0,
    "phi_false_Tn": -3.804104962519481e-05,
    "phi_true_Tn": 233.61311882866912,
    "vTn_over_Tn": 3.3051021131025915,
    "Tc_minus_Tn_over_Tc": 0.20983350064954223
  },
  "gw_scales": {
    "gw_T_star_GeV": 70.68257222750978,
    "gw_alpha": 0.039461149753264695,
    "gw_beta_over_H": 712.138597396328,
    "gw_v_w": 1.0,
    "gw_g_star": 106.75
  },
  "gw_peaks": {
    "sw": {
      "f_peak_mHz": 9.682622417847444,
      "f_peak_Hz": 0.009682622417847444,
      "omega_peak": 1.1102356978041276e-15
    },
    "turb": {
      "f_peak_mHz": 16.523766700299443,
      "f_peak_Hz": 0.016523766700299442,
      "omega_peak": 8.066622423683469e-20
    },
    "coll": {
      "f_peak_mHz": NaN,
      "f_peak_Hz": NaN,
      "omega_peak": NaN
    },
    "total": {
      "f_peak_mHz": 9.682622417847444,
      "f_peak_Hz": 0.009682622417847444,
      "omega_peak": 1.1103065775977228e-15
    }
  },
  "gw_run_parameters": {
    "g_star": 106.75,
    "v_w": 1.0,
    "epsilon_turb": 1.0,
    "frequency_unit": "mHz"
  },
  "S3": 9910.179657603625,
  "S3_over_T": 140.20683381053536,
  "bounce_diagnostics": {
    "label": "results_eft68_c6f23_c8f45_f1000_mh125_Glauber_off",
    "C": NaN,
    "Lambda_GeV": NaN,
    "finiteT": null,
    "temperature_GeV": NaN,
    "phi_metaMin": -3.804104962519481e-05,
    "phi_absMin": 233.61311882866912,
    "phi_bar": 116.8799358112847,
    "phi_top": 79.52552920172066,
    "V(phi_meta)": -63475345.20138247,
    "V(phi_true)": -82195613.92337915,
    "V(phi_top)": -62079467.49692711,
    "DeltaV_true_minus_meta": -18720268.72199668,
    "r0": 2.74794138689955e-06,
    "phi0": 226.25193316640622,
    "dphi0": -0.06615393980791667,
    "rscale_cubic": 0.027479413868995498,
    "rscale_curv": 0.026579956661966584,
    "wall_r_hi": 0.10686064656259024,
    "wall_thickness": 0.07622742588700644,
    "S_total": 9910.179657603625,
    "S_kin": 14857.934973892528,
    "S_pot": -4947.755316288903,
    "S_interior": 0.0,
    "S3_over_T": NaN,
    "beta_rscale": 36.39087808667859,
    "beta_curvature": 37.62233258389592,
    "beta_wall": 13.118637922816934,
    "Tn_from_transitionFinder_GeV": 70.68257222750978,
    "Tc_from_transitionFinder_GeV": 89.45275747024598,
    "T_spinodal_high_GeV": NaN,
    "T_spinodal_low_GeV": NaN,
    "gw_T_star_GeV": 70.68257222750978,
    "gw_alpha": 0.039461149753264695,
    "gw_beta_over_H": 712.138597396328,
    "gw_R_star_times_H": NaN,
    "gw_Gamma_Tstar_GeV4": NaN,
    "gw_dT_for_beta_GeV": NaN,
    "gw_f_sw_peak_Hz": NaN,
    "gw_f_turb_peak_Hz": NaN,
    "gw_f_coll_peak_Hz": NaN,
    "gw_g_star": 106.75,
    "gw_v_w": 1.0,
    "omega_sw_peak": NaN,
    "omega_turb_peak": NaN,
    "omega_coll_peak": NaN,
    "omega_tot_peak": NaN
  }
}