{
  "label": "results_eft68_c6f22p89293_c8f45_f1000_mh125_Glauber_off",
  "model_parameters": {
    "c6_over_f2_TeV2": 2.892929292929293,
    "c8_over_f4_TeV4": 5.0,
    "f_GeV": 1000.0,
    "m_h": 125.0,
    "v": 246.0,
    "m_w": 80.36,
    "m_z": 91.19,
    "m_t": 173.1,
    "use_glauber_measure": false,
    "C_glauber": 0.0,
    "Lambda_glauber": 1000.0
  },
  "derived_tree_coefficients": {
    "glauber_scheme": "counterterm_subtracted",
    "lambda_tree": -0.16097107079497822,
    "mu2_tree_GeV2": -1241.4387394495707,
    "a0_mean_field": 0.25479065313116456,
    "glauber_t0": 0.0,
    "glauber_lambda_shift": 0.0,
    "glauber_mu2_shift_after_lambda_GeV2": 0.0,
    "lambda_tree_raw_glauber_equivalent": -0.16097107079497822,
    "mu2_tree_raw_glauber_equivalent_GeV2": -1241.4387394495707,
    "combo_TeV2": 6.693598585858586
  },
  "scan_parameters": {
    "T_min": 1.0,
    "T_max": 250.0,
    "phi_scan_range": [
      -10,
      1000.0
    ],
    "n_phi_scan": 1200,
    "n_T_seeds": 3,
    "deltaX_target": 0.1,
    "x_eps": 0.001,
    "T_eps": 0.01,
    "deriv_order": 4,
    "phitol": 0.0001,
    "overlapAngle": 45.0,
    "Tn_Ttol": 0.01,
    "Tn_maxiter": 160,
    "include_zeroT_loops": true,
    "include_scalar_loops": true,
    "include_thermal": true,
    "include_scalar_thermal": true,
    "include_daisy": true,
    "renormalize_zeroT_loops": true,
    "thermal_approx": "spline"
  },
  "key_temperatures": {
    "Tn": 78.15722585584432,
    "Tc": 93.29605356440621,
    "Ts_false": 49.912305273432814,
    "Ts_true": 95.20564843749966,
    "S_at_Tn": 10938.030105026146,
    "S_over_Tn": 139.949057623931,
    "false_phase_key": 2,
    "true_phase_key": 0,
    "phi_false_Tn": -5.127433364421823e-05,
    "phi_true_Tn": 228.60841266057665,
    "vTn_over_Tn": 2.9249811537864625,
    "Tc_minus_Tn_over_Tc": 0.16226653893898008
  },
  "gw_scales": {
    "gw_T_star_GeV": 78.15722585584432,
    "gw_alpha": 0.02612832106116073,
    "gw_beta_over_H": 1000.0591490161809,
    "gw_v_w": 1.0,
    "gw_g_star": 106.75
  },
  "gw_peaks": {
    "sw": {
      "f_peak_mHz": 15.024983774380862,
      "f_peak_Hz": 0.015024983774380862,
      "omega_peak": 1.7913795923043854e-16
    },
    "turb": {
      "f_peak_mHz": 25.724204392561013,
      "f_peak_Hz": 0.025724204392561015,
      "omega_peak": 1.3015459023494632e-20
    },
    "coll": {
      "f_peak_mHz": NaN,
      "f_peak_Hz": NaN,
      "omega_peak": NaN
    },
    "total": {
      "f_peak_mHz": 15.024983774380862,
      "f_peak_Hz": 0.015024983774380862,
      "omega_peak": 1.791493919585607e-16
    }
  },
  "gw_run_parameters": {
    "g_star": 106.75,
    "v_w": 1.0,
    "epsilon_turb": 1.0,
    "frequency_unit": "mHz"
  },
  "S3": 10937.368106859552,
  "S3_over_T": 139.9405875412311,
  "bounce_diagnostics": {
    "label": "results_eft68_c6f22p89293_c8f45_f1000_mh125_Glauber_off",
    "C": NaN,
    "Lambda_GeV": NaN,
    "finiteT": null,
    "temperature_GeV": NaN,
    "phi_metaMin": -5.127433364421823e-05,
    "phi_absMin": 228.60841266057665,
    "phi_bar": 117.11254138734353,
    "phi_top": 78.91542823818494,
    "V(phi_meta)": -96616020.33198762,
    "V(phi_true)": -111939520.55584121,
    "V(phi_top)": -95302927.19744574,
    "DeltaV_true_minus_meta": -15323500.223853588,
    "r0": 2.811504670112642e-06,
    "phi0": 222.53493356175989,
    "dphi0": -0.04919999979303993,
    "rscale_cubic": 0.028115046701126422,
    "rscale_curv": 0.02683006242567327,
    "wall_r_hi": 0.11533220085264279,
    "wall_thickness": 0.07981160222570736,
    "S_total": 10937.368106859552,
    "S_kin": 16396.368421826348,
    "S_pot": -5459.000314966799,
    "S_interior": 0.0,
    "S3_over_T": NaN,
    "beta_rscale": 35.56814294603093,
    "beta_curvature": 37.27162476806466,
    "beta_wall": 12.529506639548446,
    "Tn_from_transitionFinder_GeV": 78.15722585584432,
    "Tc_from_transitionFinder_GeV": 93.29605356440621,
    "T_spinodal_high_GeV": NaN,
    "T_spinodal_low_GeV": NaN,
    "gw_T_star_GeV": 78.15722585584432,
    "gw_alpha": 0.02612832106116073,
    "gw_beta_over_H": 1000.0591490161809,
    "gw_R_star_times_H": NaN,
    "gw_Gamma_Tstar_GeV4": NaN,
    "gw_dT_for_beta_GeV": NaN,
    "gw_f_sw_peak_Hz": NaN,
    "gw_f_turb_peak_Hz": NaN,
    "gw_f_coll_peak_Hz": NaN,
    "gw_g_star": 106.75,
    "gw_v_w": 1.0,
    "omega_sw_peak": NaN,
    "omega_turb_peak": NaN,
    "omega_coll_peak": NaN,
    "omega_tot_peak": NaN
  }
}