{
  "label": "results_eft68_c6f20_c8f40_f795p081_mh125_Glauber_C6p32758_Lambda2000",
  "model_parameters": {
    "c6_over_f2_TeV2": 0.0,
    "c8_over_f4_TeV4": 0.0,
    "f_GeV": 795.0808968204842,
    "m_h": 125.0,
    "v": 246.0,
    "m_w": 80.36,
    "m_z": 91.19,
    "m_t": 173.1,
    "use_glauber_measure": true,
    "C_glauber": 6.327575757575758,
    "Lambda_glauber": 2000.0
  },
  "derived_tree_coefficients": {
    "glauber_scheme": "counterterm_subtracted",
    "lambda_tree": 0.12909808976138543,
    "mu2_tree_GeV2": 7812.5,
    "a0_mean_field": 0.3998252334093464,
    "glauber_t0": 0.09572989363636365,
    "glauber_lambda_shift": 0.0,
    "glauber_mu2_shift_after_lambda_GeV2": 0.0,
    "lambda_tree_raw_glauber_equivalent": -1.111178716300199,
    "mu2_tree_raw_glauber_equivalent_GeV2": 641744.805852273,
    "combo_TeV2": 0.0
  },
  "scan_parameters": {
    "T_min": 1.0,
    "T_max": 250.0,
    "phi_scan_range": [
      -10.0,
      795.0808968204842
    ],
    "n_phi_scan": 1200,
    "n_T_seeds": 3,
    "deltaX_target": 0.1,
    "x_eps": 0.001,
    "T_eps": 0.01,
    "deriv_order": 4,
    "phitol": 0.0001,
    "overlapAngle": 45.0,
    "Tn_Ttol": 0.01,
    "Tn_maxiter": 160,
    "include_zeroT_loops": true,
    "include_scalar_loops": true,
    "include_thermal": true,
    "include_scalar_thermal": true,
    "include_daisy": true,
    "renormalize_zeroT_loops": true,
    "thermal_approx": "spline"
  },
  "key_temperatures": {
    "Tn": 81.52052528293575,
    "Tc": 91.21452360262349,
    "Ts_false": 71.25170253905947,
    "Ts_true": 98.75146679687464,
    "S_at_Tn": 11411.217509420605,
    "S_over_Tn": 139.9796857271877,
    "false_phase_key": 1,
    "true_phase_key": 0,
    "phi_false_Tn": -0.0012605393142154661,
    "phi_true_Tn": 226.59503407532253,
    "vTn_over_Tn": 2.779607139292495,
    "Tc_minus_Tn_over_Tc": 0.10627691662261689
  },
  "gw_scales": {
    "gw_T_star_GeV": 81.52052528293575,
    "gw_alpha": 0.024614621493850904,
    "gw_beta_over_H": 2028.0981792439784,
    "gw_v_w": 1.0,
    "gw_g_star": 106.75
  },
  "gw_peaks": {
    "sw": {
      "f_peak_mHz": 31.89724157884989,
      "f_peak_Hz": 0.03189724157884989,
      "omega_peak": 3.6834911204577163e-17
    },
    "turb": {
      "f_peak_mHz": 53.778519325768414,
      "f_peak_Hz": 0.053778519325768416,
      "omega_peak": 2.6763351194991158e-21
    },
    "coll": {
      "f_peak_mHz": NaN,
      "f_peak_Hz": NaN,
      "omega_peak": NaN
    },
    "total": {
      "f_peak_mHz": 31.89724157884989,
      "f_peak_Hz": 0.03189724157884989,
      "omega_peak": 3.683726624527783e-17
    }
  },
  "gw_run_parameters": {
    "g_star": 106.75,
    "v_w": 1.0,
    "epsilon_turb": 1.0,
    "frequency_unit": "mHz"
  },
  "S3": 11411.291786986156,
  "S3_over_T": 139.98059687889204,
  "bounce_diagnostics": {
    "label": "results_eft68_c6f20_c8f40_f795p081_mh125_Glauber_C6p32758_Lambda2000",
    "C": NaN,
    "Lambda_GeV": NaN,
    "finiteT": null,
    "temperature_GeV": NaN,
    "phi_metaMin": -0.0012605393142154661,
    "phi_absMin": 226.59503407532253,
    "phi_bar": 116.7018930201684,
    "phi_top": 78.72417590462284,
    "V(phi_meta)": -123434614.05509172,
    "V(phi_true)": -136025265.65455753,
    "V(phi_top)": -122561817.92420083,
    "DeltaV_true_minus_meta": -12590651.599465802,
    "r0": 3.4401948836270173e-06,
    "phi0": 221.7471011787042,
    "dphi0": -0.04479647044442313,
    "rscale_cubic": 0.03440194883627017,
    "rscale_curv": 0.032707178686521496,
    "wall_r_hi": 0.12992244135761072,
    "wall_thickness": 0.08959796703035494,
    "S_total": 11411.291786986156,
    "S_kin": 17131.104493447823,
    "S_pot": -5719.812706461668,
    "S_interior": 0.0,
    "S3_over_T": NaN,
    "beta_rscale": 29.06812066837604,
    "beta_curvature": 30.574313505424033,
    "beta_wall": 11.160967521296655,
    "Tn_from_transitionFinder_GeV": 81.52052528293575,
    "Tc_from_transitionFinder_GeV": 91.21452360262349,
    "T_spinodal_high_GeV": NaN,
    "T_spinodal_low_GeV": NaN,
    "gw_T_star_GeV": 81.52052528293575,
    "gw_alpha": 0.024614621493850904,
    "gw_beta_over_H": 2028.0981792439784,
    "gw_R_star_times_H": NaN,
    "gw_Gamma_Tstar_GeV4": NaN,
    "gw_dT_for_beta_GeV": NaN,
    "gw_f_sw_peak_Hz": NaN,
    "gw_f_turb_peak_Hz": NaN,
    "gw_f_coll_peak_Hz": NaN,
    "gw_g_star": 106.75,
    "gw_v_w": 1.0,
    "omega_sw_peak": NaN,
    "omega_turb_peak": NaN,
    "omega_coll_peak": NaN,
    "omega_tot_peak": NaN
  }
}