{
  "label": "results_eft68_c6f20p773333_c8f45_f1000_mh125_Glauber_C3p2_Lambda1000",
  "model_parameters": {
    "c6_over_f2_TeV2": 0.7733333333333333,
    "c8_over_f4_TeV4": 5.0,
    "f_GeV": 1000.0,
    "m_h": 125.0,
    "v": 246.0,
    "m_w": 80.36,
    "m_z": 91.19,
    "m_t": 173.1,
    "use_glauber_measure": true,
    "C_glauber": 3.2,
    "Lambda_glauber": 1000.0
  },
  "derived_tree_coefficients": {
    "glauber_scheme": "counterterm_subtracted",
    "lambda_tree": 0.031433132841385436,
    "mu2_tree_GeV2": 4580.32765417952,
    "a0_mean_field": 0.3509927549493464,
    "glauber_t0": 0.19365120000000002,
    "glauber_lambda_shift": 0.0,
    "glauber_mu2_shift_after_lambda_GeV2": 0.0,
    "lambda_tree_raw_glauber_equivalent": -0.36749469473578306,
    "mu2_tree_raw_glauber_equivalent_GeV2": 80962.24094472479,
    "combo_TeV2": 2.4544066666666664
  },
  "scan_parameters": {
    "T_min": 1.0,
    "T_max": 250.0,
    "phi_scan_range": [
      -10.0,
      559.0169943749474
    ],
    "n_phi_scan": 1200,
    "n_T_seeds": 3,
    "deltaX_target": 0.1,
    "x_eps": 0.001,
    "T_eps": 0.01,
    "deriv_order": 4,
    "phitol": 0.0001,
    "overlapAngle": 45.0,
    "Tn_Ttol": 0.01,
    "Tn_maxiter": 160,
    "include_zeroT_loops": true,
    "include_scalar_loops": true,
    "include_thermal": true,
    "include_scalar_thermal": true,
    "include_daisy": false,
    "renormalize_zeroT_loops": true,
    "thermal_approx": "spline"
  },
  "key_temperatures": {
    "Tn": 76.39722048102381,
    "Tc": 88.08156561434207,
    "Ts_false": 63.50245292968408,
    "Ts_true": 95.91617382812468,
    "S_at_Tn": 10696.122820434457,
    "S_over_Tn": 140.0067012004874,
    "false_phase_key": 1,
    "true_phase_key": 0,
    "phi_false_Tn": -0.00026597436712785317,
    "phi_true_Tn": 229.75120200139682,
    "vTn_over_Tn": 3.0073240957563945,
    "Tc_minus_Tn_over_Tc": 0.13265369492269483
  },
  "gw_scales": {
    "gw_T_star_GeV": 76.39722048102381,
    "gw_alpha": 0.029734389575670716,
    "gw_beta_over_H": 1418.7339482825532,
    "gw_v_w": 1.0,
    "gw_g_star": 106.75
  },
  "gw_peaks": {
    "sw": {
      "f_peak_mHz": 20.74582813044975,
      "f_peak_Hz": 0.02074582813044975,
      "omega_peak": 1.2777788779974783e-16
    },
    "turb": {
      "f_peak_mHz": 35.518835236986625,
      "f_peak_Hz": 0.03551883523698662,
      "omega_peak": 9.284121392642932e-21
    },
    "coll": {
      "f_peak_mHz": NaN,
      "f_peak_Hz": NaN,
      "omega_peak": NaN
    },
    "total": {
      "f_peak_mHz": 20.74582813044975,
      "f_peak_Hz": 0.02074582813044975,
      "omega_peak": 1.277860258066954e-16
    }
  },
  "gw_run_parameters": {
    "g_star": 106.75,
    "v_w": 1.0,
    "epsilon_turb": 1.0,
    "frequency_unit": "mHz"
  },
  "S3": 10696.639730941313,
  "S3_over_T": 140.01346729097605,
  "bounce_diagnostics": {
    "label": "results_eft68_c6f20p773333_c8f45_f1000_mh125_Glauber_C3p2_Lambda1000",
    "C": NaN,
    "Lambda_GeV": NaN,
    "finiteT": null,
    "temperature_GeV": NaN,
    "phi_metaMin": -0.00026597436712785317,
    "phi_absMin": 229.75120200139682,
    "phi_bar": 115.02377623984707,
    "phi_top": 78.02848035135696,
    "V(phi_meta)": -92036214.32209794,
    "V(phi_true)": -105992310.53329101,
    "V(phi_top)": -91160806.85895981,
    "DeltaV_true_minus_meta": -13956096.21119307,
    "r0": 3.404661044530435e-06,
    "phi0": 223.91019183439036,
    "dphi0": -0.05696622480061446,
    "rscale_cubic": 0.03404661044530435,
    "rscale_curv": 0.032425771482515,
    "wall_r_hi": 0.12482782222939713,
    "wall_thickness": 0.08846909139362805,
    "S_total": 10696.639730941313,
    "S_kin": 16045.163644240143,
    "S_pot": -5348.523913298834,
    "S_interior": 0.0,
    "S3_over_T": NaN,
    "beta_rscale": 29.37149945092165,
    "beta_curvature": 30.83967379940312,
    "beta_wall": 11.30338273228863,
    "Tn_from_transitionFinder_GeV": 76.39722048102381,
    "Tc_from_transitionFinder_GeV": 88.08156561434207,
    "T_spinodal_high_GeV": NaN,
    "T_spinodal_low_GeV": NaN,
    "gw_T_star_GeV": 76.39722048102381,
    "gw_alpha": 0.029734389575670716,
    "gw_beta_over_H": 1418.7339482825532,
    "gw_R_star_times_H": NaN,
    "gw_Gamma_Tstar_GeV4": NaN,
    "gw_dT_for_beta_GeV": NaN,
    "gw_f_sw_peak_Hz": NaN,
    "gw_f_turb_peak_Hz": NaN,
    "gw_f_coll_peak_Hz": NaN,
    "gw_g_star": 106.75,
    "gw_v_w": 1.0,
    "omega_sw_peak": NaN,
    "omega_turb_peak": NaN,
    "omega_coll_peak": NaN,
    "omega_tot_peak": NaN
  }
}