{
  "label": "results_eft68_c6f20_c8f40_f783p069_mh125_Glauber_C6p52318_Lambda2000",
  "model_parameters": {
    "c6_over_f2_TeV2": 0.0,
    "c8_over_f4_TeV4": 0.0,
    "f_GeV": 783.0694008658263,
    "m_h": 125.0,
    "v": 246.0,
    "m_w": 80.36,
    "m_z": 91.19,
    "m_t": 173.1,
    "use_glauber_measure": true,
    "C_glauber": 6.523181818181818,
    "Lambda_glauber": 2000.0
  },
  "scan_parameters": {
    "T_min": 1.0,
    "T_max": 250.0,
    "phi_scan_range": [
      -10.0,
      783.0694008658263
    ],
    "n_phi_scan": 1200,
    "n_T_seeds": 3,
    "deltaX_target": 0.1,
    "x_eps": 0.001,
    "T_eps": 0.01,
    "deriv_order": 4,
    "phitol": 1e-05,
    "overlapAngle": 45.0,
    "Tn_Ttol": 0.001,
    "Tn_maxiter": 160,
    "include_zeroT_loops": true,
    "include_scalar_loops": true,
    "include_thermal": true,
    "include_scalar_thermal": true,
    "include_daisy": false,
    "renormalize_zeroT_loops": true,
    "thermal_approx": "spline"
  },
  "key_temperatures": {
    "Tn": 69.29134867771572,
    "Tc": 84.24449527898828,
    "Ts_false": 55.42371243728692,
    "Ts_true": 94.64928906249969,
    "S_at_Tn": 9703.277172355269,
    "S_over_Tn": 140.0359115174196,
    "false_phase_key": 1,
    "true_phase_key": 0,
    "phi_false_Tn": -0.0011060440519369543,
    "phi_true_Tn": 235.18970497428072,
    "vTn_over_Tn": 3.39421456592197,
    "Tc_minus_Tn_over_Tc": 0.17749701688820113
  },
  "gw_scales": {
    "gw_T_star_GeV": 69.29134867771572,
    "gw_alpha": 0.045639895919435756,
    "gw_beta_over_H": 1062.488743281437,
    "gw_v_w": 1.0,
    "gw_g_star": 106.75
  },
  "gw_peaks": {
    "sw": {
      "f_peak_mHz": 14.129445033049324,
      "f_peak_Hz": 0.014129445033049325,
      "omega_peak": 7.425189402819067e-16
    },
    "turb": {
      "f_peak_mHz": 24.19095670528232,
      "f_peak_Hz": 0.02419095670528232,
      "omega_peak": 5.394882412096972e-20
    },
    "coll": {
      "f_peak_mHz": NaN,
      "f_peak_Hz": NaN,
      "omega_peak": NaN
    },
    "total": {
      "f_peak_mHz": 14.129445033049324,
      "f_peak_Hz": 0.014129445033049325,
      "omega_peak": 7.425662915076202e-16
    }
  },
  "gw_run_parameters": {
    "g_star": 106.75,
    "v_w": 1.0,
    "epsilon_turb": 1.0,
    "frequency_unit": "mHz"
  },
  "S3": 9685.13801976771,
  "S3_over_T": 139.7741306034425,
  "bounce_diagnostics": {
    "label": "results_eft68_c6f20_c8f40_f783p069_mh125_Glauber_C6p52318_Lambda2000",
    "C": NaN,
    "Lambda_GeV": NaN,
    "finiteT": null,
    "temperature_GeV": NaN,
    "phi_metaMin": -0.0011060440519369543,
    "phi_absMin": 235.18970497428072,
    "phi_bar": 116.80191513032969,
    "phi_top": 79.85485598585693,
    "V(phi_meta)": -65134727.111078545,
    "V(phi_true)": -83261153.51482432,
    "V(phi_top)": -64091054.12117903,
    "DeltaV_true_minus_meta": -18126426.40374577,
    "r0": 3.1911667538164754e-06,
    "phi0": 228.23754567466204,
    "dphi0": -0.07437892100671939,
    "rscale_cubic": 0.031911667538164754,
    "rscale_curv": 0.030173300750365308,
    "wall_r_hi": 0.11244502382395113,
    "wall_thickness": 0.08121597932189331,
    "S_total": 9685.13801976771,
    "S_kin": 14524.586569825544,
    "S_pot": -4839.448550057834,
    "S_interior": 0.0,
    "S3_over_T": NaN,
    "beta_rscale": 31.336500946058372,
    "beta_curvature": 33.14191252065403,
    "beta_wall": 12.312847894582132,
    "Tn_from_transitionFinder_GeV": 69.29134867771572,
    "Tc_from_transitionFinder_GeV": 84.24449527898828,
    "T_spinodal_high_GeV": NaN,
    "T_spinodal_low_GeV": NaN,
    "gw_T_star_GeV": 69.29134867771572,
    "gw_alpha": 0.045639895919435756,
    "gw_beta_over_H": 1062.488743281437,
    "gw_R_star_times_H": NaN,
    "gw_Gamma_Tstar_GeV4": NaN,
    "gw_dT_for_beta_GeV": NaN,
    "gw_f_sw_peak_Hz": NaN,
    "gw_f_turb_peak_Hz": NaN,
    "gw_f_coll_peak_Hz": NaN,
    "gw_g_star": 106.75,
    "gw_v_w": 1.0,
    "omega_sw_peak": NaN,
    "omega_turb_peak": NaN,
    "omega_coll_peak": NaN,
    "omega_tot_peak": NaN
  }
}