{
  "label": "results_eft68_c6f21_c8f45_f1000_mh125_Glauber_C3p28_Lambda1000",
  "model_parameters": {
    "c6_over_f2_TeV2": 1.0,
    "c8_over_f4_TeV4": 5.0,
    "f_GeV": 1000.0,
    "m_h": 125.0,
    "v": 246.0,
    "m_w": 80.36,
    "m_z": 91.19,
    "m_t": 173.1,
    "use_glauber_measure": true,
    "C_glauber": 3.2800000000000002,
    "Lambda_glauber": 1000.0
  },
  "derived_tree_coefficients": {
    "glauber_scheme": "counterterm_subtracted",
    "lambda_tree": 0.010857692841385418,
    "mu2_tree_GeV2": 3957.7559906595197,
    "a0_mean_field": 0.3407050349493464,
    "glauber_t0": 0.19849248,
    "glauber_lambda_shift": 0.0,
    "glauber_mu2_shift_after_lambda_GeV2": 0.0,
    "lambda_tree_raw_glauber_equivalent": -0.41334434245901436,
    "mu2_tree_raw_glauber_equivalent_GeV2": 81945.62406527903,
    "combo_TeV2": 2.90774
  },
  "scan_parameters": {
    "T_min": 1.0,
    "T_max": 250.0,
    "phi_scan_range": [
      -10.0,
      552.1576303742327
    ],
    "n_phi_scan": 1200,
    "n_T_seeds": 3,
    "deltaX_target": 0.1,
    "x_eps": 0.001,
    "T_eps": 0.01,
    "deriv_order": 4,
    "phitol": 0.0001,
    "overlapAngle": 45.0,
    "Tn_Ttol": 0.01,
    "Tn_maxiter": 160,
    "include_zeroT_loops": true,
    "include_scalar_loops": true,
    "include_thermal": true,
    "include_scalar_thermal": true,
    "include_daisy": false,
    "renormalize_zeroT_loops": true,
    "thermal_approx": "spline"
  },
  "key_temperatures": {
    "Tn": 56.83674132564601,
    "Tc": 80.12222141159945,
    "Ts_false": 34.52366757811921,
    "Ts_true": 92.38494531249972,
    "S_at_Tn": 7957.66261344525,
    "S_over_Tn": 140.0091283884809,
    "false_phase_key": 1,
    "true_phase_key": 0,
    "phi_false_Tn": -0.00026483189099838107,
    "phi_true_Tn": 240.65824521747237,
    "vTn_over_Tn": 4.234202025035556,
    "Tc_minus_Tn_over_Tc": 0.2906244943750693
  },
  "gw_scales": {
    "gw_T_star_GeV": 56.83674132564601,
    "gw_alpha": 0.0912536510875773,
    "gw_beta_over_H": 338.56771247936496,
    "gw_v_w": 1.0,
    "gw_g_star": 106.75
  },
  "gw_peaks": {
    "sw": {
      "f_peak_mHz": 3.7122854895393615,
      "f_peak_Hz": 0.003712285489539362,
      "omega_peak": 4.594960827609406e-14
    },
    "turb": {
      "f_peak_mHz": 6.258886570127066,
      "f_peak_Hz": 0.006258886570127066,
      "omega_peak": 3.3385816735134635e-18
    },
    "coll": {
      "f_peak_mHz": NaN,
      "f_peak_Hz": NaN,
      "omega_peak": NaN
    },
    "total": {
      "f_peak_mHz": 3.7122854895393615,
      "f_peak_Hz": 0.003712285489539362,
      "omega_peak": 4.59525459623209e-14
    }
  },
  "gw_run_parameters": {
    "g_star": 106.75,
    "v_w": 1.0,
    "epsilon_turb": 1.0,
    "frequency_unit": "mHz"
  },
  "S3": 7957.481269032014,
  "S3_over_T": 140.00593776901528,
  "bounce_diagnostics": {
    "label": "results_eft68_c6f21_c8f45_f1000_mh125_Glauber_C3p28_Lambda1000",
    "C": NaN,
    "Lambda_GeV": NaN,
    "finiteT": null,
    "temperature_GeV": NaN,
    "phi_metaMin": -0.00026483189099838107,
    "phi_absMin": 240.65824521747237,
    "phi_bar": 110.97290986146386,
    "phi_top": 76.7941263136392,
    "V(phi_meta)": -28928325.607963458,
    "V(phi_true)": -51648942.400283754,
    "V(phi_top)": -27993906.251979485,
    "DeltaV_true_minus_meta": -22720616.792320296,
    "r0": 3.2432689424893908e-06,
    "phi0": 229.66952291720548,
    "dphi0": -0.1318169656416606,
    "rscale_cubic": 0.032432689424893905,
    "rscale_curv": 0.029502024277012727,
    "wall_r_hi": 0.10360057813589853,
    "wall_thickness": 0.08071454587967314,
    "S_total": 7957.481269032014,
    "S_kin": 11928.675250790917,
    "S_pot": -3971.1939817589046,
    "S_interior": 0.0,
    "S3_over_T": NaN,
    "beta_rscale": 30.833089013963917,
    "beta_curvature": 33.895971380019645,
    "beta_wall": 12.389340596560755,
    "Tn_from_transitionFinder_GeV": 56.83674132564601,
    "Tc_from_transitionFinder_GeV": 80.12222141159945,
    "T_spinodal_high_GeV": NaN,
    "T_spinodal_low_GeV": NaN,
    "gw_T_star_GeV": 56.83674132564601,
    "gw_alpha": 0.0912536510875773,
    "gw_beta_over_H": 338.56771247936496,
    "gw_R_star_times_H": NaN,
    "gw_Gamma_Tstar_GeV4": NaN,
    "gw_dT_for_beta_GeV": NaN,
    "gw_f_sw_peak_Hz": NaN,
    "gw_f_turb_peak_Hz": NaN,
    "gw_f_coll_peak_Hz": NaN,
    "gw_g_star": 106.75,
    "gw_v_w": 1.0,
    "omega_sw_peak": NaN,
    "omega_turb_peak": NaN,
    "omega_coll_peak": NaN,
    "omega_tot_peak": NaN
  }
}