{
  "label": "results_eft68_c6f20_c8f40_f787p203_mh125_Glauber_C6p45485_Lambda2000",
  "model_parameters": {
    "c6_over_f2_TeV2": 0.0,
    "c8_over_f4_TeV4": 0.0,
    "f_GeV": 787.2034149244465,
    "m_h": 125.0,
    "v": 246.0,
    "m_w": 80.36,
    "m_z": 91.19,
    "m_t": 173.1,
    "use_glauber_measure": true,
    "C_glauber": 6.454848484848485,
    "Lambda_glauber": 2000.0
  },
  "derived_tree_coefficients": {
    "glauber_scheme": "counterterm_subtracted",
    "lambda_tree": 0.12909808976138543,
    "mu2_tree_GeV2": 7812.5,
    "a0_mean_field": 0.3998252334093464,
    "glauber_t0": 0.09765540272727273,
    "glauber_lambda_shift": 0.0,
    "glauber_mu2_shift_after_lambda_GeV2": 0.0,
    "lambda_tree_raw_glauber_equivalent": -1.167088498713064,
    "mu2_tree_raw_glauber_equivalent_GeV2": 654165.296232743,
    "combo_TeV2": 0.0
  },
  "scan_parameters": {
    "T_min": 1.0,
    "T_max": 250.0,
    "phi_scan_range": [
      -10.0,
      787.2034149244465
    ],
    "n_phi_scan": 1200,
    "n_T_seeds": 3,
    "deltaX_target": 0.1,
    "x_eps": 0.001,
    "T_eps": 0.01,
    "deriv_order": 4,
    "phitol": 0.0001,
    "overlapAngle": 45.0,
    "Tn_Ttol": 0.01,
    "Tn_maxiter": 160,
    "include_zeroT_loops": true,
    "include_scalar_loops": true,
    "include_thermal": true,
    "include_scalar_thermal": true,
    "include_daisy": false,
    "renormalize_zeroT_loops": true,
    "thermal_approx": "spline"
  },
  "key_temperatures": {
    "Tn": 73.5205677952207,
    "Tc": 86.31549441165714,
    "Ts_false": 60.2511062499964,
    "Ts_true": 95.62437695312468,
    "S_at_Tn": 10288.861198792845,
    "S_over_Tn": 139.94534464764683,
    "false_phase_key": 2,
    "true_phase_key": 0,
    "phi_false_Tn": -0.0007316711278121993,
    "phi_true_Tn": 232.43646799936667,
    "vTn_over_Tn": 3.161516225592541,
    "Tc_minus_Tn_over_Tc": 0.14823441264687295
  },
  "gw_scales": {
    "gw_T_star_GeV": 73.5205677952207,
    "gw_alpha": 0.036587969807982526,
    "gw_beta_over_H": 1330.6061712574242,
    "gw_v_w": 1.0,
    "gw_g_star": 106.75
  },
  "gw_peaks": {
    "sw": {
      "f_peak_mHz": 18.918966775122765,
      "f_peak_Hz": 0.018918966775122767,
      "omega_peak": 2.582371840403173e-16
    },
    "turb": {
      "f_peak_mHz": 31.89724157884989,
      "f_peak_Hz": 0.03189724157884989,
      "omega_peak": 1.8763988101565408e-20
    },
    "coll": {
      "f_peak_mHz": NaN,
      "f_peak_Hz": NaN,
      "omega_peak": NaN
    },
    "total": {
      "f_peak_mHz": 18.918966775122765,
      "f_peak_Hz": 0.018918966775122767,
      "omega_peak": 2.582537142455198e-16
    }
  },
  "gw_run_parameters": {
    "g_star": 106.75,
    "v_w": 1.0,
    "epsilon_turb": 1.0,
    "frequency_unit": "mHz"
  },
  "S3": 10288.346614715343,
  "S3_over_T": 139.9383454623449,
  "bounce_diagnostics": {
    "label": "results_eft68_c6f20_c8f40_f787p203_mh125_Glauber_C6p45485_Lambda2000",
    "C": NaN,
    "Lambda_GeV": NaN,
    "finiteT": null,
    "temperature_GeV": NaN,
    "phi_metaMin": -0.0007316711278121993,
    "phi_absMin": 232.43646799936667,
    "phi_bar": 117.19182794650449,
    "phi_top": 79.68167889251917,
    "V(phi_meta)": -81761174.25135532,
    "V(phi_true)": -97871487.85131665,
    "V(phi_top)": -80760705.49691929,
    "DeltaV_true_minus_meta": -16110313.599961326,
    "r0": 3.2522586232431833e-06,
    "phi0": 226.30511120791326,
    "dphi0": -0.062349402387568864,
    "rscale_cubic": 0.03252258623243183,
    "rscale_curv": 0.030905570574475422,
    "wall_r_hi": 0.11767869835573701,
    "wall_thickness": 0.08352832617595071,
    "S_total": 10288.346614715343,
    "S_kin": 15409.423397999335,
    "S_pot": -5121.076783283992,
    "S_interior": 0.0,
    "S3_over_T": NaN,
    "beta_rscale": 30.74786220422995,
    "beta_curvature": 32.356644249348484,
    "beta_wall": 11.971986579660658,
    "Tn_from_transitionFinder_GeV": 73.5205677952207,
    "Tc_from_transitionFinder_GeV": 86.31549441165714,
    "T_spinodal_high_GeV": NaN,
    "T_spinodal_low_GeV": NaN,
    "gw_T_star_GeV": 73.5205677952207,
    "gw_alpha": 0.036587969807982526,
    "gw_beta_over_H": 1330.6061712574242,
    "gw_R_star_times_H": NaN,
    "gw_Gamma_Tstar_GeV4": NaN,
    "gw_dT_for_beta_GeV": NaN,
    "gw_f_sw_peak_Hz": NaN,
    "gw_f_turb_peak_Hz": NaN,
    "gw_f_coll_peak_Hz": NaN,
    "gw_g_star": 106.75,
    "gw_v_w": 1.0,
    "omega_sw_peak": NaN,
    "omega_turb_peak": NaN,
    "omega_coll_peak": NaN,
    "omega_tot_peak": NaN
  }
}