{
  "label": "results_eft68_c6f23p07273_c8f42_f1000_mh125_Glauber_off",
  "model_parameters": {
    "c6_over_f2_TeV2": 3.0727272727272728,
    "c8_over_f4_TeV4": 2.0,
    "f_GeV": 1000.0,
    "m_h": 125.0,
    "v": 246.0,
    "m_w": 80.36,
    "m_z": 91.19,
    "m_t": 173.1,
    "use_glauber_measure": false,
    "C_glauber": 0.0,
    "Lambda_glauber": 1000.0
  },
  "derived_tree_coefficients": {
    "glauber_scheme": "counterterm_subtracted",
    "lambda_tree": -0.16081221446116004,
    "mu2_tree_GeV2": -1070.4164168998277,
    "a0_mean_field": 0.25487008129807365,
    "glauber_t0": 0.0,
    "glauber_lambda_shift": 0.0,
    "glauber_mu2_shift_after_lambda_GeV2": 0.0,
    "lambda_tree_raw_glauber_equivalent": -0.16081221446116004,
    "mu2_tree_raw_glauber_equivalent_GeV2": -1070.4164168998277,
    "combo_TeV2": 6.508550545454545
  },
  "scan_parameters": {
    "T_min": 1.0,
    "T_max": 250.0,
    "phi_scan_range": [
      -10,
      1000.0
    ],
    "n_phi_scan": 1200,
    "n_T_seeds": 3,
    "deltaX_target": 0.1,
    "x_eps": 0.001,
    "T_eps": 0.01,
    "deriv_order": 4,
    "phitol": 0.0001,
    "overlapAngle": 45.0,
    "Tn_Ttol": 0.01,
    "Tn_maxiter": 160,
    "include_zeroT_loops": true,
    "include_scalar_loops": true,
    "include_thermal": true,
    "include_scalar_thermal": true,
    "include_daisy": true,
    "renormalize_zeroT_loops": true,
    "thermal_approx": "spline"
  },
  "key_temperatures": {
    "Tn": 81.0104868330521,
    "Tc": 94.76071514090836,
    "Ts_false": 54.2472882812456,
    "Ts_true": 96.19289453124964,
    "S_at_Tn": 11347.657003558736,
    "S_over_Tn": 140.07639562695377,
    "false_phase_key": 2,
    "true_phase_key": 0,
    "phi_false_Tn": -5.003899292035312e-05,
    "phi_true_Tn": 226.12128608285232,
    "vTn_over_Tn": 2.7912594396432553,
    "Tc_minus_Tn_over_Tc": 0.14510473340571345
  },
  "gw_scales": {
    "gw_T_star_GeV": 81.0104868330521,
    "gw_alpha": 0.022751489773374187,
    "gw_beta_over_H": 1137.6625274990981,
    "gw_v_w": 1.0,
    "gw_g_star": 106.75
  },
  "gw_peaks": {
    "sw": {
      "f_peak_mHz": 17.791333764165667,
      "f_peak_Hz": 0.017791333764165668,
      "omega_peak": 9.378502031751013e-17
    },
    "turb": {
      "f_peak_mHz": 29.99606045250632,
      "f_peak_Hz": 0.029996060452506322,
      "omega_peak": 6.814280971748022e-21
    },
    "coll": {
      "f_peak_mHz": NaN,
      "f_peak_Hz": NaN,
      "omega_peak": NaN
    },
    "total": {
      "f_peak_mHz": 17.791333764165667,
      "f_peak_Hz": 0.017791333764165668,
      "omega_peak": 9.379101822724488e-17
    }
  },
  "gw_run_parameters": {
    "g_star": 106.75,
    "v_w": 1.0,
    "epsilon_turb": 1.0,
    "frequency_unit": "mHz"
  },
  "S3": 11347.706874894206,
  "S3_over_T": 140.07701124275144,
  "bounce_diagnostics": {
    "label": "results_eft68_c6f23p07273_c8f42_f1000_mh125_Glauber_off",
    "C": NaN,
    "Lambda_GeV": NaN,
    "finiteT": null,
    "temperature_GeV": NaN,
    "phi_metaMin": -5.003899292035312e-05,
    "phi_absMin": 226.12128608285232,
    "phi_bar": 116.64156162747484,
    "phi_top": 77.92452888215712,
    "V(phi_meta)": -111691764.77936153,
    "V(phi_true)": -125815752.75106953,
    "V(phi_top)": -110414283.04299924,
    "DeltaV_true_minus_meta": -14123987.971708,
    "r0": 2.814631145145016e-06,
    "phi0": 220.43269449724744,
    "dphi0": -0.0435024563729886,
    "rscale_cubic": 0.028146311451450162,
    "rscale_curv": 0.02667061815568607,
    "wall_r_hi": 0.11859948498667391,
    "wall_thickness": 0.08110961489325379,
    "S_total": 11347.706874894206,
    "S_kin": 17022.646578610715,
    "S_pot": -5674.939703716508,
    "S_interior": 0.0,
    "S3_over_T": NaN,
    "beta_rscale": 35.528634070752375,
    "beta_curvature": 37.494442841623524,
    "beta_wall": 12.328994550351071,
    "Tn_from_transitionFinder_GeV": 81.0104868330521,
    "Tc_from_transitionFinder_GeV": 94.76071514090836,
    "T_spinodal_high_GeV": NaN,
    "T_spinodal_low_GeV": NaN,
    "gw_T_star_GeV": 81.0104868330521,
    "gw_alpha": 0.022751489773374187,
    "gw_beta_over_H": 1137.6625274990981,
    "gw_R_star_times_H": NaN,
    "gw_Gamma_Tstar_GeV4": NaN,
    "gw_dT_for_beta_GeV": NaN,
    "gw_f_sw_peak_Hz": NaN,
    "gw_f_turb_peak_Hz": NaN,
    "gw_f_coll_peak_Hz": NaN,
    "gw_g_star": 106.75,
    "gw_v_w": 1.0,
    "omega_sw_peak": NaN,
    "omega_turb_peak": NaN,
    "omega_coll_peak": NaN,
    "omega_tot_peak": NaN
  }
}