{
  "label": "results_eft68_c6f22_c8f42_f1000_mh125_Glauber_off_pure_EFT68_benchmark",
  "model_parameters": {
    "c6_over_f2_TeV2": 2.0,
    "c8_over_f4_TeV4": 2.0,
    "f_GeV": 1000.0,
    "m_h": 125.0,
    "v": 246.0,
    "m_w": 80.36,
    "m_z": 91.19,
    "m_t": 173.1,
    "use_glauber_measure": false,
    "C_glauber": 0.0,
    "Lambda_glauber": 1000.0
  },
  "scan_parameters": {
    "T_min": 1.0,
    "T_max": 250.0,
    "phi_scan_range": [
      0.0,
      1000.0
    ],
    "n_phi_scan": 1400,
    "n_T_seeds": 3,
    "deltaX_target": 0.1,
    "x_eps": 0.001,
    "T_eps": 0.01,
    "deriv_order": 4,
    "phitol": 1e-05,
    "overlapAngle": 45.0,
    "Tn_Ttol": 0.001,
    "Tn_maxiter": 100,
    "include_zeroT_loops": true,
    "include_scalar_loops": true,
    "include_thermal": true,
    "include_scalar_thermal": true,
    "include_daisy": false,
    "thermal_approx": "spline"
  },
  "key_temperatures": {
    "Tn": 82.46605362779236,
    "Tc": 85.2056862740311,
    "Ts_false": 78.57381015625033,
    "Ts_true": 86.95411914062615,
    "S_at_Tn": 11546.040023309637,
    "S_over_Tn": 140.00961020182055,
    "false_phase_key": 1,
    "true_phase_key": 0,
    "phi_false_Tn": 1.4373819001398238e-05,
    "phi_true_Tn": 159.9574719905191,
    "vTn_over_Tn": 1.9396765693734
  },
  "gw_scales": {
    "gw_T_star_GeV": 82.46605362779236,
    "gw_alpha": 0.00849668978317488,
    "gw_beta_over_H": 7070.151187407019,
    "gw_v_w": 0.95,
    "gw_g_star": 106.75
  },
  "gw_peaks": {
    "sw": {
      "f_peak_mHz": 117.6346508056887,
      "f_peak_Hz": 0.11763465080568869,
      "omega_peak": 1.3034376955835066e-19
    },
    "turb": {
      "f_peak_mHz": 200.74804550898818,
      "f_peak_Hz": 0.2007480455089882,
      "omega_peak": 9.470419404213804e-24
    },
    "coll": {
      "f_peak_mHz": NaN,
      "f_peak_Hz": NaN,
      "omega_peak": NaN
    },
    "total": {
      "f_peak_mHz": 117.6346508056887,
      "f_peak_Hz": 0.11763465080568869,
      "omega_peak": 1.3035207649555988e-19
    }
  },
  "gw_run_parameters": {
    "g_star": 106.75,
    "v_w": 0.95,
    "epsilon_turb": 1.0,
    "frequency_unit": "mHz"
  },
  "S3": 11543.11287813619,
  "S3_over_T": 139.97411504903127,
  "bounce_diagnostics": {
    "label": "results_eft68_c6f22_c8f42_f1000_mh125_Glauber_off_pure_EFT68_benchmark",
    "C": NaN,
    "Lambda_GeV": NaN,
    "finiteT": null,
    "temperature_GeV": NaN,
    "phi_metaMin": 1.4373819001398238e-05,
    "phi_absMin": 159.9574719905191,
    "phi_bar": 80.18764323528555,
    "phi_top": 54.52488270217237,
    "V(phi_meta)": -121274197.05486254,
    "V(phi_true)": -122815605.40537483,
    "V(phi_top)": -121144199.34182657,
    "DeltaV_true_minus_meta": -1541408.350512281,
    "r0": 6.173779924697979e-06,
    "phi0": 155.30283596372809,
    "dphi0": -0.016354826049686064,
    "rscale_cubic": 0.061737799246979794,
    "rscale_curv": 0.05730910697415468,
    "wall_r_hi": 0.2536685114870002,
    "wall_thickness": 0.17741366396748026,
    "S_total": 11543.11287813619,
    "S_kin": 17312.366037298332,
    "S_pot": -5769.253159162144,
    "S_interior": 0.0,
    "S3_over_T": NaN,
    "beta_rscale": 16.19753234156496,
    "beta_curvature": 17.449232189506667,
    "beta_wall": 5.636544433146361,
    "Tn_from_transitionFinder_GeV": 82.46605362779236,
    "Tc_from_transitionFinder_GeV": 85.2056862740311,
    "T_spinodal_high_GeV": NaN,
    "T_spinodal_low_GeV": NaN,
    "gw_T_star_GeV": 82.46605362779236,
    "gw_alpha": 0.00849668978317488,
    "gw_beta_over_H": 7070.151187407019,
    "gw_R_star_times_H": NaN,
    "gw_Gamma_Tstar_GeV4": NaN,
    "gw_dT_for_beta_GeV": NaN,
    "gw_f_sw_peak_Hz": NaN,
    "gw_f_turb_peak_Hz": NaN,
    "gw_f_coll_peak_Hz": NaN,
    "gw_g_star": 106.75,
    "gw_v_w": 0.95,
    "omega_sw_peak": NaN,
    "omega_turb_peak": NaN,
    "omega_coll_peak": NaN,
    "omega_tot_peak": NaN
  }
}