{
  "label": "results_eft68_c6f23p37778_c8f40_f1000_mh125_Glauber_off",
  "model_parameters": {
    "c6_over_f2_TeV2": 3.3777777777777778,
    "c8_over_f4_TeV4": 0.0,
    "f_GeV": 1000.0,
    "m_h": 125.0,
    "v": 246.0,
    "m_w": 80.36,
    "m_z": 91.19,
    "m_t": 173.1,
    "use_glauber_measure": false,
    "C_glauber": 0.0,
    "Lambda_glauber": 1000.0
  },
  "derived_tree_coefficients": {
    "glauber_scheme": "counterterm_subtracted",
    "lambda_tree": -0.17751631023861458,
    "mu2_tree_GeV2": -1465.0385152,
    "a0_mean_field": 0.2465180334093464,
    "glauber_t0": 0.0,
    "glauber_lambda_shift": 0.0,
    "glauber_mu2_shift_after_lambda_GeV2": 0.0,
    "lambda_tree_raw_glauber_equivalent": -0.17751631023861458,
    "mu2_tree_raw_glauber_equivalent_GeV2": -1465.0385152,
    "combo_TeV2": 6.7555555555555555
  },
  "scan_parameters": {
    "T_min": 1.0,
    "T_max": 250.0,
    "phi_scan_range": [
      -10,
      1000.0
    ],
    "n_phi_scan": 1200,
    "n_T_seeds": 3,
    "deltaX_target": 0.1,
    "x_eps": 0.001,
    "T_eps": 0.01,
    "deriv_order": 4,
    "phitol": 0.0001,
    "overlapAngle": 45.0,
    "Tn_Ttol": 0.01,
    "Tn_maxiter": 160,
    "include_zeroT_loops": true,
    "include_scalar_loops": true,
    "include_thermal": true,
    "include_scalar_thermal": true,
    "include_daisy": true,
    "renormalize_zeroT_loops": true,
    "thermal_approx": "spline"
  },
  "key_temperatures": {
    "Tn": 73.71230836596906,
    "Tc": 91.86184697505016,
    "Ts_false": 37.53107207030665,
    "Ts_true": 95.11130078124967,
    "S_at_Tn": 10322.204258861535,
    "S_over_Tn": 140.0336590683546,
    "false_phase_key": 2,
    "true_phase_key": 0,
    "phi_false_Tn": 3.4693207792259346e-05,
    "phi_true_Tn": 232.22713596293883,
    "vTn_over_Tn": 3.1504526328217892,
    "Tc_minus_Tn_over_Tc": 0.19757428363061913
  },
  "gw_scales": {
    "gw_T_star_GeV": 73.71230836596906,
    "gw_alpha": 0.03353467051897292,
    "gw_beta_over_H": 601.7012229139099,
    "gw_v_w": 1.0,
    "gw_g_star": 106.75
  },
  "gw_peaks": {
    "sw": {
      "f_peak_mHz": 8.510236278416366,
      "f_peak_Hz": 0.008510236278416367,
      "omega_peak": 9.92499366317367e-16
    },
    "turb": {
      "f_peak_mHz": 14.570335698348613,
      "f_peak_Hz": 0.014570335698348614,
      "omega_peak": 7.211162570555042e-20
    },
    "coll": {
      "f_peak_mHz": NaN,
      "f_peak_Hz": NaN,
      "omega_peak": NaN
    },
    "total": {
      "f_peak_mHz": 8.510236278416366,
      "f_peak_Hz": 0.008510236278416367,
      "omega_peak": 9.9256265194671e-16
    }
  },
  "gw_run_parameters": {
    "g_star": 106.75,
    "v_w": 1.0,
    "epsilon_turb": 1.0,
    "frequency_unit": "mHz"
  },
  "S3": 10322.201437774136,
  "S3_over_T": 140.0336207967625,
  "bounce_diagnostics": {
    "label": "results_eft68_c6f23p37778_c8f40_f1000_mh125_Glauber_off",
    "C": NaN,
    "Lambda_GeV": NaN,
    "finiteT": null,
    "temperature_GeV": NaN,
    "phi_metaMin": 3.4693207792259346e-05,
    "phi_absMin": 232.22713596293883,
    "phi_bar": 117.73680395872542,
    "phi_top": 79.83895896253219,
    "V(phi_meta)": -76257274.39540961,
    "V(phi_true)": -94245448.78839844,
    "V(phi_top)": -74789565.99230541,
    "DeltaV_true_minus_meta": -17988174.39298883,
    "r0": 2.6904142908852943e-06,
    "phi0": 225.54781165927662,
    "dphi0": -0.05766494941154593,
    "rscale_cubic": 0.026904142908852943,
    "rscale_curv": 0.025657746135031176,
    "wall_r_hi": 0.10812604776719068,
    "wall_thickness": 0.0757549366644438,
    "S_total": 10322.201437774136,
    "S_kin": 15483.674478562834,
    "S_pot": -5161.473040788696,
    "S_interior": 0.0,
    "S3_over_T": NaN,
    "beta_rscale": 37.168996737336876,
    "beta_curvature": 38.97458405204815,
    "beta_wall": 13.200459851606716,
    "Tn_from_transitionFinder_GeV": 73.71230836596906,
    "Tc_from_transitionFinder_GeV": 91.86184697505016,
    "T_spinodal_high_GeV": NaN,
    "T_spinodal_low_GeV": NaN,
    "gw_T_star_GeV": 73.71230836596906,
    "gw_alpha": 0.03353467051897292,
    "gw_beta_over_H": 601.7012229139099,
    "gw_R_star_times_H": NaN,
    "gw_Gamma_Tstar_GeV4": NaN,
    "gw_dT_for_beta_GeV": NaN,
    "gw_f_sw_peak_Hz": NaN,
    "gw_f_turb_peak_Hz": NaN,
    "gw_f_coll_peak_Hz": NaN,
    "gw_g_star": 106.75,
    "gw_v_w": 1.0,
    "omega_sw_peak": NaN,
    "omega_turb_peak": NaN,
    "omega_coll_peak": NaN,
    "omega_tot_peak": NaN
  }
}