{
  "label": "results_eft68_c6f22p92525_c8f45_f1000_mh125_Glauber_off",
  "model_parameters": {
    "c6_over_f2_TeV2": 2.925252525252525,
    "c8_over_f4_TeV4": 5.0,
    "f_GeV": 1000.0,
    "m_h": 125.0,
    "v": 246.0,
    "m_w": 80.36,
    "m_z": 91.19,
    "m_t": 173.1,
    "use_glauber_measure": false,
    "C_glauber": 0.0,
    "Lambda_glauber": 1000.0
  },
  "derived_tree_coefficients": {
    "glauber_scheme": "counterterm_subtracted",
    "lambda_tree": -0.1639051798858873,
    "mu2_tree_GeV2": -1330.2190123222972,
    "a0_mean_field": 0.2533235985857101,
    "glauber_t0": 0.0,
    "glauber_lambda_shift": 0.0,
    "glauber_mu2_shift_after_lambda_GeV2": 0.0,
    "lambda_tree_raw_glauber_equivalent": -0.1639051798858873,
    "mu2_tree_raw_glauber_equivalent_GeV2": -1330.2190123222972,
    "combo_TeV2": 6.7582450505050495
  },
  "scan_parameters": {
    "T_min": 1.0,
    "T_max": 250.0,
    "phi_scan_range": [
      -10,
      1000.0
    ],
    "n_phi_scan": 1200,
    "n_T_seeds": 3,
    "deltaX_target": 0.1,
    "x_eps": 0.001,
    "T_eps": 0.01,
    "deriv_order": 4,
    "phitol": 0.0001,
    "overlapAngle": 45.0,
    "Tn_Ttol": 0.01,
    "Tn_maxiter": 160,
    "include_zeroT_loops": true,
    "include_scalar_loops": true,
    "include_thermal": true,
    "include_scalar_thermal": true,
    "include_daisy": false,
    "renormalize_zeroT_loops": true,
    "thermal_approx": "spline"
  },
  "key_temperatures": {
    "Tn": 74.7185707482547,
    "Tc": 90.99820856365223,
    "Ts_false": 45.35273593749504,
    "Ts_true": 93.67031054687469,
    "S_at_Tn": 10459.650733781245,
    "S_over_Tn": 139.98729671934422,
    "false_phase_key": 2,
    "true_phase_key": 0,
    "phi_false_Tn": -5.508063063998296e-05,
    "phi_true_Tn": 230.706121204165,
    "vTn_over_Tn": 3.087667749714737,
    "Tc_minus_Tn_over_Tc": 0.17890064070887832
  },
  "gw_scales": {
    "gw_T_star_GeV": 74.7185707482547,
    "gw_alpha": 0.03161577534304963,
    "gw_beta_over_H": 849.2610070994147,
    "gw_v_w": 1.0,
    "gw_g_star": 106.75
  },
  "gw_peaks": {
    "sw": {
      "f_peak_mHz": 12.117215611000251,
      "f_peak_Hz": 0.012117215611000251,
      "omega_peak": 4.2300522803597874e-16
    },
    "turb": {
      "f_peak_mHz": 20.74582813044975,
      "f_peak_Hz": 0.02074582813044975,
      "omega_peak": 3.073594600197777e-20
    },
    "coll": {
      "f_peak_mHz": NaN,
      "f_peak_Hz": NaN,
      "omega_peak": NaN
    },
    "total": {
      "f_peak_mHz": 12.117215611000251,
      "f_peak_Hz": 0.012117215611000251,
      "omega_peak": 4.230321387617658e-16
    }
  },
  "gw_run_parameters": {
    "g_star": 106.75,
    "v_w": 1.0,
    "epsilon_turb": 1.0,
    "frequency_unit": "mHz"
  },
  "S3": 10459.64685166372,
  "S3_over_T": 139.98724476281606,
  "bounce_diagnostics": {
    "label": "results_eft68_c6f22p92525_c8f45_f1000_mh125_Glauber_off",
    "C": NaN,
    "Lambda_GeV": NaN,
    "finiteT": null,
    "temperature_GeV": NaN,
    "phi_metaMin": -5.508063063998296e-05,
    "phi_absMin": 230.706121204165,
    "phi_bar": 116.81323064353185,
    "phi_top": 79.05517818642242,
    "V(phi_meta)": -79453921.49290936,
    "V(phi_true)": -96146236.73935297,
    "V(phi_top)": -78112741.01282752,
    "DeltaV_true_minus_meta": -16692315.246443614,
    "r0": 2.7868358411311576e-06,
    "phi0": 224.04341696479153,
    "dphi0": -0.05636047712201252,
    "rscale_cubic": 0.027868358411311574,
    "rscale_curv": 0.026626254382801053,
    "wall_r_hi": 0.1115741181197347,
    "wall_thickness": 0.07832943615100806,
    "S_total": 10459.64685166372,
    "S_kin": 15684.530238451067,
    "S_pot": -5224.883386787346,
    "S_interior": 0.0,
    "S3_over_T": NaN,
    "beta_rscale": 35.88298906024213,
    "beta_curvature": 37.556915864190366,
    "beta_wall": 12.766592600923893,
    "Tn_from_transitionFinder_GeV": 74.7185707482547,
    "Tc_from_transitionFinder_GeV": 90.99820856365223,
    "T_spinodal_high_GeV": NaN,
    "T_spinodal_low_GeV": NaN,
    "gw_T_star_GeV": 74.7185707482547,
    "gw_alpha": 0.03161577534304963,
    "gw_beta_over_H": 849.2610070994147,
    "gw_R_star_times_H": NaN,
    "gw_Gamma_Tstar_GeV4": NaN,
    "gw_dT_for_beta_GeV": NaN,
    "gw_f_sw_peak_Hz": NaN,
    "gw_f_turb_peak_Hz": NaN,
    "gw_f_coll_peak_Hz": NaN,
    "gw_g_star": 106.75,
    "gw_v_w": 1.0,
    "omega_sw_peak": NaN,
    "omega_turb_peak": NaN,
    "omega_coll_peak": NaN,
    "omega_tot_peak": NaN
  }
}