{
  "label": "results_eft68_c6f20_c8f40_f522p925_mh125_Glauber_C3p65697_Lambda1000",
  "model_parameters": {
    "c6_over_f2_TeV2": 0.0,
    "c8_over_f4_TeV4": 0.0,
    "f_GeV": 522.9248965811138,
    "m_h": 125.0,
    "v": 246.0,
    "m_w": 80.36,
    "m_z": 91.19,
    "m_t": 173.1,
    "use_glauber_measure": true,
    "C_glauber": 3.656969696969697,
    "Lambda_glauber": 1000.0
  },
  "derived_tree_coefficients": {
    "glauber_scheme": "counterterm_subtracted",
    "lambda_tree": 0.12909808976138543,
    "mu2_tree_GeV2": 7812.5,
    "a0_mean_field": 0.3998252334093464,
    "glauber_t0": 0.2213051781818182,
    "glauber_lambda_shift": 0.0,
    "glauber_mu2_shift_after_lambda_GeV2": 0.0,
    "lambda_tree_raw_glauber_equivalent": -0.42956298570569657,
    "mu2_tree_raw_glauber_equivalent_GeV2": 92962.75378146711,
    "combo_TeV2": 0.0
  },
  "scan_parameters": {
    "T_min": 1.0,
    "T_max": 250.0,
    "phi_scan_range": [
      -10.0,
      522.9248965811138
    ],
    "n_phi_scan": 1200,
    "n_T_seeds": 3,
    "deltaX_target": 0.1,
    "x_eps": 0.001,
    "T_eps": 0.01,
    "deriv_order": 4,
    "phitol": 0.0001,
    "overlapAngle": 45.0,
    "Tn_Ttol": 0.01,
    "Tn_maxiter": 160,
    "include_zeroT_loops": true,
    "include_scalar_loops": true,
    "include_thermal": true,
    "include_scalar_thermal": true,
    "include_daisy": true,
    "renormalize_zeroT_loops": true,
    "thermal_approx": "spline"
  },
  "key_temperatures": {
    "Tn": 75.58912985454427,
    "Tc": 86.91738581864563,
    "Ts_false": 65.17284414062179,
    "Ts_true": 95.36856835937468,
    "S_at_Tn": 10581.67157308282,
    "S_over_Tn": 139.98932906682575,
    "false_phase_key": 1,
    "true_phase_key": 0,
    "phi_false_Tn": -0.0003552366217548324,
    "phi_true_Tn": 231.30839372511375,
    "vTn_over_Tn": 3.0600748304712484,
    "Tc_minus_Tn_over_Tc": 0.1303336019302045
  },
  "gw_scales": {
    "gw_T_star_GeV": 75.58912985454427,
    "gw_alpha": 0.03144472370867243,
    "gw_beta_over_H": 1613.2034022152623,
    "gw_v_w": 1.0,
    "gw_g_star": 106.75
  },
  "gw_peaks": {
    "sw": {
      "f_peak_mHz": 23.45895112786603,
      "f_peak_Hz": 0.02345895112786603,
      "omega_peak": 1.1548421791765482e-16
    },
    "turb": {
      "f_peak_mHz": 40.16396042152748,
      "f_peak_Hz": 0.04016396042152748,
      "omega_peak": 8.39062427109653e-21
    },
    "coll": {
      "f_peak_mHz": NaN,
      "f_peak_Hz": NaN,
      "omega_peak": NaN
    },
    "total": {
      "f_peak_mHz": 23.45895112786603,
      "f_peak_Hz": 0.02345895112786603,
      "omega_peak": 1.1549159103986273e-16
    }
  },
  "gw_run_parameters": {
    "g_star": 106.75,
    "v_w": 1.0,
    "epsilon_turb": 1.0,
    "frequency_unit": "mHz"
  },
  "S3": 10581.010659878068,
  "S3_over_T": 139.98058557148423,
  "bounce_diagnostics": {
    "label": "results_eft68_c6f20_c8f40_f522p925_mh125_Glauber_C3p65697_Lambda1000",
    "C": NaN,
    "Lambda_GeV": NaN,
    "finiteT": null,
    "temperature_GeV": NaN,
    "phi_metaMin": -0.0003552366217548324,
    "phi_absMin": 231.30839372511375,
    "phi_bar": 115.55740322139008,
    "phi_top": 78.4705830631649,
    "V(phi_meta)": -92176848.78955652,
    "V(phi_true)": -106211023.88630918,
    "V(phi_top)": -91394508.04707642,
    "DeltaV_true_minus_meta": -14034175.096752658,
    "r0": 3.6218899184666763e-06,
    "phi0": 225.37383311874925,
    "dphi0": -0.0622948958776179,
    "rscale_cubic": 0.03621889918466676,
    "rscale_curv": 0.03452799540218148,
    "wall_r_hi": 0.1267651009432713,
    "wall_thickness": 0.09074711597654321,
    "S_total": 10581.010659878068,
    "S_kin": 15809.89224576502,
    "S_pot": -5228.881585886956,
    "S_interior": 0.0,
    "S3_over_T": NaN,
    "beta_rscale": 27.609894903248446,
    "beta_curvature": 28.962006413799113,
    "beta_wall": 11.019633949121703,
    "Tn_from_transitionFinder_GeV": 75.58912985454427,
    "Tc_from_transitionFinder_GeV": 86.91738581864563,
    "T_spinodal_high_GeV": NaN,
    "T_spinodal_low_GeV": NaN,
    "gw_T_star_GeV": 75.58912985454427,
    "gw_alpha": 0.03144472370867243,
    "gw_beta_over_H": 1613.2034022152623,
    "gw_R_star_times_H": NaN,
    "gw_Gamma_Tstar_GeV4": NaN,
    "gw_dT_for_beta_GeV": NaN,
    "gw_f_sw_peak_Hz": NaN,
    "gw_f_turb_peak_Hz": NaN,
    "gw_f_coll_peak_Hz": NaN,
    "gw_g_star": 106.75,
    "gw_v_w": 1.0,
    "omega_sw_peak": NaN,
    "omega_turb_peak": NaN,
    "omega_coll_peak": NaN,
    "omega_tot_peak": NaN
  }
}