{
  "label": "results_eft68_c6f23p10909_c8f42_f1000_mh125_Glauber_off",
  "model_parameters": {
    "c6_over_f2_TeV2": 3.109090909090909,
    "c8_over_f4_TeV4": 2.0,
    "f_GeV": 1000.0,
    "m_h": 125.0,
    "v": 246.0,
    "m_w": 80.36,
    "m_z": 91.19,
    "m_t": 173.1,
    "use_glauber_measure": false,
    "C_glauber": 0.0,
    "Lambda_glauber": 1000.0
  },
  "derived_tree_coefficients": {
    "glauber_scheme": "counterterm_subtracted",
    "lambda_tree": -0.16411308718843268,
    "mu2_tree_GeV2": -1170.2942238816422,
    "a0_mean_field": 0.2532196449344373,
    "glauber_t0": 0.0,
    "glauber_lambda_shift": 0.0,
    "glauber_mu2_shift_after_lambda_GeV2": 0.0,
    "lambda_tree_raw_glauber_equivalent": -0.16411308718843268,
    "mu2_tree_raw_glauber_equivalent_GeV2": -1170.2942238816422,
    "combo_TeV2": 6.5812778181818175
  },
  "scan_parameters": {
    "T_min": 1.0,
    "T_max": 250.0,
    "phi_scan_range": [
      -10,
      1000.0
    ],
    "n_phi_scan": 1200,
    "n_T_seeds": 3,
    "deltaX_target": 0.1,
    "x_eps": 0.001,
    "T_eps": 0.01,
    "deriv_order": 4,
    "phitol": 0.0001,
    "overlapAngle": 45.0,
    "Tn_Ttol": 0.01,
    "Tn_maxiter": 160,
    "include_zeroT_loops": true,
    "include_scalar_loops": true,
    "include_thermal": true,
    "include_scalar_thermal": true,
    "include_daisy": true,
    "renormalize_zeroT_loops": true,
    "thermal_approx": "spline"
  },
  "key_temperatures": {
    "Tn": 79.3246697198438,
    "Tc": 94.003209688404,
    "Ts_false": 50.80505781249533,
    "Ts_true": 95.84662890624965,
    "S_at_Tn": 11109.616170046724,
    "S_over_Tn": 140.05247307405492,
    "false_phase_key": 2,
    "true_phase_key": 0,
    "phi_false_Tn": -5.348747201013048e-05,
    "phi_true_Tn": 227.6875147586728,
    "vTn_over_Tn": 2.8703241445922423,
    "Tc_minus_Tn_over_Tc": 0.15614934870006794
  },
  "gw_scales": {
    "gw_T_star_GeV": 79.3246697198438,
    "gw_alpha": 0.024793716258608753,
    "gw_beta_over_H": 884.3257215216554,
    "gw_v_w": 1.0,
    "gw_g_star": 106.75
  },
  "gw_peaks": {
    "sw": {
      "f_peak_mHz": 13.49299699644052,
      "f_peak_Hz": 0.013492996996440519,
      "omega_peak": 1.9773239054563273e-16
    },
    "turb": {
      "f_peak_mHz": 23.10129700083158,
      "f_peak_Hz": 0.02310129700083158,
      "omega_peak": 1.4366449218164565e-20
    },
    "coll": {
      "f_peak_mHz": NaN,
      "f_peak_Hz": NaN,
      "omega_peak": NaN
    },
    "total": {
      "f_peak_mHz": 13.49299699644052,
      "f_peak_Hz": 0.013492996996440519,
      "omega_peak": 1.9774501379811292e-16
    }
  },
  "gw_run_parameters": {
    "g_star": 106.75,
    "v_w": 1.0,
    "epsilon_turb": 1.0,
    "frequency_unit": "mHz"
  },
  "S3": 11103.024709062402,
  "S3_over_T": 139.96937835701922,
  "bounce_diagnostics": {
    "label": "results_eft68_c6f23p10909_c8f42_f1000_mh125_Glauber_off",
    "C": NaN,
    "Lambda_GeV": NaN,
    "finiteT": null,
    "temperature_GeV": NaN,
    "phi_metaMin": -5.348747201013048e-05,
    "phi_absMin": 227.6875147586728,
    "phi_bar": 117.06889795541561,
    "phi_top": 78.54566537562273,
    "V(phi_meta)": -102587725.91277793,
    "V(phi_true)": -117564877.90837005,
    "V(phi_top)": -101261161.57799602,
    "DeltaV_true_minus_meta": -14977151.995592117,
    "r0": 2.7840865685496017e-06,
    "phi0": 221.80811345337435,
    "dphi0": -0.046405934183290906,
    "rscale_cubic": 0.027840865685496017,
    "rscale_curv": 0.0264543302770582,
    "wall_r_hi": 0.11604646001286596,
    "wall_thickness": 0.07978112177632718,
    "S_total": 11103.024709062402,
    "S_kin": 16647.88696821302,
    "S_pot": -5544.862259150619,
    "S_interior": 0.0,
    "S3_over_T": NaN,
    "beta_rscale": 35.91842334561314,
    "beta_curvature": 37.800996175674605,
    "beta_wall": 12.53429354883704,
    "Tn_from_transitionFinder_GeV": 79.3246697198438,
    "Tc_from_transitionFinder_GeV": 94.003209688404,
    "T_spinodal_high_GeV": NaN,
    "T_spinodal_low_GeV": NaN,
    "gw_T_star_GeV": 79.3246697198438,
    "gw_alpha": 0.024793716258608753,
    "gw_beta_over_H": 884.3257215216554,
    "gw_R_star_times_H": NaN,
    "gw_Gamma_Tstar_GeV4": NaN,
    "gw_dT_for_beta_GeV": NaN,
    "gw_f_sw_peak_Hz": NaN,
    "gw_f_turb_peak_Hz": NaN,
    "gw_f_coll_peak_Hz": NaN,
    "gw_g_star": 106.75,
    "gw_v_w": 1.0,
    "omega_sw_peak": NaN,
    "omega_turb_peak": NaN,
    "omega_coll_peak": NaN,
    "omega_tot_peak": NaN
  }
}