{
  "label": "results_eft68_c6f23p24444_c8f40_f1000_mh125_Glauber_off",
  "model_parameters": {
    "c6_over_f2_TeV2": 3.2444444444444445,
    "c8_over_f4_TeV4": 0.0,
    "f_GeV": 1000.0,
    "m_h": 125.0,
    "v": 246.0,
    "m_w": 80.36,
    "m_z": 91.19,
    "m_t": 173.1,
    "use_glauber_measure": false,
    "C_glauber": 0.0,
    "Lambda_glauber": 1000.0
  },
  "derived_tree_coefficients": {
    "glauber_scheme": "counterterm_subtracted",
    "lambda_tree": -0.16541311023861455,
    "mu2_tree_GeV2": -1098.8198895999976,
    "a0_mean_field": 0.2525696334093464,
    "glauber_t0": 0.0,
    "glauber_lambda_shift": 0.0,
    "glauber_mu2_shift_after_lambda_GeV2": 0.0,
    "lambda_tree_raw_glauber_equivalent": -0.16541311023861455,
    "mu2_tree_raw_glauber_equivalent_GeV2": -1098.8198895999976,
    "combo_TeV2": 6.488888888888889
  },
  "scan_parameters": {
    "T_min": 1.0,
    "T_max": 250.0,
    "phi_scan_range": [
      -10,
      1000.0
    ],
    "n_phi_scan": 1200,
    "n_T_seeds": 3,
    "deltaX_target": 0.1,
    "x_eps": 0.001,
    "T_eps": 0.01,
    "deriv_order": 4,
    "phitol": 0.0001,
    "overlapAngle": 45.0,
    "Tn_Ttol": 0.01,
    "Tn_maxiter": 160,
    "include_zeroT_loops": true,
    "include_scalar_loops": true,
    "include_thermal": true,
    "include_scalar_thermal": true,
    "include_daisy": true,
    "renormalize_zeroT_loops": true,
    "thermal_approx": "spline"
  },
  "key_temperatures": {
    "Tn": 80.51605106777369,
    "Tc": 94.65938538214895,
    "Ts_false": 52.25844941405791,
    "Ts_true": 96.35581445312465,
    "S_at_Tn": 11267.968048428545,
    "S_over_Tn": 139.94685406197866,
    "false_phase_key": 2,
    "true_phase_key": 0,
    "phi_false_Tn": -5.02316830117303e-05,
    "phi_true_Tn": 226.67054724838107,
    "vTn_over_Tn": 2.815221862502709,
    "Tc_minus_Tn_over_Tc": 0.14941291090447376
  },
  "gw_scales": {
    "gw_T_star_GeV": 80.51605106777369,
    "gw_alpha": 0.02344642181111139,
    "gw_beta_over_H": 1205.5766428052148,
    "gw_v_w": 1.0,
    "gw_g_star": 106.75
  },
  "gw_peaks": {
    "sw": {
      "f_peak_mHz": 18.630529047900055,
      "f_peak_Hz": 0.018630529047900055,
      "omega_peak": 9.091295946321513e-17
    },
    "turb": {
      "f_peak_mHz": 31.89724157884989,
      "f_peak_Hz": 0.03189724157884989,
      "omega_peak": 6.605414809564501e-21
    },
    "coll": {
      "f_peak_mHz": NaN,
      "f_peak_Hz": NaN,
      "omega_peak": NaN
    },
    "total": {
      "f_peak_mHz": 18.630529047900055,
      "f_peak_Hz": 0.018630529047900055,
      "omega_peak": 9.091875724848145e-17
    }
  },
  "gw_run_parameters": {
    "g_star": 106.75,
    "v_w": 1.0,
    "epsilon_turb": 1.0,
    "frequency_unit": "mHz"
  },
  "S3": 11267.895407517475,
  "S3_over_T": 139.9459518703025,
  "bounce_diagnostics": {
    "label": "results_eft68_c6f23p24444_c8f40_f1000_mh125_Glauber_off",
    "C": NaN,
    "Lambda_GeV": NaN,
    "finiteT": null,
    "temperature_GeV": NaN,
    "phi_metaMin": -5.02316830117303e-05,
    "phi_absMin": 226.67054724838107,
    "phi_bar": 116.95794184476232,
    "phi_top": 78.13421164285955,
    "V(phi_meta)": -108961978.587101,
    "V(phi_true)": -123489190.62121494,
    "V(phi_top)": -107639968.04545072,
    "DeltaV_true_minus_meta": -14527212.034113944,
    "r0": 2.77426810844912e-06,
    "phi0": 220.96675596735076,
    "dphi0": -0.04391053709414037,
    "rscale_cubic": 0.027742681084491197,
    "rscale_curv": 0.026276155985318905,
    "wall_r_hi": 0.11717858249475252,
    "wall_thickness": 0.08010072816985134,
    "S_total": 11267.895407517475,
    "S_kin": 16901.661176557165,
    "S_pot": -5633.765769039692,
    "S_interior": 0.0,
    "S3_over_T": NaN,
    "beta_rscale": 36.04554285703205,
    "beta_curvature": 38.05731688877842,
    "beta_wall": 12.48428101526778,
    "Tn_from_transitionFinder_GeV": 80.51605106777369,
    "Tc_from_transitionFinder_GeV": 94.65938538214895,
    "T_spinodal_high_GeV": NaN,
    "T_spinodal_low_GeV": NaN,
    "gw_T_star_GeV": 80.51605106777369,
    "gw_alpha": 0.02344642181111139,
    "gw_beta_over_H": 1205.5766428052148,
    "gw_R_star_times_H": NaN,
    "gw_Gamma_Tstar_GeV4": NaN,
    "gw_dT_for_beta_GeV": NaN,
    "gw_f_sw_peak_Hz": NaN,
    "gw_f_turb_peak_Hz": NaN,
    "gw_f_coll_peak_Hz": NaN,
    "gw_g_star": 106.75,
    "gw_v_w": 1.0,
    "omega_sw_peak": NaN,
    "omega_turb_peak": NaN,
    "omega_coll_peak": NaN,
    "omega_tot_peak": NaN
  }
}