{
  "label": "results_eft68_c6f23p13535_c8f45_f1000_mh125_Glauber_off",
  "model_parameters": {
    "c6_over_f2_TeV2": 3.1353535353535356,
    "c8_over_f4_TeV4": 5.0,
    "f_GeV": 1000.0,
    "m_h": 125.0,
    "v": 246.0,
    "m_w": 80.36,
    "m_z": 91.19,
    "m_t": 173.1,
    "use_glauber_measure": false,
    "C_glauber": 0.0,
    "Lambda_glauber": 1000.0
  },
  "derived_tree_coefficients": {
    "glauber_scheme": "counterterm_subtracted",
    "lambda_tree": -0.18297688897679634,
    "mu2_tree_GeV2": -1907.2907859950228,
    "a0_mean_field": 0.24378774404025547,
    "glauber_t0": 0.0,
    "glauber_lambda_shift": 0.0,
    "glauber_mu2_shift_after_lambda_GeV2": 0.0,
    "lambda_tree_raw_glauber_equivalent": -0.18297688897679634,
    "mu2_tree_raw_glauber_equivalent_GeV2": -1907.2907859950228,
    "combo_TeV2": 7.178447070707071
  },
  "scan_parameters": {
    "T_min": 1.0,
    "T_max": 250.0,
    "phi_scan_range": [
      -10,
      1000.0
    ],
    "n_phi_scan": 1200,
    "n_T_seeds": 3,
    "deltaX_target": 0.1,
    "x_eps": 0.001,
    "T_eps": 0.01,
    "deriv_order": 4,
    "phitol": 0.0001,
    "overlapAngle": 45.0,
    "Tn_Ttol": 0.01,
    "Tn_maxiter": 160,
    "include_zeroT_loops": true,
    "include_scalar_loops": true,
    "include_thermal": true,
    "include_scalar_thermal": true,
    "include_daisy": true,
    "renormalize_zeroT_loops": true,
    "thermal_approx": "spline"
  },
  "key_temperatures": {
    "Tn": 63.14461453586085,
    "Tc": 88.12281286548337,
    "Ts_false": 14.171759570307069,
    "Ts_true": 93.0157128906247,
    "S_at_Tn": 8840.732058510666,
    "S_over_Tn": 140.00769699037232,
    "false_phase_key": 2,
    "true_phase_key": 0,
    "phi_false_Tn": -4.9453851482181844e-05,
    "phi_true_Tn": 238.2160035108028,
    "vTn_over_Tn": 3.772546641733256,
    "Tc_minus_Tn_over_Tc": 0.2834475831786138
  },
  "gw_scales": {
    "gw_T_star_GeV": 63.14461453586085,
    "gw_alpha": 0.061388279608213435,
    "gw_beta_over_H": 356.4359304669342,
    "gw_v_w": 1.0,
    "gw_g_star": 106.75
  },
  "gw_peaks": {
    "sw": {
      "f_peak_mHz": 4.328761281083057,
      "f_peak_Hz": 0.004328761281083057,
      "omega_peak": 1.46697036071441e-14
    },
    "turb": {
      "f_peak_mHz": 7.411251927676268,
      "f_peak_Hz": 0.007411251927676268,
      "omega_peak": 1.0658423188418791e-18
    },
    "coll": {
      "f_peak_mHz": NaN,
      "f_peak_Hz": NaN,
      "omega_peak": NaN
    },
    "total": {
      "f_peak_mHz": 4.328761281083057,
      "f_peak_Hz": 0.004328761281083057,
      "omega_peak": 1.467064007787044e-14
    }
  },
  "gw_run_parameters": {
    "g_star": 106.75,
    "v_w": 1.0,
    "epsilon_turb": 1.0,
    "frequency_unit": "mHz"
  },
  "S3": 8841.075955006738,
  "S3_over_T": 140.01314316339278,
  "bounce_diagnostics": {
    "label": "results_eft68_c6f23p13535_c8f45_f1000_mh125_Glauber_off",
    "C": NaN,
    "Lambda_GeV": NaN,
    "finiteT": null,
    "temperature_GeV": NaN,
    "phi_metaMin": -4.9453851482181844e-05,
    "phi_absMin": 238.2160035108028,
    "phi_bar": 115.81034456387226,
    "phi_top": 78.83228435528228,
    "V(phi_meta)": -40816819.542718664,
    "V(phi_true)": -63438874.76814864,
    "V(phi_top)": -39388701.18238895,
    "DeltaV_true_minus_meta": -22622055.225429974,
    "r0": 2.693063894494338e-06,
    "phi0": 228.97580877340226,
    "dphi0": -0.09056637295868161,
    "rscale_cubic": 0.026930638944943377,
    "rscale_curv": 0.02610288622008723,
    "wall_r_hi": 0.09953116641367896,
    "wall_thickness": 0.07376311358389996,
    "S_total": 8841.075955006738,
    "S_kin": 13233.58561250871,
    "S_pot": -4392.5096575019725,
    "S_interior": 0.0,
    "S3_over_T": NaN,
    "beta_rscale": 37.13242756862866,
    "beta_curvature": 38.309939499990044,
    "beta_wall": 13.556911461750806,
    "Tn_from_transitionFinder_GeV": 63.14461453586085,
    "Tc_from_transitionFinder_GeV": 88.12281286548337,
    "T_spinodal_high_GeV": NaN,
    "T_spinodal_low_GeV": NaN,
    "gw_T_star_GeV": 63.14461453586085,
    "gw_alpha": 0.061388279608213435,
    "gw_beta_over_H": 356.4359304669342,
    "gw_R_star_times_H": NaN,
    "gw_Gamma_Tstar_GeV4": NaN,
    "gw_dT_for_beta_GeV": NaN,
    "gw_f_sw_peak_Hz": NaN,
    "gw_f_turb_peak_Hz": NaN,
    "gw_f_coll_peak_Hz": NaN,
    "gw_g_star": 106.75,
    "gw_v_w": 1.0,
    "omega_sw_peak": NaN,
    "omega_turb_peak": NaN,
    "omega_coll_peak": NaN,
    "omega_tot_peak": NaN
  }
}