{
  "label": "results_eft68_c6f23p21818_c8f42_f1000_mh125_Glauber_off",
  "model_parameters": {
    "c6_over_f2_TeV2": 3.2181818181818183,
    "c8_over_f4_TeV4": 2.0,
    "f_GeV": 1000.0,
    "m_h": 125.0,
    "v": 246.0,
    "m_w": 80.36,
    "m_z": 91.19,
    "m_t": 173.1,
    "use_glauber_measure": false,
    "C_glauber": 0.0,
    "Lambda_glauber": 1000.0
  },
  "derived_tree_coefficients": {
    "glauber_scheme": "counterterm_subtracted",
    "lambda_tree": -0.17401570537025093,
    "mu2_tree_GeV2": -1469.9276448271003,
    "a0_mean_field": 0.24826833584352823,
    "glauber_t0": 0.0,
    "glauber_lambda_shift": 0.0,
    "glauber_mu2_shift_after_lambda_GeV2": 0.0,
    "lambda_tree_raw_glauber_equivalent": -0.17401570537025093,
    "mu2_tree_raw_glauber_equivalent_GeV2": -1469.9276448271003,
    "combo_TeV2": 6.799459636363636
  },
  "scan_parameters": {
    "T_min": 1.0,
    "T_max": 250.0,
    "phi_scan_range": [
      -10,
      1000.0
    ],
    "n_phi_scan": 1200,
    "n_T_seeds": 3,
    "deltaX_target": 0.1,
    "x_eps": 0.001,
    "T_eps": 0.01,
    "deriv_order": 4,
    "phitol": 0.0001,
    "overlapAngle": 45.0,
    "Tn_Ttol": 0.01,
    "Tn_maxiter": 160,
    "include_zeroT_loops": true,
    "include_scalar_loops": true,
    "include_thermal": true,
    "include_scalar_thermal": true,
    "include_daisy": true,
    "renormalize_zeroT_loops": true,
    "thermal_approx": "spline"
  },
  "key_temperatures": {
    "Tn": 73.68297572886318,
    "Tc": 91.70916870813086,
    "Ts_false": 38.801701562494294,
    "Ts_true": 94.83263476562468,
    "S_at_Tn": 10314.93896669029,
    "S_over_Tn": 139.9908033661256,
    "false_phase_key": 2,
    "true_phase_key": 0,
    "phi_false_Tn": -4.257925187673956e-05,
    "phi_true_Tn": 232.20113756934524,
    "vTn_over_Tn": 3.151353963007592,
    "Tc_minus_Tn_over_Tc": 0.19655824202961605
  },
  "gw_scales": {
    "gw_T_star_GeV": 73.68297572886318,
    "gw_alpha": 0.03341310109246474,
    "gw_beta_over_H": 702.5855480828557,
    "gw_v_w": 1.0,
    "gw_g_star": 106.75
  },
  "gw_peaks": {
    "sw": {
      "f_peak_mHz": 9.923477436927469,
      "f_peak_Hz": 0.009923477436927468,
      "omega_peak": 7.206410275068501e-16
    },
    "turb": {
      "f_peak_mHz": 16.989939270866806,
      "f_peak_Hz": 0.016989939270866807,
      "omega_peak": 5.2359708836732733e-20
    },
    "coll": {
      "f_peak_mHz": NaN,
      "f_peak_Hz": NaN,
      "omega_peak": NaN
    },
    "total": {
      "f_peak_mHz": 9.923477436927469,
      "f_peak_Hz": 0.009923477436927468,
      "omega_peak": 7.206869568307147e-16
    }
  },
  "gw_run_parameters": {
    "g_star": 106.75,
    "v_w": 1.0,
    "epsilon_turb": 1.0,
    "frequency_unit": "mHz"
  },
  "S3": 10315.596847893847,
  "S3_over_T": 139.99973190351227,
  "bounce_diagnostics": {
    "label": "results_eft68_c6f23p21818_c8f42_f1000_mh125_Glauber_off",
    "C": NaN,
    "Lambda_GeV": NaN,
    "finiteT": null,
    "temperature_GeV": NaN,
    "phi_metaMin": -4.257925187673956e-05,
    "phi_absMin": 232.20113756934524,
    "phi_bar": 117.6115500293691,
    "phi_top": 79.80701324981275,
    "V(phi_meta)": -76133017.7774341,
    "V(phi_true)": -93965724.96935683,
    "V(phi_top)": -74696317.26486377,
    "DeltaV_true_minus_meta": -17832707.19192274,
    "r0": 2.7182070901855106e-06,
    "phi0": 225.49259010130172,
    "dphi0": -0.058190955389929265,
    "rscale_cubic": 0.027182070901855104,
    "rscale_curv": 0.02598271387535714,
    "wall_r_hi": 0.10867127302979239,
    "wall_thickness": 0.07627140245559728,
    "S_total": 10315.596847893847,
    "S_kin": 15478.818578216025,
    "S_pot": -5163.221730322178,
    "S_interior": 0.0,
    "S3_over_T": NaN,
    "beta_rscale": 36.78895561749685,
    "beta_curvature": 38.48712649692539,
    "beta_wall": 13.111073977984963,
    "Tn_from_transitionFinder_GeV": 73.68297572886318,
    "Tc_from_transitionFinder_GeV": 91.70916870813086,
    "T_spinodal_high_GeV": NaN,
    "T_spinodal_low_GeV": NaN,
    "gw_T_star_GeV": 73.68297572886318,
    "gw_alpha": 0.03341310109246474,
    "gw_beta_over_H": 702.5855480828557,
    "gw_R_star_times_H": NaN,
    "gw_Gamma_Tstar_GeV4": NaN,
    "gw_dT_for_beta_GeV": NaN,
    "gw_f_sw_peak_Hz": NaN,
    "gw_f_turb_peak_Hz": NaN,
    "gw_f_coll_peak_Hz": NaN,
    "gw_g_star": 106.75,
    "gw_v_w": 1.0,
    "omega_sw_peak": NaN,
    "omega_turb_peak": NaN,
    "omega_coll_peak": NaN,
    "omega_tot_peak": NaN
  }
}