{
  "label": "thick-wall",
  "phi_metaMin": 0.0,
  "phi_absMin": 1.0,
  "phi_bar": 0.31010205014581543,
  "phi_top": 0.20000000196657425,
  "V(phi_meta)": 0.0,
  "V(phi_true)": -0.05000000000000002,
  "V(phi_top)": 0.0011999999999999992,
  "DeltaV_true_minus_meta": -0.05000000000000002,
  "r0": 0.0002357022627131459,
  "phi0": 0.7421401843117063,
  "dphi0": -8.151238531343361e-06,
  "rscale_cubic": 2.357022627131459,
  "rscale_curv": 2.499999981574293,
  "wall_r_hi": 7.990901987734343,
  "wall_thickness": 7.990901987734343,
  "S_total": 6.6298736618724545,
  "S_kin": 9.943318384815374,
  "S_pot": -3.3134447229429216,
  "S_interior": 0.0,
  "beta_rscale": 0.42426406454019444,
  "beta_curvature": 0.4000000002104124,
  "beta_wall": 0.1251423182933482
}