{
  "label": "results_eft68_c6f23p00202_c8f45_f1000_mh125_Glauber_off",
  "model_parameters": {
    "c6_over_f2_TeV2": 3.002020202020202,
    "c8_over_f4_TeV4": 5.0,
    "f_GeV": 1000.0,
    "m_h": 125.0,
    "v": 246.0,
    "m_w": 80.36,
    "m_z": 91.19,
    "m_t": 173.1,
    "use_glauber_measure": false,
    "C_glauber": 0.0,
    "Lambda_glauber": 1000.0
  },
  "derived_tree_coefficients": {
    "glauber_scheme": "counterterm_subtracted",
    "lambda_tree": -0.17087368897679636,
    "mu2_tree_GeV2": -1541.0721603950242,
    "a0_mean_field": 0.2498393440402555,
    "glauber_t0": 0.0,
    "glauber_lambda_shift": 0.0,
    "glauber_mu2_shift_after_lambda_GeV2": 0.0,
    "lambda_tree_raw_glauber_equivalent": -0.17087368897679636,
    "mu2_tree_raw_glauber_equivalent_GeV2": -1541.0721603950242,
    "combo_TeV2": 6.911780404040403
  },
  "scan_parameters": {
    "T_min": 1.0,
    "T_max": 250.0,
    "phi_scan_range": [
      -10,
      1000.0
    ],
    "n_phi_scan": 1200,
    "n_T_seeds": 3,
    "deltaX_target": 0.1,
    "x_eps": 0.001,
    "T_eps": 0.01,
    "deriv_order": 4,
    "phitol": 0.0001,
    "overlapAngle": 45.0,
    "Tn_Ttol": 0.01,
    "Tn_maxiter": 160,
    "include_zeroT_loops": true,
    "include_scalar_loops": true,
    "include_thermal": true,
    "include_scalar_thermal": true,
    "include_daisy": false,
    "renormalize_zeroT_loops": true,
    "thermal_approx": "spline"
  },
  "key_temperatures": {
    "Tn": 70.54268753139588,
    "Tc": 89.41074687253688,
    "Ts_false": 36.77614492186931,
    "Ts_true": 92.98166992187471,
    "S_at_Tn": 9891.353619563457,
    "S_over_Tn": 140.2179866646162,
    "false_phase_key": 2,
    "true_phase_key": 0,
    "phi_false_Tn": -4.4802873337955836e-05,
    "phi_true_Tn": 233.70541148429865,
    "vTn_over_Tn": 3.3129643860008198,
    "Tc_minus_Tn_over_Tc": 0.21102675015162461
  },
  "gw_scales": {
    "gw_T_star_GeV": 70.54268753139588,
    "gw_alpha": 0.03978453695570038,
    "gw_beta_over_H": 668.2799207867826,
    "gw_v_w": 1.0,
    "gw_g_star": 106.75
  },
  "gw_peaks": {
    "sw": {
      "f_peak_mHz": 9.049623796282821,
      "f_peak_Hz": 0.009049623796282822,
      "omega_peak": 1.289331615547507e-15
    },
    "turb": {
      "f_peak_mHz": 15.49381854297249,
      "f_peak_Hz": 0.01549381854297249,
      "omega_peak": 9.367820046586063e-20
    },
    "coll": {
      "f_peak_mHz": NaN,
      "f_peak_Hz": NaN,
      "omega_peak": NaN
    },
    "total": {
      "f_peak_mHz": 9.049623796282821,
      "f_peak_Hz": 0.009049623796282822,
      "omega_peak": 1.2894138466075004e-15
    }
  },
  "gw_run_parameters": {
    "g_star": 106.75,
    "v_w": 1.0,
    "epsilon_turb": 1.0,
    "frequency_unit": "mHz"
  },
  "S3": 9891.286834964292,
  "S3_over_T": 140.21703993857696,
  "bounce_diagnostics": {
    "label": "results_eft68_c6f23p00202_c8f45_f1000_mh125_Glauber_off",
    "C": NaN,
    "Lambda_GeV": NaN,
    "finiteT": null,
    "temperature_GeV": NaN,
    "phi_metaMin": -4.4802873337955836e-05,
    "phi_absMin": 233.70541148429865,
    "phi_bar": 116.80944316942882,
    "phi_top": 79.48611683099197,
    "V(phi_meta)": -62969546.059693895,
    "V(phi_true)": -81768438.64509992,
    "V(phi_top)": -61575132.64451232,
    "DeltaV_true_minus_meta": -18798892.585406028,
    "r0": 2.7480214869036677e-06,
    "phi0": 226.30082519342028,
    "dphi0": -0.06668347080994896,
    "rscale_cubic": 0.027480214869036675,
    "rscale_curv": 0.02660018658224513,
    "wall_r_hi": 0.10666592304304941,
    "wall_thickness": 0.07615244421354506,
    "S_total": 9891.286834964292,
    "S_kin": 14846.378644971368,
    "S_pot": -4955.091810007079,
    "S_interior": 0.0,
    "S3_over_T": NaN,
    "beta_rscale": 36.38981735644104,
    "beta_curvature": 37.59372290443628,
    "beta_wall": 13.131554874270632,
    "Tn_from_transitionFinder_GeV": 70.54268753139588,
    "Tc_from_transitionFinder_GeV": 89.41074687253688,
    "T_spinodal_high_GeV": NaN,
    "T_spinodal_low_GeV": NaN,
    "gw_T_star_GeV": 70.54268753139588,
    "gw_alpha": 0.03978453695570038,
    "gw_beta_over_H": 668.2799207867826,
    "gw_R_star_times_H": NaN,
    "gw_Gamma_Tstar_GeV4": NaN,
    "gw_dT_for_beta_GeV": NaN,
    "gw_f_sw_peak_Hz": NaN,
    "gw_f_turb_peak_Hz": NaN,
    "gw_f_coll_peak_Hz": NaN,
    "gw_g_star": 106.75,
    "gw_v_w": 1.0,
    "omega_sw_peak": NaN,
    "omega_turb_peak": NaN,
    "omega_coll_peak": NaN,
    "omega_tot_peak": NaN
  }
}