{
  "label": "results_eft68_c6f23p03838_c8f45_f1000_mh125_Glauber_off",
  "model_parameters": {
    "c6_over_f2_TeV2": 3.0383838383838384,
    "c8_over_f4_TeV4": 5.0,
    "f_GeV": 1000.0,
    "m_h": 125.0,
    "v": 246.0,
    "m_w": 80.36,
    "m_z": 91.19,
    "m_t": 173.1,
    "use_glauber_measure": false,
    "C_glauber": 0.0,
    "Lambda_glauber": 1000.0
  },
  "derived_tree_coefficients": {
    "glauber_scheme": "counterterm_subtracted",
    "lambda_tree": -0.17417456170406911,
    "mu2_tree_GeV2": -1640.9499673768441,
    "a0_mean_field": 0.24818890767661914,
    "glauber_t0": 0.0,
    "glauber_lambda_shift": 0.0,
    "glauber_mu2_shift_after_lambda_GeV2": 0.0,
    "lambda_tree_raw_glauber_equivalent": -0.17417456170406911,
    "mu2_tree_raw_glauber_equivalent_GeV2": -1640.9499673768441,
    "combo_TeV2": 6.984507676767677
  },
  "scan_parameters": {
    "T_min": 1.0,
    "T_max": 250.0,
    "phi_scan_range": [
      -10,
      1000.0
    ],
    "n_phi_scan": 1200,
    "n_T_seeds": 3,
    "deltaX_target": 0.1,
    "x_eps": 0.001,
    "T_eps": 0.01,
    "deriv_order": 4,
    "phitol": 0.0001,
    "overlapAngle": 45.0,
    "Tn_Ttol": 0.01,
    "Tn_maxiter": 160,
    "include_zeroT_loops": true,
    "include_scalar_loops": true,
    "include_thermal": true,
    "include_scalar_thermal": true,
    "include_daisy": true,
    "renormalize_zeroT_loops": true,
    "thermal_approx": "spline"
  },
  "key_temperatures": {
    "Tn": 70.13382169123376,
    "Tc": 90.21693405770739,
    "Ts_false": 32.87535566405635,
    "Ts_true": 93.8716503906247,
    "S_at_Tn": 9821.80341329964,
    "S_over_Tn": 140.04375031123246,
    "false_phase_key": 2,
    "true_phase_key": 0,
    "phi_false_Tn": -4.973750018630535e-05,
    "phi_true_Tn": 234.49002775621284,
    "vTn_over_Tn": 3.34346570743802,
    "Tc_minus_Tn_over_Tc": 0.22260912074031952
  },
  "gw_scales": {
    "gw_T_star_GeV": 70.13382169123376,
    "gw_alpha": 0.040381526673783814,
    "gw_beta_over_H": 851.771435566917,
    "gw_v_w": 1.0,
    "gw_g_star": 106.75
  },
  "gw_peaks": {
    "sw": {
      "f_peak_mHz": 11.39498947221261,
      "f_peak_Hz": 0.011394989472212609,
      "omega_peak": 8.26712672978978e-16
    },
    "turb": {
      "f_peak_mHz": 19.50930813876084,
      "f_peak_Hz": 0.01950930813876084,
      "omega_peak": 6.00709814444136e-20
    },
    "coll": {
      "f_peak_mHz": NaN,
      "f_peak_Hz": NaN,
      "omega_peak": NaN
    },
    "total": {
      "f_peak_mHz": 11.39498947221261,
      "f_peak_Hz": 0.011394989472212609,
      "omega_peak": 8.267652400579165e-16
    }
  },
  "gw_run_parameters": {
    "g_star": 106.75,
    "v_w": 1.0,
    "epsilon_turb": 1.0,
    "frequency_unit": "mHz"
  },
  "S3": 9827.071544049304,
  "S3_over_T": 140.11886572092533,
  "bounce_diagnostics": {
    "label": "results_eft68_c6f23p03838_c8f45_f1000_mh125_Glauber_off",
    "C": NaN,
    "Lambda_GeV": NaN,
    "finiteT": null,
    "temperature_GeV": NaN,
    "phi_metaMin": -4.973750018630535e-05,
    "phi_absMin": 234.49002775621284,
    "phi_bar": 117.3068392573954,
    "phi_top": 79.87481522844045,
    "V(phi_meta)": -62362388.48206286,
    "V(phi_true)": -81681641.2123673,
    "V(phi_top)": -60935303.57062296,
    "DeltaV_true_minus_meta": -19319252.730304435,
    "r0": 2.729666592441333e-06,
    "phi0": 227.08496450179524,
    "dphi0": -0.06781733837251369,
    "rscale_cubic": 0.02729666592441333,
    "rscale_curv": 0.026635516122824273,
    "wall_r_hi": 0.10570584033249934,
    "wall_thickness": 0.07549571312265722,
    "S_total": 9827.071544049304,
    "S_kin": 14732.438649394324,
    "S_pot": -4905.3671053450225,
    "S_interior": 0.0,
    "S3_over_T": NaN,
    "beta_rscale": 36.63451070431388,
    "beta_curvature": 37.54385739320649,
    "beta_wall": 13.245785206046186,
    "Tn_from_transitionFinder_GeV": 70.13382169123376,
    "Tc_from_transitionFinder_GeV": 90.21693405770739,
    "T_spinodal_high_GeV": NaN,
    "T_spinodal_low_GeV": NaN,
    "gw_T_star_GeV": 70.13382169123376,
    "gw_alpha": 0.040381526673783814,
    "gw_beta_over_H": 851.771435566917,
    "gw_R_star_times_H": NaN,
    "gw_Gamma_Tstar_GeV4": NaN,
    "gw_dT_for_beta_GeV": NaN,
    "gw_f_sw_peak_Hz": NaN,
    "gw_f_turb_peak_Hz": NaN,
    "gw_f_coll_peak_Hz": NaN,
    "gw_g_star": 106.75,
    "gw_v_w": 1.0,
    "omega_sw_peak": NaN,
    "omega_turb_peak": NaN,
    "omega_coll_peak": NaN,
    "omega_tot_peak": NaN
  }
}