{
  "label": "results_eft68_c6f20_c8f40_f769p8_mh125_Glauber_C6p75_Lambda2000",
  "model_parameters": {
    "c6_over_f2_TeV2": 0.0,
    "c8_over_f4_TeV4": 0.0,
    "f_GeV": 769.800358919501,
    "m_h": 125.0,
    "v": 246.0,
    "m_w": 80.36,
    "m_z": 91.19,
    "m_t": 173.1,
    "use_glauber_measure": true,
    "C_glauber": 6.75,
    "Lambda_glauber": 2000.0
  },
  "derived_tree_coefficients": {
    "glauber_scheme": "counterterm_subtracted",
    "lambda_tree": 0.12909808976138543,
    "mu2_tree_GeV2": 7812.5,
    "a0_mean_field": 0.3998252334093464,
    "glauber_t0": 0.10212075,
    "glauber_lambda_shift": 0.0,
    "glauber_mu2_shift_after_lambda_GeV2": 0.0,
    "lambda_tree_raw_glauber_equivalent": -1.3024697675154178,
    "mu2_tree_raw_glauber_equivalent_GeV2": 682883.4871139573,
    "combo_TeV2": 0.0
  },
  "scan_parameters": {
    "T_min": 1.0,
    "T_max": 250.0,
    "phi_scan_range": [
      -10,
      769.800358919501
    ],
    "n_phi_scan": 1400,
    "n_T_seeds": 3,
    "deltaX_target": 0.1,
    "x_eps": 0.001,
    "T_eps": 0.01,
    "deriv_order": 4,
    "phitol": 0.0001,
    "overlapAngle": 45.0,
    "Tn_Ttol": 0.01,
    "Tn_maxiter": 160,
    "include_zeroT_loops": true,
    "include_scalar_loops": true,
    "include_thermal": true,
    "include_scalar_thermal": true,
    "include_daisy": false,
    "renormalize_zeroT_loops": true,
    "thermal_approx": "spline"
  },
  "key_temperatures": {
    "Tn": 47.65326562347862,
    "Tc": 76.66879079482858,
    "Ts_false": 18.932079300788892,
    "Ts_true": 91.51490429687476,
    "S_at_Tn": 6671.4447893960205,
    "S_over_Tn": 139.99973983124087,
    "false_phase_key": "3_2",
    "true_phase_key": 0,
    "phi_false_Tn": 0.0007221937252771732,
    "phi_true_Tn": 243.24517187496738,
    "vTn_over_Tn": 5.104480641408996,
    "Tc_minus_Tn_over_Tc": 0.3784528863771659
  },
  "gw_scales": {
    "gw_T_star_GeV": 47.65326562347862,
    "gw_alpha": 0.18886077129641893,
    "gw_beta_over_H": 419.5272084511548,
    "gw_v_w": 1.0,
    "gw_g_star": 106.75
  },
  "gw_peaks": {
    "sw": {
      "f_peak_mHz": 3.8529457705604675,
      "f_peak_Hz": 0.0038529457705604674,
      "omega_peak": 1.789012793738352e-13
    },
    "turb": {
      "f_peak_mHz": 6.575199803753171,
      "f_peak_Hz": 0.006575199803753171,
      "omega_peak": 1.2998535518182191e-17
    },
    "coll": {
      "f_peak_mHz": NaN,
      "f_peak_Hz": NaN,
      "omega_peak": NaN
    },
    "total": {
      "f_peak_mHz": 3.8529457705604675,
      "f_peak_Hz": 0.0038529457705604674,
      "omega_peak": 1.7891271146757628e-13
    }
  },
  "gw_run_parameters": {
    "g_star": 106.75,
    "v_w": 1.0,
    "epsilon_turb": 1.0,
    "frequency_unit": "mHz"
  },
  "S3": 6671.457013168158,
  "S3_over_T": 139.99999634612976,
  "bounce_diagnostics": {
    "label": "results_eft68_c6f20_c8f40_f769p8_mh125_Glauber_C6p75_Lambda2000",
    "C": NaN,
    "Lambda_GeV": NaN,
    "finiteT": null,
    "temperature_GeV": NaN,
    "phi_metaMin": 0.0007221937252771732,
    "phi_absMin": 243.24517187496738,
    "phi_bar": 105.43832795135202,
    "phi_top": 73.16035502377548,
    "V(phi_meta)": -16018301.388575263,
    "V(phi_true)": -42975520.13462432,
    "V(phi_top)": -15192770.933994893,
    "DeltaV_true_minus_meta": -26957218.746049054,
    "r0": 3.2872243273384387e-06,
    "phi0": 227.1540871294494,
    "dphi0": -0.19658257563982998,
    "rscale_cubic": 0.03287224327338439,
    "rscale_curv": 0.029529145542194275,
    "wall_r_hi": 0.09701760298199591,
    "wall_thickness": 0.08117616587905815,
    "S_total": 6671.457013168158,
    "S_kin": 9995.10596847183,
    "S_pot": -3323.6489553036695,
    "S_interior": 0.0,
    "S3_over_T": NaN,
    "beta_rscale": 30.420801880888618,
    "beta_curvature": 33.86491737514947,
    "beta_wall": 12.318886820669368,
    "Tn_from_transitionFinder_GeV": 47.65326562347862,
    "Tc_from_transitionFinder_GeV": 76.66879079482858,
    "T_spinodal_high_GeV": NaN,
    "T_spinodal_low_GeV": NaN,
    "gw_T_star_GeV": 47.65326562347862,
    "gw_alpha": 0.18886077129641893,
    "gw_beta_over_H": 419.5272084511548,
    "gw_R_star_times_H": NaN,
    "gw_Gamma_Tstar_GeV4": NaN,
    "gw_dT_for_beta_GeV": NaN,
    "gw_f_sw_peak_Hz": NaN,
    "gw_f_turb_peak_Hz": NaN,
    "gw_f_coll_peak_Hz": NaN,
    "gw_g_star": 106.75,
    "gw_v_w": 1.0,
    "omega_sw_peak": NaN,
    "omega_turb_peak": NaN,
    "omega_coll_peak": NaN,
    "omega_tot_peak": NaN
  }
}