{
  "label": "results_eft68_c6f20_c8f40_f792p429_mh125_Glauber_C6p37_Lambda2000",
  "model_parameters": {
    "c6_over_f2_TeV2": 0.0,
    "c8_over_f4_TeV4": 0.0,
    "f_GeV": 792.4288517503272,
    "m_h": 125.0,
    "v": 246.0,
    "m_w": 80.36,
    "m_z": 91.19,
    "m_t": 173.1,
    "use_glauber_measure": true,
    "C_glauber": 6.37,
    "Lambda_glauber": 2000.0
  },
  "derived_tree_coefficients": {
    "glauber_scheme": "counterterm_subtracted",
    "lambda_tree": 0.12909808976138543,
    "mu2_tree_GeV2": 7812.5,
    "a0_mean_field": 0.3998252334093464,
    "glauber_t0": 0.09637173,
    "glauber_lambda_shift": 0.0,
    "glauber_mu2_shift_after_lambda_GeV2": 0.0,
    "lambda_tree_raw_glauber_equivalent": -1.1296519846555428,
    "mu2_tree_raw_glauber_equivalent_GeV2": 645887.3695752288,
    "combo_TeV2": 0.0
  },
  "scan_parameters": {
    "T_min": 1.0,
    "T_max": 250.0,
    "phi_scan_range": [
      -10.0,
      792.4288517503272
    ],
    "n_phi_scan": 1200,
    "n_T_seeds": 3,
    "deltaX_target": 0.1,
    "x_eps": 0.001,
    "T_eps": 0.01,
    "deriv_order": 4,
    "phitol": 0.0001,
    "overlapAngle": 45.0,
    "Tn_Ttol": 0.01,
    "Tn_maxiter": 160,
    "include_zeroT_loops": true,
    "include_scalar_loops": true,
    "include_thermal": true,
    "include_scalar_thermal": true,
    "include_daisy": false,
    "renormalize_zeroT_loops": true,
    "thermal_approx": "spline"
  },
  "key_temperatures": {
    "Tn": 78.12868211970196,
    "Tc": 88.78005954852286,
    "Ts_false": 66.73993925780933,
    "Ts_true": 96.85478710937466,
    "S_at_Tn": 10938.140996895938,
    "S_over_Tn": 140.00160632605412,
    "false_phase_key": 1,
    "true_phase_key": 0,
    "phi_false_Tn": -0.0011344834339408875,
    "phi_true_Tn": 228.79487123132992,
    "vTn_over_Tn": 2.9284363312411994,
    "Tc_minus_Tn_over_Tc": 0.11997488493459918
  },
  "gw_scales": {
    "gw_T_star_GeV": 78.12868211970196,
    "gw_alpha": 0.02914492358255563,
    "gw_beta_over_H": 1804.313819449372,
    "gw_v_w": 1.0,
    "gw_g_star": 106.75
  },
  "gw_peaks": {
    "sw": {
      "f_peak_mHz": 26.937583405636264,
      "f_peak_Hz": 0.026937583405636265,
      "omega_peak": 7.470732583551398e-17
    },
    "turb": {
      "f_peak_mHz": 46.11971046183719,
      "f_peak_Hz": 0.04611971046183719,
      "omega_peak": 5.4282361942811965e-21
    },
    "coll": {
      "f_peak_mHz": NaN,
      "f_peak_Hz": NaN,
      "omega_peak": NaN
    },
    "total": {
      "f_peak_mHz": 26.937583405636264,
      "f_peak_Hz": 0.026937583405636265,
      "omega_peak": 7.471208012611726e-17
    }
  },
  "gw_run_parameters": {
    "g_star": 106.75,
    "v_w": 1.0,
    "epsilon_turb": 1.0,
    "frequency_unit": "mHz"
  },
  "S3": 10938.091472699005,
  "S3_over_T": 140.00097244620886,
  "bounce_diagnostics": {
    "label": "results_eft68_c6f20_c8f40_f792p429_mh125_Glauber_C6p37_Lambda2000",
    "C": NaN,
    "Lambda_GeV": NaN,
    "finiteT": null,
    "temperature_GeV": NaN,
    "phi_metaMin": -0.0011344834339408875,
    "phi_absMin": 228.79487123132992,
    "phi_bar": 116.68453647656301,
    "phi_top": 78.86636446376411,
    "V(phi_meta)": -103350602.93868203,
    "V(phi_true)": -117226284.73899537,
    "V(phi_top)": -102431138.07878865,
    "DeltaV_true_minus_meta": -13875681.800313339,
    "r0": 3.357800391864751e-06,
    "phi0": 223.42746372265725,
    "dphi0": -0.0512395661012716,
    "rscale_cubic": 0.03357800391864751,
    "rscale_curv": 0.032144220489073144,
    "wall_r_hi": 0.12481363952227512,
    "wall_thickness": 0.08709119660499653,
    "S_total": 10938.091472699005,
    "S_kin": 16415.07192970903,
    "S_pot": -5476.980457010025,
    "S_interior": 0.0,
    "S3_over_T": NaN,
    "beta_rscale": 29.781401015462123,
    "beta_curvature": 31.109772785219743,
    "beta_wall": 11.482216790929115,
    "Tn_from_transitionFinder_GeV": 78.12868211970196,
    "Tc_from_transitionFinder_GeV": 88.78005954852286,
    "T_spinodal_high_GeV": NaN,
    "T_spinodal_low_GeV": NaN,
    "gw_T_star_GeV": 78.12868211970196,
    "gw_alpha": 0.02914492358255563,
    "gw_beta_over_H": 1804.313819449372,
    "gw_R_star_times_H": NaN,
    "gw_Gamma_Tstar_GeV4": NaN,
    "gw_dT_for_beta_GeV": NaN,
    "gw_f_sw_peak_Hz": NaN,
    "gw_f_turb_peak_Hz": NaN,
    "gw_f_coll_peak_Hz": NaN,
    "gw_g_star": 106.75,
    "gw_v_w": 1.0,
    "omega_sw_peak": NaN,
    "omega_turb_peak": NaN,
    "omega_coll_peak": NaN,
    "omega_tot_peak": NaN
  }
}