{
  "label": "results_eft68_c6f23p22828_c8f40_f1000_mh125_Glauber_off",
  "model_parameters": {
    "c6_over_f2_TeV2": 3.2282828282828286,
    "c8_over_f4_TeV4": 0.0,
    "f_GeV": 1000.0,
    "m_h": 125.0,
    "v": 246.0,
    "m_w": 80.36,
    "m_z": 91.19,
    "m_t": 173.1,
    "use_glauber_measure": false,
    "C_glauber": 0.0,
    "Lambda_glauber": 1000.0
  },
  "derived_tree_coefficients": {
    "glauber_scheme": "counterterm_subtracted",
    "lambda_tree": -0.16394605569316006,
    "mu2_tree_GeV2": -1054.4297531636366,
    "a0_mean_field": 0.25330316068207365,
    "glauber_t0": 0.0,
    "glauber_lambda_shift": 0.0,
    "glauber_mu2_shift_after_lambda_GeV2": 0.0,
    "lambda_tree_raw_glauber_equivalent": -0.16394605569316006,
    "mu2_tree_raw_glauber_equivalent_GeV2": -1054.4297531636366,
    "combo_TeV2": 6.456565656565657
  },
  "scan_parameters": {
    "T_min": 1.0,
    "T_max": 250.0,
    "phi_scan_range": [
      -10,
      1000.0
    ],
    "n_phi_scan": 1200,
    "n_T_seeds": 3,
    "deltaX_target": 0.1,
    "x_eps": 0.001,
    "T_eps": 0.01,
    "deriv_order": 4,
    "phitol": 0.0001,
    "overlapAngle": 45.0,
    "Tn_Ttol": 0.01,
    "Tn_maxiter": 160,
    "include_zeroT_loops": true,
    "include_scalar_loops": true,
    "include_thermal": true,
    "include_scalar_thermal": true,
    "include_daisy": false,
    "renormalize_zeroT_loops": true,
    "thermal_approx": "spline"
  },
  "key_temperatures": {
    "Tn": 79.4044729556251,
    "Tc": 93.32447330467816,
    "Ts_false": 52.29643164062052,
    "Ts_true": 95.24552734374966,
    "S_at_Tn": 11119.155934437187,
    "S_over_Tn": 140.0318586668422,
    "false_phase_key": 2,
    "true_phase_key": 0,
    "phi_false_Tn": -4.8189982414846185e-05,
    "phi_true_Tn": 226.84182660018132,
    "vTn_over_Tn": 2.8567890215322134,
    "Tc_minus_Tn_over_Tc": 0.1491570201913509
  },
  "gw_scales": {
    "gw_T_star_GeV": 79.4044729556251,
    "gw_alpha": 0.02504108815578979,
    "gw_beta_over_H": 1050.995240786309,
    "gw_v_w": 1.0,
    "gw_g_star": 106.75
  },
  "gw_peaks": {
    "sw": {
      "f_peak_mHz": 15.977282681122281,
      "f_peak_Hz": 0.015977282681122282,
      "omega_peak": 1.4394999277400399e-16
    },
    "turb": {
      "f_peak_mHz": 27.35463089336022,
      "f_peak_Hz": 0.02735463089336022,
      "omega_peak": 1.0459127825211346e-20
    },
    "coll": {
      "f_peak_mHz": NaN,
      "f_peak_Hz": NaN,
      "omega_peak": NaN
    },
    "total": {
      "f_peak_mHz": 15.977282681122281,
      "f_peak_Hz": 0.015977282681122282,
      "omega_peak": 1.4395916181767358e-16
    }
  },
  "gw_run_parameters": {
    "g_star": 106.75,
    "v_w": 1.0,
    "epsilon_turb": 1.0,
    "frequency_unit": "mHz"
  },
  "S3": 11119.171090427886,
  "S3_over_T": 140.03204953758456,
  "bounce_diagnostics": {
    "label": "results_eft68_c6f23p22828_c8f40_f1000_mh125_Glauber_off",
    "C": NaN,
    "Lambda_GeV": NaN,
    "finiteT": null,
    "temperature_GeV": NaN,
    "phi_metaMin": -4.8189982414846185e-05,
    "phi_absMin": 226.84182660018132,
    "phi_bar": 116.50884845309815,
    "phi_top": 77.73732791354611,
    "V(phi_meta)": -101619481.15930544,
    "V(phi_true)": -116303392.3975595,
    "V(phi_top)": -100312438.61866795,
    "DeltaV_true_minus_meta": -14683911.238254055,
    "r0": 2.7759356285996007e-06,
    "phi0": 220.9397707903061,
    "dphi0": -0.04554678025202256,
    "rscale_cubic": 0.027759356285996007,
    "rscale_curv": 0.026325710825288187,
    "wall_r_hi": 0.11658345099639662,
    "wall_thickness": 0.0801006704058353,
    "S_total": 11119.171090427886,
    "S_kin": 16683.169417932684,
    "S_pot": -5563.998327504799,
    "S_interior": 0.0,
    "S3_over_T": NaN,
    "beta_rscale": 36.02389009663305,
    "beta_curvature": 37.98567838142012,
    "beta_wall": 12.484290018216258,
    "Tn_from_transitionFinder_GeV": 79.4044729556251,
    "Tc_from_transitionFinder_GeV": 93.32447330467816,
    "T_spinodal_high_GeV": NaN,
    "T_spinodal_low_GeV": NaN,
    "gw_T_star_GeV": 79.4044729556251,
    "gw_alpha": 0.02504108815578979,
    "gw_beta_over_H": 1050.995240786309,
    "gw_R_star_times_H": NaN,
    "gw_Gamma_Tstar_GeV4": NaN,
    "gw_dT_for_beta_GeV": NaN,
    "gw_f_sw_peak_Hz": NaN,
    "gw_f_turb_peak_Hz": NaN,
    "gw_f_coll_peak_Hz": NaN,
    "gw_g_star": 106.75,
    "gw_v_w": 1.0,
    "omega_sw_peak": NaN,
    "omega_turb_peak": NaN,
    "omega_coll_peak": NaN,
    "omega_tot_peak": NaN
  }
}