{
  "label": "results_eft68_c6f20_c8f40_f792_mh125_Glauber_C6p25_Lambda2000",
  "model_parameters": {
    "c6_over_f2_TeV2": 0.0,
    "c8_over_f4_TeV4": 0.0,
    "f_GeV": 792.0,
    "m_h": 125.0,
    "v": 246.0,
    "m_w": 80.36,
    "m_z": 91.19,
    "m_t": 173.1,
    "use_glauber_measure": true,
    "C_glauber": 6.25,
    "Lambda_glauber": 2000.0
  },
  "scan_parameters": {
    "T_min": 1.0,
    "T_max": 250.0,
    "phi_scan_range": [
      -10,
      792.0
    ],
    "n_phi_scan": 1400,
    "n_T_seeds": 3,
    "deltaX_target": 0.05,
    "x_eps": 0.001,
    "T_eps": 0.01,
    "deriv_order": 4,
    "phitol": 1e-05,
    "overlapAngle": 45.0,
    "Tn_Ttol": 0.001,
    "Tn_maxiter": 200,
    "include_zeroT_loops": true,
    "include_scalar_loops": true,
    "include_thermal": true,
    "include_scalar_thermal": true,
    "include_daisy": false,
    "renormalize_zeroT_loops": true,
    "thermal_approx": "spline"
  },
  "key_temperatures": {
    "Tn": 83.8267198727149,
    "Tc": 92.09261299869038,
    "Ts_false": 74.78273652343486,
    "Ts_true": 98.63037109374962,
    "S_at_Tn": 11734.456610413843,
    "S_over_Tn": 139.984680639202,
    "false_phase_key": 1,
    "true_phase_key": 0,
    "phi_false_Tn": -0.0011969573006886996,
    "phi_true_Tn": 223.14431227418893,
    "vTn_over_Tn": 2.6619711783190154
  },
  "gw_scales": {
    "gw_T_star_GeV": 83.8267198727149,
    "gw_alpha": 0.022300589677327804,
    "gw_beta_over_H": 2648.4004522832192,
    "gw_v_w": 1.0,
    "gw_g_star": 106.75
  },
  "gw_peaks": {
    "sw": {
      "f_peak_mHz": 42.688919015512234,
      "f_peak_Hz": 0.042688919015512236,
      "omega_peak": 1.6356054483882114e-17
    },
    "turb": {
      "f_peak_mHz": 72.8502783708791,
      "f_peak_Hz": 0.0728502783708791,
      "omega_peak": 1.1883782069489182e-21
    },
    "coll": {
      "f_peak_mHz": NaN,
      "f_peak_Hz": NaN,
      "omega_peak": NaN
    },
    "total": {
      "f_peak_mHz": 42.688919015512234,
      "f_peak_Hz": 0.042688919015512236,
      "omega_peak": 1.6357098492676066e-17
    }
  },
  "gw_run_parameters": {
    "g_star": 106.75,
    "v_w": 1.0,
    "epsilon_turb": 1.0,
    "frequency_unit": "mHz"
  },
  "S3": 11725.641594961518,
  "S3_over_T": 139.8795230538198,
  "bounce_diagnostics": {
    "label": "results_eft68_c6f20_c8f40_f792_mh125_Glauber_C6p25_Lambda2000",
    "C": NaN,
    "Lambda_GeV": NaN,
    "finiteT": null,
    "temperature_GeV": NaN,
    "phi_metaMin": -0.0011969573006886996,
    "phi_absMin": 223.14431227418893,
    "phi_bar": 114.77447130826975,
    "phi_top": 77.11668330647805,
    "V(phi_meta)": -135725099.87272853,
    "V(phi_true)": -146811382.07200798,
    "V(phi_top)": -134939590.62951577,
    "DeltaV_true_minus_meta": -11086282.199279457,
    "r0": 3.5522523359708864e-06,
    "phi0": 218.46095038336892,
    "dphi0": -0.04064345484929962,
    "rscale_cubic": 0.03552252335970886,
    "rscale_curv": 0.033814982206178776,
    "wall_r_hi": 0.13599649452242796,
    "wall_thickness": 0.0933884305387706,
    "S_total": 11725.641594961518,
    "S_kin": 17580.359089777558,
    "S_pot": -5854.717494816039,
    "S_interior": 0.0,
    "S3_over_T": NaN,
    "beta_rscale": 28.151153280238027,
    "beta_curvature": 29.572697108082924,
    "beta_wall": 10.707964511565978,
    "Tn_from_transitionFinder_GeV": 83.8267198727149,
    "Tc_from_transitionFinder_GeV": 92.09261299869038,
    "T_spinodal_high_GeV": NaN,
    "T_spinodal_low_GeV": NaN,
    "gw_T_star_GeV": 83.8267198727149,
    "gw_alpha": 0.022300589677327804,
    "gw_beta_over_H": 2648.4004522832192,
    "gw_R_star_times_H": NaN,
    "gw_Gamma_Tstar_GeV4": NaN,
    "gw_dT_for_beta_GeV": NaN,
    "gw_f_sw_peak_Hz": NaN,
    "gw_f_turb_peak_Hz": NaN,
    "gw_f_coll_peak_Hz": NaN,
    "gw_g_star": 106.75,
    "gw_v_w": 1.0,
    "omega_sw_peak": NaN,
    "omega_turb_peak": NaN,
    "omega_coll_peak": NaN,
    "omega_tot_peak": NaN
  }
}