{
  "mean_field": {
    "v_c": 161.9412088361307,
    "T_c": 92.82780232262975,
    "v_c_over_T_c": 1.744533477947612
  },
  "physicality": {
    "lambda_tree": -0.05244991023861459,
    "mu2_tree": 2319.220616,
    "a0_mean_field": 0.30905123340934637,
    "combo_TeV2": 4.0,
    "upper_c6_over_f2_TeV2_from_Eq_2_14": 4.266577095689914,
    "passes_Eq_2_14": true,
    "passes_EFT_tree_condition_Vv_lower_than_v_to_f": true,
    "min_after_v_tree": -62790044.03271724,
    "V_tree_v": -62790096.632976,
    "sampled_min_phi_full_zeroT": 246.08202734244747,
    "sampled_min_deltaV_full_zeroT": -13158771.151493847,
    "dV_at_v_numeric": 5.625348159573912,
    "d2V_at_v_numeric": 15625.05463328193,
    "mh2_target": 15625.0
  }
}