{
  "label": "results_eft68_c6f23p375_c8f40_f1000_mh125_Glauber_off",
  "model_parameters": {
    "c6_over_f2_TeV2": 3.375,
    "c8_over_f4_TeV4": 0.0,
    "f_GeV": 1000.0,
    "m_h": 125.0,
    "v": 246.0,
    "m_w": 80.36,
    "m_z": 91.19,
    "m_t": 173.1,
    "use_glauber_measure": false,
    "C_glauber": 0.0,
    "Lambda_glauber": 1000.0
  },
  "scan_parameters": {
    "T_min": 1.0,
    "T_max": 250.0,
    "phi_scan_range": [
      -10,
      1000.0
    ],
    "n_phi_scan": 1200,
    "n_T_seeds": 3,
    "deltaX_target": 0.1,
    "x_eps": 0.001,
    "T_eps": 0.01,
    "deriv_order": 4,
    "phitol": 1e-05,
    "overlapAngle": 45.0,
    "Tn_Ttol": 0.001,
    "Tn_maxiter": 160,
    "include_zeroT_loops": true,
    "include_scalar_loops": true,
    "include_thermal": true,
    "include_scalar_thermal": true,
    "include_daisy": false,
    "renormalize_zeroT_loops": true,
    "thermal_approx": "spline"
  },
  "key_temperatures": {
    "Tn": 72.06749750904974,
    "Tc": 90.3203881438702,
    "Ts_false": 36.868547265619206,
    "Ts_true": 93.90277539062468,
    "S_at_Tn": 10089.276847337866,
    "S_over_Tn": 139.99760219329002,
    "false_phase_key": 2,
    "true_phase_key": 0,
    "phi_false_Tn": -4.1546528011205266e-05,
    "phi_true_Tn": 232.7818657203862,
    "vTn_over_Tn": 3.2300534050201346,
    "Tc_minus_Tn_over_Tc": 0.20209048045437605
  },
  "gw_scales": {
    "gw_T_star_GeV": 72.06749750904974,
    "gw_alpha": 0.03701629234537441,
    "gw_beta_over_H": 629.8428475345639,
    "gw_v_w": 1.0,
    "gw_g_star": 106.75
  },
  "gw_peaks": {
    "sw": {
      "f_peak_mHz": 8.775786958281639,
      "f_peak_Hz": 0.008775786958281639,
      "omega_peak": 1.1901393981246589e-15
    },
    "turb": {
      "f_peak_mHz": 14.79591353904755,
      "f_peak_Hz": 0.01479591353904755,
      "omega_peak": 8.647703954414459e-20
    },
    "coll": {
      "f_peak_mHz": NaN,
      "f_peak_Hz": NaN,
      "omega_peak": NaN
    },
    "total": {
      "f_peak_mHz": 8.775786958281639,
      "f_peak_Hz": 0.008775786958281639,
      "omega_peak": 1.1902155700057976e-15
    }
  },
  "gw_run_parameters": {
    "g_star": 106.75,
    "v_w": 1.0,
    "epsilon_turb": 1.0,
    "frequency_unit": "mHz"
  },
  "S3": 10089.307051359378,
  "S3_over_T": 139.9980213006901,
  "bounce_diagnostics": {
    "label": "results_eft68_c6f23p375_c8f40_f1000_mh125_Glauber_off",
    "C": NaN,
    "Lambda_GeV": NaN,
    "finiteT": null,
    "temperature_GeV": NaN,
    "phi_metaMin": -4.1546528011205266e-05,
    "phi_absMin": 232.7818657203862,
    "phi_bar": 117.2089468660717,
    "phi_top": 79.54095859501686,
    "V(phi_meta)": -68659959.621932,
    "V(phi_true)": -87127244.20301837,
    "V(phi_top)": -67202255.47432181,
    "DeltaV_true_minus_meta": -18467284.581086367,
    "r0": 2.689556843799001e-06,
    "phi0": 225.74086695569875,
    "dphi0": -0.061392211058562074,
    "rscale_cubic": 0.026895568437990007,
    "rscale_curv": 0.02569416716790163,
    "wall_r_hi": 0.10691415302827918,
    "wall_thickness": 0.07551202343709168,
    "S_total": 10089.307051359378,
    "S_kin": 15144.076178896308,
    "S_pot": -5054.7691275369325,
    "S_interior": 0.0,
    "S3_over_T": NaN,
    "beta_rscale": 37.18084643964986,
    "beta_curvature": 38.919339217256336,
    "beta_wall": 13.242924166018279,
    "Tn_from_transitionFinder_GeV": 72.06749750904974,
    "Tc_from_transitionFinder_GeV": 90.3203881438702,
    "T_spinodal_high_GeV": NaN,
    "T_spinodal_low_GeV": NaN,
    "gw_T_star_GeV": 72.06749750904974,
    "gw_alpha": 0.03701629234537441,
    "gw_beta_over_H": 629.8428475345639,
    "gw_R_star_times_H": NaN,
    "gw_Gamma_Tstar_GeV4": NaN,
    "gw_dT_for_beta_GeV": NaN,
    "gw_f_sw_peak_Hz": NaN,
    "gw_f_turb_peak_Hz": NaN,
    "gw_f_coll_peak_Hz": NaN,
    "gw_g_star": 106.75,
    "gw_v_w": 1.0,
    "omega_sw_peak": NaN,
    "omega_turb_peak": NaN,
    "omega_coll_peak": NaN,
    "omega_tot_peak": NaN
  }
}