{
  "label": "results_eft68_c6f23p14747_c8f45_f1000_mh125_Glauber_off",
  "model_parameters": {
    "c6_over_f2_TeV2": 3.1474747474747478,
    "c8_over_f4_TeV4": 5.0,
    "f_GeV": 1000.0,
    "m_h": 125.0,
    "v": 246.0,
    "m_w": 80.36,
    "m_z": 91.19,
    "m_t": 173.1,
    "use_glauber_measure": false,
    "C_glauber": 0.0,
    "Lambda_glauber": 1000.0
  },
  "derived_tree_coefficients": {
    "glauber_scheme": "counterterm_subtracted",
    "lambda_tree": -0.18407717988588732,
    "mu2_tree_GeV2": -1940.5833883222986,
    "a0_mean_field": 0.24323759858571,
    "glauber_t0": 0.0,
    "glauber_lambda_shift": 0.0,
    "glauber_mu2_shift_after_lambda_GeV2": 0.0,
    "lambda_tree_raw_glauber_equivalent": -0.18407717988588732,
    "mu2_tree_raw_glauber_equivalent_GeV2": -1940.5833883222986,
    "combo_TeV2": 7.202689494949496
  },
  "scan_parameters": {
    "T_min": 1.0,
    "T_max": 250.0,
    "phi_scan_range": [
      -10,
      1000.0
    ],
    "n_phi_scan": 1200,
    "n_T_seeds": 3,
    "deltaX_target": 0.1,
    "x_eps": 0.001,
    "T_eps": 0.01,
    "deriv_order": 4,
    "phitol": 0.0001,
    "overlapAngle": 45.0,
    "Tn_Ttol": 0.01,
    "Tn_maxiter": 160,
    "include_zeroT_loops": true,
    "include_scalar_loops": true,
    "include_thermal": true,
    "include_scalar_thermal": true,
    "include_daisy": true,
    "renormalize_zeroT_loops": true,
    "thermal_approx": "spline"
  },
  "key_temperatures": {
    "Tn": 62.12516099345543,
    "Tc": 87.85797592954007,
    "Ts_false": 9.981313281244478,
    "Ts_true": 92.9106660156247,
    "S_at_Tn": 8697.409039230815,
    "S_over_Tn": 139.9981730453309,
    "false_phase_key": 2,
    "true_phase_key": 0,
    "phi_false_Tn": -4.596990392243892e-05,
    "phi_true_Tn": 238.67027742392779,
    "vTn_over_Tn": 3.841765133599742,
    "Tc_minus_Tn_over_Tc": 0.2928910513112859
  },
  "gw_scales": {
    "gw_T_star_GeV": 62.12516099345543,
    "gw_alpha": 0.06549568014231748,
    "gw_beta_over_H": 340.4690762466653,
    "gw_v_w": 1.0,
    "gw_g_star": 106.75
  },
  "gw_peaks": {
    "sw": {
      "f_peak_mHz": 4.070752787536743,
      "f_peak_Hz": 0.004070752787536743,
      "omega_peak": 1.9099645945973633e-14
    },
    "turb": {
      "f_peak_mHz": 6.969516793537952,
      "f_peak_Hz": 0.006969516793537953,
      "omega_peak": 1.3877047270760004e-18
    },
    "coll": {
      "f_peak_mHz": NaN,
      "f_peak_Hz": NaN,
      "omega_peak": NaN
    },
    "total": {
      "f_peak_mHz": 4.070752787536743,
      "f_peak_Hz": 0.004070752787536743,
      "omega_peak": 1.9100865601210486e-14
    }
  },
  "gw_run_parameters": {
    "g_star": 106.75,
    "v_w": 1.0,
    "epsilon_turb": 1.0,
    "frequency_unit": "mHz"
  },
  "S3": 8697.407169405818,
  "S3_over_T": 139.99814294762223,
  "bounce_diagnostics": {
    "label": "results_eft68_c6f23p14747_c8f45_f1000_mh125_Glauber_off",
    "C": NaN,
    "Lambda_GeV": NaN,
    "finiteT": null,
    "temperature_GeV": NaN,
    "phi_metaMin": -4.596990392243892e-05,
    "phi_absMin": 238.67027742392779,
    "phi_bar": 115.49923353394985,
    "phi_top": 78.6293149894852,
    "V(phi_meta)": -38222010.06340326,
    "V(phi_true)": -61300842.856883824,
    "V(phi_top)": -36800028.64349964,
    "DeltaV_true_minus_meta": -23078832.79348056,
    "r0": 2.691920067179121e-06,
    "phi0": 229.13353840387393,
    "dphi0": -0.09426275090578204,
    "rscale_cubic": 0.026919200671791207,
    "rscale_curv": 0.026028779507180768,
    "wall_r_hi": 0.09871241748161781,
    "wall_thickness": 0.0735400577451491,
    "S_total": 8697.407169405818,
    "S_kin": 13048.13883813895,
    "S_pot": -4350.7316687331295,
    "S_interior": 0.0,
    "S3_over_T": NaN,
    "beta_rscale": 37.14820555752631,
    "beta_curvature": 38.41901294699708,
    "beta_wall": 13.598031204509935,
    "Tn_from_transitionFinder_GeV": 62.12516099345543,
    "Tc_from_transitionFinder_GeV": 87.85797592954007,
    "T_spinodal_high_GeV": NaN,
    "T_spinodal_low_GeV": NaN,
    "gw_T_star_GeV": 62.12516099345543,
    "gw_alpha": 0.06549568014231748,
    "gw_beta_over_H": 340.4690762466653,
    "gw_R_star_times_H": NaN,
    "gw_Gamma_Tstar_GeV4": NaN,
    "gw_dT_for_beta_GeV": NaN,
    "gw_f_sw_peak_Hz": NaN,
    "gw_f_turb_peak_Hz": NaN,
    "gw_f_coll_peak_Hz": NaN,
    "gw_g_star": 106.75,
    "gw_v_w": 1.0,
    "omega_sw_peak": NaN,
    "omega_turb_peak": NaN,
    "omega_coll_peak": NaN,
    "omega_tot_peak": NaN
  }
}