{
  "label": "results_eft68_c6f20_c8f40_f517p717_mh125_Glauber_C3p73091_Lambda1000",
  "model_parameters": {
    "c6_over_f2_TeV2": 0.0,
    "c8_over_f4_TeV4": 0.0,
    "f_GeV": 517.7172868311629,
    "m_h": 125.0,
    "v": 246.0,
    "m_w": 80.36,
    "m_z": 91.19,
    "m_t": 173.1,
    "use_glauber_measure": true,
    "C_glauber": 3.730909090909091,
    "Lambda_glauber": 1000.0
  },
  "scan_parameters": {
    "T_min": 1.0,
    "T_max": 250.0,
    "phi_scan_range": [
      -10.0,
      517.7172868311629
    ],
    "n_phi_scan": 1200,
    "n_T_seeds": 3,
    "deltaX_target": 0.1,
    "x_eps": 0.001,
    "T_eps": 0.01,
    "deriv_order": 4,
    "phitol": 1e-05,
    "overlapAngle": 45.0,
    "Tn_Ttol": 0.001,
    "Tn_maxiter": 160,
    "include_zeroT_loops": true,
    "include_scalar_loops": true,
    "include_thermal": true,
    "include_scalar_thermal": true,
    "include_daisy": false,
    "renormalize_zeroT_loops": true,
    "thermal_approx": "spline"
  },
  "key_temperatures": {
    "Tn": 64.98938299475691,
    "Tc": 81.10298648250605,
    "Ts_false": 51.45080429687087,
    "Ts_true": 91.93849609374973,
    "S_at_Tn": 9098.2071614662,
    "S_over_Tn": 139.99528449439515,
    "false_phase_key": 1,
    "true_phase_key": 0,
    "phi_false_Tn": -0.000298691413153861,
    "phi_true_Tn": 237.39868826391142,
    "vTn_over_Tn": 3.652884168527401,
    "Tc_minus_Tn_over_Tc": 0.19868076610501706
  },
  "gw_scales": {
    "gw_T_star_GeV": 64.98938299475691,
    "gw_alpha": 0.055397534254049266,
    "gw_beta_over_H": 725.8350960899662,
    "gw_v_w": 1.0,
    "gw_g_star": 106.75
  },
  "gw_peaks": {
    "sw": {
      "f_peak_mHz": 9.049623796282821,
      "f_peak_Hz": 0.009049623796282822,
      "omega_peak": 2.68743059213425e-15
    },
    "turb": {
      "f_peak_mHz": 15.49381854297249,
      "f_peak_Hz": 0.01549381854297249,
      "omega_peak": 1.9525976712795305e-19
    },
    "coll": {
      "f_peak_mHz": NaN,
      "f_peak_Hz": NaN,
      "omega_peak": NaN
    },
    "total": {
      "f_peak_mHz": 9.049623796282821,
      "f_peak_Hz": 0.009049623796282822,
      "omega_peak": 2.6876019397521917e-15
    }
  },
  "gw_run_parameters": {
    "g_star": 106.75,
    "v_w": 1.0,
    "epsilon_turb": 1.0,
    "frequency_unit": "mHz"
  },
  "S3": 9089.844248251793,
  "S3_over_T": 139.8666032724934,
  "bounce_diagnostics": {
    "label": "results_eft68_c6f20_c8f40_f517p717_mh125_Glauber_C3p73091_Lambda1000",
    "C": NaN,
    "Lambda_GeV": NaN,
    "finiteT": null,
    "temperature_GeV": NaN,
    "phi_metaMin": -0.000298691413153861,
    "phi_absMin": 237.39868826391142,
    "phi_bar": 113.74196019417867,
    "phi_top": 78.22843685991396,
    "V(phi_meta)": -50997657.470416084,
    "V(phi_true)": -69489160.12639016,
    "V(phi_top)": -50155498.49482584,
    "DeltaV_true_minus_meta": -18491502.655974075,
    "r0": 3.4801153941053634e-06,
    "phi0": 229.2146289146399,
    "dphi0": -0.0967360549730514,
    "rscale_cubic": 0.03480115394105363,
    "rscale_curv": 0.03250422268018567,
    "wall_r_hi": 0.11379358044172606,
    "wall_thickness": 0.08512362191323455,
    "S_total": 9089.844248251793,
    "S_kin": 13632.634296474262,
    "S_pot": -4542.7900482224695,
    "S_interior": 0.0,
    "S3_over_T": NaN,
    "beta_rscale": 28.734679364190193,
    "beta_curvature": 30.765233714580404,
    "beta_wall": 11.747620431603433,
    "Tn_from_transitionFinder_GeV": 64.98938299475691,
    "Tc_from_transitionFinder_GeV": 81.10298648250605,
    "T_spinodal_high_GeV": NaN,
    "T_spinodal_low_GeV": NaN,
    "gw_T_star_GeV": 64.98938299475691,
    "gw_alpha": 0.055397534254049266,
    "gw_beta_over_H": 725.8350960899662,
    "gw_R_star_times_H": NaN,
    "gw_Gamma_Tstar_GeV4": NaN,
    "gw_dT_for_beta_GeV": NaN,
    "gw_f_sw_peak_Hz": NaN,
    "gw_f_turb_peak_Hz": NaN,
    "gw_f_coll_peak_Hz": NaN,
    "gw_g_star": 106.75,
    "gw_v_w": 1.0,
    "omega_sw_peak": NaN,
    "omega_turb_peak": NaN,
    "omega_coll_peak": NaN,
    "omega_tot_peak": NaN
  }
}