{
  "label": "results_eft68_c6f23p21616_c8f40_f1000_mh125_Glauber_off",
  "model_parameters": {
    "c6_over_f2_TeV2": 3.2161616161616164,
    "c8_over_f4_TeV4": 0.0,
    "f_GeV": 1000.0,
    "m_h": 125.0,
    "v": 246.0,
    "m_w": 80.36,
    "m_z": 91.19,
    "m_t": 173.1,
    "use_glauber_measure": false,
    "C_glauber": 0.0,
    "Lambda_glauber": 1000.0
  },
  "derived_tree_coefficients": {
    "glauber_scheme": "counterterm_subtracted",
    "lambda_tree": -0.16284576478406915,
    "mu2_tree_GeV2": -1021.1371508363645,
    "a0_mean_field": 0.2538533061366191,
    "glauber_t0": 0.0,
    "glauber_lambda_shift": 0.0,
    "glauber_mu2_shift_after_lambda_GeV2": 0.0,
    "lambda_tree_raw_glauber_equivalent": -0.16284576478406915,
    "mu2_tree_raw_glauber_equivalent_GeV2": -1021.1371508363645,
    "combo_TeV2": 6.432323232323233
  },
  "scan_parameters": {
    "T_min": 1.0,
    "T_max": 250.0,
    "phi_scan_range": [
      -10,
      1000.0
    ],
    "n_phi_scan": 1200,
    "n_T_seeds": 3,
    "deltaX_target": 0.1,
    "x_eps": 0.001,
    "T_eps": 0.01,
    "deriv_order": 4,
    "phitol": 0.0001,
    "overlapAngle": 45.0,
    "Tn_Ttol": 0.01,
    "Tn_maxiter": 160,
    "include_zeroT_loops": true,
    "include_scalar_loops": true,
    "include_thermal": true,
    "include_scalar_thermal": true,
    "include_daisy": true,
    "renormalize_zeroT_loops": true,
    "thermal_approx": "spline"
  },
  "key_temperatures": {
    "Tn": 81.8106927152216,
    "Tc": 95.2464168492899,
    "Ts_false": 54.92381933593313,
    "Ts_true": 96.62718554687464,
    "S_at_Tn": 11453.054703168153,
    "S_over_Tn": 139.99459389783667,
    "false_phase_key": 2,
    "true_phase_key": 0,
    "phi_false_Tn": -5.607332638612753e-05,
    "phi_true_Tn": 225.4246970024305,
    "vTn_over_Tn": 2.755442956425282,
    "Tc_minus_Tn_over_Tc": 0.14106277777701476
  },
  "gw_scales": {
    "gw_T_star_GeV": 81.8106927152216,
    "gw_alpha": 0.021955991461931234,
    "gw_beta_over_H": 1168.4521531103965,
    "gw_v_w": 1.0,
    "gw_g_star": 106.75
  },
  "gw_peaks": {
    "sw": {
      "f_peak_mHz": 18.34648882945646,
      "f_peak_Hz": 0.018346488829456463,
      "omega_peak": 8.041290524299821e-17
    },
    "turb": {
      "f_peak_mHz": 31.410937650361838,
      "f_peak_Hz": 0.03141093765036184,
      "omega_peak": 5.84251912493497e-21
    },
    "coll": {
      "f_peak_mHz": NaN,
      "f_peak_Hz": NaN,
      "omega_peak": NaN
    },
    "total": {
      "f_peak_mHz": 18.34648882945646,
      "f_peak_Hz": 0.018346488829456463,
      "omega_peak": 8.04180333181039e-17
    }
  },
  "gw_run_parameters": {
    "g_star": 106.75,
    "v_w": 1.0,
    "epsilon_turb": 1.0,
    "frequency_unit": "mHz"
  },
  "S3": 11448.539018880885,
  "S3_over_T": 139.93939714864172,
  "bounce_diagnostics": {
    "label": "results_eft68_c6f23p21616_c8f40_f1000_mh125_Glauber_off",
    "C": NaN,
    "Lambda_GeV": NaN,
    "finiteT": null,
    "temperature_GeV": NaN,
    "phi_metaMin": -5.607332638612753e-05,
    "phi_absMin": 225.4246970024305,
    "phi_bar": 116.63113000953403,
    "phi_top": 77.64044487116381,
    "V(phi_meta)": -116220136.29332395,
    "V(phi_true)": -130084002.61509395,
    "V(phi_top)": -114938208.50099735,
    "DeltaV_true_minus_meta": -13863866.321769997,
    "r0": 2.799502902166179e-06,
    "phi0": 219.87291600556432,
    "dphi0": -0.04170268676176495,
    "rscale_cubic": 0.02799502902166179,
    "rscale_curv": 0.026466930877877326,
    "wall_r_hi": 0.11924614320486383,
    "wall_thickness": 0.08117234217339123,
    "S_total": 11448.539018880885,
    "S_kin": 17181.912081178263,
    "S_pot": -5733.373062297376,
    "S_interior": 0.0,
    "S3_over_T": NaN,
    "beta_rscale": 35.7206273737465,
    "beta_curvature": 37.78299668537555,
    "beta_wall": 12.31946711435174,
    "Tn_from_transitionFinder_GeV": 81.8106927152216,
    "Tc_from_transitionFinder_GeV": 95.2464168492899,
    "T_spinodal_high_GeV": NaN,
    "T_spinodal_low_GeV": NaN,
    "gw_T_star_GeV": 81.8106927152216,
    "gw_alpha": 0.021955991461931234,
    "gw_beta_over_H": 1168.4521531103965,
    "gw_R_star_times_H": NaN,
    "gw_Gamma_Tstar_GeV4": NaN,
    "gw_dT_for_beta_GeV": NaN,
    "gw_f_sw_peak_Hz": NaN,
    "gw_f_turb_peak_Hz": NaN,
    "gw_f_coll_peak_Hz": NaN,
    "gw_g_star": 106.75,
    "gw_v_w": 1.0,
    "omega_sw_peak": NaN,
    "omega_turb_peak": NaN,
    "omega_coll_peak": NaN,
    "omega_tot_peak": NaN
  }
}