{
  "label": "results_eft68_c6f22p96333_c8f45_f1000_mh125_Glauber_off",
  "model_parameters": {
    "c6_over_f2_TeV2": 2.9633333333333334,
    "c8_over_f4_TeV4": 5.0,
    "f_GeV": 1000.0,
    "m_h": 125.0,
    "v": 246.0,
    "m_w": 80.36,
    "m_z": 91.19,
    "m_t": 173.1,
    "use_glauber_measure": false,
    "C_glauber": 0.0,
    "Lambda_glauber": 1000.0
  },
  "scan_parameters": {
    "T_min": 1.0,
    "T_max": 250.0,
    "phi_scan_range": [
      -10,
      1000.0
    ],
    "n_phi_scan": 1200,
    "n_T_seeds": 3,
    "deltaX_target": 0.1,
    "x_eps": 0.001,
    "T_eps": 0.01,
    "deriv_order": 4,
    "phitol": 1e-05,
    "overlapAngle": 45.0,
    "Tn_Ttol": 0.001,
    "Tn_maxiter": 160,
    "include_zeroT_loops": true,
    "include_scalar_loops": true,
    "include_thermal": true,
    "include_scalar_thermal": true,
    "include_daisy": false,
    "renormalize_zeroT_loops": true,
    "thermal_approx": "spline"
  },
  "key_temperatures": {
    "Tn": 72.72705747093408,
    "Tc": 90.21292255087265,
    "Ts_false": 41.3024007812447,
    "Ts_true": 93.32647656249969,
    "S_at_Tn": 10177.88676419755,
    "S_over_Tn": 139.94635721739766,
    "false_phase_key": 2,
    "true_phase_key": 0,
    "phi_false_Tn": -4.3858027819605546e-05,
    "phi_true_Tn": 232.2025403943232,
    "vTn_over_Tn": 3.192794380373834,
    "Tc_minus_Tn_over_Tc": 0.19382882834859913
  },
  "gw_scales": {
    "gw_T_star_GeV": 72.72705747093408,
    "gw_alpha": 0.03522318701608729,
    "gw_beta_over_H": 727.2575145482657,
    "gw_v_w": 1.0,
    "gw_g_star": 106.75
  },
  "gw_peaks": {
    "sw": {
      "f_peak_mHz": 10.23312644005646,
      "f_peak_Hz": 0.010233126440056459,
      "omega_peak": 7.782849110895156e-16
    },
    "turb": {
      "f_peak_mHz": 17.252977398036524,
      "f_peak_Hz": 0.017252977398036523,
      "omega_peak": 5.655228642390466e-20
    },
    "coll": {
      "f_peak_mHz": NaN,
      "f_peak_Hz": NaN,
      "omega_peak": NaN
    },
    "total": {
      "f_peak_mHz": 10.23312644005646,
      "f_peak_Hz": 0.010233126440056459,
      "omega_peak": 7.783347411288741e-16
    }
  },
  "gw_run_parameters": {
    "g_star": 106.75,
    "v_w": 1.0,
    "epsilon_turb": 1.0,
    "frequency_unit": "mHz"
  },
  "S3": 10181.536769656526,
  "S3_over_T": 139.99654494100292,
  "bounce_diagnostics": {
    "label": "results_eft68_c6f22p96333_c8f45_f1000_mh125_Glauber_off",
    "C": NaN,
    "Lambda_GeV": NaN,
    "finiteT": null,
    "temperature_GeV": NaN,
    "phi_metaMin": -4.3858027819605546e-05,
    "phi_absMin": 232.2025403943232,
    "phi_bar": 116.9109848534985,
    "phi_top": 79.373657817333,
    "V(phi_meta)": -71231183.51258281,
    "V(phi_true)": -88930084.14188465,
    "V(phi_top)": -69859092.59856555,
    "DeltaV_true_minus_meta": -17698900.629301846,
    "r0": 2.766365534172711e-06,
    "phi0": 225.21704870757915,
    "dphi0": -0.060984679571932064,
    "rscale_cubic": 0.027663655341727107,
    "rscale_curv": 0.026537777595788976,
    "wall_r_hi": 0.10914309261991978,
    "wall_thickness": 0.07720091525853556,
    "S_total": 10181.536769656526,
    "S_kin": 15280.387584744136,
    "S_pot": -5098.850815087606,
    "S_interior": 0.0,
    "S3_over_T": NaN,
    "beta_rscale": 36.148512828368965,
    "beta_curvature": 37.68213222673003,
    "beta_wall": 12.953214306477241,
    "Tn_from_transitionFinder_GeV": 72.72705747093408,
    "Tc_from_transitionFinder_GeV": 90.21292255087265,
    "T_spinodal_high_GeV": NaN,
    "T_spinodal_low_GeV": NaN,
    "gw_T_star_GeV": 72.72705747093408,
    "gw_alpha": 0.03522318701608729,
    "gw_beta_over_H": 727.2575145482657,
    "gw_R_star_times_H": NaN,
    "gw_Gamma_Tstar_GeV4": NaN,
    "gw_dT_for_beta_GeV": NaN,
    "gw_f_sw_peak_Hz": NaN,
    "gw_f_turb_peak_Hz": NaN,
    "gw_f_coll_peak_Hz": NaN,
    "gw_g_star": 106.75,
    "gw_v_w": 1.0,
    "omega_sw_peak": NaN,
    "omega_turb_peak": NaN,
    "omega_coll_peak": NaN,
    "omega_tot_peak": NaN
  }
}