{
  "label": "results_eft68_c6f23p02222_c8f45_f1000_mh125_Glauber_off",
  "model_parameters": {
    "c6_over_f2_TeV2": 3.022222222222222,
    "c8_over_f4_TeV4": 5.0,
    "f_GeV": 1000.0,
    "m_h": 125.0,
    "v": 246.0,
    "m_w": 80.36,
    "m_z": 91.19,
    "m_t": 173.1,
    "use_glauber_measure": false,
    "C_glauber": 0.0,
    "Lambda_glauber": 1000.0
  },
  "derived_tree_coefficients": {
    "glauber_scheme": "counterterm_subtracted",
    "lambda_tree": -0.17270750715861452,
    "mu2_tree_GeV2": -1596.5598309404759,
    "a0_mean_field": 0.24892243494934638,
    "glauber_t0": 0.0,
    "glauber_lambda_shift": 0.0,
    "glauber_mu2_shift_after_lambda_GeV2": 0.0,
    "lambda_tree_raw_glauber_equivalent": -0.17270750715861452,
    "mu2_tree_raw_glauber_equivalent_GeV2": -1596.5598309404759,
    "combo_TeV2": 6.952184444444445
  },
  "scan_parameters": {
    "T_min": 1.0,
    "T_max": 250.0,
    "phi_scan_range": [
      -10,
      1000.0
    ],
    "n_phi_scan": 1200,
    "n_T_seeds": 3,
    "deltaX_target": 0.1,
    "x_eps": 0.001,
    "T_eps": 0.01,
    "deriv_order": 4,
    "phitol": 0.0001,
    "overlapAngle": 45.0,
    "Tn_Ttol": 0.01,
    "Tn_maxiter": 160,
    "include_zeroT_loops": true,
    "include_scalar_loops": true,
    "include_thermal": true,
    "include_scalar_thermal": true,
    "include_daisy": true,
    "renormalize_zeroT_loops": true,
    "thermal_approx": "spline"
  },
  "key_temperatures": {
    "Tn": 71.13903714318856,
    "Tc": 90.56223164786813,
    "Ts_false": 35.13240449218153,
    "Ts_true": 94.01706249999968,
    "S_at_Tn": 9952.484652135618,
    "S_over_Tn": 139.90187457982134,
    "false_phase_key": 2,
    "true_phase_key": 0,
    "phi_false_Tn": -3.5186341243072446e-05,
    "phi_true_Tn": 233.85644717054782,
    "vTn_over_Tn": 3.2873153273053424,
    "Tc_minus_Tn_over_Tc": 0.21447345268834042
  },
  "gw_scales": {
    "gw_T_star_GeV": 71.13903714318856,
    "gw_alpha": 0.038147965714769756,
    "gw_beta_over_H": 665.4403356088612,
    "gw_v_w": 1.0,
    "gw_g_star": 106.75
  },
  "gw_peaks": {
    "sw": {
      "f_peak_mHz": 9.049623796282821,
      "f_peak_Hz": 0.009049623796282822,
      "omega_peak": 1.158483651942739e-15
    },
    "turb": {
      "f_peak_mHz": 15.49381854297249,
      "f_peak_Hz": 0.01549381854297249,
      "omega_peak": 8.417489530600589e-20
    },
    "coll": {
      "f_peak_mHz": NaN,
      "f_peak_Hz": NaN,
      "omega_peak": NaN
    },
    "total": {
      "f_peak_mHz": 9.049623796282821,
      "f_peak_Hz": 0.009049623796282822,
      "omega_peak": 1.1585573907832011e-15
    }
  },
  "gw_run_parameters": {
    "g_star": 106.75,
    "v_w": 1.0,
    "epsilon_turb": 1.0,
    "frequency_unit": "mHz"
  },
  "S3": 9972.64073646643,
  "S3_over_T": 140.1852082478079,
  "bounce_diagnostics": {
    "label": "results_eft68_c6f23p02222_c8f45_f1000_mh125_Glauber_off",
    "C": NaN,
    "Lambda_GeV": NaN,
    "finiteT": null,
    "temperature_GeV": NaN,
    "phi_metaMin": -3.5186341243072446e-05,
    "phi_absMin": 233.85644717054782,
    "phi_bar": 117.40256614906475,
    "phi_top": 79.90797395225874,
    "V(phi_meta)": -66052864.37935033,
    "V(phi_true)": -84879864.49066915,
    "V(phi_top)": -64633015.53389741,
    "DeltaV_true_minus_meta": -18827000.11131882,
    "r0": 2.73774900060402e-06,
    "phi0": 226.67044004531678,
    "dphi0": -0.06500913134985668,
    "rscale_cubic": 0.027377490006040197,
    "rscale_curv": 0.026546956381620076,
    "wall_r_hi": 0.10672460583172834,
    "wall_thickness": 0.07584633466560599,
    "S_total": 9972.64073646643,
    "S_kin": 14973.435643067867,
    "S_pot": -5000.794906601436,
    "S_interior": 0.0,
    "S3_over_T": NaN,
    "beta_rscale": 36.52635795974626,
    "beta_curvature": 37.66910384388989,
    "beta_wall": 13.184552746139092,
    "Tn_from_transitionFinder_GeV": 71.13903714318856,
    "Tc_from_transitionFinder_GeV": 90.56223164786813,
    "T_spinodal_high_GeV": NaN,
    "T_spinodal_low_GeV": NaN,
    "gw_T_star_GeV": 71.13903714318856,
    "gw_alpha": 0.038147965714769756,
    "gw_beta_over_H": 665.4403356088612,
    "gw_R_star_times_H": NaN,
    "gw_Gamma_Tstar_GeV4": NaN,
    "gw_dT_for_beta_GeV": NaN,
    "gw_f_sw_peak_Hz": NaN,
    "gw_f_turb_peak_Hz": NaN,
    "gw_f_coll_peak_Hz": NaN,
    "gw_g_star": 106.75,
    "gw_v_w": 1.0,
    "omega_sw_peak": NaN,
    "omega_turb_peak": NaN,
    "omega_coll_peak": NaN,
    "omega_tot_peak": NaN
  }
}