{
  "label": "results_eft68_c6f20_c8f40_f799p109_mh125_Glauber_C6p26394_Lambda2000",
  "model_parameters": {
    "c6_over_f2_TeV2": 0.0,
    "c8_over_f4_TeV4": 0.0,
    "f_GeV": 799.1093682952405,
    "m_h": 125.0,
    "v": 246.0,
    "m_w": 80.36,
    "m_z": 91.19,
    "m_t": 173.1,
    "use_glauber_measure": true,
    "C_glauber": 6.263939393939395,
    "Lambda_glauber": 2000.0
  },
  "derived_tree_coefficients": {
    "glauber_scheme": "counterterm_subtracted",
    "lambda_tree": 0.12909808976138543,
    "mu2_tree_GeV2": 7812.5,
    "a0_mean_field": 0.3998252334093464,
    "glauber_t0": 0.0947671390909091,
    "glauber_lambda_shift": 0.0,
    "glauber_mu2_shift_after_lambda_GeV2": 0.0,
    "lambda_tree_raw_glauber_equivalent": -1.083773255272391,
    "mu2_tree_raw_glauber_equivalent_GeV2": 635526.5235912693,
    "combo_TeV2": 0.0
  },
  "scan_parameters": {
    "T_min": 1.0,
    "T_max": 250.0,
    "phi_scan_range": [
      -10.0,
      799.1093682952405
    ],
    "n_phi_scan": 1200,
    "n_T_seeds": 3,
    "deltaX_target": 0.1,
    "x_eps": 0.001,
    "T_eps": 0.01,
    "deriv_order": 4,
    "phitol": 0.0001,
    "overlapAngle": 45.0,
    "Tn_Ttol": 0.01,
    "Tn_maxiter": 160,
    "include_zeroT_loops": true,
    "include_scalar_loops": true,
    "include_thermal": true,
    "include_scalar_thermal": true,
    "include_daisy": true,
    "renormalize_zeroT_loops": true,
    "thermal_approx": "spline"
  },
  "key_temperatures": {
    "Tn": 84.52494666817026,
    "Tc": 92.98948440770555,
    "Ts_false": 75.29284609374729,
    "Ts_true": 99.7109921874996,
    "S_at_Tn": 11833.571944028074,
    "S_over_Tn": 140.00093949168107,
    "false_phase_key": 1,
    "true_phase_key": 0,
    "phi_false_Tn": -0.0010661390851177443,
    "phi_true_Tn": 223.5176321002976,
    "vTn_over_Tn": 2.6443983807264337,
    "Tc_minus_Tn_over_Tc": 0.091026827317626
  },
  "gw_scales": {
    "gw_T_star_GeV": 84.52494666817026,
    "gw_alpha": 0.021430995116696515,
    "gw_beta_over_H": 2441.8277858919996,
    "gw_v_w": 1.0,
    "gw_g_star": 106.75
  },
  "gw_peaks": {
    "sw": {
      "f_peak_mHz": 39.551622464706206,
      "f_peak_Hz": 0.039551622464706206,
      "omega_peak": 1.7195331330621045e-17
    },
    "turb": {
      "f_peak_mHz": 67.71614769224173,
      "f_peak_Hz": 0.06771614769224174,
      "omega_peak": 1.2493669538014615e-21
    },
    "coll": {
      "f_peak_mHz": NaN,
      "f_peak_Hz": NaN,
      "omega_peak": NaN
    },
    "total": {
      "f_peak_mHz": 39.551622464706206,
      "f_peak_Hz": 0.039551622464706206,
      "omega_peak": 1.7196427096383016e-17
    }
  },
  "gw_run_parameters": {
    "g_star": 106.75,
    "v_w": 1.0,
    "epsilon_turb": 1.0,
    "frequency_unit": "mHz"
  },
  "S3": 11827.965147022607,
  "S3_over_T": 139.93460644769254,
  "bounce_diagnostics": {
    "label": "results_eft68_c6f20_c8f40_f799p109_mh125_Glauber_C6p26394_Lambda2000",
    "C": NaN,
    "Lambda_GeV": NaN,
    "finiteT": null,
    "temperature_GeV": NaN,
    "phi_metaMin": -0.0010661390851177443,
    "phi_absMin": 223.5176321002976,
    "phi_bar": 115.52681122436408,
    "phi_top": 77.73575432680414,
    "V(phi_meta)": -142037039.02654985,
    "V(phi_true)": -153179595.56358832,
    "V(phi_top)": -141239667.37610105,
    "DeltaV_true_minus_meta": -11142556.537038475,
    "r0": 3.554027245896763e-06,
    "phi0": 218.9747317231325,
    "dphi0": -0.039893054531444386,
    "rscale_cubic": 0.035540272458967626,
    "rscale_curv": 0.03369558549834061,
    "wall_r_hi": 0.1360900248273173,
    "wall_thickness": 0.09317983945040217,
    "S_total": 11827.965147022607,
    "S_kin": 17721.067319456997,
    "S_pot": -5893.10217243439,
    "S_interior": 0.0,
    "S3_over_T": NaN,
    "beta_rscale": 28.13709436680689,
    "beta_curvature": 29.67741161962751,
    "beta_wall": 10.73193521150335,
    "Tn_from_transitionFinder_GeV": 84.52494666817026,
    "Tc_from_transitionFinder_GeV": 92.98948440770555,
    "T_spinodal_high_GeV": NaN,
    "T_spinodal_low_GeV": NaN,
    "gw_T_star_GeV": 84.52494666817026,
    "gw_alpha": 0.021430995116696515,
    "gw_beta_over_H": 2441.8277858919996,
    "gw_R_star_times_H": NaN,
    "gw_Gamma_Tstar_GeV4": NaN,
    "gw_dT_for_beta_GeV": NaN,
    "gw_f_sw_peak_Hz": NaN,
    "gw_f_turb_peak_Hz": NaN,
    "gw_f_coll_peak_Hz": NaN,
    "gw_g_star": 106.75,
    "gw_v_w": 1.0,
    "omega_sw_peak": NaN,
    "omega_turb_peak": NaN,
    "omega_coll_peak": NaN,
    "omega_tot_peak": NaN
  }
}