{
  "label": "results_eft68_c6f20_c8f40_f798p569_mh125_Glauber_C6p27242_Lambda2000",
  "model_parameters": {
    "c6_over_f2_TeV2": 0.0,
    "c8_over_f4_TeV4": 0.0,
    "f_GeV": 798.568698836662,
    "m_h": 125.0,
    "v": 246.0,
    "m_w": 80.36,
    "m_z": 91.19,
    "m_t": 173.1,
    "use_glauber_measure": true,
    "C_glauber": 6.2724242424242425,
    "Lambda_glauber": 2000.0
  },
  "derived_tree_coefficients": {
    "glauber_scheme": "counterterm_subtracted",
    "lambda_tree": 0.12909808976138543,
    "mu2_tree_GeV2": 7812.5,
    "a0_mean_field": 0.3998252334093464,
    "glauber_t0": 0.09489550636363636,
    "glauber_lambda_shift": 0.0,
    "glauber_mu2_shift_after_lambda_GeV2": 0.0,
    "lambda_tree_raw_glauber_equivalent": -1.0874062721021636,
    "mu2_tree_raw_glauber_equivalent_GeV2": 636355.9332530963,
    "combo_TeV2": 0.0
  },
  "scan_parameters": {
    "T_min": 1.0,
    "T_max": 250.0,
    "phi_scan_range": [
      -10.0,
      798.568698836662
    ],
    "n_phi_scan": 1200,
    "n_T_seeds": 3,
    "deltaX_target": 0.1,
    "x_eps": 0.001,
    "T_eps": 0.01,
    "deriv_order": 4,
    "phitol": 0.0001,
    "overlapAngle": 45.0,
    "Tn_Ttol": 0.01,
    "Tn_maxiter": 160,
    "include_zeroT_loops": true,
    "include_scalar_loops": true,
    "include_thermal": true,
    "include_scalar_thermal": true,
    "include_daisy": false,
    "renormalize_zeroT_loops": true,
    "thermal_approx": "spline"
  },
  "key_temperatures": {
    "Tn": 82.82204392674355,
    "Tc": 91.48750096469931,
    "Ts_false": 73.39879257812223,
    "Ts_true": 98.29626367187463,
    "S_at_Tn": 11589.470377920405,
    "S_over_Tn": 139.93219472066326,
    "false_phase_key": 1,
    "true_phase_key": 0,
    "phi_false_Tn": -0.0012117676454804574,
    "phi_true_Tn": 224.2459040464369,
    "vTn_over_Tn": 2.7075630280844476,
    "Tc_minus_Tn_over_Tc": 0.0947173870373763
  },
  "gw_scales": {
    "gw_T_star_GeV": 82.82204392674355,
    "gw_alpha": 0.023358725763454824,
    "gw_beta_over_H": 2323.721336395877,
    "gw_v_w": 1.0,
    "gw_g_star": 106.75
  },
  "gw_peaks": {
    "sw": {
      "f_peak_mHz": 37.19421491395344,
      "f_peak_Hz": 0.03719421491395344,
      "omega_peak": 2.4212199378920548e-17
    },
    "turb": {
      "f_peak_mHz": 62.70917817806336,
      "f_peak_Hz": 0.06270917817806336,
      "omega_peak": 1.7592711809954237e-21
    },
    "coll": {
      "f_peak_mHz": NaN,
      "f_peak_Hz": NaN,
      "omega_peak": NaN
    },
    "total": {
      "f_peak_mHz": 37.19421491395344,
      "f_peak_Hz": 0.03719421491395344,
      "omega_peak": 2.4213748717471376e-17
    }
  },
  "gw_run_parameters": {
    "g_star": 106.75,
    "v_w": 1.0,
    "epsilon_turb": 1.0,
    "frequency_unit": "mHz"
  },
  "S3": 11589.06196773391,
  "S3_over_T": 139.92726354332046,
  "bounce_diagnostics": {
    "label": "results_eft68_c6f20_c8f40_f798p569_mh125_Glauber_C6p27242_Lambda2000",
    "C": NaN,
    "Lambda_GeV": NaN,
    "finiteT": null,
    "temperature_GeV": NaN,
    "phi_metaMin": -0.0012117676454804574,
    "phi_absMin": 224.2459040464369,
    "phi_bar": 115.2305792408205,
    "phi_top": 77.48580363076648,
    "V(phi_meta)": -129524918.75642674,
    "V(phi_true)": -141101303.2541595,
    "V(phi_top)": -128713403.69490112,
    "DeltaV_true_minus_meta": -11576384.497732773,
    "r0": 3.5115998014021378e-06,
    "phi0": 219.4445745967017,
    "dphi0": -0.04242571819439086,
    "rscale_cubic": 0.03511599801402138,
    "rscale_curv": 0.033448764183800606,
    "wall_r_hi": 0.133751360996448,
    "wall_thickness": 0.09210780042106889,
    "S_total": 11589.06196773391,
    "S_kin": 17367.214884884004,
    "S_pot": -5778.152917150094,
    "S_interior": 0.0,
    "S3_over_T": NaN,
    "beta_rscale": 28.477049110229263,
    "beta_curvature": 29.896460159705214,
    "beta_wall": 10.856843779012427,
    "Tn_from_transitionFinder_GeV": 82.82204392674355,
    "Tc_from_transitionFinder_GeV": 91.48750096469931,
    "T_spinodal_high_GeV": NaN,
    "T_spinodal_low_GeV": NaN,
    "gw_T_star_GeV": 82.82204392674355,
    "gw_alpha": 0.023358725763454824,
    "gw_beta_over_H": 2323.721336395877,
    "gw_R_star_times_H": NaN,
    "gw_Gamma_Tstar_GeV4": NaN,
    "gw_dT_for_beta_GeV": NaN,
    "gw_f_sw_peak_Hz": NaN,
    "gw_f_turb_peak_Hz": NaN,
    "gw_f_coll_peak_Hz": NaN,
    "gw_g_star": 106.75,
    "gw_v_w": 1.0,
    "omega_sw_peak": NaN,
    "omega_turb_peak": NaN,
    "omega_coll_peak": NaN,
    "omega_tot_peak": NaN
  }
}