{
  "label": "results_eft68_c6f22p92121_c8f45_f1000_mh125_Glauber_off",
  "model_parameters": {
    "c6_over_f2_TeV2": 2.921212121212121,
    "c8_over_f4_TeV4": 5.0,
    "f_GeV": 1000.0,
    "m_h": 125.0,
    "v": 246.0,
    "m_w": 80.36,
    "m_z": 91.19,
    "m_t": 173.1,
    "use_glauber_measure": false,
    "C_glauber": 0.0,
    "Lambda_glauber": 1000.0
  },
  "derived_tree_coefficients": {
    "glauber_scheme": "counterterm_subtracted",
    "lambda_tree": -0.16353841624952362,
    "mu2_tree_GeV2": -1319.1214782132056,
    "a0_mean_field": 0.25350698040389186,
    "glauber_t0": 0.0,
    "glauber_lambda_shift": 0.0,
    "glauber_mu2_shift_after_lambda_GeV2": 0.0,
    "lambda_tree_raw_glauber_equivalent": -0.16353841624952362,
    "mu2_tree_raw_glauber_equivalent_GeV2": -1319.1214782132056,
    "combo_TeV2": 6.750164242424242
  },
  "scan_parameters": {
    "T_min": 1.0,
    "T_max": 250.0,
    "phi_scan_range": [
      -10,
      1000.0
    ],
    "n_phi_scan": 1200,
    "n_T_seeds": 3,
    "deltaX_target": 0.1,
    "x_eps": 0.001,
    "T_eps": 0.01,
    "deriv_order": 4,
    "phitol": 0.0001,
    "overlapAngle": 45.0,
    "Tn_Ttol": 0.01,
    "Tn_maxiter": 160,
    "include_zeroT_loops": true,
    "include_scalar_loops": true,
    "include_thermal": true,
    "include_scalar_thermal": true,
    "include_daisy": true,
    "renormalize_zeroT_loops": true,
    "thermal_approx": "spline"
  },
  "key_temperatures": {
    "Tn": 76.73992258967446,
    "Tc": 92.70200771804807,
    "Ts_false": 47.04491464843256,
    "Ts_true": 94.94108593749966,
    "S_at_Tn": 10746.466641382722,
    "S_over_Tn": 140.03749650418183,
    "false_phase_key": 2,
    "true_phase_key": 0,
    "phi_false_Tn": -4.093251554438777e-05,
    "phi_true_Tn": 229.79516989149718,
    "vTn_over_Tn": 2.994467053611762,
    "Tc_minus_Tn_over_Tc": 0.1721870488169153
  },
  "gw_scales": {
    "gw_T_star_GeV": 76.73992258967446,
    "gw_alpha": 0.028141177662775692,
    "gw_beta_over_H": 978.3399641612765,
    "gw_v_w": 1.0,
    "gw_g_star": 106.75
  },
  "gw_peaks": {
    "sw": {
      "f_peak_mHz": 14.348197007390617,
      "f_peak_Hz": 0.014348197007390618,
      "omega_peak": 2.3040557228601397e-16
    },
    "turb": {
      "f_peak_mHz": 24.56548093663801,
      "f_peak_Hz": 0.02456548093663801,
      "omega_peak": 1.6741242693614262e-20
    },
    "coll": {
      "f_peak_mHz": NaN,
      "f_peak_Hz": NaN,
      "omega_peak": NaN
    },
    "total": {
      "f_peak_mHz": 14.348197007390617,
      "f_peak_Hz": 0.014348197007390618,
      "omega_peak": 2.3042023583818045e-16
    }
  },
  "gw_run_parameters": {
    "g_star": 106.75,
    "v_w": 1.0,
    "epsilon_turb": 1.0,
    "frequency_unit": "mHz"
  },
  "S3": 10746.477398157343,
  "S3_over_T": 140.0376366760019,
  "bounce_diagnostics": {
    "label": "results_eft68_c6f22p92121_c8f45_f1000_mh125_Glauber_off",
    "C": NaN,
    "Lambda_GeV": NaN,
    "finiteT": null,
    "temperature_GeV": NaN,
    "phi_metaMin": -4.093251554438777e-05,
    "phi_absMin": 229.79516989149718,
    "phi_bar": 117.28698929003285,
    "phi_top": 79.26483388583122,
    "V(phi_meta)": -89725914.64783868,
    "V(phi_true)": -105766781.22982688,
    "V(phi_top)": -88383824.48774236,
    "DeltaV_true_minus_meta": -16040866.5819882,
    "r0": 2.793278938565513e-06,
    "phi0": 223.54475038611994,
    "dphi0": -0.05195109226529768,
    "rscale_cubic": 0.02793278938565513,
    "rscale_curv": 0.026666491838470783,
    "wall_r_hi": 0.11342938768128256,
    "wall_thickness": 0.0788627455640751,
    "S_total": 10746.477398157343,
    "S_kin": 16133.365097095866,
    "S_pot": -5386.887698938519,
    "S_interior": 0.0,
    "S3_over_T": NaN,
    "beta_rscale": 35.80021981311861,
    "beta_curvature": 37.50024618830936,
    "beta_wall": 12.680258502888554,
    "Tn_from_transitionFinder_GeV": 76.73992258967446,
    "Tc_from_transitionFinder_GeV": 92.70200771804807,
    "T_spinodal_high_GeV": NaN,
    "T_spinodal_low_GeV": NaN,
    "gw_T_star_GeV": 76.73992258967446,
    "gw_alpha": 0.028141177662775692,
    "gw_beta_over_H": 978.3399641612765,
    "gw_R_star_times_H": NaN,
    "gw_Gamma_Tstar_GeV4": NaN,
    "gw_dT_for_beta_GeV": NaN,
    "gw_f_sw_peak_Hz": NaN,
    "gw_f_turb_peak_Hz": NaN,
    "gw_f_coll_peak_Hz": NaN,
    "gw_g_star": 106.75,
    "gw_v_w": 1.0,
    "omega_sw_peak": NaN,
    "omega_turb_peak": NaN,
    "omega_coll_peak": NaN,
    "omega_tot_peak": NaN
  }
}