{
  "label": "results_eft68_c6f20_c8f40_f787p462_mh125_Glauber_C6p45061_Lambda2000",
  "model_parameters": {
    "c6_over_f2_TeV2": 0.0,
    "c8_over_f4_TeV4": 0.0,
    "f_GeV": 787.4622357155677,
    "m_h": 125.0,
    "v": 246.0,
    "m_w": 80.36,
    "m_z": 91.19,
    "m_t": 173.1,
    "use_glauber_measure": true,
    "C_glauber": 6.450606060606061,
    "Lambda_glauber": 2000.0
  },
  "derived_tree_coefficients": {
    "glauber_scheme": "counterterm_subtracted",
    "lambda_tree": 0.12909808976138543,
    "mu2_tree_GeV2": 7812.5,
    "a0_mean_field": 0.3998252334093464,
    "glauber_t0": 0.0975912190909091,
    "glauber_lambda_shift": 0.0,
    "glauber_mu2_shift_after_lambda_GeV2": 0.0,
    "lambda_tree_raw_glauber_equivalent": -1.1652010982053373,
    "mu2_tree_raw_glauber_equivalent_GeV2": 653751.63002014,
    "combo_TeV2": 0.0
  },
  "scan_parameters": {
    "T_min": 1.0,
    "T_max": 250.0,
    "phi_scan_range": [
      -10.0,
      787.4622357155677
    ],
    "n_phi_scan": 1200,
    "n_T_seeds": 3,
    "deltaX_target": 0.1,
    "x_eps": 0.001,
    "T_eps": 0.01,
    "deriv_order": 4,
    "phitol": 0.0001,
    "overlapAngle": 45.0,
    "Tn_Ttol": 0.01,
    "Tn_maxiter": 160,
    "include_zeroT_loops": true,
    "include_scalar_loops": true,
    "include_thermal": true,
    "include_scalar_thermal": true,
    "include_daisy": false,
    "renormalize_zeroT_loops": true,
    "thermal_approx": "spline"
  },
  "key_temperatures": {
    "Tn": 73.7568881507831,
    "Tc": 86.4414161021467,
    "Ts_false": 61.29868370609973,
    "Ts_true": 95.68565429687467,
    "S_at_Tn": 10325.980735630155,
    "S_over_Tn": 140.0002222778229,
    "false_phase_key": 1,
    "true_phase_key": 0,
    "phi_false_Tn": -0.0010891535595000375,
    "phi_true_Tn": 232.26701516693532,
    "vTn_over_Tn": 3.1490891358120465,
    "Tc_minus_Tn_over_Tc": 0.14674132520428013
  },
  "gw_scales": {
    "gw_T_star_GeV": 73.7568881507831,
    "gw_alpha": 0.03615842053527055,
    "gw_beta_over_H": 1401.8450756818622,
    "gw_v_w": 1.0,
    "gw_g_star": 106.75
  },
  "gw_peaks": {
    "sw": {
      "f_peak_mHz": 19.81135111804306,
      "f_peak_Hz": 0.01981135111804306,
      "omega_peak": 2.252124462610641e-16
    },
    "turb": {
      "f_peak_mHz": 33.91892151805883,
      "f_peak_Hz": 0.03391892151805883,
      "omega_peak": 1.636335541625532e-20
    },
    "coll": {
      "f_peak_mHz": NaN,
      "f_peak_Hz": NaN,
      "omega_peak": NaN
    },
    "total": {
      "f_peak_mHz": 19.81135111804306,
      "f_peak_Hz": 0.01981135111804306,
      "omega_peak": 2.2522679699826637e-16
    }
  },
  "gw_run_parameters": {
    "g_star": 106.75,
    "v_w": 1.0,
    "epsilon_turb": 1.0,
    "frequency_unit": "mHz"
  },
  "S3": 10323.415800841565,
  "S3_over_T": 139.96544674901605,
  "bounce_diagnostics": {
    "label": "results_eft68_c6f20_c8f40_f787p462_mh125_Glauber_C6p45061_Lambda2000",
    "C": NaN,
    "Lambda_GeV": NaN,
    "finiteT": null,
    "temperature_GeV": NaN,
    "phi_metaMin": -0.0010891535595000375,
    "phi_absMin": 232.26701516693532,
    "phi_bar": 117.13482187392765,
    "phi_top": 79.61902975693293,
    "V(phi_meta)": -82776735.95044595,
    "V(phi_true)": -98779457.13316843,
    "V(phi_top)": -81781333.88239078,
    "DeltaV_true_minus_meta": -16002721.18272248,
    "r0": 3.2579763493910925e-06,
    "phi0": 226.18784253907447,
    "dphi0": -0.061671932542152835,
    "rscale_cubic": 0.032579763493910924,
    "rscale_curv": 0.03096693782358036,
    "wall_r_hi": 0.1180247855101759,
    "wall_thickness": 0.08368067438278151,
    "S_total": 10323.415800841565,
    "S_kin": 15472.265300698817,
    "S_pot": -5148.849499857251,
    "S_interior": 0.0,
    "S3_over_T": NaN,
    "beta_rscale": 30.693899916949903,
    "beta_curvature": 32.29249606671583,
    "beta_wall": 11.95019049948962,
    "Tn_from_transitionFinder_GeV": 73.7568881507831,
    "Tc_from_transitionFinder_GeV": 86.4414161021467,
    "T_spinodal_high_GeV": NaN,
    "T_spinodal_low_GeV": NaN,
    "gw_T_star_GeV": 73.7568881507831,
    "gw_alpha": 0.03615842053527055,
    "gw_beta_over_H": 1401.8450756818622,
    "gw_R_star_times_H": NaN,
    "gw_Gamma_Tstar_GeV4": NaN,
    "gw_dT_for_beta_GeV": NaN,
    "gw_f_sw_peak_Hz": NaN,
    "gw_f_turb_peak_Hz": NaN,
    "gw_f_coll_peak_Hz": NaN,
    "gw_g_star": 106.75,
    "gw_v_w": 1.0,
    "omega_sw_peak": NaN,
    "omega_turb_peak": NaN,
    "omega_coll_peak": NaN,
    "omega_tot_peak": NaN
  }
}