{
  "label": "results_eft68_c6f20_c8f40_f521p565_mh125_Glauber_C3p67606_Lambda1000",
  "model_parameters": {
    "c6_over_f2_TeV2": 0.0,
    "c8_over_f4_TeV4": 0.0,
    "f_GeV": 521.5652744423084,
    "m_h": 125.0,
    "v": 246.0,
    "m_w": 80.36,
    "m_z": 91.19,
    "m_t": 173.1,
    "use_glauber_measure": true,
    "C_glauber": 3.6760606060606063,
    "Lambda_glauber": 1000.0
  },
  "derived_tree_coefficients": {
    "glauber_scheme": "counterterm_subtracted",
    "lambda_tree": 0.12909808976138543,
    "mu2_tree_GeV2": 7812.5,
    "a0_mean_field": 0.3998252334093464,
    "glauber_t0": 0.22246048363636364,
    "glauber_lambda_shift": 0.0,
    "glauber_mu2_shift_after_lambda_GeV2": 0.0,
    "lambda_tree_raw_glauber_equivalent": -0.43708989489374644,
    "mu2_tree_raw_glauber_equivalent_GeV2": 93305.94326533476,
    "combo_TeV2": 0.0
  },
  "scan_parameters": {
    "T_min": 1.0,
    "T_max": 250.0,
    "phi_scan_range": [
      -10.0,
      521.5652744423084
    ],
    "n_phi_scan": 1200,
    "n_T_seeds": 3,
    "deltaX_target": 0.1,
    "x_eps": 0.001,
    "T_eps": 0.01,
    "deriv_order": 4,
    "phitol": 0.0001,
    "overlapAngle": 45.0,
    "Tn_Ttol": 0.01,
    "Tn_maxiter": 160,
    "include_zeroT_loops": true,
    "include_scalar_loops": true,
    "include_thermal": true,
    "include_scalar_thermal": true,
    "include_daisy": true,
    "renormalize_zeroT_loops": true,
    "thermal_approx": "spline"
  },
  "key_temperatures": {
    "Tn": 73.37094629310151,
    "Tc": 85.74097298995368,
    "Ts_false": 62.21057089843409,
    "Ts_true": 94.7825429687497,
    "S_at_Tn": 10272.624603636972,
    "S_over_Tn": 140.00943319716765,
    "false_phase_key": 1,
    "true_phase_key": 0,
    "phi_false_Tn": -0.0003092015289955039,
    "phi_true_Tn": 232.93780019896934,
    "vTn_over_Tn": 3.1747961825166024,
    "Tc_minus_Tn_over_Tc": 0.14427205880089056
  },
  "gw_scales": {
    "gw_T_star_GeV": 73.37094629310151,
    "gw_alpha": 0.03511245859379719,
    "gw_beta_over_H": 1517.8542093025437,
    "gw_v_w": 1.0,
    "gw_g_star": 106.75
  },
  "gw_peaks": {
    "sw": {
      "f_peak_mHz": 21.393174289143477,
      "f_peak_Hz": 0.021393174289143477,
      "omega_peak": 1.771385462128675e-16
    },
    "turb": {
      "f_peak_mHz": 36.627153565248044,
      "f_peak_Hz": 0.036627153565248045,
      "omega_peak": 1.2870212076144331e-20
    },
    "coll": {
      "f_peak_mHz": NaN,
      "f_peak_Hz": NaN,
      "omega_peak": NaN
    },
    "total": {
      "f_peak_mHz": 21.393174289143477,
      "f_peak_Hz": 0.021393174289143477,
      "omega_peak": 1.7714984756110475e-16
    }
  },
  "gw_run_parameters": {
    "g_star": 106.75,
    "v_w": 1.0,
    "epsilon_turb": 1.0,
    "frequency_unit": "mHz"
  },
  "S3": 10272.814559833798,
  "S3_over_T": 140.01202218104237,
  "bounce_diagnostics": {
    "label": "results_eft68_c6f20_c8f40_f521p565_mh125_Glauber_C3p67606_Lambda1000",
    "C": NaN,
    "Lambda_GeV": NaN,
    "finiteT": null,
    "temperature_GeV": NaN,
    "phi_metaMin": -0.0003092015289955039,
    "phi_absMin": 232.93780019896934,
    "phi_bar": 115.600124609171,
    "phi_top": 78.74546122706727,
    "V(phi_meta)": -82186190.78605868,
    "V(phi_true)": -97237252.84966937,
    "V(phi_top)": -81377692.56733482,
    "DeltaV_true_minus_meta": -15051062.063610688,
    "r0": 3.5752966130477127e-06,
    "phi0": 226.6723288919927,
    "dphi0": -0.06798568130332883,
    "rscale_cubic": 0.035752966130477126,
    "rscale_curv": 0.03395536190261838,
    "wall_r_hi": 0.12337252296368818,
    "wall_thickness": 0.08892908450628531,
    "S_total": 10272.814559833798,
    "S_kin": 15406.830368675372,
    "S_pot": -5134.015808841571,
    "S_interior": 0.0,
    "S3_over_T": NaN,
    "beta_rscale": 27.96970736219739,
    "beta_curvature": 29.450431787332715,
    "beta_wall": 11.244915041594993,
    "Tn_from_transitionFinder_GeV": 73.37094629310151,
    "Tc_from_transitionFinder_GeV": 85.74097298995368,
    "T_spinodal_high_GeV": NaN,
    "T_spinodal_low_GeV": NaN,
    "gw_T_star_GeV": 73.37094629310151,
    "gw_alpha": 0.03511245859379719,
    "gw_beta_over_H": 1517.8542093025437,
    "gw_R_star_times_H": NaN,
    "gw_Gamma_Tstar_GeV4": NaN,
    "gw_dT_for_beta_GeV": NaN,
    "gw_f_sw_peak_Hz": NaN,
    "gw_f_turb_peak_Hz": NaN,
    "gw_f_coll_peak_Hz": NaN,
    "gw_g_star": 106.75,
    "gw_v_w": 1.0,
    "omega_sw_peak": NaN,
    "omega_turb_peak": NaN,
    "omega_coll_peak": NaN,
    "omega_tot_peak": NaN
  }
}