{
  "label": "results_eft68_c6f21_c8f45_f1000_mh125_Glauber_C3p21_Lambda1000",
  "model_parameters": {
    "c6_over_f2_TeV2": 1.0,
    "c8_over_f4_TeV4": 5.0,
    "f_GeV": 1000.0,
    "m_h": 125.0,
    "v": 246.0,
    "m_w": 80.36,
    "m_z": 91.19,
    "m_t": 173.1,
    "use_glauber_measure": true,
    "C_glauber": 3.21,
    "Lambda_glauber": 1000.0
  },
  "derived_tree_coefficients": {
    "glauber_scheme": "counterterm_subtracted",
    "lambda_tree": 0.010857692841385418,
    "mu2_tree_GeV2": 3957.7559906595197,
    "a0_mean_field": 0.3407050349493464,
    "glauber_t0": 0.19425636,
    "glauber_lambda_shift": 0.0,
    "glauber_mu2_shift_after_lambda_GeV2": 0.0,
    "lambda_tree_raw_glauber_equivalent": -0.39117054261937484,
    "mu2_tree_raw_glauber_equivalent_GeV2": 80541.91554988066,
    "combo_TeV2": 2.90774
  },
  "scan_parameters": {
    "T_min": 1.0,
    "T_max": 250.0,
    "phi_scan_range": [
      -10.0,
      558.1455721859476
    ],
    "n_phi_scan": 1200,
    "n_T_seeds": 3,
    "deltaX_target": 0.1,
    "x_eps": 0.001,
    "T_eps": 0.01,
    "deriv_order": 4,
    "phitol": 0.0001,
    "overlapAngle": 45.0,
    "Tn_Ttol": 0.01,
    "Tn_maxiter": 160,
    "include_zeroT_loops": true,
    "include_scalar_loops": true,
    "include_thermal": true,
    "include_scalar_thermal": true,
    "include_daisy": false,
    "renormalize_zeroT_loops": true,
    "thermal_approx": "spline"
  },
  "key_temperatures": {
    "Tn": 66.01889727612193,
    "Tc": 83.50119097704444,
    "Ts_false": 47.77260742187035,
    "Ts_true": 93.84587499999971,
    "S_at_Tn": 9242.529484580955,
    "S_over_Tn": 139.99824089645682,
    "false_phase_key": 1,
    "true_phase_key": 0,
    "phi_false_Tn": -0.000283600991571745,
    "phi_true_Tn": 236.69993293705858,
    "vTn_over_Tn": 3.58533605835718,
    "Tc_minus_Tn_over_Tc": 0.2093658006114981
  },
  "gw_scales": {
    "gw_T_star_GeV": 66.01889727612193,
    "gw_alpha": 0.05160995108226417,
    "gw_beta_over_H": 791.3726428720929,
    "gw_v_w": 1.0,
    "gw_g_star": 106.75
  },
  "gw_peaks": {
    "sw": {
      "f_peak_mHz": 10.077112648825867,
      "f_peak_Hz": 0.010077112648825867,
      "omega_peak": 1.8680088737671066e-15
    },
    "turb": {
      "f_peak_mHz": 16.989939270866806,
      "f_peak_Hz": 0.016989939270866807,
      "omega_peak": 1.357242533595022e-19
    },
    "coll": {
      "f_peak_mHz": NaN,
      "f_peak_Hz": NaN,
      "omega_peak": NaN
    },
    "total": {
      "f_peak_mHz": 10.077112648825867,
      "f_peak_Hz": 0.010077112648825867,
      "omega_peak": 1.8681282898790887e-15
    }
  },
  "gw_run_parameters": {
    "g_star": 106.75,
    "v_w": 1.0,
    "epsilon_turb": 1.0,
    "frequency_unit": "mHz"
  },
  "S3": 9242.527874640798,
  "S3_over_T": 139.99821651040642,
  "bounce_diagnostics": {
    "label": "results_eft68_c6f21_c8f45_f1000_mh125_Glauber_C3p21_Lambda1000",
    "C": NaN,
    "Lambda_GeV": NaN,
    "finiteT": null,
    "temperature_GeV": NaN,
    "phi_metaMin": -0.000283600991571745,
    "phi_absMin": 236.69993293705858,
    "phi_bar": 114.66129053719871,
    "phi_top": 78.78140795061626,
    "V(phi_meta)": -51704369.940698445,
    "V(phi_true)": -70614790.95855325,
    "V(phi_top)": -50709124.537772685,
    "DeltaV_true_minus_meta": -18910421.01785481,
    "r0": 3.2239224474964616e-06,
    "phi0": 228.8293505859044,
    "dphi0": -0.08740915410884965,
    "rscale_cubic": 0.03223922447496461,
    "rscale_curv": 0.030081676687448,
    "wall_r_hi": 0.11089897157268883,
    "wall_thickness": 0.08187607983849182,
    "S_total": 9242.527874640798,
    "S_kin": 13864.07623615396,
    "S_pot": -4621.548361513163,
    "S_interior": 0.0,
    "S3_over_T": NaN,
    "beta_rscale": 31.01811585996898,
    "beta_curvature": 33.242826398502764,
    "beta_wall": 12.213579374740375,
    "Tn_from_transitionFinder_GeV": 66.01889727612193,
    "Tc_from_transitionFinder_GeV": 83.50119097704444,
    "T_spinodal_high_GeV": NaN,
    "T_spinodal_low_GeV": NaN,
    "gw_T_star_GeV": 66.01889727612193,
    "gw_alpha": 0.05160995108226417,
    "gw_beta_over_H": 791.3726428720929,
    "gw_R_star_times_H": NaN,
    "gw_Gamma_Tstar_GeV4": NaN,
    "gw_dT_for_beta_GeV": NaN,
    "gw_f_sw_peak_Hz": NaN,
    "gw_f_turb_peak_Hz": NaN,
    "gw_f_coll_peak_Hz": NaN,
    "gw_g_star": 106.75,
    "gw_v_w": 1.0,
    "omega_sw_peak": NaN,
    "omega_turb_peak": NaN,
    "omega_coll_peak": NaN,
    "omega_tot_peak": NaN
  }
}