{
  "label": "results_eft68_c6f21_c8f45_f1000_mh125_Glauber_C3p14_Lambda1000",
  "model_parameters": {
    "c6_over_f2_TeV2": 1.0,
    "c8_over_f4_TeV4": 5.0,
    "f_GeV": 1000.0,
    "m_h": 125.0,
    "v": 246.0,
    "m_w": 80.36,
    "m_z": 91.19,
    "m_t": 173.1,
    "use_glauber_measure": true,
    "C_glauber": 3.14,
    "Lambda_glauber": 1000.0
  },
  "derived_tree_coefficients": {
    "glauber_scheme": "counterterm_subtracted",
    "lambda_tree": 0.010857692841385418,
    "mu2_tree_GeV2": 3957.7559906595197,
    "a0_mean_field": 0.3407050349493464,
    "glauber_t0": 0.19002024,
    "glauber_lambda_shift": 0.0,
    "glauber_mu2_shift_after_lambda_GeV2": 0.0,
    "lambda_tree_raw_glauber_equivalent": -0.3698145632026964,
    "mu2_tree_raw_glauber_equivalent_GeV2": 79117.4340589417,
    "combo_TeV2": 2.90774
  },
  "scan_parameters": {
    "T_min": 1.0,
    "T_max": 250.0,
    "phi_scan_range": [
      -10.0,
      564.3326479831004
    ],
    "n_phi_scan": 1200,
    "n_T_seeds": 3,
    "deltaX_target": 0.1,
    "x_eps": 0.001,
    "T_eps": 0.01,
    "deriv_order": 4,
    "phitol": 0.0001,
    "overlapAngle": 45.0,
    "Tn_Ttol": 0.01,
    "Tn_maxiter": 160,
    "include_zeroT_loops": true,
    "include_scalar_loops": true,
    "include_thermal": true,
    "include_scalar_thermal": true,
    "include_daisy": false,
    "renormalize_zeroT_loops": true,
    "thermal_approx": "spline"
  },
  "key_temperatures": {
    "Tn": 72.85690523040809,
    "Tc": 86.60659787582422,
    "Ts_false": 57.52606386718358,
    "Ts_true": 95.33258007812469,
    "S_at_Tn": 10197.217154739888,
    "S_over_Tn": 139.96226057765494,
    "false_phase_key": 1,
    "true_phase_key": 0,
    "phi_false_Tn": -0.0002703449857909314,
    "phi_true_Tn": 232.47356527627548,
    "vTn_over_Tn": 3.1908240480580914,
    "Tc_minus_Tn_over_Tc": 0.15876033677168938
  },
  "gw_scales": {
    "gw_T_star_GeV": 72.85690523040809,
    "gw_alpha": 0.03552067773508657,
    "gw_beta_over_H": 1180.4386201196592,
    "gw_v_w": 1.0,
    "gw_g_star": 106.75
  },
  "gw_peaks": {
    "sw": {
      "f_peak_mHz": 16.47583267897981,
      "f_peak_Hz": 0.01647583267897981,
      "omega_peak": 3.0238361292728847e-16
    },
    "turb": {
      "f_peak_mHz": 28.208196011125306,
      "f_peak_Hz": 0.028208196011125307,
      "omega_peak": 2.1970453113246414e-20
    },
    "coll": {
      "f_peak_mHz": NaN,
      "f_peak_Hz": NaN,
      "omega_peak": NaN
    },
    "total": {
      "f_peak_mHz": 16.47583267897981,
      "f_peak_Hz": 0.01647583267897981,
      "omega_peak": 3.02402879416856e-16
    }
  },
  "gw_run_parameters": {
    "g_star": 106.75,
    "v_w": 1.0,
    "epsilon_turb": 1.0,
    "frequency_unit": "mHz"
  },
  "S3": 10197.216853035005,
  "S3_over_T": 139.962256436594,
  "bounce_diagnostics": {
    "label": "results_eft68_c6f21_c8f45_f1000_mh125_Glauber_C3p14_Lambda1000",
    "C": NaN,
    "Lambda_GeV": NaN,
    "finiteT": null,
    "temperature_GeV": NaN,
    "phi_metaMin": -0.0002703449857909314,
    "phi_absMin": 232.47356527627548,
    "phi_bar": 115.54417494745017,
    "phi_top": 78.73597597872671,
    "V(phi_meta)": -75967859.83156286,
    "V(phi_true)": -91775097.90057647,
    "V(phi_top)": -75008911.348012,
    "DeltaV_true_minus_meta": -15807238.06901361,
    "r0": 3.2824751188280455e-06,
    "phi0": 226.06152454830612,
    "dphi0": -0.0652935913755092,
    "rscale_cubic": 0.03282475118828045,
    "rscale_curv": 0.031070055589366107,
    "wall_r_hi": 0.11862231650762342,
    "wall_thickness": 0.08498122967310048,
    "S_total": 10197.216853035005,
    "S_kin": 15290.403367211391,
    "S_pot": -5093.186514176385,
    "S_interior": 0.0,
    "S3_over_T": NaN,
    "beta_rscale": 30.46481584168211,
    "beta_curvature": 32.18532531069632,
    "beta_wall": 11.7673044253034,
    "Tn_from_transitionFinder_GeV": 72.85690523040809,
    "Tc_from_transitionFinder_GeV": 86.60659787582422,
    "T_spinodal_high_GeV": NaN,
    "T_spinodal_low_GeV": NaN,
    "gw_T_star_GeV": 72.85690523040809,
    "gw_alpha": 0.03552067773508657,
    "gw_beta_over_H": 1180.4386201196592,
    "gw_R_star_times_H": NaN,
    "gw_Gamma_Tstar_GeV4": NaN,
    "gw_dT_for_beta_GeV": NaN,
    "gw_f_sw_peak_Hz": NaN,
    "gw_f_turb_peak_Hz": NaN,
    "gw_f_coll_peak_Hz": NaN,
    "gw_g_star": 106.75,
    "gw_v_w": 1.0,
    "omega_sw_peak": NaN,
    "omega_turb_peak": NaN,
    "omega_coll_peak": NaN,
    "omega_tot_peak": NaN
  }
}