{
  "label": "results_eft68_c6f20_c8f40_f522p319_mh125_Glauber_C3p66545_Lambda1000",
  "model_parameters": {
    "c6_over_f2_TeV2": 0.0,
    "c8_over_f4_TeV4": 0.0,
    "f_GeV": 522.3193087733406,
    "m_h": 125.0,
    "v": 246.0,
    "m_w": 80.36,
    "m_z": 91.19,
    "m_t": 173.1,
    "use_glauber_measure": true,
    "C_glauber": 3.6654545454545455,
    "Lambda_glauber": 1000.0
  },
  "derived_tree_coefficients": {
    "glauber_scheme": "counterterm_subtracted",
    "lambda_tree": 0.12909808976138543,
    "mu2_tree_GeV2": 7812.5,
    "a0_mean_field": 0.3998252334093464,
    "glauber_t0": 0.22181864727272727,
    "glauber_lambda_shift": 0.0,
    "glauber_mu2_shift_after_lambda_GeV2": 0.0,
    "lambda_tree_raw_glauber_equivalent": -0.4328993024245697,
    "mu2_tree_raw_glauber_equivalent_GeV2": 93115.53287015745,
    "combo_TeV2": 0.0
  },
  "scan_parameters": {
    "T_min": 1.0,
    "T_max": 250.0,
    "phi_scan_range": [
      -10.0,
      522.3193087733406
    ],
    "n_phi_scan": 1200,
    "n_T_seeds": 3,
    "deltaX_target": 0.1,
    "x_eps": 0.001,
    "T_eps": 0.01,
    "deriv_order": 4,
    "phitol": 0.0001,
    "overlapAngle": 45.0,
    "Tn_Ttol": 0.01,
    "Tn_maxiter": 160,
    "include_zeroT_loops": true,
    "include_scalar_loops": true,
    "include_thermal": true,
    "include_scalar_thermal": true,
    "include_daisy": true,
    "renormalize_zeroT_loops": true,
    "thermal_approx": "spline"
  },
  "key_temperatures": {
    "Tn": 74.61900078012916,
    "Tc": 86.39784011677227,
    "Ts_false": 63.8694847656217,
    "Ts_true": 95.10741015624968,
    "S_at_Tn": 10442.093204584839,
    "S_over_Tn": 139.93879702776107,
    "false_phase_key": 1,
    "true_phase_key": 0,
    "phi_false_Tn": -0.00032006671046016523,
    "phi_true_Tn": 232.04116313288807,
    "vTn_over_Tn": 3.1096793136726113,
    "Tc_minus_Tn_over_Tc": 0.13633256711884525
  },
  "gw_scales": {
    "gw_T_star_GeV": 74.61900078012916,
    "gw_alpha": 0.03298793693338106,
    "gw_beta_over_H": 1595.1633760546285,
    "gw_v_w": 1.0,
    "gw_g_star": 106.75
  },
  "gw_peaks": {
    "sw": {
      "f_peak_mHz": 22.749095652733732,
      "f_peak_Hz": 0.022749095652733732,
      "omega_peak": 1.3491724463757515e-16
    },
    "turb": {
      "f_peak_mHz": 38.94862018517942,
      "f_peak_Hz": 0.038948620185179424,
      "omega_peak": 9.803063149588526e-21
    },
    "coll": {
      "f_peak_mHz": NaN,
      "f_peak_Hz": NaN,
      "omega_peak": NaN
    },
    "total": {
      "f_peak_mHz": 22.749095652733732,
      "f_peak_Hz": 0.022749095652733732,
      "omega_peak": 1.3492583130657266e-16
    }
  },
  "gw_run_parameters": {
    "g_star": 106.75,
    "v_w": 1.0,
    "epsilon_turb": 1.0,
    "frequency_unit": "mHz"
  },
  "S3": 10441.921903868672,
  "S3_over_T": 139.93650135622465,
  "bounce_diagnostics": {
    "label": "results_eft68_c6f20_c8f40_f522p319_mh125_Glauber_C3p66545_Lambda1000",
    "C": NaN,
    "Lambda_GeV": NaN,
    "finiteT": null,
    "temperature_GeV": NaN,
    "phi_metaMin": -0.00032006671046016523,
    "phi_absMin": 232.04116313288807,
    "phi_bar": 115.59296789209019,
    "phi_top": 78.60259868781748,
    "V(phi_meta)": -87700274.39310372,
    "V(phi_true)": -102181479.1256933,
    "V(phi_top)": -86905954.00051934,
    "DeltaV_true_minus_meta": -14481204.732589588,
    "r0": 3.6005197009854995e-06,
    "phi0": 225.9609221614281,
    "dphi0": -0.06477413283906372,
    "rscale_cubic": 0.036005197009854994,
    "rscale_curv": 0.03426086986934269,
    "wall_r_hi": 0.1251789260833469,
    "wall_thickness": 0.08987163575050605,
    "S_total": 10441.921903868672,
    "S_kin": 15641.005957706147,
    "S_pot": -5199.084053837477,
    "S_interior": 0.0,
    "S3_over_T": NaN,
    "beta_rscale": 27.773768318120567,
    "beta_curvature": 29.187817986284365,
    "beta_wall": 11.126981184320652,
    "Tn_from_transitionFinder_GeV": 74.61900078012916,
    "Tc_from_transitionFinder_GeV": 86.39784011677227,
    "T_spinodal_high_GeV": NaN,
    "T_spinodal_low_GeV": NaN,
    "gw_T_star_GeV": 74.61900078012916,
    "gw_alpha": 0.03298793693338106,
    "gw_beta_over_H": 1595.1633760546285,
    "gw_R_star_times_H": NaN,
    "gw_Gamma_Tstar_GeV4": NaN,
    "gw_dT_for_beta_GeV": NaN,
    "gw_f_sw_peak_Hz": NaN,
    "gw_f_turb_peak_Hz": NaN,
    "gw_f_coll_peak_Hz": NaN,
    "gw_g_star": 106.75,
    "gw_v_w": 1.0,
    "omega_sw_peak": NaN,
    "omega_turb_peak": NaN,
    "omega_coll_peak": NaN,
    "omega_tot_peak": NaN
  }
}