{
  "label": "results_eft68_c6f22p96566_c8f45_f1000_mh125_Glauber_off",
  "model_parameters": {
    "c6_over_f2_TeV2": 2.9656565656565657,
    "c8_over_f4_TeV4": 5.0,
    "f_GeV": 1000.0,
    "m_h": 125.0,
    "v": 246.0,
    "m_w": 80.36,
    "m_z": 91.19,
    "m_t": 173.1,
    "use_glauber_measure": false,
    "C_glauber": 0.0,
    "Lambda_glauber": 1000.0
  },
  "derived_tree_coefficients": {
    "glauber_scheme": "counterterm_subtracted",
    "lambda_tree": -0.16757281624952367,
    "mu2_tree_GeV2": -1441.194353413207,
    "a0_mean_field": 0.25148978040389186,
    "glauber_t0": 0.0,
    "glauber_lambda_shift": 0.0,
    "glauber_mu2_shift_after_lambda_GeV2": 0.0,
    "lambda_tree_raw_glauber_equivalent": -0.16757281624952367,
    "mu2_tree_raw_glauber_equivalent_GeV2": -1441.194353413207,
    "combo_TeV2": 6.839053131313131
  },
  "scan_parameters": {
    "T_min": 1.0,
    "T_max": 250.0,
    "phi_scan_range": [
      -10,
      1000.0
    ],
    "n_phi_scan": 1200,
    "n_T_seeds": 3,
    "deltaX_target": 0.1,
    "x_eps": 0.001,
    "T_eps": 0.01,
    "deriv_order": 4,
    "phitol": 0.0001,
    "overlapAngle": 45.0,
    "Tn_Ttol": 0.01,
    "Tn_maxiter": 160,
    "include_zeroT_loops": true,
    "include_scalar_loops": true,
    "include_thermal": true,
    "include_scalar_thermal": true,
    "include_daisy": true,
    "renormalize_zeroT_loops": true,
    "thermal_approx": "spline"
  },
  "key_temperatures": {
    "Tn": 74.38574610650376,
    "Tc": 91.76408726975043,
    "Ts_false": 42.18153613280714,
    "Ts_true": 94.53062499999967,
    "S_at_Tn": 10416.089934204074,
    "S_over_Tn": 140.02803600693287,
    "false_phase_key": 2,
    "true_phase_key": 0,
    "phi_false_Tn": 4.239792097144357e-05,
    "phi_true_Tn": 231.61829168316302,
    "vTn_over_Tn": 3.1137456274423516,
    "Tc_minus_Tn_over_Tc": 0.18938063550026019
  },
  "gw_scales": {
    "gw_T_star_GeV": 74.38574610650376,
    "gw_alpha": 0.03190884261883945,
    "gw_beta_over_H": 734.7025616983937,
    "gw_v_w": 1.0,
    "gw_g_star": 106.75
  },
  "gw_peaks": {
    "sw": {
      "f_peak_mHz": 10.55243763123881,
      "f_peak_Hz": 0.01055243763123881,
      "omega_peak": 5.798935802471151e-16
    },
    "turb": {
      "f_peak_mHz": 17.791333764165667,
      "f_peak_Hz": 0.017791333764165668,
      "omega_peak": 4.2134430315262905e-20
    },
    "coll": {
      "f_peak_mHz": NaN,
      "f_peak_Hz": NaN,
      "omega_peak": NaN
    },
    "total": {
      "f_peak_mHz": 10.55243763123881,
      "f_peak_Hz": 0.01055243763123881,
      "omega_peak": 5.799306708121108e-16
    }
  },
  "gw_run_parameters": {
    "g_star": 106.75,
    "v_w": 1.0,
    "epsilon_turb": 1.0,
    "frequency_unit": "mHz"
  },
  "S3": 10416.515475882312,
  "S3_over_T": 140.0337567491518,
  "bounce_diagnostics": {
    "label": "results_eft68_c6f22p96566_c8f45_f1000_mh125_Glauber_off",
    "C": NaN,
    "Lambda_GeV": NaN,
    "finiteT": null,
    "temperature_GeV": NaN,
    "phi_metaMin": 4.239792097144357e-05,
    "phi_absMin": 231.61829168316302,
    "phi_bar": 117.42621278706285,
    "phi_top": 79.67043154572261,
    "V(phi_meta)": -79107689.03987245,
    "V(phi_true)": -96333354.4440397,
    "V(phi_top)": -77726898.48254506,
    "DeltaV_true_minus_meta": -17225665.40416725,
    "r0": 2.767944699032233e-06,
    "phi0": 224.99462818465383,
    "dphi0": -0.0572218823083082,
    "rscale_cubic": 0.027679446990322328,
    "rscale_curv": 0.02650479876807457,
    "wall_r_hi": 0.1104041931476027,
    "wall_thickness": 0.07745987385808445,
    "S_total": 10416.515475882312,
    "S_kin": 15627.042800699981,
    "S_pot": -5210.527324817666,
    "S_interior": 0.0,
    "S3_over_T": NaN,
    "beta_rscale": 36.12788941735844,
    "beta_curvature": 37.72901528796561,
    "beta_wall": 12.909909998460842,
    "Tn_from_transitionFinder_GeV": 74.38574610650376,
    "Tc_from_transitionFinder_GeV": 91.76408726975043,
    "T_spinodal_high_GeV": NaN,
    "T_spinodal_low_GeV": NaN,
    "gw_T_star_GeV": 74.38574610650376,
    "gw_alpha": 0.03190884261883945,
    "gw_beta_over_H": 734.7025616983937,
    "gw_R_star_times_H": NaN,
    "gw_Gamma_Tstar_GeV4": NaN,
    "gw_dT_for_beta_GeV": NaN,
    "gw_f_sw_peak_Hz": NaN,
    "gw_f_turb_peak_Hz": NaN,
    "gw_f_coll_peak_Hz": NaN,
    "gw_g_star": 106.75,
    "gw_v_w": 1.0,
    "omega_sw_peak": NaN,
    "omega_turb_peak": NaN,
    "omega_coll_peak": NaN,
    "omega_tot_peak": NaN
  }
}