{
  "label": "results_eft68_c6f20_c8f40_f510p492_mh125_Glauber_C3p83727_Lambda1000",
  "model_parameters": {
    "c6_over_f2_TeV2": 0.0,
    "c8_over_f4_TeV4": 0.0,
    "f_GeV": 510.4916778352675,
    "m_h": 125.0,
    "v": 246.0,
    "m_w": 80.36,
    "m_z": 91.19,
    "m_t": 173.1,
    "use_glauber_measure": true,
    "C_glauber": 3.8372727272727274,
    "Lambda_glauber": 1000.0
  },
  "derived_tree_coefficients": {
    "glauber_scheme": "counterterm_subtracted",
    "lambda_tree": 0.12909808976138543,
    "mu2_tree_GeV2": 7812.5,
    "a0_mean_field": 0.3998252334093464,
    "glauber_t0": 0.23221639636363636,
    "glauber_lambda_shift": 0.0,
    "glauber_mu2_shift_after_lambda_GeV2": 0.0,
    "lambda_tree_raw_glauber_equivalent": -0.5036166189608748,
    "mu2_tree_raw_glauber_equivalent_GeV2": 96120.33570382227,
    "combo_TeV2": 0.0
  },
  "scan_parameters": {
    "T_min": 1.0,
    "T_max": 250.0,
    "phi_scan_range": [
      -10.0,
      510.4916778352675
    ],
    "n_phi_scan": 1200,
    "n_T_seeds": 3,
    "deltaX_target": 0.1,
    "x_eps": 0.001,
    "T_eps": 0.01,
    "deriv_order": 4,
    "phitol": 0.0001,
    "overlapAngle": 45.0,
    "Tn_Ttol": 0.01,
    "Tn_maxiter": 160,
    "include_zeroT_loops": true,
    "include_scalar_loops": true,
    "include_thermal": true,
    "include_scalar_thermal": true,
    "include_daisy": true,
    "renormalize_zeroT_loops": true,
    "thermal_approx": "spline"
  },
  "key_temperatures": {
    "Tn": 40.005192662005456,
    "Tc": 74.4478089011271,
    "Ts_false": 13.550086328119944,
    "Ts_true": 90.01847265624977,
    "S_at_Tn": 5601.633288273952,
    "S_over_Tn": 140.0226549488424,
    "false_phase_key": 1,
    "true_phase_key": 0,
    "phi_false_Tn": -0.0004803295876327684,
    "phi_true_Tn": 244.56819352886288,
    "vTn_over_Tn": 6.113411216267911,
    "Tc_minus_Tn_over_Tc": 0.46264110049046997
  },
  "gw_scales": {
    "gw_T_star_GeV": 40.005192662005456,
    "gw_alpha": 0.3485607912505054,
    "gw_beta_over_H": 718.8383967173545,
    "gw_v_w": 1.0,
    "gw_g_star": 106.75
  },
  "gw_peaks": {
    "sw": {
      "f_peak_mHz": 5.535020912234942,
      "f_peak_Hz": 0.005535020912234942,
      "omega_peak": 2.3361893599323494e-13
    },
    "turb": {
      "f_peak_mHz": 9.47648339602273,
      "f_peak_Hz": 0.00947648339602273,
      "omega_peak": 1.6973830673872027e-17
    },
    "coll": {
      "f_peak_mHz": NaN,
      "f_peak_Hz": NaN,
      "omega_peak": NaN
    },
    "total": {
      "f_peak_mHz": 5.535020912234942,
      "f_peak_Hz": 0.005535020912234942,
      "omega_peak": 2.3363385501984373e-13
    }
  },
  "gw_run_parameters": {
    "g_star": 106.75,
    "v_w": 1.0,
    "epsilon_turb": 1.0,
    "frequency_unit": "mHz"
  },
  "S3": 5601.058496247189,
  "S3_over_T": 140.00828701336914,
  "bounce_diagnostics": {
    "label": "results_eft68_c6f20_c8f40_f510p492_mh125_Glauber_C3p83727_Lambda1000",
    "C": NaN,
    "Lambda_GeV": NaN,
    "finiteT": null,
    "temperature_GeV": NaN,
    "phi_metaMin": -0.0004803295876327684,
    "phi_absMin": 244.56819352886288,
    "phi_bar": 94.44275020723637,
    "phi_top": 65.80155885895954,
    "V(phi_meta)": -8743558.705699759,
    "V(phi_true)": -36052255.578349605,
    "V(phi_top)": -8280387.0967193805,
    "DeltaV_true_minus_meta": -27308696.87264985,
    "r0": 3.947232991105858e-06,
    "phi0": 220.2533186020484,
    "dphi0": -0.3109846253063967,
    "rscale_cubic": 0.039472329911058576,
    "rscale_curv": 0.03495157632055235,
    "wall_r_hi": 0.10090312221312321,
    "wall_thickness": 0.09900959385446101,
    "S_total": 5601.058496247189,
    "S_kin": 8399.95226458322,
    "S_pot": -2798.8937683360327,
    "S_interior": 0.0,
    "S3_over_T": NaN,
    "beta_rscale": 25.334202522457126,
    "beta_curvature": 28.61100815060481,
    "beta_wall": 10.100031331003624,
    "Tn_from_transitionFinder_GeV": 40.005192662005456,
    "Tc_from_transitionFinder_GeV": 74.4478089011271,
    "T_spinodal_high_GeV": NaN,
    "T_spinodal_low_GeV": NaN,
    "gw_T_star_GeV": 40.005192662005456,
    "gw_alpha": 0.3485607912505054,
    "gw_beta_over_H": 718.8383967173545,
    "gw_R_star_times_H": NaN,
    "gw_Gamma_Tstar_GeV4": NaN,
    "gw_dT_for_beta_GeV": NaN,
    "gw_f_sw_peak_Hz": NaN,
    "gw_f_turb_peak_Hz": NaN,
    "gw_f_coll_peak_Hz": NaN,
    "gw_g_star": 106.75,
    "gw_v_w": 1.0,
    "omega_sw_peak": NaN,
    "omega_turb_peak": NaN,
    "omega_coll_peak": NaN,
    "omega_tot_peak": NaN
  }
}