{
  "label": "my_potential",
  "phi_metaMin": 0.0,
  "phi_absMin": 1.1833,
  "phi_bar": 0.7731073476469513,
  "phi_top": 0.4611444939177446,
  "V(phi_meta)": 0.0,
  "V(phi_true)": -0.027004523116538004,
  "V(phi_top)": 0.01305329490565657,
  "DeltaV_true_minus_meta": -0.027004523116538004,
  "r0": 6.028815754860943,
  "phi0": 1.171467,
  "dphi0": -0.0074986363329917795,
  "rscale_cubic": 1.6477879680811547,
  "rscale_curv": 1.9225635711485933,
  "wall_r_hi": 15.68370561919082,
  "wall_thickness": 6.077298498940548,
  "S_total": 116.07519717140244,
  "S_kin": 174.02764306336414,
  "S_pot": -57.95244589196173,
  "S_interior": 0.0,
  "beta_rscale": 0.6068741970269984,
  "beta_curvature": 0.5201388462640035,
  "beta_wall": 0.16454679660285396
}