{
  "label": "results_eft68_c6f20_c8f40_f520p259_mh125_Glauber_C3p69455_Lambda1000",
  "model_parameters": {
    "c6_over_f2_TeV2": 0.0,
    "c8_over_f4_TeV4": 0.0,
    "f_GeV": 520.2588695434059,
    "m_h": 125.0,
    "v": 246.0,
    "m_w": 80.36,
    "m_z": 91.19,
    "m_t": 173.1,
    "use_glauber_measure": true,
    "C_glauber": 3.694545454545455,
    "Lambda_glauber": 1000.0
  },
  "scan_parameters": {
    "T_min": 1.0,
    "T_max": 250.0,
    "phi_scan_range": [
      -10.0,
      520.2588695434059
    ],
    "n_phi_scan": 1200,
    "n_T_seeds": 3,
    "deltaX_target": 0.1,
    "x_eps": 0.001,
    "T_eps": 0.01,
    "deriv_order": 4,
    "phitol": 1e-05,
    "overlapAngle": 45.0,
    "Tn_Ttol": 0.001,
    "Tn_maxiter": 160,
    "include_zeroT_loops": true,
    "include_scalar_loops": true,
    "include_thermal": true,
    "include_scalar_thermal": true,
    "include_daisy": false,
    "renormalize_zeroT_loops": true,
    "thermal_approx": "spline"
  },
  "key_temperatures": {
    "Tn": 69.94039047953908,
    "Tc": 83.4419596159493,
    "Ts_false": 58.04040449218387,
    "Ts_true": 93.01765820312472,
    "S_at_Tn": 9791.217283579985,
    "S_over_Tn": 139.9937463380961,
    "false_phase_key": 1,
    "true_phase_key": 0,
    "phi_false_Tn": -0.00028721978065659407,
    "phi_true_Tn": 234.61398233127076,
    "vTn_over_Tn": 3.354484879519033,
    "Tc_minus_Tn_over_Tc": 0.1618079105350913
  },
  "gw_scales": {
    "gw_T_star_GeV": 69.94039047953908,
    "gw_alpha": 0.04226207074259907,
    "gw_beta_over_H": 1305.9165039572633,
    "gw_v_w": 1.0,
    "gw_g_star": 106.75
  },
  "gw_peaks": {
    "sw": {
      "f_peak_mHz": 17.520087879747475,
      "f_peak_Hz": 0.017520087879747476,
      "omega_peak": 3.984448090950274e-16
    },
    "turb": {
      "f_peak_mHz": 29.99606045250632,
      "f_peak_Hz": 0.029996060452506322,
      "omega_peak": 2.894970107123173e-20
    },
    "coll": {
      "f_peak_mHz": NaN,
      "f_peak_Hz": NaN,
      "omega_peak": NaN
    },
    "total": {
      "f_peak_mHz": 17.520087879747475,
      "f_peak_Hz": 0.017520087879747476,
      "omega_peak": 3.984702118810691e-16
    }
  },
  "gw_run_parameters": {
    "g_star": 106.75,
    "v_w": 1.0,
    "epsilon_turb": 1.0,
    "frequency_unit": "mHz"
  },
  "S3": 9782.12097305684,
  "S3_over_T": 139.86368829208325,
  "bounce_diagnostics": {
    "label": "results_eft68_c6f20_c8f40_f520p259_mh125_Glauber_C3p69455_Lambda1000",
    "C": NaN,
    "Lambda_GeV": NaN,
    "finiteT": null,
    "temperature_GeV": NaN,
    "phi_metaMin": -0.00028721978065659407,
    "phi_absMin": 234.61398233127076,
    "phi_bar": 114.75824365843634,
    "phi_top": 78.39936538968006,
    "V(phi_meta)": -67502378.45517096,
    "V(phi_true)": -83818534.90589364,
    "V(phi_top)": -66678752.30531305,
    "DeltaV_true_minus_meta": -16316156.45072268,
    "r0": 3.5267400496126402e-06,
    "phi0": 227.60836392523956,
    "dphi0": -0.0782042879335762,
    "rscale_cubic": 0.0352674004961264,
    "rscale_curv": 0.03351567218819204,
    "wall_r_hi": 0.1193656780022895,
    "wall_thickness": 0.08730543479427187,
    "S_total": 9782.12097305684,
    "S_kin": 14672.79860371348,
    "S_pot": -4890.677630656641,
    "S_interior": 0.0,
    "S3_over_T": NaN,
    "beta_rscale": 28.35479751647233,
    "beta_curvature": 29.836792638913728,
    "beta_wall": 11.454040660314199,
    "Tn_from_transitionFinder_GeV": 69.94039047953908,
    "Tc_from_transitionFinder_GeV": 83.4419596159493,
    "T_spinodal_high_GeV": NaN,
    "T_spinodal_low_GeV": NaN,
    "gw_T_star_GeV": 69.94039047953908,
    "gw_alpha": 0.04226207074259907,
    "gw_beta_over_H": 1305.9165039572633,
    "gw_R_star_times_H": NaN,
    "gw_Gamma_Tstar_GeV4": NaN,
    "gw_dT_for_beta_GeV": NaN,
    "gw_f_sw_peak_Hz": NaN,
    "gw_f_turb_peak_Hz": NaN,
    "gw_f_coll_peak_Hz": NaN,
    "gw_g_star": 106.75,
    "gw_v_w": 1.0,
    "omega_sw_peak": NaN,
    "omega_turb_peak": NaN,
    "omega_coll_peak": NaN,
    "omega_tot_peak": NaN
  }
}