{
  "label": "results_eft68_c6f20p81_c8f45_f1000_mh125_Glauber_C3p2_Lambda1000",
  "model_parameters": {
    "c6_over_f2_TeV2": 0.8099999999999999,
    "c8_over_f4_TeV4": 5.0,
    "f_GeV": 1000.0,
    "m_h": 125.0,
    "v": 246.0,
    "m_w": 80.36,
    "m_z": 91.19,
    "m_t": 173.1,
    "use_glauber_measure": true,
    "C_glauber": 3.2,
    "Lambda_glauber": 1000.0
  },
  "derived_tree_coefficients": {
    "glauber_scheme": "counterterm_subtracted",
    "lambda_tree": 0.02810475284138544,
    "mu2_tree_GeV2": 4479.617532139521,
    "a0_mean_field": 0.3493285649493464,
    "glauber_t0": 0.19365120000000002,
    "glauber_lambda_shift": 0.0,
    "glauber_mu2_shift_after_lambda_GeV2": 0.0,
    "lambda_tree_raw_glauber_equivalent": -0.3708230747357831,
    "mu2_tree_raw_glauber_equivalent_GeV2": 80861.5308226848,
    "combo_TeV2": 2.5277399999999997
  },
  "scan_parameters": {
    "T_min": 1.0,
    "T_max": 250.0,
    "phi_scan_range": [
      -10.0,
      559.0169943749474
    ],
    "n_phi_scan": 1200,
    "n_T_seeds": 3,
    "deltaX_target": 0.1,
    "x_eps": 0.001,
    "T_eps": 0.01,
    "deriv_order": 4,
    "phitol": 0.0001,
    "overlapAngle": 45.0,
    "Tn_Ttol": 0.01,
    "Tn_maxiter": 160,
    "include_zeroT_loops": true,
    "include_scalar_loops": true,
    "include_thermal": true,
    "include_scalar_thermal": true,
    "include_daisy": false,
    "renormalize_zeroT_loops": true,
    "thermal_approx": "spline"
  },
  "key_temperatures": {
    "Tn": 75.04960884849571,
    "Tc": 87.42740935840808,
    "Ts_false": 61.45476835937143,
    "Ts_true": 95.60589648437468,
    "S_at_Tn": 10505.690112470584,
    "S_over_Tn": 139.98327604449813,
    "false_phase_key": 1,
    "true_phase_key": 0,
    "phi_false_Tn": -0.0002765230168469985,
    "phi_true_Tn": 230.84328067161522,
    "vTn_over_Tn": 3.075875866823285,
    "Tc_minus_Tn_over_Tc": 0.141578031429133
  },
  "gw_scales": {
    "gw_T_star_GeV": 75.04960884849571,
    "gw_alpha": 0.031801561588572086,
    "gw_beta_over_H": 1476.5824209497205,
    "gw_v_w": 1.0,
    "gw_g_star": 106.75
  },
  "gw_peaks": {
    "sw": {
      "f_peak_mHz": 21.393174289143477,
      "f_peak_Hz": 0.021393174289143477,
      "omega_peak": 1.4223050724350834e-16
    },
    "turb": {
      "f_peak_mHz": 36.06873760868063,
      "f_peak_Hz": 0.03606873760868063,
      "omega_peak": 1.0334266862599076e-20
    },
    "coll": {
      "f_peak_mHz": NaN,
      "f_peak_Hz": NaN,
      "omega_peak": NaN
    },
    "total": {
      "f_peak_mHz": 21.393174289143477,
      "f_peak_Hz": 0.021393174289143477,
      "omega_peak": 1.4223960358653919e-16
    }
  },
  "gw_run_parameters": {
    "g_star": 106.75,
    "v_w": 1.0,
    "epsilon_turb": 1.0,
    "frequency_unit": "mHz"
  },
  "S3": 10505.714970644513,
  "S3_over_T": 139.98360726772913,
  "bounce_diagnostics": {
    "label": "results_eft68_c6f20p81_c8f45_f1000_mh125_Glauber_C3p2_Lambda1000",
    "C": NaN,
    "Lambda_GeV": NaN,
    "finiteT": null,
    "temperature_GeV": NaN,
    "phi_metaMin": -0.0002765230168469985,
    "phi_absMin": 230.84328067161522,
    "phi_bar": 115.2234769422239,
    "phi_top": 78.29743819437185,
    "V(phi_meta)": -85767241.07162037,
    "V(phi_true)": -100387465.74256374,
    "V(phi_top)": -84866661.13376802,
    "DeltaV_true_minus_meta": -14620224.670943365,
    "r0": 3.3683121143436274e-06,
    "phi0": 224.79014864322056,
    "dphi0": -0.06022173490487542,
    "rscale_cubic": 0.03368312114343627,
    "rscale_curv": 0.03200252005782559,
    "wall_r_hi": 0.12255405716958928,
    "wall_thickness": 0.08724794557577209,
    "S_total": 10505.714970644513,
    "S_kin": 15750.03409163912,
    "S_pot": -5244.319120994603,
    "S_interior": 0.0,
    "S3_over_T": NaN,
    "beta_rscale": 29.68846015610008,
    "beta_curvature": 31.247539190500405,
    "beta_wall": 11.461587930818744,
    "Tn_from_transitionFinder_GeV": 75.04960884849571,
    "Tc_from_transitionFinder_GeV": 87.42740935840808,
    "T_spinodal_high_GeV": NaN,
    "T_spinodal_low_GeV": NaN,
    "gw_T_star_GeV": 75.04960884849571,
    "gw_alpha": 0.031801561588572086,
    "gw_beta_over_H": 1476.5824209497205,
    "gw_R_star_times_H": NaN,
    "gw_Gamma_Tstar_GeV4": NaN,
    "gw_dT_for_beta_GeV": NaN,
    "gw_f_sw_peak_Hz": NaN,
    "gw_f_turb_peak_Hz": NaN,
    "gw_f_coll_peak_Hz": NaN,
    "gw_g_star": 106.75,
    "gw_v_w": 1.0,
    "omega_sw_peak": NaN,
    "omega_turb_peak": NaN,
    "omega_coll_peak": NaN,
    "omega_tot_peak": NaN
  }
}