{
  "label": "results_eft68_c6f23p18586_c8f42_f1000_mh125_Glauber_off",
  "model_parameters": {
    "c6_over_f2_TeV2": 3.1858585858585857,
    "c8_over_f4_TeV4": 2.0,
    "f_GeV": 1000.0,
    "m_h": 125.0,
    "v": 246.0,
    "m_w": 80.36,
    "m_z": 91.19,
    "m_t": 173.1,
    "use_glauber_measure": false,
    "C_glauber": 0.0,
    "Lambda_glauber": 1000.0
  },
  "derived_tree_coefficients": {
    "glauber_scheme": "counterterm_subtracted",
    "lambda_tree": -0.1710815962793418,
    "mu2_tree_GeV2": -1381.1473719543728,
    "a0_mean_field": 0.24973539038898276,
    "glauber_t0": 0.0,
    "glauber_lambda_shift": 0.0,
    "glauber_mu2_shift_after_lambda_GeV2": 0.0,
    "lambda_tree_raw_glauber_equivalent": -0.1710815962793418,
    "mu2_tree_raw_glauber_equivalent_GeV2": -1381.1473719543728,
    "combo_TeV2": 6.734813171717171
  },
  "scan_parameters": {
    "T_min": 1.0,
    "T_max": 250.0,
    "phi_scan_range": [
      -10,
      1000.0
    ],
    "n_phi_scan": 1200,
    "n_T_seeds": 3,
    "deltaX_target": 0.1,
    "x_eps": 0.001,
    "T_eps": 0.01,
    "deriv_order": 4,
    "phitol": 0.0001,
    "overlapAngle": 45.0,
    "Tn_Ttol": 0.01,
    "Tn_maxiter": 160,
    "include_zeroT_loops": true,
    "include_scalar_loops": true,
    "include_thermal": true,
    "include_scalar_thermal": true,
    "include_daisy": false,
    "renormalize_zeroT_loops": true,
    "thermal_approx": "spline"
  },
  "key_temperatures": {
    "Tn": 73.64662986278131,
    "Tc": 90.78016030293156,
    "Ts_false": 41.520470312494645,
    "Ts_true": 93.89353515624968,
    "S_at_Tn": 10319.078732346634,
    "S_over_Tn": 140.11610241464112,
    "false_phase_key": 2,
    "true_phase_key": 0,
    "phi_false_Tn": -3.981193589469122e-05,
    "phi_true_Tn": 231.6028292778076,
    "vTn_over_Tn": 3.144785168164937,
    "Tc_minus_Tn_over_Tc": 0.1887365078776685
  },
  "gw_scales": {
    "gw_T_star_GeV": 73.64662986278131,
    "gw_alpha": 0.03376676694466223,
    "gw_beta_over_H": 717.2225759796357,
    "gw_v_w": 1.0,
    "gw_g_star": 106.75
  },
  "gw_peaks": {
    "sw": {
      "f_peak_mHz": 10.077112648825867,
      "f_peak_Hz": 0.010077112648825867,
      "omega_peak": 7.119542307750121e-16
    },
    "turb": {
      "f_peak_mHz": 17.252977398036524,
      "f_peak_Hz": 0.017252977398036523,
      "omega_peak": 5.173218543878558e-20
    },
    "coll": {
      "f_peak_mHz": NaN,
      "f_peak_Hz": NaN,
      "omega_peak": NaN
    },
    "total": {
      "f_peak_mHz": 10.077112648825867,
      "f_peak_Hz": 0.010077112648825867,
      "omega_peak": 7.119995040782194e-16
    }
  },
  "gw_run_parameters": {
    "g_star": 106.75,
    "v_w": 1.0,
    "epsilon_turb": 1.0,
    "frequency_unit": "mHz"
  },
  "S3": 10320.181693044127,
  "S3_over_T": 140.1310788052723,
  "bounce_diagnostics": {
    "label": "results_eft68_c6f23p18586_c8f42_f1000_mh125_Glauber_off",
    "C": NaN,
    "Lambda_GeV": NaN,
    "finiteT": null,
    "temperature_GeV": NaN,
    "phi_metaMin": -3.981193589469122e-05,
    "phi_absMin": 231.6028292778076,
    "phi_bar": 117.0588301494113,
    "phi_top": 79.28727707412695,
    "V(phi_meta)": -74946910.28179303,
    "V(phi_true)": -92440647.54059404,
    "V(phi_top)": -73542905.09270911,
    "DeltaV_true_minus_meta": -17493737.258801013,
    "r0": 2.7317675368659737e-06,
    "phi0": 224.84406632351607,
    "dphi0": -0.0578487440695855,
    "rscale_cubic": 0.027317675368659734,
    "rscale_curv": 0.026060238057452924,
    "wall_r_hi": 0.10937815052430155,
    "wall_thickness": 0.07684275854370054,
    "S_total": 10320.181693044127,
    "S_kin": 15500.074022336697,
    "S_pot": -5179.89232929257,
    "S_interior": 0.0,
    "S3_over_T": NaN,
    "beta_rscale": 36.60633587978179,
    "beta_curvature": 38.372633304265364,
    "beta_wall": 13.013587993868013,
    "Tn_from_transitionFinder_GeV": 73.64662986278131,
    "Tc_from_transitionFinder_GeV": 90.78016030293156,
    "T_spinodal_high_GeV": NaN,
    "T_spinodal_low_GeV": NaN,
    "gw_T_star_GeV": 73.64662986278131,
    "gw_alpha": 0.03376676694466223,
    "gw_beta_over_H": 717.2225759796357,
    "gw_R_star_times_H": NaN,
    "gw_Gamma_Tstar_GeV4": NaN,
    "gw_dT_for_beta_GeV": NaN,
    "gw_f_sw_peak_Hz": NaN,
    "gw_f_turb_peak_Hz": NaN,
    "gw_f_coll_peak_Hz": NaN,
    "gw_g_star": 106.75,
    "gw_v_w": 1.0,
    "omega_sw_peak": NaN,
    "omega_turb_peak": NaN,
    "omega_coll_peak": NaN,
    "omega_tot_peak": NaN
  }
}