{
  "label": "results_eft68_c6f23p035_c8f42_f1000_mh125_Glauber_off",
  "model_parameters": {
    "c6_over_f2_TeV2": 3.035,
    "c8_over_f4_TeV4": 2.0,
    "f_GeV": 1000.0,
    "m_h": 125.0,
    "v": 246.0,
    "m_w": 80.36,
    "m_z": 91.19,
    "m_t": 173.1,
    "use_glauber_measure": false,
    "C_glauber": 0.0,
    "Lambda_glauber": 1000.0
  },
  "scan_parameters": {
    "T_min": 1.0,
    "T_max": 250.0,
    "phi_scan_range": [
      -10,
      1000.0
    ],
    "n_phi_scan": 1200,
    "n_T_seeds": 3,
    "deltaX_target": 0.1,
    "x_eps": 0.001,
    "T_eps": 0.01,
    "deriv_order": 4,
    "phitol": 1e-05,
    "overlapAngle": 45.0,
    "Tn_Ttol": 0.001,
    "Tn_maxiter": 160,
    "include_zeroT_loops": true,
    "include_scalar_loops": true,
    "include_thermal": true,
    "include_scalar_thermal": true,
    "include_daisy": false,
    "renormalize_zeroT_loops": true,
    "thermal_approx": "spline"
  },
  "key_temperatures": {
    "Tn": 80.85646342345309,
    "Tc": 93.85849895016688,
    "Ts_false": 56.04937714843337,
    "Ts_true": 95.28929687499965,
    "S_at_Tn": 11304.796442084633,
    "S_over_Tn": 139.81314496628826,
    "false_phase_key": 2,
    "true_phase_key": 0,
    "phi_false_Tn": -4.390765302520041e-05,
    "phi_true_Tn": 225.34677662325313,
    "vTn_over_Tn": 2.7869976880276144,
    "Tc_minus_Tn_over_Tc": 0.1385280573644915
  },
  "gw_scales": {
    "gw_T_star_GeV": 80.85646342345309,
    "gw_alpha": 0.02312706376433687,
    "gw_beta_over_H": 1126.1848838788114,
    "gw_v_w": 1.0,
    "gw_g_star": 106.75
  },
  "gw_peaks": {
    "sw": {
      "f_peak_mHz": 17.520087879747475,
      "f_peak_Hz": 0.017520087879747476,
      "omega_peak": 1.0023257251645697e-16
    },
    "turb": {
      "f_peak_mHz": 29.99606045250632,
      "f_peak_Hz": 0.029996060452506322,
      "omega_peak": 7.282500689852293e-21
    },
    "coll": {
      "f_peak_mHz": NaN,
      "f_peak_Hz": NaN,
      "omega_peak": NaN
    },
    "total": {
      "f_peak_mHz": 17.520087879747475,
      "f_peak_Hz": 0.017520087879747476,
      "omega_peak": 1.0023897226626095e-16
    }
  },
  "gw_run_parameters": {
    "g_star": 106.75,
    "v_w": 1.0,
    "epsilon_turb": 1.0,
    "frequency_unit": "mHz"
  },
  "S3": 11320.553064274316,
  "S3_over_T": 140.00801648951042,
  "bounce_diagnostics": {
    "label": "results_eft68_c6f23p035_c8f42_f1000_mh125_Glauber_off",
    "C": NaN,
    "Lambda_GeV": NaN,
    "finiteT": null,
    "temperature_GeV": NaN,
    "phi_metaMin": -4.390765302520041e-05,
    "phi_absMin": 225.34677662325313,
    "phi_bar": 116.02593937484225,
    "phi_top": 77.19003736108063,
    "V(phi_meta)": -109345393.1510139,
    "V(phi_true)": -123111770.05023067,
    "V(phi_top)": -108109464.24382119,
    "DeltaV_true_minus_meta": -13766376.899216771,
    "r0": 2.834582672081583e-06,
    "phi0": 219.57856126868404,
    "dphi0": -0.04337500862783087,
    "rscale_cubic": 0.028345826720815828,
    "rscale_curv": 0.026855532879637857,
    "wall_r_hi": 0.11958848801112057,
    "wall_thickness": 0.08194483277980455,
    "S_total": 11320.553064274316,
    "S_kin": 16983.490652123382,
    "S_pot": -5662.9375878490655,
    "S_interior": 0.0,
    "S3_over_T": NaN,
    "beta_rscale": 35.27856180908802,
    "beta_curvature": 37.23627405883066,
    "beta_wall": 12.203331998823137,
    "Tn_from_transitionFinder_GeV": 80.85646342345309,
    "Tc_from_transitionFinder_GeV": 93.85849895016688,
    "T_spinodal_high_GeV": NaN,
    "T_spinodal_low_GeV": NaN,
    "gw_T_star_GeV": 80.85646342345309,
    "gw_alpha": 0.02312706376433687,
    "gw_beta_over_H": 1126.1848838788114,
    "gw_R_star_times_H": NaN,
    "gw_Gamma_Tstar_GeV4": NaN,
    "gw_dT_for_beta_GeV": NaN,
    "gw_f_sw_peak_Hz": NaN,
    "gw_f_turb_peak_Hz": NaN,
    "gw_f_coll_peak_Hz": NaN,
    "gw_g_star": 106.75,
    "gw_v_w": 1.0,
    "omega_sw_peak": NaN,
    "omega_turb_peak": NaN,
    "omega_coll_peak": NaN,
    "omega_tot_peak": NaN
  }
}