{
  "label": "results_eft68_c6f23p35167_c8f40_f1000_mh125_Glauber_off",
  "model_parameters": {
    "c6_over_f2_TeV2": 3.3516666666666666,
    "c8_over_f4_TeV4": 0.0,
    "f_GeV": 1000.0,
    "m_h": 125.0,
    "v": 246.0,
    "m_w": 80.36,
    "m_z": 91.19,
    "m_t": 173.1,
    "use_glauber_measure": false,
    "C_glauber": 0.0,
    "Lambda_glauber": 1000.0
  },
  "scan_parameters": {
    "T_min": 1.0,
    "T_max": 250.0,
    "phi_scan_range": [
      -10,
      1000.0
    ],
    "n_phi_scan": 1200,
    "n_T_seeds": 3,
    "deltaX_target": 0.1,
    "x_eps": 0.001,
    "T_eps": 0.01,
    "deriv_order": 4,
    "phitol": 1e-05,
    "overlapAngle": 45.0,
    "Tn_Ttol": 0.001,
    "Tn_maxiter": 160,
    "include_zeroT_loops": true,
    "include_scalar_loops": true,
    "include_thermal": true,
    "include_scalar_thermal": true,
    "include_daisy": false,
    "renormalize_zeroT_loops": true,
    "thermal_approx": "spline"
  },
  "key_temperatures": {
    "Tn": 73.35051010017276,
    "Tc": 90.80190012587263,
    "Ts_false": 39.68876406249448,
    "Ts_true": 94.1118964843747,
    "S_at_Tn": 10269.303795167454,
    "S_over_Tn": 140.00316809171403,
    "false_phase_key": 2,
    "true_phase_key": 0,
    "phi_false_Tn": -4.726528791411801e-05,
    "phi_true_Tn": 231.8698855222409,
    "vTn_over_Tn": 3.16112165008236,
    "Tc_minus_Tn_over_Tc": 0.19219190348999501
  },
  "gw_scales": {
    "gw_T_star_GeV": 73.35051010017276,
    "gw_alpha": 0.03449251258045516,
    "gw_beta_over_H": 827.8405143676839,
    "gw_v_w": 1.0,
    "gw_g_star": 106.75
  },
  "gw_peaks": {
    "sw": {
      "f_peak_mHz": 11.750555064331126,
      "f_peak_Hz": 0.011750555064331127,
      "omega_peak": 5.668078169558448e-16
    },
    "turb": {
      "f_peak_mHz": 19.81135111804306,
      "f_peak_Hz": 0.01981135111804306,
      "omega_peak": 4.1186019940565545e-20
    },
    "coll": {
      "f_peak_mHz": NaN,
      "f_peak_Hz": NaN,
      "omega_peak": NaN
    },
    "total": {
      "f_peak_mHz": 11.750555064331126,
      "f_peak_Hz": 0.011750555064331127,
      "omega_peak": 5.668441106381968e-16
    }
  },
  "gw_run_parameters": {
    "g_star": 106.75,
    "v_w": 1.0,
    "epsilon_turb": 1.0,
    "frequency_unit": "mHz"
  },
  "S3": 10271.518426325563,
  "S3_over_T": 140.0333605355714,
  "bounce_diagnostics": {
    "label": "results_eft68_c6f23p35167_c8f40_f1000_mh125_Glauber_off",
    "C": NaN,
    "Lambda_GeV": NaN,
    "finiteT": null,
    "temperature_GeV": NaN,
    "phi_metaMin": -4.726528791411801e-05,
    "phi_absMin": 231.8698855222409,
    "phi_bar": 117.22054275387282,
    "phi_top": 79.37928056127748,
    "V(phi_meta)": -73737363.79846099,
    "V(phi_true)": -91550113.39769173,
    "V(phi_top)": -72296917.09222966,
    "DeltaV_true_minus_meta": -17812749.599230736,
    "r0": 2.700120800259751e-06,
    "phi0": 225.07008219122378,
    "dphi0": -0.05819134653733754,
    "rscale_cubic": 0.027001208002597508,
    "rscale_curv": 0.025718057571122572,
    "wall_r_hi": 0.10840441231261827,
    "wall_thickness": 0.07614490158621628,
    "S_total": 10271.518426325563,
    "S_kin": 15419.735127272997,
    "S_pot": -5148.2167009474315,
    "S_interior": 0.0,
    "S3_over_T": NaN,
    "beta_rscale": 37.035380043137344,
    "beta_curvature": 38.88318572071067,
    "beta_wall": 13.132855636667072,
    "Tn_from_transitionFinder_GeV": 73.35051010017276,
    "Tc_from_transitionFinder_GeV": 90.80190012587263,
    "T_spinodal_high_GeV": NaN,
    "T_spinodal_low_GeV": NaN,
    "gw_T_star_GeV": 73.35051010017276,
    "gw_alpha": 0.03449251258045516,
    "gw_beta_over_H": 827.8405143676839,
    "gw_R_star_times_H": NaN,
    "gw_Gamma_Tstar_GeV4": NaN,
    "gw_dT_for_beta_GeV": NaN,
    "gw_f_sw_peak_Hz": NaN,
    "gw_f_turb_peak_Hz": NaN,
    "gw_f_coll_peak_Hz": NaN,
    "gw_g_star": 106.75,
    "gw_v_w": 1.0,
    "omega_sw_peak": NaN,
    "omega_turb_peak": NaN,
    "omega_coll_peak": NaN,
    "omega_tot_peak": NaN
  }
}