{
  "label": "results_eft68_c6f20_c8f40_f787p203_mh125_Glauber_C6p45485_Lambda2000",
  "model_parameters": {
    "c6_over_f2_TeV2": 0.0,
    "c8_over_f4_TeV4": 0.0,
    "f_GeV": 787.2034149244465,
    "m_h": 125.0,
    "v": 246.0,
    "m_w": 80.36,
    "m_z": 91.19,
    "m_t": 173.1,
    "use_glauber_measure": true,
    "C_glauber": 6.454848484848485,
    "Lambda_glauber": 2000.0
  },
  "derived_tree_coefficients": {
    "glauber_scheme": "counterterm_subtracted",
    "lambda_tree": 0.12909808976138543,
    "mu2_tree_GeV2": 7812.5,
    "a0_mean_field": 0.3998252334093464,
    "glauber_t0": 0.09765540272727273,
    "glauber_lambda_shift": 0.0,
    "glauber_mu2_shift_after_lambda_GeV2": 0.0,
    "lambda_tree_raw_glauber_equivalent": -1.167088498713064,
    "mu2_tree_raw_glauber_equivalent_GeV2": 654165.296232743,
    "combo_TeV2": 0.0
  },
  "scan_parameters": {
    "T_min": 1.0,
    "T_max": 250.0,
    "phi_scan_range": [
      -10.0,
      787.2034149244465
    ],
    "n_phi_scan": 1200,
    "n_T_seeds": 3,
    "deltaX_target": 0.1,
    "x_eps": 0.001,
    "T_eps": 0.01,
    "deriv_order": 4,
    "phitol": 0.0001,
    "overlapAngle": 45.0,
    "Tn_Ttol": 0.01,
    "Tn_maxiter": 160,
    "include_zeroT_loops": true,
    "include_scalar_loops": true,
    "include_thermal": true,
    "include_scalar_thermal": true,
    "include_daisy": true,
    "renormalize_zeroT_loops": true,
    "thermal_approx": "spline"
  },
  "key_temperatures": {
    "Tn": 74.7135262385856,
    "Tc": 87.49538901477588,
    "Ts_false": 61.702795703121154,
    "Ts_true": 96.86548632812466,
    "S_at_Tn": 10459.600081365097,
    "S_over_Tn": 139.99607042992523,
    "false_phase_key": 1,
    "true_phase_key": 0,
    "phi_false_Tn": -0.001079888849382755,
    "phi_true_Tn": 232.2479333544366,
    "vTn_over_Tn": 3.1085125417958492,
    "Tc_minus_Tn_over_Tc": 0.14608613002488313
  },
  "gw_scales": {
    "gw_T_star_GeV": 74.7135262385856,
    "gw_alpha": 0.03417407279399454,
    "gw_beta_over_H": 1333.7494655949745,
    "gw_v_w": 1.0,
    "gw_g_star": 106.75
  },
  "gw_peaks": {
    "sw": {
      "f_peak_mHz": 19.211870093326358,
      "f_peak_Hz": 0.01921187009332636,
      "omega_peak": 2.1284320325441644e-16
    },
    "turb": {
      "f_peak_mHz": 32.39107446153521,
      "f_peak_Hz": 0.03239107446153521,
      "omega_peak": 1.5464449120915583e-20
    },
    "coll": {
      "f_peak_mHz": NaN,
      "f_peak_Hz": NaN,
      "omega_peak": NaN
    },
    "total": {
      "f_peak_mHz": 19.211870093326358,
      "f_peak_Hz": 0.01921187009332636,
      "omega_peak": 2.1285680671206468e-16
    }
  },
  "gw_run_parameters": {
    "g_star": 106.75,
    "v_w": 1.0,
    "epsilon_turb": 1.0,
    "frequency_unit": "mHz"
  },
  "S3": 10460.468998616743,
  "S3_over_T": 140.00770041575768,
  "bounce_diagnostics": {
    "label": "results_eft68_c6f20_c8f40_f787p203_mh125_Glauber_C6p45485_Lambda2000",
    "C": NaN,
    "Lambda_GeV": NaN,
    "finiteT": null,
    "temperature_GeV": NaN,
    "phi_metaMin": -0.001079888849382755,
    "phi_absMin": 232.2479333544366,
    "phi_bar": 117.80156894133385,
    "phi_top": 80.11497895273074,
    "V(phi_meta)": -88129043.84036638,
    "V(phi_true)": -103994513.15082946,
    "V(phi_top)": -87124101.42498684,
    "DeltaV_true_minus_meta": -15865469.310463086,
    "r0": 3.262671604727192e-06,
    "phi0": 226.41034181790562,
    "dphi0": -0.059444384154535734,
    "rscale_cubic": 0.032626716047271916,
    "rscale_curv": 0.030932506284706514,
    "wall_r_hi": 0.1186680434274066,
    "wall_thickness": 0.08372775601746758,
    "S_total": 10460.468998616743,
    "S_kin": 15679.395322265915,
    "S_pot": -5218.92632364917,
    "S_interior": 0.0,
    "S3_over_T": NaN,
    "beta_rscale": 30.649728846480553,
    "beta_curvature": 32.32840750941859,
    "beta_wall": 11.943470690787132,
    "Tn_from_transitionFinder_GeV": 74.7135262385856,
    "Tc_from_transitionFinder_GeV": 87.49538901477588,
    "T_spinodal_high_GeV": NaN,
    "T_spinodal_low_GeV": NaN,
    "gw_T_star_GeV": 74.7135262385856,
    "gw_alpha": 0.03417407279399454,
    "gw_beta_over_H": 1333.7494655949745,
    "gw_R_star_times_H": NaN,
    "gw_Gamma_Tstar_GeV4": NaN,
    "gw_dT_for_beta_GeV": NaN,
    "gw_f_sw_peak_Hz": NaN,
    "gw_f_turb_peak_Hz": NaN,
    "gw_f_coll_peak_Hz": NaN,
    "gw_g_star": 106.75,
    "gw_v_w": 1.0,
    "omega_sw_peak": NaN,
    "omega_turb_peak": NaN,
    "omega_coll_peak": NaN,
    "omega_tot_peak": NaN
  }
}