{
  "label": "results_eft68_c6f20_c8f40_f512p132_mh125_Glauber_C3p81273_Lambda1000",
  "model_parameters": {
    "c6_over_f2_TeV2": 0.0,
    "c8_over_f4_TeV4": 0.0,
    "f_GeV": 512.1322552122675,
    "m_h": 125.0,
    "v": 246.0,
    "m_w": 80.36,
    "m_z": 91.19,
    "m_t": 173.1,
    "use_glauber_measure": true,
    "C_glauber": 3.8127272727272725,
    "Lambda_glauber": 1000.0
  },
  "scan_parameters": {
    "T_min": 1.0,
    "T_max": 250.0,
    "phi_scan_range": [
      -10.0,
      512.1322552122675
    ],
    "n_phi_scan": 1200,
    "n_T_seeds": 3,
    "deltaX_target": 0.1,
    "x_eps": 0.001,
    "T_eps": 0.01,
    "deriv_order": 4,
    "phitol": 1e-05,
    "overlapAngle": 45.0,
    "Tn_Ttol": 0.001,
    "Tn_maxiter": 160,
    "include_zeroT_loops": true,
    "include_scalar_loops": true,
    "include_thermal": true,
    "include_scalar_thermal": true,
    "include_daisy": true,
    "renormalize_zeroT_loops": true,
    "thermal_approx": "spline"
  },
  "key_temperatures": {
    "Tn": 49.86289106332524,
    "Tc": 76.36223562573296,
    "Ts_false": 28.533174999994337,
    "Ts_true": 90.72024414062477,
    "S_at_Tn": 6980.696784768176,
    "S_over_Tn": 139.99783478063435,
    "false_phase_key": 1,
    "true_phase_key": 0,
    "phi_false_Tn": -0.00039652418129053997,
    "phi_true_Tn": 242.91343541343954,
    "vTn_over_Tn": 4.871627581821169,
    "Tc_minus_Tn_over_Tc": 0.34702159182827574
  },
  "gw_scales": {
    "gw_T_star_GeV": 49.86289106332524,
    "gw_alpha": 0.14884600712941706,
    "gw_beta_over_H": 366.61546957044067,
    "gw_v_w": 1.0,
    "gw_g_star": 106.75
  },
  "gw_peaks": {
    "sw": {
      "f_peak_mHz": 3.4910209927061624,
      "f_peak_Hz": 0.0034910209927061626,
      "omega_peak": 1.3308044264676624e-13
    },
    "turb": {
      "f_peak_mHz": 5.976960701163556,
      "f_peak_Hz": 0.005976960701163556,
      "omega_peak": 9.66973344869729e-18
    },
    "coll": {
      "f_peak_mHz": NaN,
      "f_peak_Hz": NaN,
      "omega_peak": NaN
    },
    "total": {
      "f_peak_mHz": 3.4910209927061624,
      "f_peak_Hz": 0.0034910209927061626,
      "omega_peak": 1.3308890923696117e-13
    }
  },
  "gw_run_parameters": {
    "g_star": 106.75,
    "v_w": 1.0,
    "epsilon_turb": 1.0,
    "frequency_unit": "mHz"
  },
  "S3": 6972.8641612532165,
  "S3_over_T": 139.84075156006833,
  "bounce_diagnostics": {
    "label": "results_eft68_c6f20_c8f40_f512p132_mh125_Glauber_C3p81273_Lambda1000",
    "C": NaN,
    "Lambda_GeV": NaN,
    "finiteT": null,
    "temperature_GeV": NaN,
    "phi_metaMin": -0.00039652418129053997,
    "phi_absMin": 242.91343541343954,
    "phi_bar": 105.19492526121968,
    "phi_top": 73.18103133771623,
    "V(phi_meta)": -19130956.966361158,
    "V(phi_true)": -43512818.051455185,
    "V(phi_top)": -18444493.17078278,
    "DeltaV_true_minus_meta": -24381861.085094027,
    "r0": 3.6059228867963985e-06,
    "phi0": 228.1336027733708,
    "dphi0": -0.1941231221060996,
    "rscale_cubic": 0.036059228867963984,
    "rscale_curv": 0.03229019383177425,
    "wall_r_hi": 0.10339303235158807,
    "wall_thickness": 0.08562614582626962,
    "S_total": 6972.8641612532165,
    "S_kin": 10459.384404540904,
    "S_pot": -3486.520243287688,
    "S_interior": 0.0,
    "S3_over_T": NaN,
    "beta_rscale": 27.732151557140693,
    "beta_curvature": 30.9691447859067,
    "beta_wall": 11.678675833768587,
    "Tn_from_transitionFinder_GeV": 49.86289106332524,
    "Tc_from_transitionFinder_GeV": 76.36223562573296,
    "T_spinodal_high_GeV": NaN,
    "T_spinodal_low_GeV": NaN,
    "gw_T_star_GeV": 49.86289106332524,
    "gw_alpha": 0.14884600712941706,
    "gw_beta_over_H": 366.61546957044067,
    "gw_R_star_times_H": NaN,
    "gw_Gamma_Tstar_GeV4": NaN,
    "gw_dT_for_beta_GeV": NaN,
    "gw_f_sw_peak_Hz": NaN,
    "gw_f_turb_peak_Hz": NaN,
    "gw_f_coll_peak_Hz": NaN,
    "gw_g_star": 106.75,
    "gw_v_w": 1.0,
    "omega_sw_peak": NaN,
    "omega_turb_peak": NaN,
    "omega_coll_peak": NaN,
    "omega_tot_peak": NaN
  }
}