{
  "label": "results_eft68_c6f20_c8f40_f786p613_mh125_Glauber_C6p46455_Lambda2000",
  "model_parameters": {
    "c6_over_f2_TeV2": 0.0,
    "c8_over_f4_TeV4": 0.0,
    "f_GeV": 786.6127815639753,
    "m_h": 125.0,
    "v": 246.0,
    "m_w": 80.36,
    "m_z": 91.19,
    "m_t": 173.1,
    "use_glauber_measure": true,
    "C_glauber": 6.464545454545455,
    "Lambda_glauber": 2000.0
  },
  "scan_parameters": {
    "T_min": 1.0,
    "T_max": 250.0,
    "phi_scan_range": [
      -10.0,
      786.6127815639753
    ],
    "n_phi_scan": 1200,
    "n_T_seeds": 3,
    "deltaX_target": 0.1,
    "x_eps": 0.001,
    "T_eps": 0.01,
    "deriv_order": 4,
    "phitol": 1e-05,
    "overlapAngle": 45.0,
    "Tn_Ttol": 0.001,
    "Tn_maxiter": 160,
    "include_zeroT_loops": true,
    "include_scalar_loops": true,
    "include_thermal": true,
    "include_scalar_thermal": true,
    "include_daisy": true,
    "renormalize_zeroT_loops": true,
    "thermal_approx": "spline"
  },
  "key_temperatures": {
    "Tn": 74.13593799166567,
    "Tc": 87.20166113826339,
    "Ts_false": 61.31356404551249,
    "Ts_true": 96.72396484374964,
    "S_at_Tn": 10377.552673855484,
    "S_over_Tn": 139.98005495016633,
    "false_phase_key": 1,
    "true_phase_key": 0,
    "phi_false_Tn": -0.0011463678804698194,
    "phi_true_Tn": 232.65479537873455,
    "vTn_over_Tn": 3.13821881372688,
    "Tc_minus_Tn_over_Tc": 0.14983342032763852
  },
  "gw_scales": {
    "gw_T_star_GeV": 74.13593799166567,
    "gw_alpha": 0.03518232426712552,
    "gw_beta_over_H": 1421.299986146176,
    "gw_v_w": 1.0,
    "gw_g_star": 106.75
  },
  "gw_peaks": {
    "sw": {
      "f_peak_mHz": 20.118070324728365,
      "f_peak_Hz": 0.020118070324728364,
      "omega_peak": 2.0312429438783975e-16
    },
    "turb": {
      "f_peak_mHz": 34.4440540361618,
      "f_peak_Hz": 0.034444054036161804,
      "omega_peak": 1.475923550437621e-20
    },
    "coll": {
      "f_peak_mHz": NaN,
      "f_peak_Hz": NaN,
      "omega_peak": NaN
    },
    "total": {
      "f_peak_mHz": 20.118070324728365,
      "f_peak_Hz": 0.020118070324728364,
      "omega_peak": 2.0313721588121176e-16
    }
  },
  "gw_run_parameters": {
    "g_star": 106.75,
    "v_w": 1.0,
    "epsilon_turb": 1.0,
    "frequency_unit": "mHz"
  },
  "S3": 10361.466652296569,
  "S3_over_T": 139.7630748728289,
  "bounce_diagnostics": {
    "label": "results_eft68_c6f20_c8f40_f786p613_mh125_Glauber_C6p46455_Lambda2000",
    "C": NaN,
    "Lambda_GeV": NaN,
    "finiteT": null,
    "temperature_GeV": NaN,
    "phi_metaMin": -0.0011463678804698194,
    "phi_absMin": 232.65479537873455,
    "phi_bar": 117.78450407950028,
    "phi_top": 80.16041596533695,
    "V(phi_meta)": -85533753.96721447,
    "V(phi_true)": -101676156.18753055,
    "V(phi_top)": -84521177.95298952,
    "DeltaV_true_minus_meta": -16142402.220316082,
    "r0": 3.2521961391036117e-06,
    "phi0": 226.7180858788583,
    "dphi0": -0.060907146347088964,
    "rscale_cubic": 0.032521961391036115,
    "rscale_curv": 0.030812674832799324,
    "wall_r_hi": 0.11789271699394557,
    "wall_thickness": 0.0833701354476695,
    "S_total": 10361.466652296569,
    "S_kin": 15541.035245926072,
    "S_pot": -5179.568593629505,
    "S_interior": 0.0,
    "S3_over_T": NaN,
    "beta_rscale": 30.748452960024288,
    "beta_curvature": 32.45420261830081,
    "beta_wall": 11.994702834898101,
    "Tn_from_transitionFinder_GeV": 74.13593799166567,
    "Tc_from_transitionFinder_GeV": 87.20166113826339,
    "T_spinodal_high_GeV": NaN,
    "T_spinodal_low_GeV": NaN,
    "gw_T_star_GeV": 74.13593799166567,
    "gw_alpha": 0.03518232426712552,
    "gw_beta_over_H": 1421.299986146176,
    "gw_R_star_times_H": NaN,
    "gw_Gamma_Tstar_GeV4": NaN,
    "gw_dT_for_beta_GeV": NaN,
    "gw_f_sw_peak_Hz": NaN,
    "gw_f_turb_peak_Hz": NaN,
    "gw_f_coll_peak_Hz": NaN,
    "gw_g_star": 106.75,
    "gw_v_w": 1.0,
    "omega_sw_peak": NaN,
    "omega_turb_peak": NaN,
    "omega_coll_peak": NaN,
    "omega_tot_peak": NaN
  }
}