{
  "label": "Glauber_Paper_",
  "C": 6.75,
  "Lambda_GeV": 2000.0,
  "finiteT": true,
  "temperature_GeV": 48.21531654948865,
  "phi_metaMin": -0.0013048620410230282,
  "phi_absMin": 244.60010767023607,
  "phi_bar": 106.85533506019908,
  "phi_top": 74.17466343167625,
  "V(phi_meta)": 106440413.0149813,
  "V(phi_true)": 78672608.44162707,
  "V(phi_top)": 107342267.37724417,
  "DeltaV_true_minus_meta": -27767804.57335423,
  "r0": 3.1887420875074417e-06,
  "phi0": 228.53345539057926,
  "dphi0": -0.19325301592124586,
  "rscale_cubic": 0.031887420875074415,
  "rscale_curv": 0.02865349825775573,
  "wall_r_hi": 0.09574830781984904,
  "wall_thickness": 0.07987479017419027,
  "S_total": 6745.004789790199,
  "S_kin": 10117.214860172393,
  "S_pot": -3372.2100703821943,
  "S_interior": 0.0,
  "S3_over_T": 139.89340467913476,
  "beta_rscale": 31.360328698821625,
  "beta_curvature": 34.8997459260927,
  "beta_wall": 12.519594703400264,
  "Tn_from_transitionFinder_GeV": 48.21531654948865,
  "Tc_from_transitionFinder_GeV": 83.15723642200312,
  "T_spinodal_high_GeV": 14.787042965487844,
  "T_spinodal_low_GeV": 99.82291015625044,
  "gw_T_star_GeV": 48.21531654948865,
  "gw_alpha": 0.17614103587725205,
  "gw_beta_over_H": 175.88994292703285,
  "gw_R_star_times_H": 0.016653503471419084,
  "gw_Gamma_Tstar_GeV4": 8.968472026506008e-53,
  "gw_dT_for_beta_GeV": 0.035348899557297184,
  "gw_f_sw_peak_Hz": 1.6289494671523062,
  "gw_f_turb_peak_Hz": 2.314822927005909,
  "gw_f_coll_peak_Hz": 0.32483729140288675,
  "gw_g_star": 106.75,
  "gw_v_w": 1.0,
  "omega_sw_peak": 8.642881804386539e-13,
  "omega_turb_peak": 6.280131014851334e-17,
  "omega_coll_peak": 0.0,
  "omega_tot_peak": 8.64343085605809e-13
}