{
  "label": "results_eft68_c6f20_c8f40_f515p939_mh125_Glauber_C3p75667_Lambda1000",
  "model_parameters": {
    "c6_over_f2_TeV2": 0.0,
    "c8_over_f4_TeV4": 0.0,
    "f_GeV": 515.9393703675823,
    "m_h": 125.0,
    "v": 246.0,
    "m_w": 80.36,
    "m_z": 91.19,
    "m_t": 173.1,
    "use_glauber_measure": true,
    "C_glauber": 3.756666666666667,
    "Lambda_glauber": 1000.0
  },
  "derived_tree_coefficients": {
    "glauber_scheme": "counterterm_subtracted",
    "lambda_tree": 0.12909808976138543,
    "mu2_tree_GeV2": 7812.5,
    "a0_mean_field": 0.3998252334093464,
    "glauber_t0": 0.22733844,
    "glauber_lambda_shift": 0.0,
    "glauber_mu2_shift_after_lambda_GeV2": 0.0,
    "lambda_tree_raw_glauber_equivalent": -0.4696814784662557,
    "mu2_tree_raw_glauber_equivalent_GeV2": 94732.20071113136,
    "combo_TeV2": 0.0
  },
  "scan_parameters": {
    "T_min": 1.0,
    "T_max": 250.0,
    "phi_scan_range": [
      -10.0,
      515.9393703675823
    ],
    "n_phi_scan": 1200,
    "n_T_seeds": 3,
    "deltaX_target": 0.1,
    "x_eps": 0.001,
    "T_eps": 0.01,
    "deriv_order": 4,
    "phitol": 0.0001,
    "overlapAngle": 45.0,
    "Tn_Ttol": 0.01,
    "Tn_maxiter": 160,
    "include_zeroT_loops": true,
    "include_scalar_loops": true,
    "include_thermal": true,
    "include_scalar_thermal": true,
    "include_daisy": false,
    "renormalize_zeroT_loops": true,
    "thermal_approx": "spline"
  },
  "key_temperatures": {
    "Tn": 60.91643489775199,
    "Tc": 79.37226256212143,
    "Ts_false": 46.08446523437045,
    "Ts_true": 91.18468749999975,
    "S_at_Tn": 8527.906658185044,
    "S_over_Tn": 139.99352838850638,
    "false_phase_key": 1,
    "true_phase_key": 0,
    "phi_false_Tn": -0.00034178563591223356,
    "phi_true_Tn": 239.25247443416964,
    "vTn_over_Tn": 3.9275521431244957,
    "Tc_minus_Tn_over_Tc": 0.23252238336943992
  },
  "gw_scales": {
    "gw_T_star_GeV": 60.91643489775199,
    "gw_alpha": 0.07040882752449175,
    "gw_beta_over_H": 791.3217428333421,
    "gw_v_w": 1.0,
    "gw_g_star": 106.75
  },
  "gw_peaks": {
    "sw": {
      "f_peak_mHz": 9.189730011909294,
      "f_peak_Hz": 0.009189730011909295,
      "omega_peak": 4.280567932547738e-15
    },
    "turb": {
      "f_peak_mHz": 15.733693738950372,
      "f_peak_Hz": 0.015733693738950373,
      "omega_peak": 3.110405025975083e-19
    },
    "coll": {
      "f_peak_mHz": NaN,
      "f_peak_Hz": NaN,
      "omega_peak": NaN
    },
    "total": {
      "f_peak_mHz": 9.189730011909294,
      "f_peak_Hz": 0.009189730011909295,
      "omega_peak": 4.2808400426748305e-15
    }
  },
  "gw_run_parameters": {
    "g_star": 106.75,
    "v_w": 1.0,
    "epsilon_turb": 1.0,
    "frequency_unit": "mHz"
  },
  "S3": 8527.916479319645,
  "S3_over_T": 139.9936896115756,
  "bounce_diagnostics": {
    "label": "results_eft68_c6f20_c8f40_f515p939_mh125_Glauber_C3p75667_Lambda1000",
    "C": NaN,
    "Lambda_GeV": NaN,
    "finiteT": null,
    "temperature_GeV": NaN,
    "phi_metaMin": -0.00034178563591223356,
    "phi_absMin": 239.25247443416964,
    "phi_bar": 112.21602766800736,
    "phi_top": 77.48607432477654,
    "V(phi_meta)": -39895349.75787334,
    "V(phi_true)": -60084567.996906534,
    "V(phi_top)": -39064800.73005515,
    "DeltaV_true_minus_meta": -20189218.239033192,
    "r0": 3.471101491097546e-06,
    "phi0": 229.8279249651359,
    "dphi0": -0.11566471324448206,
    "rscale_cubic": 0.03471101491097546,
    "rscale_curv": 0.03197104277019332,
    "wall_r_hi": 0.11013427165022144,
    "wall_thickness": 0.08419581494351006,
    "S_total": 8527.916479319645,
    "S_kin": 12792.672679083847,
    "S_pot": -4264.7561997642015,
    "S_interior": 0.0,
    "S3_over_T": NaN,
    "beta_rscale": 28.809298793617373,
    "beta_curvature": 31.278306802768004,
    "beta_wall": 11.8770748958358,
    "Tn_from_transitionFinder_GeV": 60.91643489775199,
    "Tc_from_transitionFinder_GeV": 79.37226256212143,
    "T_spinodal_high_GeV": NaN,
    "T_spinodal_low_GeV": NaN,
    "gw_T_star_GeV": 60.91643489775199,
    "gw_alpha": 0.07040882752449175,
    "gw_beta_over_H": 791.3217428333421,
    "gw_R_star_times_H": NaN,
    "gw_Gamma_Tstar_GeV4": NaN,
    "gw_dT_for_beta_GeV": NaN,
    "gw_f_sw_peak_Hz": NaN,
    "gw_f_turb_peak_Hz": NaN,
    "gw_f_coll_peak_Hz": NaN,
    "gw_g_star": 106.75,
    "gw_v_w": 1.0,
    "omega_sw_peak": NaN,
    "omega_turb_peak": NaN,
    "omega_coll_peak": NaN,
    "omega_tot_peak": NaN
  }
}