{
  "label": "results_eft68_c6f20_c8f40_f513p481_mh125_Glauber_C3p79273_Lambda1000",
  "model_parameters": {
    "c6_over_f2_TeV2": 0.0,
    "c8_over_f4_TeV4": 0.0,
    "f_GeV": 513.4807805406738,
    "m_h": 125.0,
    "v": 246.0,
    "m_w": 80.36,
    "m_z": 91.19,
    "m_t": 173.1,
    "use_glauber_measure": true,
    "C_glauber": 3.792727272727273,
    "Lambda_glauber": 1000.0
  },
  "derived_tree_coefficients": {
    "glauber_scheme": "counterterm_subtracted",
    "lambda_tree": 0.12909808976138543,
    "mu2_tree_GeV2": 7812.5,
    "a0_mean_field": 0.3998252334093464,
    "glauber_t0": 0.22952068363636366,
    "glauber_lambda_shift": 0.0,
    "glauber_mu2_shift_after_lambda_GeV2": 0.0,
    "lambda_tree_raw_glauber_equivalent": -0.48469433395475653,
    "mu2_tree_raw_glauber_equivalent_GeV2": 95358.02764693847,
    "combo_TeV2": 0.0
  },
  "scan_parameters": {
    "T_min": 1.0,
    "T_max": 250.0,
    "phi_scan_range": [
      -10.0,
      513.4807805406738
    ],
    "n_phi_scan": 1200,
    "n_T_seeds": 3,
    "deltaX_target": 0.1,
    "x_eps": 0.001,
    "T_eps": 0.01,
    "deriv_order": 4,
    "phitol": 0.0001,
    "overlapAngle": 45.0,
    "Tn_Ttol": 0.01,
    "Tn_maxiter": 160,
    "include_zeroT_loops": true,
    "include_scalar_loops": true,
    "include_thermal": true,
    "include_scalar_thermal": true,
    "include_daisy": true,
    "renormalize_zeroT_loops": true,
    "thermal_approx": "spline"
  },
  "key_temperatures": {
    "Tn": 54.92939795658698,
    "Tc": 77.86101537624097,
    "Ts_false": 36.46314414061952,
    "Ts_true": 91.29848828124975,
    "S_at_Tn": 7690.19152063009,
    "S_over_Tn": 140.0013800753464,
    "false_phase_key": 1,
    "true_phase_key": 0,
    "phi_false_Tn": -0.0003661743300253345,
    "phi_true_Tn": 241.6168749850783,
    "vTn_over_Tn": 4.398680560381133,
    "Tc_minus_Tn_over_Tc": 0.29451988660619877
  },
  "gw_scales": {
    "gw_T_star_GeV": 54.92939795658698,
    "gw_alpha": 0.10303987059094087,
    "gw_beta_over_H": 498.6403162652332,
    "gw_v_w": 1.0,
    "gw_g_star": 106.75
  },
  "gw_peaks": {
    "sw": {
      "f_peak_mHz": 5.285700915310741,
      "f_peak_Hz": 0.005285700915310741,
      "omega_peak": 2.8891482820436927e-14
    },
    "turb": {
      "f_peak_mHz": 8.91165363379737,
      "f_peak_Hz": 0.008911653633797369,
      "omega_peak": 2.0991967722304362e-18
    },
    "coll": {
      "f_peak_mHz": NaN,
      "f_peak_Hz": NaN,
      "omega_peak": NaN
    },
    "total": {
      "f_peak_mHz": 5.285700915310741,
      "f_peak_Hz": 0.005285700915310741,
      "omega_peak": 2.889333023708242e-14
    }
  },
  "gw_run_parameters": {
    "g_star": 106.75,
    "v_w": 1.0,
    "epsilon_turb": 1.0,
    "frequency_unit": "mHz"
  },
  "S3": 7689.444113085301,
  "S3_over_T": 139.98777338070576,
  "bounce_diagnostics": {
    "label": "results_eft68_c6f20_c8f40_f513p481_mh125_Glauber_C3p79273_Lambda1000",
    "C": NaN,
    "Lambda_GeV": NaN,
    "finiteT": null,
    "temperature_GeV": NaN,
    "phi_metaMin": -0.0003661743300253345,
    "phi_absMin": 241.6168749850783,
    "phi_bar": 109.14208536883932,
    "phi_top": 75.75613405777523,
    "V(phi_meta)": -27382566.35476144,
    "V(phi_true)": -50032268.32557535,
    "V(phi_top)": -26607778.121019512,
    "DeltaV_true_minus_meta": -22649701.97081391,
    "r0": 3.5136036496758333e-06,
    "phi0": 229.76427484683558,
    "dphi0": -0.15281647722129088,
    "rscale_cubic": 0.03513603649675833,
    "rscale_curv": 0.03173790723242449,
    "wall_r_hi": 0.10577618326634584,
    "wall_thickness": 0.08403004942883316,
    "S_total": 7689.444113085301,
    "S_kin": 11527.755358673514,
    "S_pot": -3838.3112455882115,
    "S_interior": 0.0,
    "S3_over_T": NaN,
    "beta_rscale": 28.460808324019716,
    "beta_curvature": 31.50806423800753,
    "beta_wall": 11.900504721789094,
    "Tn_from_transitionFinder_GeV": 54.92939795658698,
    "Tc_from_transitionFinder_GeV": 77.86101537624097,
    "T_spinodal_high_GeV": NaN,
    "T_spinodal_low_GeV": NaN,
    "gw_T_star_GeV": 54.92939795658698,
    "gw_alpha": 0.10303987059094087,
    "gw_beta_over_H": 498.6403162652332,
    "gw_R_star_times_H": NaN,
    "gw_Gamma_Tstar_GeV4": NaN,
    "gw_dT_for_beta_GeV": NaN,
    "gw_f_sw_peak_Hz": NaN,
    "gw_f_turb_peak_Hz": NaN,
    "gw_f_coll_peak_Hz": NaN,
    "gw_g_star": 106.75,
    "gw_v_w": 1.0,
    "omega_sw_peak": NaN,
    "omega_turb_peak": NaN,
    "omega_coll_peak": NaN,
    "omega_tot_peak": NaN
  }
}