{
  "label": "results_eft68_c6f23p03333_c8f45_f1000_mh125_Glauber_off",
  "model_parameters": {
    "c6_over_f2_TeV2": 3.033333333333333,
    "c8_over_f4_TeV4": 5.0,
    "f_GeV": 1000.0,
    "m_h": 125.0,
    "v": 246.0,
    "m_w": 80.36,
    "m_z": 91.19,
    "m_t": 173.1,
    "use_glauber_measure": false,
    "C_glauber": 0.0,
    "Lambda_glauber": 1000.0
  },
  "scan_parameters": {
    "T_min": 1.0,
    "T_max": 250.0,
    "phi_scan_range": [
      -10,
      1000.0
    ],
    "n_phi_scan": 1200,
    "n_T_seeds": 3,
    "deltaX_target": 0.1,
    "x_eps": 0.001,
    "T_eps": 0.01,
    "deriv_order": 4,
    "phitol": 1e-05,
    "overlapAngle": 45.0,
    "Tn_Ttol": 0.001,
    "Tn_maxiter": 160,
    "include_zeroT_loops": true,
    "include_scalar_loops": true,
    "include_thermal": true,
    "include_scalar_thermal": true,
    "include_daisy": false,
    "renormalize_zeroT_loops": true,
    "thermal_approx": "spline"
  },
  "key_temperatures": {
    "Tn": 68.68016280442383,
    "Tc": 88.75770485737374,
    "Ts_false": 32.709420507806456,
    "Ts_true": 92.70543554687471,
    "S_at_Tn": 9616.454776138475,
    "S_over_Tn": 140.01793798192713,
    "false_phase_key": 2,
    "true_phase_key": 0,
    "phi_false_Tn": -4.6452682025108036e-05,
    "phi_true_Tn": 234.88075232318744,
    "vTn_over_Tn": 3.4199213096224383,
    "Tc_minus_Tn_over_Tc": 0.22620618779195398
  },
  "gw_scales": {
    "gw_T_star_GeV": 68.68016280442383,
    "gw_alpha": 0.0442442008024747,
    "gw_beta_over_H": 624.1731126380614,
    "gw_v_w": 1.0,
    "gw_g_star": 106.75
  },
  "gw_peaks": {
    "sw": {
      "f_peak_mHz": 8.252721021916784,
      "f_peak_Hz": 0.008252721021916784,
      "omega_peak": 1.976860739335066e-15
    },
    "turb": {
      "f_peak_mHz": 14.129445033049324,
      "f_peak_Hz": 0.014129445033049325,
      "omega_peak": 1.4363095828401503e-19
    },
    "coll": {
      "f_peak_mHz": NaN,
      "f_peak_Hz": NaN,
      "omega_peak": NaN
    },
    "total": {
      "f_peak_mHz": 8.252721021916784,
      "f_peak_Hz": 0.008252721021916784,
      "omega_peak": 1.9769869954131923e-15
    }
  },
  "gw_run_parameters": {
    "g_star": 106.75,
    "v_w": 1.0,
    "epsilon_turb": 1.0,
    "frequency_unit": "mHz"
  },
  "S3": 9630.191785547971,
  "S3_over_T": 140.2179522050823,
  "bounce_diagnostics": {
    "label": "results_eft68_c6f23p03333_c8f45_f1000_mh125_Glauber_off",
    "C": NaN,
    "Lambda_GeV": NaN,
    "finiteT": null,
    "temperature_GeV": NaN,
    "phi_metaMin": -4.6452682025108036e-05,
    "phi_absMin": 234.88075232318744,
    "phi_bar": 116.69032019326393,
    "phi_top": 79.46806684355231,
    "V(phi_meta)": -56514950.768498175,
    "V(phi_true)": -76226066.96420076,
    "V(phi_top)": -55104663.93552865,
    "DeltaV_true_minus_meta": -19711116.19570259,
    "r0": 2.7318921580736933e-06,
    "phi0": 227.09925264922938,
    "dphi0": -0.07169912782424126,
    "rscale_cubic": 0.027318921580736934,
    "rscale_curv": 0.02670084127648246,
    "wall_r_hi": 0.10477120735469948,
    "wall_thickness": 0.07540837059683232,
    "S_total": 9630.191785547971,
    "S_kin": 14446.621302512911,
    "S_pot": -4816.42951696494,
    "S_interior": 0.0,
    "S3_over_T": NaN,
    "beta_rscale": 36.604666002083995,
    "beta_curvature": 37.45200268997479,
    "beta_wall": 13.261127273873319,
    "Tn_from_transitionFinder_GeV": 68.68016280442383,
    "Tc_from_transitionFinder_GeV": 88.75770485737374,
    "T_spinodal_high_GeV": NaN,
    "T_spinodal_low_GeV": NaN,
    "gw_T_star_GeV": 68.68016280442383,
    "gw_alpha": 0.0442442008024747,
    "gw_beta_over_H": 624.1731126380614,
    "gw_R_star_times_H": NaN,
    "gw_Gamma_Tstar_GeV4": NaN,
    "gw_dT_for_beta_GeV": NaN,
    "gw_f_sw_peak_Hz": NaN,
    "gw_f_turb_peak_Hz": NaN,
    "gw_f_coll_peak_Hz": NaN,
    "gw_g_star": 106.75,
    "gw_v_w": 1.0,
    "omega_sw_peak": NaN,
    "omega_turb_peak": NaN,
    "omega_coll_peak": NaN,
    "omega_tot_peak": NaN
  }
}