{
  "label": "results_eft68_c6f20_c8f40_f1208p04_mh125_Glauber_C10p9636_Lambda4000",
  "model_parameters": {
    "c6_over_f2_TeV2": 0.0,
    "c8_over_f4_TeV4": 0.0,
    "f_GeV": 1208.0437978727314,
    "m_h": 125.0,
    "v": 246.0,
    "m_w": 80.36,
    "m_z": 91.19,
    "m_t": 173.1,
    "use_glauber_measure": true,
    "C_glauber": 10.963636363636365,
    "Lambda_glauber": 4000.0
  },
  "scan_parameters": {
    "T_min": 1.0,
    "T_max": 250.0,
    "phi_scan_range": [
      -10.0,
      1208.0437978727314
    ],
    "n_phi_scan": 1200,
    "n_T_seeds": 3,
    "deltaX_target": 0.1,
    "x_eps": 0.001,
    "T_eps": 0.01,
    "deriv_order": 4,
    "phitol": 1e-05,
    "overlapAngle": 45.0,
    "Tn_Ttol": 0.001,
    "Tn_maxiter": 160,
    "include_zeroT_loops": true,
    "include_scalar_loops": true,
    "include_thermal": true,
    "include_scalar_thermal": true,
    "include_daisy": true,
    "renormalize_zeroT_loops": true,
    "thermal_approx": "spline"
  },
  "key_temperatures": {
    "Tn": 64.33357266451218,
    "Tc": 83.21361651975094,
    "Ts_false": 45.59003771294474,
    "Ts_true": 95.46048437499972,
    "S_at_Tn": 9007.228838295978,
    "S_over_Tn": 140.0082175642107,
    "false_phase_key": "18_17_16",
    "true_phase_key": 0,
    "phi_false_Tn": -1.9674210599278608e-05,
    "phi_true_Tn": 238.24284757114248,
    "vTn_over_Tn": 3.7032429212898745,
    "Tc_minus_Tn_over_Tc": 0.2268864717682057
  },
  "gw_scales": {
    "gw_T_star_GeV": 64.33357266451218,
    "gw_alpha": 0.06091659834766272,
    "gw_beta_over_H": 677.7961763725268,
    "gw_v_w": 1.0,
    "gw_g_star": 106.75
  },
  "gw_peaks": {
    "sw": {
      "f_peak_mHz": 8.380489594072982,
      "f_peak_Hz": 0.008380489594072981,
      "omega_peak": 3.974230826692079e-15
    },
    "turb": {
      "f_peak_mHz": 14.348197007390617,
      "f_peak_Hz": 0.014348197007390618,
      "omega_peak": 2.887520772636937e-19
    },
    "coll": {
      "f_peak_mHz": NaN,
      "f_peak_Hz": NaN,
      "omega_peak": NaN
    },
    "total": {
      "f_peak_mHz": 8.380489594072982,
      "f_peak_Hz": 0.008380489594072981,
      "omega_peak": 3.9744844406483686e-15
    }
  },
  "gw_run_parameters": {
    "g_star": 106.75,
    "v_w": 1.0,
    "epsilon_turb": 1.0,
    "frequency_unit": "mHz"
  },
  "S3": 8995.918679011425,
  "S3_over_T": 139.8324126335016,
  "bounce_diagnostics": {
    "label": "results_eft68_c6f20_c8f40_f1208p04_mh125_Glauber_C10p9636_Lambda4000",
    "C": NaN,
    "Lambda_GeV": NaN,
    "finiteT": null,
    "temperature_GeV": NaN,
    "phi_metaMin": -1.9674210599278608e-05,
    "phi_absMin": 238.24284757114248,
    "phi_bar": 116.77697991687637,
    "phi_top": 80.27785342592152,
    "V(phi_meta)": -49695874.833337344,
    "V(phi_true)": -70997123.88602145,
    "V(phi_top)": -48520403.68769022,
    "DeltaV_true_minus_meta": -21301249.052684106,
    "r0": 3.0228336353684257e-06,
    "phi0": 230.17497976586446,
    "dphi0": -0.08925377016596951,
    "rscale_cubic": 0.030228336353684254,
    "rscale_curv": 0.027964810789123933,
    "wall_r_hi": 0.10490609269532038,
    "wall_thickness": 0.07710815821926098,
    "S_total": 8995.918679011425,
    "S_kin": 13492.322567134226,
    "S_pot": -4496.4038881228,
    "S_interior": 0.0,
    "S3_over_T": NaN,
    "beta_rscale": 33.081542705479364,
    "beta_curvature": 35.75951172721563,
    "beta_wall": 12.968796338727856,
    "Tn_from_transitionFinder_GeV": 64.33357266451218,
    "Tc_from_transitionFinder_GeV": 83.21361651975094,
    "T_spinodal_high_GeV": NaN,
    "T_spinodal_low_GeV": NaN,
    "gw_T_star_GeV": 64.33357266451218,
    "gw_alpha": 0.06091659834766272,
    "gw_beta_over_H": 677.7961763725268,
    "gw_R_star_times_H": NaN,
    "gw_Gamma_Tstar_GeV4": NaN,
    "gw_dT_for_beta_GeV": NaN,
    "gw_f_sw_peak_Hz": NaN,
    "gw_f_turb_peak_Hz": NaN,
    "gw_f_coll_peak_Hz": NaN,
    "gw_g_star": 106.75,
    "gw_v_w": 1.0,
    "omega_sw_peak": NaN,
    "omega_turb_peak": NaN,
    "omega_coll_peak": NaN,
    "omega_tot_peak": NaN
  }
}