{
  "label": "results_eft68_c6f20_c8f40_f797p539_mh125_Glauber_C6p28864_Lambda2000",
  "model_parameters": {
    "c6_over_f2_TeV2": 0.0,
    "c8_over_f4_TeV4": 0.0,
    "f_GeV": 797.5386784484188,
    "m_h": 125.0,
    "v": 246.0,
    "m_w": 80.36,
    "m_z": 91.19,
    "m_t": 173.1,
    "use_glauber_measure": true,
    "C_glauber": 6.288636363636364,
    "Lambda_glauber": 2000.0
  },
  "scan_parameters": {
    "T_min": 1.0,
    "T_max": 250.0,
    "phi_scan_range": [
      -10.0,
      797.5386784484188
    ],
    "n_phi_scan": 1200,
    "n_T_seeds": 3,
    "deltaX_target": 0.1,
    "x_eps": 0.001,
    "T_eps": 0.01,
    "deriv_order": 4,
    "phitol": 1e-05,
    "overlapAngle": 45.0,
    "Tn_Ttol": 0.001,
    "Tn_maxiter": 160,
    "include_zeroT_loops": true,
    "include_scalar_loops": true,
    "include_thermal": true,
    "include_scalar_thermal": true,
    "include_daisy": true,
    "renormalize_zeroT_loops": true,
    "thermal_approx": "spline"
  },
  "key_temperatures": {
    "Tn": 83.38355354504267,
    "Tc": 92.30672458500301,
    "Ts_false": 73.79991601562193,
    "Ts_true": 99.3374921874996,
    "S_at_Tn": 11672.623547732575,
    "S_over_Tn": 139.9871203789268,
    "false_phase_key": 1,
    "true_phase_key": 0,
    "phi_false_Tn": -0.0010681358651128674,
    "phi_true_Tn": 224.7344113045804,
    "vTn_over_Tn": 2.695188700289463,
    "Tc_minus_Tn_over_Tc": 0.0966686997082559
  },
  "gw_scales": {
    "gw_T_star_GeV": 83.38355354504267,
    "gw_alpha": 0.022581722422244824,
    "gw_beta_over_H": 2309.325296203596,
    "gw_v_w": 1.0,
    "gw_g_star": 106.75
  },
  "gw_peaks": {
    "sw": {
      "f_peak_mHz": 37.19421491395344,
      "f_peak_Hz": 0.03719421491395344,
      "omega_peak": 2.2284797547757963e-17
    },
    "turb": {
      "f_peak_mHz": 62.70917817806336,
      "f_peak_Hz": 0.06270917817806336,
      "omega_peak": 1.6192030885928774e-21
    },
    "coll": {
      "f_peak_mHz": NaN,
      "f_peak_Hz": NaN,
      "omega_peak": NaN
    },
    "total": {
      "f_peak_mHz": 37.19421491395344,
      "f_peak_Hz": 0.03719421491395344,
      "omega_peak": 2.228622316493935e-17
    }
  },
  "gw_run_parameters": {
    "g_star": 106.75,
    "v_w": 1.0,
    "epsilon_turb": 1.0,
    "frequency_unit": "mHz"
  },
  "S3": 11655.301615921939,
  "S3_over_T": 139.7793823889492,
  "bounce_diagnostics": {
    "label": "results_eft68_c6f20_c8f40_f797p539_mh125_Glauber_C6p28864_Lambda2000",
    "C": NaN,
    "Lambda_GeV": NaN,
    "finiteT": null,
    "temperature_GeV": NaN,
    "phi_metaMin": -0.0010681358651128674,
    "phi_absMin": 224.7344113045804,
    "phi_bar": 116.01479340255074,
    "phi_top": 78.13080797112102,
    "V(phi_meta)": -134736463.27187198,
    "V(phi_true)": -146429230.9233611,
    "V(phi_top)": -133909734.2603324,
    "DeltaV_true_minus_meta": -11692767.651489109,
    "r0": 3.5080925187913034e-06,
    "phi0": 220.07286098695073,
    "dphi0": -0.04175800809316208,
    "rscale_cubic": 0.03508092518791303,
    "rscale_curv": 0.03328763854311665,
    "wall_r_hi": 0.13360932063114905,
    "wall_thickness": 0.09173125286845303,
    "S_total": 11655.301615921939,
    "S_kin": 17483.556267820917,
    "S_pot": -5828.254651898975,
    "S_interior": 0.0,
    "S3_over_T": NaN,
    "beta_rscale": 28.5055195848867,
    "beta_curvature": 30.041171197869748,
    "beta_wall": 10.901410029077521,
    "Tn_from_transitionFinder_GeV": 83.38355354504267,
    "Tc_from_transitionFinder_GeV": 92.30672458500301,
    "T_spinodal_high_GeV": NaN,
    "T_spinodal_low_GeV": NaN,
    "gw_T_star_GeV": 83.38355354504267,
    "gw_alpha": 0.022581722422244824,
    "gw_beta_over_H": 2309.325296203596,
    "gw_R_star_times_H": NaN,
    "gw_Gamma_Tstar_GeV4": NaN,
    "gw_dT_for_beta_GeV": NaN,
    "gw_f_sw_peak_Hz": NaN,
    "gw_f_turb_peak_Hz": NaN,
    "gw_f_coll_peak_Hz": NaN,
    "gw_g_star": 106.75,
    "gw_v_w": 1.0,
    "omega_sw_peak": NaN,
    "omega_turb_peak": NaN,
    "omega_coll_peak": NaN,
    "omega_tot_peak": NaN
  }
}