{
  "label": "results_eft68_c6f20_c8f40_f792p627_mh125_Glauber_C6p36682_Lambda2000",
  "model_parameters": {
    "c6_over_f2_TeV2": 0.0,
    "c8_over_f4_TeV4": 0.0,
    "f_GeV": 792.6268352266833,
    "m_h": 125.0,
    "v": 246.0,
    "m_w": 80.36,
    "m_z": 91.19,
    "m_t": 173.1,
    "use_glauber_measure": true,
    "C_glauber": 6.366818181818182,
    "Lambda_glauber": 2000.0
  },
  "scan_parameters": {
    "T_min": 1.0,
    "T_max": 250.0,
    "phi_scan_range": [
      -10.0,
      792.6268352266833
    ],
    "n_phi_scan": 1200,
    "n_T_seeds": 3,
    "deltaX_target": 0.1,
    "x_eps": 0.001,
    "T_eps": 0.01,
    "deriv_order": 4,
    "phitol": 1e-05,
    "overlapAngle": 45.0,
    "Tn_Ttol": 0.001,
    "Tn_maxiter": 160,
    "include_zeroT_loops": true,
    "include_scalar_loops": true,
    "include_thermal": true,
    "include_scalar_thermal": true,
    "include_daisy": false,
    "renormalize_zeroT_loops": true,
    "thermal_approx": "spline"
  },
  "key_temperatures": {
    "Tn": 78.29021868059355,
    "Tc": 88.87037909459885,
    "Ts_false": 67.10906230468431,
    "Ts_true": 96.90147460937465,
    "S_at_Tn": 10960.352850927613,
    "S_over_Tn": 139.99645211930473,
    "false_phase_key": 1,
    "true_phase_key": 0,
    "phi_false_Tn": -0.0010849819128105859,
    "phi_true_Tn": 228.65328966891485,
    "vTn_over_Tn": 2.9205856558118546,
    "Tc_minus_Tn_over_Tc": 0.11905159538864066
  },
  "gw_scales": {
    "gw_T_star_GeV": 78.29021868059355,
    "gw_alpha": 0.028919742456634832,
    "gw_beta_over_H": 1731.3488407711945,
    "gw_v_w": 1.0,
    "gw_g_star": 106.75
  },
  "gw_peaks": {
    "sw": {
      "f_peak_mHz": 26.122466354447656,
      "f_peak_Hz": 0.026122466354447656,
      "omega_peak": 7.94011199283714e-17
    },
    "turb": {
      "f_peak_mHz": 44.72415237382179,
      "f_peak_Hz": 0.04472415237382179,
      "omega_peak": 5.7689952621154026e-21
    },
    "coll": {
      "f_peak_mHz": NaN,
      "f_peak_Hz": NaN,
      "omega_peak": NaN
    },
    "total": {
      "f_peak_mHz": 26.122466354447656,
      "f_peak_Hz": 0.026122466354447656,
      "omega_peak": 7.940619369037253e-17
    }
  },
  "gw_run_parameters": {
    "g_star": 106.75,
    "v_w": 1.0,
    "epsilon_turb": 1.0,
    "frequency_unit": "mHz"
  },
  "S3": 10945.524815205059,
  "S3_over_T": 139.8070538014504,
  "bounce_diagnostics": {
    "label": "results_eft68_c6f20_c8f40_f792p627_mh125_Glauber_C6p36682_Lambda2000",
    "C": NaN,
    "Lambda_GeV": NaN,
    "finiteT": null,
    "temperature_GeV": NaN,
    "phi_metaMin": -0.0010849819128105859,
    "phi_absMin": 228.65328966891485,
    "phi_bar": 116.64587947531504,
    "phi_top": 78.82366353922663,
    "V(phi_meta)": -104178473.99916111,
    "V(phi_true)": -117975688.82425962,
    "V(phi_top)": -103262475.8946138,
    "DeltaV_true_minus_meta": -13797214.825098515,
    "r0": 3.3623249337653172e-06,
    "phi0": 223.2894715854566,
    "dphi0": -0.051065841164073957,
    "rscale_cubic": 0.03362324933765317,
    "rscale_curv": 0.03219534785145032,
    "wall_r_hi": 0.12505618079513417,
    "wall_thickness": 0.087252509433103,
    "S_total": 10945.524815205059,
    "S_kin": 16415.002378855537,
    "S_pot": -5469.477563650479,
    "S_interior": 0.0,
    "S3_over_T": NaN,
    "beta_rscale": 29.74132541319095,
    "beta_curvature": 31.060368346494403,
    "beta_wall": 11.460988417378479,
    "Tn_from_transitionFinder_GeV": 78.29021868059355,
    "Tc_from_transitionFinder_GeV": 88.87037909459885,
    "T_spinodal_high_GeV": NaN,
    "T_spinodal_low_GeV": NaN,
    "gw_T_star_GeV": 78.29021868059355,
    "gw_alpha": 0.028919742456634832,
    "gw_beta_over_H": 1731.3488407711945,
    "gw_R_star_times_H": NaN,
    "gw_Gamma_Tstar_GeV4": NaN,
    "gw_dT_for_beta_GeV": NaN,
    "gw_f_sw_peak_Hz": NaN,
    "gw_f_turb_peak_Hz": NaN,
    "gw_f_coll_peak_Hz": NaN,
    "gw_g_star": 106.75,
    "gw_v_w": 1.0,
    "omega_sw_peak": NaN,
    "omega_turb_peak": NaN,
    "omega_coll_peak": NaN,
    "omega_tot_peak": NaN
  }
}