{
  "label": "results_eft68_c6f23p47475_c8f40_f1000_mh125_Glauber_off",
  "model_parameters": {
    "c6_over_f2_TeV2": 3.474747474747475,
    "c8_over_f4_TeV4": 0.0,
    "f_GeV": 1000.0,
    "m_h": 125.0,
    "v": 246.0,
    "m_w": 80.36,
    "m_z": 91.19,
    "m_t": 173.1,
    "use_glauber_measure": false,
    "C_glauber": 0.0,
    "Lambda_glauber": 1000.0
  },
  "derived_tree_coefficients": {
    "glauber_scheme": "counterterm_subtracted",
    "lambda_tree": -0.18631863751134187,
    "mu2_tree_GeV2": -1731.3793338181822,
    "a0_mean_field": 0.24211686977298275,
    "glauber_t0": 0.0,
    "glauber_lambda_shift": 0.0,
    "glauber_mu2_shift_after_lambda_GeV2": 0.0,
    "lambda_tree_raw_glauber_equivalent": -0.18631863751134187,
    "mu2_tree_raw_glauber_equivalent_GeV2": -1731.3793338181822,
    "combo_TeV2": 6.94949494949495
  },
  "scan_parameters": {
    "T_min": 1.0,
    "T_max": 250.0,
    "phi_scan_range": [
      -10,
      1000.0
    ],
    "n_phi_scan": 1200,
    "n_T_seeds": 3,
    "deltaX_target": 0.1,
    "x_eps": 0.001,
    "T_eps": 0.01,
    "deriv_order": 4,
    "phitol": 0.0001,
    "overlapAngle": 45.0,
    "Tn_Ttol": 0.01,
    "Tn_maxiter": 160,
    "include_zeroT_loops": true,
    "include_scalar_loops": true,
    "include_thermal": true,
    "include_scalar_thermal": true,
    "include_daisy": false,
    "renormalize_zeroT_loops": true,
    "thermal_approx": "spline"
  },
  "key_temperatures": {
    "Tn": 65.80102193398308,
    "Tc": 88.24044961838872,
    "Ts_false": 21.574986718744352,
    "Ts_true": 93.0234941406247,
    "S_at_Tn": 9215.065555006404,
    "S_over_Tn": 140.0444139644473,
    "false_phase_key": 2,
    "true_phase_key": 0,
    "phi_false_Tn": -4.7410905404611475e-05,
    "phi_true_Tn": 236.58972068280374,
    "vTn_over_Tn": 3.5955326183257417,
    "Tc_minus_Tn_over_Tc": 0.254298655338327
  },
  "gw_scales": {
    "gw_T_star_GeV": 65.80102193398308,
    "gw_alpha": 0.053212550565278,
    "gw_beta_over_H": 234.81151581150067,
    "gw_v_w": 1.0,
    "gw_g_star": 106.75
  },
  "gw_peaks": {
    "sw": {
      "f_peak_mHz": 2.948206945399453,
      "f_peak_Hz": 0.002948206945399453,
      "omega_peak": 2.3041592790458452e-14
    },
    "turb": {
      "f_peak_mHz": 5.047611311523601,
      "f_peak_Hz": 0.005047611311523602,
      "omega_peak": 1.6742474639159975e-18
    },
    "coll": {
      "f_peak_mHz": NaN,
      "f_peak_Hz": NaN,
      "omega_peak": NaN
    },
    "total": {
      "f_peak_mHz": 2.948206945399453,
      "f_peak_Hz": 0.002948206945399453,
      "omega_peak": 2.3043058130680477e-14
    }
  },
  "gw_run_parameters": {
    "g_star": 106.75,
    "v_w": 1.0,
    "epsilon_turb": 1.0,
    "frequency_unit": "mHz"
  },
  "S3": 9214.897470713266,
  "S3_over_T": 140.0418595315799,
  "bounce_diagnostics": {
    "label": "results_eft68_c6f23p47475_c8f40_f1000_mh125_Glauber_off",
    "C": NaN,
    "Lambda_GeV": NaN,
    "finiteT": null,
    "temperature_GeV": NaN,
    "phi_metaMin": -4.7410905404611475e-05,
    "phi_absMin": 236.58972068280374,
    "phi_bar": 116.37813918743441,
    "phi_top": 79.27124228006191,
    "V(phi_meta)": -47541357.75330371,
    "V(phi_true)": -69129509.67466223,
    "V(phi_top)": -46048851.880512044,
    "DeltaV_true_minus_meta": -21588151.921358526,
    "r0": 2.6490019280569246e-06,
    "phi0": 228.1444675890358,
    "dphi0": -0.07925839679145506,
    "rscale_cubic": 0.026490019280569245,
    "rscale_curv": 0.025800275717243547,
    "wall_r_hi": 0.10071284977494212,
    "wall_thickness": 0.07326920761812886,
    "S_total": 9214.897470713266,
    "S_kin": 13839.164656626237,
    "S_pot": -4624.267185912971,
    "S_interior": 0.0,
    "S3_over_T": NaN,
    "beta_rscale": 37.75006689910234,
    "beta_curvature": 38.75927491198801,
    "beta_wall": 13.648298275748951,
    "Tn_from_transitionFinder_GeV": 65.80102193398308,
    "Tc_from_transitionFinder_GeV": 88.24044961838872,
    "T_spinodal_high_GeV": NaN,
    "T_spinodal_low_GeV": NaN,
    "gw_T_star_GeV": 65.80102193398308,
    "gw_alpha": 0.053212550565278,
    "gw_beta_over_H": 234.81151581150067,
    "gw_R_star_times_H": NaN,
    "gw_Gamma_Tstar_GeV4": NaN,
    "gw_dT_for_beta_GeV": NaN,
    "gw_f_sw_peak_Hz": NaN,
    "gw_f_turb_peak_Hz": NaN,
    "gw_f_coll_peak_Hz": NaN,
    "gw_g_star": 106.75,
    "gw_v_w": 1.0,
    "omega_sw_peak": NaN,
    "omega_turb_peak": NaN,
    "omega_coll_peak": NaN,
    "omega_tot_peak": NaN
  }
}