{
  "label": "results_eft68_c6f20_c8f40_f777p055_mh125_Glauber_C6p62455_Lambda2000",
  "model_parameters": {
    "c6_over_f2_TeV2": 0.0,
    "c8_over_f4_TeV4": 0.0,
    "f_GeV": 777.0553474733413,
    "m_h": 125.0,
    "v": 246.0,
    "m_w": 80.36,
    "m_z": 91.19,
    "m_t": 173.1,
    "use_glauber_measure": true,
    "C_glauber": 6.624545454545455,
    "Lambda_glauber": 2000.0
  },
  "derived_tree_coefficients": {
    "glauber_scheme": "counterterm_subtracted",
    "lambda_tree": 0.12909808976138543,
    "mu2_tree_GeV2": 7812.5,
    "a0_mean_field": 0.3998252334093464,
    "glauber_t0": 0.10022274818181819,
    "glauber_lambda_shift": 0.0,
    "glauber_mu2_shift_after_lambda_GeV2": 0.0,
    "lambda_tree_raw_glauber_equivalent": -1.2439394577762248,
    "mu2_tree_raw_glauber_equivalent_GeV2": 670691.704213024,
    "combo_TeV2": 0.0
  },
  "scan_parameters": {
    "T_min": 1.0,
    "T_max": 250.0,
    "phi_scan_range": [
      -10.0,
      777.0553474733413
    ],
    "n_phi_scan": 1200,
    "n_T_seeds": 3,
    "deltaX_target": 0.1,
    "x_eps": 0.001,
    "T_eps": 0.01,
    "deriv_order": 4,
    "phitol": 0.0001,
    "overlapAngle": 45.0,
    "Tn_Ttol": 0.01,
    "Tn_maxiter": 160,
    "include_zeroT_loops": true,
    "include_scalar_loops": true,
    "include_thermal": true,
    "include_scalar_thermal": true,
    "include_daisy": false,
    "renormalize_zeroT_loops": true,
    "thermal_approx": "spline"
  },
  "key_temperatures": {
    "Tn": 61.755015237549486,
    "Tc": 81.00724555633252,
    "Ts_false": 44.01257632472324,
    "Ts_true": 93.22775195312472,
    "S_at_Tn": 8642.251680353262,
    "S_over_Tn": 139.94412675812006,
    "false_phase_key": 1,
    "true_phase_key": 0,
    "phi_false_Tn": -0.0012586551942482015,
    "phi_true_Tn": 238.97446452626946,
    "vTn_over_Tn": 3.8697175218404536,
    "Tc_minus_Tn_over_Tc": 0.23766059673507864
  },
  "gw_scales": {
    "gw_T_star_GeV": 61.755015237549486,
    "gw_alpha": 0.0702183422971214,
    "gw_beta_over_H": 628.5282755764925,
    "gw_v_w": 1.0,
    "gw_g_star": 106.75
  },
  "gw_peaks": {
    "sw": {
      "f_peak_mHz": 7.411251927676268,
      "f_peak_Hz": 0.007411251927676268,
      "omega_peak": 6.73708278607492e-15
    },
    "turb": {
      "f_peak_mHz": 12.688769735470949,
      "f_peak_Hz": 0.012688769735470949,
      "omega_peak": 4.895233858949682e-19
    },
    "coll": {
      "f_peak_mHz": NaN,
      "f_peak_Hz": NaN,
      "omega_peak": NaN
    },
    "total": {
      "f_peak_mHz": 7.411251927676268,
      "f_peak_Hz": 0.007411251927676268,
      "omega_peak": 6.737511367559836e-15
    }
  },
  "gw_run_parameters": {
    "g_star": 106.75,
    "v_w": 1.0,
    "epsilon_turb": 1.0,
    "frequency_unit": "mHz"
  },
  "S3": 8642.1856653254,
  "S3_over_T": 139.94305777566402,
  "bounce_diagnostics": {
    "label": "results_eft68_c6f20_c8f40_f777p055_mh125_Glauber_C6p62455_Lambda2000",
    "C": NaN,
    "Lambda_GeV": NaN,
    "finiteT": null,
    "temperature_GeV": NaN,
    "phi_metaMin": -0.0012586551942482015,
    "phi_absMin": 238.97446452626946,
    "phi_bar": 114.60654574304415,
    "phi_top": 78.93931230426335,
    "V(phi_meta)": -42013255.003259316,
    "V(phi_true)": -63537827.926760346,
    "V(phi_top)": -40962996.18583524,
    "DeltaV_true_minus_meta": -21524572.92350103,
    "r0": 3.144680081669538e-06,
    "phi0": 229.9655323860514,
    "dphi0": -0.10325212334789308,
    "rscale_cubic": 0.031446800816695375,
    "rscale_curv": 0.028985621433982044,
    "wall_r_hi": 0.10515813482255047,
    "wall_thickness": 0.07896529851155289,
    "S_total": 8642.1856653254,
    "S_kin": 12946.406425375164,
    "S_pot": -4304.220760049764,
    "S_interior": 0.0,
    "S3_over_T": NaN,
    "beta_rscale": 31.799737144297726,
    "beta_curvature": 34.49978299953487,
    "beta_wall": 12.663790536468328,
    "Tn_from_transitionFinder_GeV": 61.755015237549486,
    "Tc_from_transitionFinder_GeV": 81.00724555633252,
    "T_spinodal_high_GeV": NaN,
    "T_spinodal_low_GeV": NaN,
    "gw_T_star_GeV": 61.755015237549486,
    "gw_alpha": 0.0702183422971214,
    "gw_beta_over_H": 628.5282755764925,
    "gw_R_star_times_H": NaN,
    "gw_Gamma_Tstar_GeV4": NaN,
    "gw_dT_for_beta_GeV": NaN,
    "gw_f_sw_peak_Hz": NaN,
    "gw_f_turb_peak_Hz": NaN,
    "gw_f_coll_peak_Hz": NaN,
    "gw_g_star": 106.75,
    "gw_v_w": 1.0,
    "omega_sw_peak": NaN,
    "omega_turb_peak": NaN,
    "omega_coll_peak": NaN,
    "omega_tot_peak": NaN
  }
}