{
  "label": "results_eft68_c6f23p4101_c8f40_f1000_mh125_Glauber_off",
  "model_parameters": {
    "c6_over_f2_TeV2": 3.4101010101010103,
    "c8_over_f4_TeV4": 0.0,
    "f_GeV": 1000.0,
    "m_h": 125.0,
    "v": 246.0,
    "m_w": 80.36,
    "m_z": 91.19,
    "m_t": 173.1,
    "use_glauber_measure": false,
    "C_glauber": 0.0,
    "Lambda_glauber": 1000.0
  },
  "derived_tree_coefficients": {
    "glauber_scheme": "counterterm_subtracted",
    "lambda_tree": -0.18045041932952371,
    "mu2_tree_GeV2": -1553.8187880727273,
    "a0_mean_field": 0.24505097886389182,
    "glauber_t0": 0.0,
    "glauber_lambda_shift": 0.0,
    "glauber_mu2_shift_after_lambda_GeV2": 0.0,
    "lambda_tree_raw_glauber_equivalent": -0.18045041932952371,
    "mu2_tree_raw_glauber_equivalent_GeV2": -1553.8187880727273,
    "combo_TeV2": 6.820202020202021
  },
  "scan_parameters": {
    "T_min": 1.0,
    "T_max": 250.0,
    "phi_scan_range": [
      -10,
      1000.0
    ],
    "n_phi_scan": 1200,
    "n_T_seeds": 3,
    "deltaX_target": 0.1,
    "x_eps": 0.001,
    "T_eps": 0.01,
    "deriv_order": 4,
    "phitol": 0.0001,
    "overlapAngle": 45.0,
    "Tn_Ttol": 0.01,
    "Tn_maxiter": 160,
    "include_zeroT_loops": true,
    "include_scalar_loops": true,
    "include_thermal": true,
    "include_scalar_thermal": true,
    "include_daisy": true,
    "renormalize_zeroT_loops": true,
    "thermal_approx": "spline"
  },
  "key_temperatures": {
    "Tn": 71.81676104330384,
    "Tc": 91.17645149578554,
    "Ts_false": 33.10086601561875,
    "Ts_true": 94.81755859374967,
    "S_at_Tn": 10048.391215582147,
    "S_over_Tn": 139.91707603637542,
    "false_phase_key": 2,
    "true_phase_key": 0,
    "phi_false_Tn": -4.485419678493439e-05,
    "phi_true_Tn": 233.51743586066272,
    "vTn_over_Tn": 3.251572926267966,
    "Tc_minus_Tn_over_Tc": 0.21233213329624442
  },
  "gw_scales": {
    "gw_T_star_GeV": 71.81676104330384,
    "gw_alpha": 0.03723159079378174,
    "gw_beta_over_H": 707.4405260536523,
    "gw_v_w": 1.0,
    "gw_g_star": 106.75
  },
  "gw_peaks": {
    "sw": {
      "f_peak_mHz": 9.772184540646425,
      "f_peak_Hz": 0.009772184540646425,
      "omega_peak": 9.586416775450193e-16
    },
    "turb": {
      "f_peak_mHz": 16.73091141130181,
      "f_peak_Hz": 0.016730911411301813,
      "omega_peak": 6.965109216279393e-20
    },
    "coll": {
      "f_peak_mHz": NaN,
      "f_peak_Hz": NaN,
      "omega_peak": NaN
    },
    "total": {
      "f_peak_mHz": 9.772184540646425,
      "f_peak_Hz": 0.009772184540646425,
      "omega_peak": 9.587028764841162e-16
    }
  },
  "gw_run_parameters": {
    "g_star": 106.75,
    "v_w": 1.0,
    "epsilon_turb": 1.0,
    "frequency_unit": "mHz"
  },
  "S3": 10048.391189997375,
  "S3_over_T": 139.9170756801247,
  "bounce_diagnostics": {
    "label": "results_eft68_c6f23p4101_c8f40_f1000_mh125_Glauber_off",
    "C": NaN,
    "Lambda_GeV": NaN,
    "finiteT": null,
    "temperature_GeV": NaN,
    "phi_metaMin": -4.485419678493439e-05,
    "phi_absMin": 233.51743586066272,
    "phi_bar": 117.66770395205099,
    "phi_top": 79.9917059866293,
    "V(phi_meta)": -68637677.08263937,
    "V(phi_true)": -87576616.29270475,
    "V(phi_top)": -67148053.13018557,
    "DeltaV_true_minus_meta": -18938939.21006538,
    "r0": 2.67566201951374e-06,
    "phi0": 226.4677928283347,
    "dphi0": -0.0624691960439726,
    "rscale_cubic": 0.026756620195137398,
    "rscale_curv": 0.025667287931462696,
    "wall_r_hi": 0.10603535009474165,
    "wall_thickness": 0.07493492731674561,
    "S_total": 10048.391189997375,
    "S_kin": 15049.23282739505,
    "S_pot": -5000.841637397676,
    "S_interior": 0.0,
    "S3_over_T": NaN,
    "beta_rscale": 37.3739281234681,
    "beta_curvature": 38.960095535848176,
    "beta_wall": 13.3449118562971,
    "Tn_from_transitionFinder_GeV": 71.81676104330384,
    "Tc_from_transitionFinder_GeV": 91.17645149578554,
    "T_spinodal_high_GeV": NaN,
    "T_spinodal_low_GeV": NaN,
    "gw_T_star_GeV": 71.81676104330384,
    "gw_alpha": 0.03723159079378174,
    "gw_beta_over_H": 707.4405260536523,
    "gw_R_star_times_H": NaN,
    "gw_Gamma_Tstar_GeV4": NaN,
    "gw_dT_for_beta_GeV": NaN,
    "gw_f_sw_peak_Hz": NaN,
    "gw_f_turb_peak_Hz": NaN,
    "gw_f_coll_peak_Hz": NaN,
    "gw_g_star": 106.75,
    "gw_v_w": 1.0,
    "omega_sw_peak": NaN,
    "omega_turb_peak": NaN,
    "omega_coll_peak": NaN,
    "omega_tot_peak": NaN
  }
}