{
  "label": "results_eft68_c6f20_c8f40_f1234p43_mh125_Glauber_C10p5_Lambda4000",
  "model_parameters": {
    "c6_over_f2_TeV2": 0.0,
    "c8_over_f4_TeV4": 0.0,
    "f_GeV": 1234.4267996967353,
    "m_h": 125.0,
    "v": 246.0,
    "m_w": 80.36,
    "m_z": 91.19,
    "m_t": 173.1,
    "use_glauber_measure": true,
    "C_glauber": 10.5,
    "Lambda_glauber": 4000.0
  },
  "derived_tree_coefficients": {
    "glauber_scheme": "counterterm_subtracted",
    "lambda_tree": 0.12909808976138543,
    "mu2_tree_GeV2": 7812.5,
    "a0_mean_field": 0.3998252334093464,
    "glauber_t0": 0.039713625,
    "glauber_lambda_shift": 0.0,
    "glauber_mu2_shift_after_lambda_GeV2": 0.0,
    "lambda_tree_raw_glauber_equivalent": -2.899330430899174,
    "mu2_tree_raw_glauber_equivalent_GeV2": 4256023.96124636,
    "combo_TeV2": 0.0
  },
  "scan_parameters": {
    "T_min": 1.0,
    "T_max": 250.0,
    "phi_scan_range": [
      -10,
      1234.4267996967353
    ],
    "n_phi_scan": 1400,
    "n_T_seeds": 3,
    "deltaX_target": 0.1,
    "x_eps": 0.001,
    "T_eps": 0.01,
    "deriv_order": 4,
    "phitol": 0.0001,
    "overlapAngle": 45.0,
    "Tn_Ttol": 0.01,
    "Tn_maxiter": 160,
    "include_zeroT_loops": true,
    "include_scalar_loops": true,
    "include_thermal": true,
    "include_scalar_thermal": true,
    "include_daisy": false,
    "renormalize_zeroT_loops": true,
    "thermal_approx": "spline"
  },
  "key_temperatures": {
    "Tn": 79.6877436214283,
    "Tc": 90.0348208434882,
    "Ts_false": 80.99431175271548,
    "Ts_true": 97.88434374999991,
    "S_at_Tn": 11151.993886448508,
    "S_over_Tn": 139.9461621027716,
    "false_phase_key": 1,
    "true_phase_key": 0,
    "phi_false_Tn": 0.005267904628646391,
    "phi_true_Tn": 227.563912502746,
    "vTn_over_Tn": 2.8556952695740945,
    "Tc_minus_Tn_over_Tc": 0.11492306115704637
  },
  "gw_scales": {
    "gw_T_star_GeV": 79.6877436214283,
    "gw_alpha": 0.0274584172092055,
    "gw_beta_over_H": 1699.143796990384,
    "gw_v_w": 1.0,
    "gw_g_star": 106.75
  },
  "gw_peaks": {
    "sw": {
      "f_peak_mHz": 25.95416752659182,
      "f_peak_Hz": 0.025954167526591822,
      "omega_peak": 7.131686051282329e-17
    },
    "turb": {
      "f_peak_mHz": 44.29178280456295,
      "f_peak_Hz": 0.04429178280456295,
      "omega_peak": 5.181684502381048e-21
    },
    "coll": {
      "f_peak_mHz": NaN,
      "f_peak_Hz": NaN,
      "omega_peak": NaN
    },
    "total": {
      "f_peak_mHz": 25.95416752659182,
      "f_peak_Hz": 0.025954167526591822,
      "omega_peak": 7.132140575990144e-17
    }
  },
  "gw_run_parameters": {
    "g_star": 106.75,
    "v_w": 1.0,
    "epsilon_turb": 1.0,
    "frequency_unit": "mHz"
  },
  "S3": 11150.54939690222,
  "S3_over_T": 139.92803523054957,
  "bounce_diagnostics": {
    "label": "results_eft68_c6f20_c8f40_f1234p43_mh125_Glauber_C10p5_Lambda4000",
    "C": NaN,
    "Lambda_GeV": NaN,
    "finiteT": null,
    "temperature_GeV": NaN,
    "phi_metaMin": 0.005267904628646391,
    "phi_absMin": 227.563912502746,
    "phi_bar": 117.23349923130345,
    "phi_top": 79.09625103879637,
    "V(phi_meta)": -111552415.10513917,
    "V(phi_true)": -125208149.2087153,
    "V(phi_top)": -110577665.91239835,
    "DeltaV_true_minus_meta": -13655734.103576139,
    "r0": 3.2704303673709164e-06,
    "phi0": 222.48209781821777,
    "dphi0": -0.046682717049631714,
    "rscale_cubic": 0.03270430367370916,
    "rscale_curv": 0.03125597694061002,
    "wall_r_hi": 0.12474290843354657,
    "wall_thickness": 0.08603461684938185,
    "S_total": 11150.54939690222,
    "S_kin": 16719.483384819086,
    "S_pot": -5568.933987916867,
    "S_interior": 0.0,
    "S3_over_T": NaN,
    "beta_rscale": 30.577015489368005,
    "beta_curvature": 31.993835380769912,
    "beta_wall": 11.623228377371275,
    "Tn_from_transitionFinder_GeV": 79.6877436214283,
    "Tc_from_transitionFinder_GeV": 90.0348208434882,
    "T_spinodal_high_GeV": NaN,
    "T_spinodal_low_GeV": NaN,
    "gw_T_star_GeV": 79.6877436214283,
    "gw_alpha": 0.0274584172092055,
    "gw_beta_over_H": 1699.143796990384,
    "gw_R_star_times_H": NaN,
    "gw_Gamma_Tstar_GeV4": NaN,
    "gw_dT_for_beta_GeV": NaN,
    "gw_f_sw_peak_Hz": NaN,
    "gw_f_turb_peak_Hz": NaN,
    "gw_f_coll_peak_Hz": NaN,
    "gw_g_star": 106.75,
    "gw_v_w": 1.0,
    "omega_sw_peak": NaN,
    "omega_turb_peak": NaN,
    "omega_coll_peak": NaN,
    "omega_tot_peak": NaN
  }
}