{
  "label": "results_eft68_c6f23p04242_c8f45_f1000_mh125_Glauber_off",
  "model_parameters": {
    "c6_over_f2_TeV2": 3.0424242424242425,
    "c8_over_f4_TeV4": 5.0,
    "f_GeV": 1000.0,
    "m_h": 125.0,
    "v": 246.0,
    "m_w": 80.36,
    "m_z": 91.19,
    "m_t": 173.1,
    "use_glauber_measure": false,
    "C_glauber": 0.0,
    "Lambda_glauber": 1000.0
  },
  "derived_tree_coefficients": {
    "glauber_scheme": "counterterm_subtracted",
    "lambda_tree": -0.17454132534043273,
    "mu2_tree_GeV2": -1652.047501485933,
    "a0_mean_field": 0.2480055258584373,
    "glauber_t0": 0.0,
    "glauber_lambda_shift": 0.0,
    "glauber_mu2_shift_after_lambda_GeV2": 0.0,
    "lambda_tree_raw_glauber_equivalent": -0.17454132534043273,
    "mu2_tree_raw_glauber_equivalent_GeV2": -1652.047501485933,
    "combo_TeV2": 6.9925884848484845
  },
  "scan_parameters": {
    "T_min": 1.0,
    "T_max": 250.0,
    "phi_scan_range": [
      -10,
      1000.0
    ],
    "n_phi_scan": 1200,
    "n_T_seeds": 3,
    "deltaX_target": 0.1,
    "x_eps": 0.001,
    "T_eps": 0.01,
    "deriv_order": 4,
    "phitol": 0.0001,
    "overlapAngle": 45.0,
    "Tn_Ttol": 0.01,
    "Tn_maxiter": 160,
    "include_zeroT_loops": true,
    "include_scalar_loops": true,
    "include_thermal": true,
    "include_scalar_thermal": true,
    "include_daisy": true,
    "renormalize_zeroT_loops": true,
    "thermal_approx": "spline"
  },
  "key_temperatures": {
    "Tn": 69.866478038984,
    "Tc": 90.13046230286419,
    "Ts_false": 32.289622070306294,
    "Ts_true": 93.8356621093747,
    "S_at_Tn": 9792.353536363553,
    "S_over_Tn": 140.15811031578878,
    "false_phase_key": 2,
    "true_phase_key": 0,
    "phi_false_Tn": -5.7136814748492336e-05,
    "phi_true_Tn": 234.65390724174677,
    "vTn_over_Tn": 3.35860506823909,
    "Tc_minus_Tn_over_Tc": 0.22482947214658008
  },
  "gw_scales": {
    "gw_T_star_GeV": 69.866478038984,
    "gw_alpha": 0.04100720458217079,
    "gw_beta_over_H": 707.3282012539294,
    "gw_v_w": 1.0,
    "gw_g_star": 106.75
  },
  "gw_peaks": {
    "sw": {
      "f_peak_mHz": 9.47648339602273,
      "f_peak_Hz": 0.00947648339602273,
      "omega_peak": 1.25056134951594e-15
    },
    "turb": {
      "f_peak_mHz": 16.22464286568221,
      "f_peak_Hz": 0.01622464286568221,
      "omega_peak": 9.086192105181638e-20
    },
    "coll": {
      "f_peak_mHz": NaN,
      "f_peak_Hz": NaN,
      "omega_peak": NaN
    },
    "total": {
      "f_peak_mHz": 9.47648339602273,
      "f_peak_Hz": 0.00947648339602273,
      "omega_peak": 1.2506410668807633e-15
    }
  },
  "gw_run_parameters": {
    "g_star": 106.75,
    "v_w": 1.0,
    "epsilon_turb": 1.0,
    "frequency_unit": "mHz"
  },
  "S3": 9792.381499237892,
  "S3_over_T": 140.15851054884936,
  "bounce_diagnostics": {
    "label": "results_eft68_c6f23p04242_c8f45_f1000_mh125_Glauber_off",
    "C": NaN,
    "Lambda_GeV": NaN,
    "finiteT": null,
    "temperature_GeV": NaN,
    "phi_metaMin": -5.7136814748492336e-05,
    "phi_absMin": 234.65390724174677,
    "phi_bar": 117.25084976462139,
    "phi_top": 79.84098862503997,
    "V(phi_meta)": -61407815.72246205,
    "V(phi_true)": -80861145.50395139,
    "V(phi_top)": -59980258.77287199,
    "DeltaV_true_minus_meta": -19453329.781489335,
    "r0": 2.7280597011726753e-06,
    "phi0": 227.1976181215448,
    "dphi0": -0.06852639978469009,
    "rscale_cubic": 0.02728059701172675,
    "rscale_curv": 0.02666733886803104,
    "wall_r_hi": 0.10541778027372611,
    "wall_thickness": 0.07536821233506028,
    "S_total": 9792.381499237892,
    "S_kin": 14703.970021250469,
    "S_pot": -4911.588522012577,
    "S_interior": 0.0,
    "S3_over_T": NaN,
    "beta_rscale": 36.656089291966126,
    "beta_curvature": 37.499056835331935,
    "beta_wall": 13.268193168153644,
    "Tn_from_transitionFinder_GeV": 69.866478038984,
    "Tc_from_transitionFinder_GeV": 90.13046230286419,
    "T_spinodal_high_GeV": NaN,
    "T_spinodal_low_GeV": NaN,
    "gw_T_star_GeV": 69.866478038984,
    "gw_alpha": 0.04100720458217079,
    "gw_beta_over_H": 707.3282012539294,
    "gw_R_star_times_H": NaN,
    "gw_Gamma_Tstar_GeV4": NaN,
    "gw_dT_for_beta_GeV": NaN,
    "gw_f_sw_peak_Hz": NaN,
    "gw_f_turb_peak_Hz": NaN,
    "gw_f_coll_peak_Hz": NaN,
    "gw_g_star": 106.75,
    "gw_v_w": 1.0,
    "omega_sw_peak": NaN,
    "omega_turb_peak": NaN,
    "omega_coll_peak": NaN,
    "omega_tot_peak": NaN
  }
}