{
  "label": "results_eft68_c6f21p1_c8f40_f1000_mh125_Glauber_C3p2_Lambda1000",
  "model_parameters": {
    "c6_over_f2_TeV2": 1.1,
    "c8_over_f4_TeV4": 0.0,
    "f_GeV": 1000.0,
    "m_h": 125.0,
    "v": 246.0,
    "m_w": 80.36,
    "m_z": 91.19,
    "m_t": 173.1,
    "use_glauber_measure": true,
    "C_glauber": 3.2,
    "Lambda_glauber": 1000.0
  },
  "derived_tree_coefficients": {
    "glauber_scheme": "counterterm_subtracted",
    "lambda_tree": 0.02924668976138542,
    "mu2_tree_GeV2": 4791.1963388,
    "a0_mean_field": 0.3498995334093464,
    "glauber_t0": 0.19365120000000002,
    "glauber_lambda_shift": 0.0,
    "glauber_mu2_shift_after_lambda_GeV2": 0.0,
    "lambda_tree_raw_glauber_equivalent": -0.36968113781578305,
    "mu2_tree_raw_glauber_equivalent_GeV2": 81173.10962934527,
    "combo_TeV2": 2.2
  },
  "scan_parameters": {
    "T_min": 1.0,
    "T_max": 250.0,
    "phi_scan_range": [
      -10.0,
      559.0169943749474
    ],
    "n_phi_scan": 1200,
    "n_T_seeds": 3,
    "deltaX_target": 0.1,
    "x_eps": 0.001,
    "T_eps": 0.01,
    "deriv_order": 4,
    "phitol": 0.0001,
    "overlapAngle": 45.0,
    "Tn_Ttol": 0.01,
    "Tn_maxiter": 160,
    "include_zeroT_loops": true,
    "include_scalar_loops": true,
    "include_thermal": true,
    "include_scalar_thermal": true,
    "include_daisy": false,
    "renormalize_zeroT_loops": true,
    "thermal_approx": "spline"
  },
  "key_temperatures": {
    "Tn": 79.24329427377569,
    "Tc": 89.86986467773973,
    "Ts_false": 66.56004648437171,
    "Ts_true": 97.10767773437465,
    "S_at_Tn": 11091.208463255642,
    "S_over_Tn": 139.96400029681882,
    "false_phase_key": 1,
    "true_phase_key": 0,
    "phi_false_Tn": -0.0002534734782818121,
    "phi_true_Tn": 227.39114923140184,
    "vTn_over_Tn": 2.8695317542679866,
    "Tc_minus_Tn_over_Tc": 0.11824397913660352
  },
  "gw_scales": {
    "gw_T_star_GeV": 79.24329427377569,
    "gw_alpha": 0.026245412420409293,
    "gw_beta_over_H": 1719.5113862389728,
    "gw_v_w": 1.0,
    "gw_g_star": 106.75
  },
  "gw_peaks": {
    "sw": {
      "f_peak_mHz": 26.122466354447656,
      "f_peak_Hz": 0.026122466354447656,
      "omega_peak": 6.135820076040429e-17
    },
    "turb": {
      "f_peak_mHz": 44.72415237382179,
      "f_peak_Hz": 0.04472415237382179,
      "omega_peak": 4.458106503809169e-21
    },
    "coll": {
      "f_peak_mHz": NaN,
      "f_peak_Hz": NaN,
      "omega_peak": NaN
    },
    "total": {
      "f_peak_mHz": 26.122466354447656,
      "f_peak_Hz": 0.026122466354447656,
      "omega_peak": 6.136211157548171e-17
    }
  },
  "gw_run_parameters": {
    "g_star": 106.75,
    "v_w": 1.0,
    "epsilon_turb": 1.0,
    "frequency_unit": "mHz"
  },
  "S3": 11091.672024127725,
  "S3_over_T": 139.96985014034604,
  "bounce_diagnostics": {
    "label": "results_eft68_c6f21p1_c8f40_f1000_mh125_Glauber_C3p2_Lambda1000",
    "C": NaN,
    "Lambda_GeV": NaN,
    "finiteT": null,
    "temperature_GeV": NaN,
    "phi_metaMin": -0.0002534734782818121,
    "phi_absMin": 227.39114923140184,
    "phi_bar": 115.00863595424414,
    "phi_top": 77.71021319339506,
    "V(phi_meta)": -106395887.57032754,
    "V(phi_true)": -119404305.66190273,
    "V(phi_top)": -105507956.61602348,
    "DeltaV_true_minus_meta": -13008418.09157519,
    "r0": 3.3667765505320853e-06,
    "phi0": 221.9647888126892,
    "dphi0": -0.049645660900879775,
    "rscale_cubic": 0.03366776550532085,
    "rscale_curv": 0.032045865068663706,
    "wall_r_hi": 0.12742278065734053,
    "wall_thickness": 0.08907284047480436,
    "S_total": 11091.672024127725,
    "S_kin": 16616.325815803244,
    "S_pot": -5524.653791675523,
    "S_interior": 0.0,
    "S3_over_T": NaN,
    "beta_rscale": 29.702000860198464,
    "beta_curvature": 31.205278938953953,
    "beta_wall": 11.22676670766849,
    "Tn_from_transitionFinder_GeV": 79.24329427377569,
    "Tc_from_transitionFinder_GeV": 89.86986467773973,
    "T_spinodal_high_GeV": NaN,
    "T_spinodal_low_GeV": NaN,
    "gw_T_star_GeV": 79.24329427377569,
    "gw_alpha": 0.026245412420409293,
    "gw_beta_over_H": 1719.5113862389728,
    "gw_R_star_times_H": NaN,
    "gw_Gamma_Tstar_GeV4": NaN,
    "gw_dT_for_beta_GeV": NaN,
    "gw_f_sw_peak_Hz": NaN,
    "gw_f_turb_peak_Hz": NaN,
    "gw_f_coll_peak_Hz": NaN,
    "gw_g_star": 106.75,
    "gw_v_w": 1.0,
    "omega_sw_peak": NaN,
    "omega_turb_peak": NaN,
    "omega_coll_peak": NaN,
    "omega_tot_peak": NaN
  }
}