{
  "label": "results_eft68_c6f23p15556_c8f45_f1000_mh125_Glauber_off",
  "model_parameters": {
    "c6_over_f2_TeV2": 3.155555555555556,
    "c8_over_f4_TeV4": 5.0,
    "f_GeV": 1000.0,
    "m_h": 125.0,
    "v": 246.0,
    "m_w": 80.36,
    "m_z": 91.19,
    "m_t": 173.1,
    "use_glauber_measure": false,
    "C_glauber": 0.0,
    "Lambda_glauber": 1000.0
  },
  "derived_tree_coefficients": {
    "glauber_scheme": "counterterm_subtracted",
    "lambda_tree": -0.1848107071586146,
    "mu2_tree_GeV2": -1962.77845654048,
    "a0_mean_field": 0.24287083494934633,
    "glauber_t0": 0.0,
    "glauber_lambda_shift": 0.0,
    "glauber_mu2_shift_after_lambda_GeV2": 0.0,
    "lambda_tree_raw_glauber_equivalent": -0.1848107071586146,
    "mu2_tree_raw_glauber_equivalent_GeV2": -1962.77845654048,
    "combo_TeV2": 7.218851111111112
  },
  "scan_parameters": {
    "T_min": 1.0,
    "T_max": 250.0,
    "phi_scan_range": [
      -10,
      1000.0
    ],
    "n_phi_scan": 1200,
    "n_T_seeds": 3,
    "deltaX_target": 0.1,
    "x_eps": 0.001,
    "T_eps": 0.01,
    "deriv_order": 4,
    "phitol": 0.0001,
    "overlapAngle": 45.0,
    "Tn_Ttol": 0.01,
    "Tn_maxiter": 160,
    "include_zeroT_loops": true,
    "include_scalar_loops": true,
    "include_thermal": true,
    "include_scalar_thermal": true,
    "include_daisy": false,
    "renormalize_zeroT_loops": true,
    "thermal_approx": "spline"
  },
  "key_temperatures": {
    "Tn": 59.574799020373526,
    "Tc": 86.16865612619404,
    "Ts_false": 5.682853515619597,
    "Ts_true": 91.65156249999973,
    "S_at_Tn": 8338.356482276504,
    "S_over_Tn": 139.96449202329552,
    "false_phase_key": 2,
    "true_phase_key": 0,
    "phi_false_Tn": -4.397254792111078e-05,
    "phi_true_Tn": 239.43147616508628,
    "vTn_over_Tn": 4.019006024396406,
    "Tc_minus_Tn_over_Tc": 0.3086256453492067
  },
  "gw_scales": {
    "gw_T_star_GeV": 59.574799020373526,
    "gw_alpha": 0.07790177873660324,
    "gw_beta_over_H": 238.5356879931848,
    "gw_v_w": 1.0,
    "gw_g_star": 106.75
  },
  "gw_peaks": {
    "sw": {
      "f_peak_mHz": 2.730214888849026,
      "f_peak_Hz": 0.002730214888849026,
      "omega_peak": 6.143229984184655e-14
    },
    "turb": {
      "f_peak_mHz": 4.674388131860708,
      "f_peak_Hz": 0.004674388131860708,
      "omega_peak": 4.463434615500804e-18
    },
    "coll": {
      "f_peak_mHz": NaN,
      "f_peak_Hz": NaN,
      "omega_peak": NaN
    },
    "total": {
      "f_peak_mHz": 2.730214888849026,
      "f_peak_Hz": 0.002730214888849026,
      "omega_peak": 6.143621945291355e-14
    }
  },
  "gw_run_parameters": {
    "g_star": 106.75,
    "v_w": 1.0,
    "epsilon_turb": 1.0,
    "frequency_unit": "mHz"
  },
  "S3": 8338.53881031349,
  "S3_over_T": 139.96755251262968,
  "bounce_diagnostics": {
    "label": "results_eft68_c6f23p15556_c8f45_f1000_mh125_Glauber_off",
    "C": NaN,
    "Lambda_GeV": NaN,
    "finiteT": null,
    "temperature_GeV": NaN,
    "phi_metaMin": -4.397254792111078e-05,
    "phi_absMin": 239.43147616508628,
    "phi_bar": 114.19907383659516,
    "phi_top": 77.76213982990942,
    "V(phi_meta)": -31824371.321688864,
    "V(phi_true)": -55814447.779924646,
    "V(phi_top)": -30445236.704603568,
    "DeltaV_true_minus_meta": -23990076.45823578,
    "r0": 2.7032704271497004e-06,
    "phi0": 228.89634138200924,
    "dphi0": -0.10524191005260912,
    "rscale_cubic": 0.027032704271497003,
    "rscale_curv": 0.026002126682511097,
    "wall_r_hi": 0.0971741468174093,
    "wall_thickness": 0.07367714570389207,
    "S_total": 8338.53881031349,
    "S_kin": 12499.692677391446,
    "S_pot": -4161.153867077957,
    "S_interior": 0.0,
    "S3_over_T": NaN,
    "beta_rscale": 36.99222948457988,
    "beta_curvature": 38.45839437216274,
    "beta_wall": 13.572729921148044,
    "Tn_from_transitionFinder_GeV": 59.574799020373526,
    "Tc_from_transitionFinder_GeV": 86.16865612619404,
    "T_spinodal_high_GeV": NaN,
    "T_spinodal_low_GeV": NaN,
    "gw_T_star_GeV": 59.574799020373526,
    "gw_alpha": 0.07790177873660324,
    "gw_beta_over_H": 238.5356879931848,
    "gw_R_star_times_H": NaN,
    "gw_Gamma_Tstar_GeV4": NaN,
    "gw_dT_for_beta_GeV": NaN,
    "gw_f_sw_peak_Hz": NaN,
    "gw_f_turb_peak_Hz": NaN,
    "gw_f_coll_peak_Hz": NaN,
    "gw_g_star": 106.75,
    "gw_v_w": 1.0,
    "omega_sw_peak": NaN,
    "omega_turb_peak": NaN,
    "omega_coll_peak": NaN,
    "omega_tot_peak": NaN
  }
}