{
  "label": "results_eft68_c6f23p02167_c8f45_f1000_mh125_Glauber_off",
  "model_parameters": {
    "c6_over_f2_TeV2": 3.0216666666666665,
    "c8_over_f4_TeV4": 5.0,
    "f_GeV": 1000.0,
    "m_h": 125.0,
    "v": 246.0,
    "m_w": 80.36,
    "m_z": 91.19,
    "m_t": 173.1,
    "use_glauber_measure": false,
    "C_glauber": 0.0,
    "Lambda_glauber": 1000.0
  },
  "scan_parameters": {
    "T_min": 1.0,
    "T_max": 250.0,
    "phi_scan_range": [
      -10,
      1000.0
    ],
    "n_phi_scan": 1200,
    "n_T_seeds": 3,
    "deltaX_target": 0.1,
    "x_eps": 0.001,
    "T_eps": 0.01,
    "deriv_order": 4,
    "phitol": 1e-05,
    "overlapAngle": 45.0,
    "Tn_Ttol": 0.001,
    "Tn_maxiter": 160,
    "include_zeroT_loops": true,
    "include_scalar_loops": true,
    "include_thermal": true,
    "include_scalar_thermal": true,
    "include_daisy": false,
    "renormalize_zeroT_loops": true,
    "thermal_approx": "spline"
  },
  "key_temperatures": {
    "Tn": 69.35063322341637,
    "Tc": 89.00143949821305,
    "Ts_false": 34.27461894530658,
    "Ts_true": 92.8080507812497,
    "S_at_Tn": 9709.42379130656,
    "S_over_Tn": 140.00483254460258,
    "false_phase_key": 2,
    "true_phase_key": 0,
    "phi_false_Tn": -5.181626299708077e-05,
    "phi_true_Tn": 234.4684762252421,
    "vTn_over_Tn": 3.3809132711144936,
    "Tc_minus_Tn_over_Tc": 0.22079200500112386
  },
  "gw_scales": {
    "gw_T_star_GeV": 69.35063322341637,
    "gw_alpha": 0.04258939171090093,
    "gw_beta_over_H": 853.0998222477233,
    "gw_v_w": 1.0,
    "gw_g_star": 106.75
  },
  "gw_peaks": {
    "sw": {
      "f_peak_mHz": 11.39498947221261,
      "f_peak_Hz": 0.011394989472212609,
      "omega_peak": 9.535888293391651e-16
    },
    "turb": {
      "f_peak_mHz": 19.50930813876084,
      "f_peak_Hz": 0.01950930813876084,
      "omega_peak": 6.928411529042645e-20
    },
    "coll": {
      "f_peak_mHz": NaN,
      "f_peak_Hz": NaN,
      "omega_peak": NaN
    },
    "total": {
      "f_peak_mHz": 11.39498947221261,
      "f_peak_Hz": 0.011394989472212609,
      "omega_peak": 9.536497461487015e-16
    }
  },
  "gw_run_parameters": {
    "g_star": 106.75,
    "v_w": 1.0,
    "epsilon_turb": 1.0,
    "frequency_unit": "mHz"
  },
  "S3": 9694.321902640093,
  "S3_over_T": 139.78707117798584,
  "bounce_diagnostics": {
    "label": "results_eft68_c6f23p02167_c8f45_f1000_mh125_Glauber_off",
    "C": NaN,
    "Lambda_GeV": NaN,
    "finiteT": null,
    "temperature_GeV": NaN,
    "phi_metaMin": -5.181626299708077e-05,
    "phi_absMin": 234.4684762252421,
    "phi_bar": 116.64689509214733,
    "phi_top": 79.4271126255786,
    "V(phi_meta)": -58778581.63853246,
    "V(phi_true)": -78177471.62114505,
    "V(phi_top)": -57377717.41088349,
    "DeltaV_true_minus_meta": -19398889.982612595,
    "r0": 2.739652062241989e-06,
    "phi0": 226.7739240092044,
    "dphi0": -0.07033504338582829,
    "rscale_cubic": 0.027396520622419887,
    "rscale_curv": 0.026700010596706323,
    "wall_r_hi": 0.10539617920426698,
    "wall_thickness": 0.075720295833024,
    "S_total": 9694.321902640093,
    "S_kin": 14541.877969785592,
    "S_pot": -4847.556067145499,
    "S_interior": 0.0,
    "S3_over_T": NaN,
    "beta_rscale": 36.50098542738497,
    "beta_curvature": 37.453166772725154,
    "beta_wall": 13.206498852106552,
    "Tn_from_transitionFinder_GeV": 69.35063322341637,
    "Tc_from_transitionFinder_GeV": 89.00143949821305,
    "T_spinodal_high_GeV": NaN,
    "T_spinodal_low_GeV": NaN,
    "gw_T_star_GeV": 69.35063322341637,
    "gw_alpha": 0.04258939171090093,
    "gw_beta_over_H": 853.0998222477233,
    "gw_R_star_times_H": NaN,
    "gw_Gamma_Tstar_GeV4": NaN,
    "gw_dT_for_beta_GeV": NaN,
    "gw_f_sw_peak_Hz": NaN,
    "gw_f_turb_peak_Hz": NaN,
    "gw_f_coll_peak_Hz": NaN,
    "gw_g_star": 106.75,
    "gw_v_w": 1.0,
    "omega_sw_peak": NaN,
    "omega_turb_peak": NaN,
    "omega_coll_peak": NaN,
    "omega_tot_peak": NaN
  }
}