{
  "glauber_scheme": "counterterm_subtracted",
  "lambda_tree": 0.12909808976138543,
  "mu2_tree_GeV2": 7812.5,
  "a0_mean_field": 0.3998252334093464,
  "glauber_t0": 0.0424746675,
  "glauber_lambda_shift": 0.0,
  "glauber_mu2_shift_after_lambda_GeV2": 0.0,
  "lambda_tree_raw_glauber_equivalent": -3.3550710569988778,
  "mu2_tree_raw_glauber_equivalent_GeV2": 4550204.3713666415,
  "combo_TeV2": 0.0,
  "upper_c6_over_f2_TeV2_from_Eq_2_14": 4.266577095689914,
  "Eq_2_14_is_pure_EFT68_only": true,
  "passes_Eq_2_14": true,
  "passes_EFT_tree_condition_Vv_lower_than_v_to_f": true,
  "min_after_v_tree_total": -26891277.179020584,
  "V_tree_total_v": -26892339.29003957,
  "V_tree_polynomial_v": -118195312.5,
  "sampled_min_phi_full_zeroT": 245.96998946248243,
  "sampled_min_deltaV_full_zeroT": -26892332.25585495,
  "dV_at_v_numeric": 4.9900383786941935,
  "d2V_at_v_numeric": 15625.04888923345,
  "mh2_target": 15625.0
}