{
  "label": "results_eft68_c6f20_c8f40_f799p651_mh125_Glauber_C6p25545_Lambda2000",
  "model_parameters": {
    "c6_over_f2_TeV2": 0.0,
    "c8_over_f4_TeV4": 0.0,
    "f_GeV": 799.6511374207248,
    "m_h": 125.0,
    "v": 246.0,
    "m_w": 80.36,
    "m_z": 91.19,
    "m_t": 173.1,
    "use_glauber_measure": true,
    "C_glauber": 6.255454545454546,
    "Lambda_glauber": 2000.0
  },
  "derived_tree_coefficients": {
    "glauber_scheme": "counterterm_subtracted",
    "lambda_tree": 0.12909808976138543,
    "mu2_tree_GeV2": 7812.5,
    "a0_mean_field": 0.3998252334093464,
    "glauber_t0": 0.09463877181818182,
    "glauber_lambda_shift": 0.0,
    "glauber_mu2_shift_after_lambda_GeV2": 0.0,
    "lambda_tree_raw_glauber_equivalent": -1.080146699359932,
    "mu2_tree_raw_glauber_equivalent_GeV2": 634697.0204821962,
    "combo_TeV2": 0.0
  },
  "scan_parameters": {
    "T_min": 1.0,
    "T_max": 250.0,
    "phi_scan_range": [
      -10.0,
      799.6511374207248
    ],
    "n_phi_scan": 1200,
    "n_T_seeds": 3,
    "deltaX_target": 0.1,
    "x_eps": 0.001,
    "T_eps": 0.01,
    "deriv_order": 4,
    "phitol": 0.0001,
    "overlapAngle": 45.0,
    "Tn_Ttol": 0.01,
    "Tn_maxiter": 160,
    "include_zeroT_loops": true,
    "include_scalar_loops": true,
    "include_thermal": true,
    "include_scalar_thermal": true,
    "include_daisy": true,
    "renormalize_zeroT_loops": true,
    "thermal_approx": "spline"
  },
  "key_temperatures": {
    "Tn": 84.90605085955914,
    "Tc": 93.22233571360614,
    "Ts_false": 75.71901542968487,
    "Ts_true": 99.83938281249961,
    "S_at_Tn": 11884.05728670107,
    "S_over_Tn": 139.96714211049783,
    "false_phase_key": 1,
    "true_phase_key": 0,
    "phi_false_Tn": -0.001013206642696427,
    "phi_true_Tn": 223.09772094796216,
    "vTn_over_Tn": 2.6275832957651297,
    "Tc_minus_Tn_over_Tc": 0.08920914489415872
  },
  "gw_scales": {
    "gw_T_star_GeV": 84.90605085955914,
    "gw_alpha": 0.021063449894087007,
    "gw_beta_over_H": 2460.600644644032,
    "gw_v_w": 1.0,
    "gw_g_star": 106.75
  },
  "gw_peaks": {
    "sw": {
      "f_peak_mHz": 40.16396042152748,
      "f_peak_Hz": 0.04016396042152748,
      "omega_peak": 1.6125525708096658e-17
    },
    "turb": {
      "f_peak_mHz": 68.76452864194047,
      "f_peak_Hz": 0.06876452864194048,
      "omega_peak": 1.1716170825322712e-21
    },
    "coll": {
      "f_peak_mHz": NaN,
      "f_peak_Hz": NaN,
      "omega_peak": NaN
    },
    "total": {
      "f_peak_mHz": 40.16396042152748,
      "f_peak_Hz": 0.04016396042152748,
      "omega_peak": 1.6126554895499224e-17
    }
  },
  "gw_run_parameters": {
    "g_star": 106.75,
    "v_w": 1.0,
    "epsilon_turb": 1.0,
    "frequency_unit": "mHz"
  },
  "S3": 11884.117139398399,
  "S3_over_T": 139.96784703902438,
  "bounce_diagnostics": {
    "label": "results_eft68_c6f20_c8f40_f799p651_mh125_Glauber_C6p25545_Lambda2000",
    "C": NaN,
    "Lambda_GeV": NaN,
    "finiteT": null,
    "temperature_GeV": NaN,
    "phi_metaMin": -0.001013206642696427,
    "phi_absMin": 223.09772094796216,
    "phi_bar": 115.31294861764994,
    "phi_top": 77.5734444603896,
    "V(phi_meta)": -144540067.25482136,
    "V(phi_true)": -155502542.83725634,
    "V(phi_top)": -143753590.70763478,
    "DeltaV_true_minus_meta": -10962475.582434982,
    "r0": 3.5710853874970343e-06,
    "phi0": 218.57562522049477,
    "dphi0": -0.039441108349507016,
    "rscale_cubic": 0.03571085387497034,
    "rscale_curv": 0.033848324720291235,
    "wall_r_hi": 0.13689917361202358,
    "wall_thickness": 0.09369339866309137,
    "S_total": 11884.117139398399,
    "S_kin": 17783.793105091037,
    "S_pot": -5899.67596569264,
    "S_interior": 0.0,
    "S3_over_T": NaN,
    "beta_rscale": 28.002690820588242,
    "beta_curvature": 29.54357505395522,
    "beta_wall": 10.67311053146725,
    "Tn_from_transitionFinder_GeV": 84.90605085955914,
    "Tc_from_transitionFinder_GeV": 93.22233571360614,
    "T_spinodal_high_GeV": NaN,
    "T_spinodal_low_GeV": NaN,
    "gw_T_star_GeV": 84.90605085955914,
    "gw_alpha": 0.021063449894087007,
    "gw_beta_over_H": 2460.600644644032,
    "gw_R_star_times_H": NaN,
    "gw_Gamma_Tstar_GeV4": NaN,
    "gw_dT_for_beta_GeV": NaN,
    "gw_f_sw_peak_Hz": NaN,
    "gw_f_turb_peak_Hz": NaN,
    "gw_f_coll_peak_Hz": NaN,
    "gw_g_star": 106.75,
    "gw_v_w": 1.0,
    "omega_sw_peak": NaN,
    "omega_turb_peak": NaN,
    "omega_coll_peak": NaN,
    "omega_tot_peak": NaN
  }
}