{
  "label": "results_eft68_c6f23p21212_c8f40_f1000_mh125_Glauber_off",
  "model_parameters": {
    "c6_over_f2_TeV2": 3.2121212121212124,
    "c8_over_f4_TeV4": 0.0,
    "f_GeV": 1000.0,
    "m_h": 125.0,
    "v": 246.0,
    "m_w": 80.36,
    "m_z": 91.19,
    "m_t": 173.1,
    "use_glauber_measure": false,
    "C_glauber": 0.0,
    "Lambda_glauber": 1000.0
  },
  "derived_tree_coefficients": {
    "glauber_scheme": "counterterm_subtracted",
    "lambda_tree": -0.16247900114770547,
    "mu2_tree_GeV2": -1010.039616727272,
    "a0_mean_field": 0.25403668795480094,
    "glauber_t0": 0.0,
    "glauber_lambda_shift": 0.0,
    "glauber_mu2_shift_after_lambda_GeV2": 0.0,
    "lambda_tree_raw_glauber_equivalent": -0.16247900114770547,
    "mu2_tree_raw_glauber_equivalent_GeV2": -1010.039616727272,
    "combo_TeV2": 6.424242424242425
  },
  "scan_parameters": {
    "T_min": 1.0,
    "T_max": 250.0,
    "phi_scan_range": [
      -10,
      1000.0
    ],
    "n_phi_scan": 1200,
    "n_T_seeds": 3,
    "deltaX_target": 0.1,
    "x_eps": 0.001,
    "T_eps": 0.01,
    "deriv_order": 4,
    "phitol": 0.0001,
    "overlapAngle": 45.0,
    "Tn_Ttol": 0.01,
    "Tn_maxiter": 160,
    "include_zeroT_loops": true,
    "include_scalar_loops": true,
    "include_thermal": true,
    "include_scalar_thermal": true,
    "include_daisy": true,
    "renormalize_zeroT_loops": true,
    "thermal_approx": "spline"
  },
  "key_temperatures": {
    "Tn": 82.00046581442169,
    "Tc": 95.33005517904137,
    "Ts_false": 55.298048828120656,
    "Ts_true": 96.66609179687464,
    "S_at_Tn": 11484.64392674229,
    "S_over_Tn": 140.0558376428448,
    "false_phase_key": 2,
    "true_phase_key": 0,
    "phi_false_Tn": -4.8647725645799e-05,
    "phi_true_Tn": 225.23614481283468,
    "vTn_over_Tn": 2.7467666503575114,
    "Tc_minus_Tn_over_Tc": 0.13982567553942038
  },
  "gw_scales": {
    "gw_T_star_GeV": 82.00046581442169,
    "gw_alpha": 0.021743994921892353,
    "gw_beta_over_H": 1424.9558750742324,
    "gw_v_w": 1.0,
    "gw_g_star": 106.75
  },
  "gw_peaks": {
    "sw": {
      "f_peak_mHz": 22.402263950746985,
      "f_peak_Hz": 0.022402263950746987,
      "omega_peak": 5.2606325722196386e-17
    },
    "turb": {
      "f_peak_mHz": 38.35481125162571,
      "f_peak_Hz": 0.038354811251625716,
      "omega_peak": 3.822218942791763e-21
    },
    "coll": {
      "f_peak_mHz": NaN,
      "f_peak_Hz": NaN,
      "omega_peak": NaN
    },
    "total": {
      "f_peak_mHz": 22.402263950746985,
      "f_peak_Hz": 0.022402263950746987,
      "omega_peak": 5.260967881742203e-17
    }
  },
  "gw_run_parameters": {
    "g_star": 106.75,
    "v_w": 1.0,
    "epsilon_turb": 1.0,
    "frequency_unit": "mHz"
  },
  "S3": 11471.512644308958,
  "S3_over_T": 139.89570096187705,
  "bounce_diagnostics": {
    "label": "results_eft68_c6f23p21212_c8f40_f1000_mh125_Glauber_off",
    "C": NaN,
    "Lambda_GeV": NaN,
    "finiteT": null,
    "temperature_GeV": NaN,
    "phi_metaMin": -4.8647725645799e-05,
    "phi_absMin": 225.23614481283468,
    "phi_bar": 116.61041723660188,
    "phi_top": 77.58411261671272,
    "V(phi_meta)": -117313502.957963,
    "V(phi_true)": -131076070.05203281,
    "V(phi_top)": -116036563.95925474,
    "DeltaV_true_minus_meta": -13762567.094069809,
    "r0": 2.802930754991394e-06,
    "phi0": 219.68858012979015,
    "dphi0": -0.04149397092817928,
    "rscale_cubic": 0.028029307549913937,
    "rscale_curv": 0.026492909268059795,
    "wall_r_hi": 0.11953574641001834,
    "wall_thickness": 0.08135782364750099,
    "S_total": 11471.512644308958,
    "S_kin": 17193.824075000044,
    "S_pot": -5722.311430691086,
    "S_interior": 0.0,
    "S3_over_T": NaN,
    "beta_rscale": 35.676942722156916,
    "beta_curvature": 37.745950752904356,
    "beta_wall": 12.29138090434547,
    "Tn_from_transitionFinder_GeV": 82.00046581442169,
    "Tc_from_transitionFinder_GeV": 95.33005517904137,
    "T_spinodal_high_GeV": NaN,
    "T_spinodal_low_GeV": NaN,
    "gw_T_star_GeV": 82.00046581442169,
    "gw_alpha": 0.021743994921892353,
    "gw_beta_over_H": 1424.9558750742324,
    "gw_R_star_times_H": NaN,
    "gw_Gamma_Tstar_GeV4": NaN,
    "gw_dT_for_beta_GeV": NaN,
    "gw_f_sw_peak_Hz": NaN,
    "gw_f_turb_peak_Hz": NaN,
    "gw_f_coll_peak_Hz": NaN,
    "gw_g_star": 106.75,
    "gw_v_w": 1.0,
    "omega_sw_peak": NaN,
    "omega_turb_peak": NaN,
    "omega_coll_peak": NaN,
    "omega_tot_peak": NaN
  }
}