{
  "label": "results_eft68_c6f21p21333_c8f45_f1000_mh125_Glauber_C3p2_Lambda1000",
  "model_parameters": {
    "c6_over_f2_TeV2": 1.2133333333333334,
    "c8_over_f4_TeV4": 5.0,
    "f_GeV": 1000.0,
    "m_h": 125.0,
    "v": 246.0,
    "m_w": 80.36,
    "m_z": 91.19,
    "m_t": 173.1,
    "use_glauber_measure": true,
    "C_glauber": 3.2,
    "Lambda_glauber": 1000.0
  },
  "derived_tree_coefficients": {
    "glauber_scheme": "counterterm_subtracted",
    "lambda_tree": -0.008507427158614567,
    "mu2_tree_GeV2": 3371.8061896995205,
    "a0_mean_field": 0.3310224749493464,
    "glauber_t0": 0.19365120000000002,
    "glauber_lambda_shift": 0.0,
    "glauber_mu2_shift_after_lambda_GeV2": 0.0,
    "lambda_tree_raw_glauber_equivalent": -0.40743525473578307,
    "mu2_tree_raw_glauber_equivalent_GeV2": 79753.71948024479,
    "combo_TeV2": 3.3344066666666667
  },
  "scan_parameters": {
    "T_min": 1.0,
    "T_max": 250.0,
    "phi_scan_range": [
      -10.0,
      559.0169943749474
    ],
    "n_phi_scan": 1200,
    "n_T_seeds": 3,
    "deltaX_target": 0.1,
    "x_eps": 0.001,
    "T_eps": 0.01,
    "deriv_order": 4,
    "phitol": 0.0001,
    "overlapAngle": 45.0,
    "Tn_Ttol": 0.01,
    "Tn_maxiter": 160,
    "include_zeroT_loops": true,
    "include_scalar_loops": true,
    "include_thermal": true,
    "include_scalar_thermal": true,
    "include_daisy": false,
    "renormalize_zeroT_loops": true,
    "thermal_approx": "spline"
  },
  "key_temperatures": {
    "Tn": 54.426250449684645,
    "Tc": 79.8750499194461,
    "Ts_false": 29.193949023431607,
    "Ts_true": 92.41850195312473,
    "S_at_Tn": 7621.30604171764,
    "S_over_Tn": 140.0299667669243,
    "false_phase_key": 1,
    "true_phase_key": 0,
    "phi_false_Tn": -0.0002978677641131622,
    "phi_true_Tn": 241.42427144042733,
    "vTn_over_Tn": 4.435805690190186,
    "Tc_minus_Tn_over_Tc": 0.31860761896770695
  },
  "gw_scales": {
    "gw_T_star_GeV": 54.426250449684645,
    "gw_alpha": 0.10807821243855577,
    "gw_beta_over_H": 244.96047724144177,
    "gw_v_w": 1.0,
    "gw_g_star": 106.75
  },
  "gw_peaks": {
    "sw": {
      "f_peak_mHz": 2.5674850488811827,
      "f_peak_Hz": 0.0025674850488811825,
      "omega_peak": 1.3509217156777046e-13
    },
    "turb": {
      "f_peak_mHz": 4.395779134542565,
      "f_peak_Hz": 0.004395779134542564,
      "omega_peak": 9.815275509566406e-18
    },
    "coll": {
      "f_peak_mHz": NaN,
      "f_peak_Hz": NaN,
      "omega_peak": NaN
    },
    "total": {
      "f_peak_mHz": 2.5674850488811827,
      "f_peak_Hz": 0.0025674850488811825,
      "omega_peak": 1.3510080088672016e-13
    }
  },
  "gw_run_parameters": {
    "g_star": 106.75,
    "v_w": 1.0,
    "epsilon_turb": 1.0,
    "frequency_unit": "mHz"
  },
  "S3": 7621.309038569601,
  "S3_over_T": 140.03002182954458,
  "bounce_diagnostics": {
    "label": "results_eft68_c6f21p21333_c8f45_f1000_mh125_Glauber_C3p2_Lambda1000",
    "C": NaN,
    "Lambda_GeV": NaN,
    "finiteT": null,
    "temperature_GeV": NaN,
    "phi_metaMin": -0.0002978677641131622,
    "phi_absMin": 241.42427144042733,
    "phi_bar": 109.7385034570762,
    "phi_top": 76.01351665444398,
    "V(phi_meta)": -24214417.26217849,
    "V(phi_true)": -48079795.37830041,
    "V(phi_top)": -23286620.8439468,
    "DeltaV_true_minus_meta": -23865378.11612192,
    "r0": 3.2217404945203443e-06,
    "phi0": 229.3015694400878,
    "dphi0": -0.14575420599669076,
    "rscale_cubic": 0.03221740494520344,
    "rscale_curv": 0.029157732992168738,
    "wall_r_hi": 0.1014676873975194,
    "wall_thickness": 0.08033812590052629,
    "S_total": 7621.309038569601,
    "S_kin": 11428.462789026358,
    "S_pot": -3807.153750456759,
    "S_interior": 0.0,
    "S3_over_T": NaN,
    "beta_rscale": 31.039123160317757,
    "beta_curvature": 34.296201846047246,
    "beta_wall": 12.44739018729648,
    "Tn_from_transitionFinder_GeV": 54.426250449684645,
    "Tc_from_transitionFinder_GeV": 79.8750499194461,
    "T_spinodal_high_GeV": NaN,
    "T_spinodal_low_GeV": NaN,
    "gw_T_star_GeV": 54.426250449684645,
    "gw_alpha": 0.10807821243855577,
    "gw_beta_over_H": 244.96047724144177,
    "gw_R_star_times_H": NaN,
    "gw_Gamma_Tstar_GeV4": NaN,
    "gw_dT_for_beta_GeV": NaN,
    "gw_f_sw_peak_Hz": NaN,
    "gw_f_turb_peak_Hz": NaN,
    "gw_f_coll_peak_Hz": NaN,
    "gw_g_star": 106.75,
    "gw_v_w": 1.0,
    "omega_sw_peak": NaN,
    "omega_turb_peak": NaN,
    "omega_coll_peak": NaN,
    "omega_tot_peak": NaN
  }
}