{
  "label": "results_eft68_c6f23p11313_c8f42_f1000_mh125_Glauber_off",
  "model_parameters": {
    "c6_over_f2_TeV2": 3.113131313131313,
    "c8_over_f4_TeV4": 2.0,
    "f_GeV": 1000.0,
    "m_h": 125.0,
    "v": 246.0,
    "m_w": 80.36,
    "m_z": 91.19,
    "m_t": 173.1,
    "use_glauber_measure": false,
    "C_glauber": 0.0,
    "Lambda_glauber": 1000.0
  },
  "derived_tree_coefficients": {
    "glauber_scheme": "counterterm_subtracted",
    "lambda_tree": -0.16447985082479635,
    "mu2_tree_GeV2": -1181.3917579907366,
    "a0_mean_field": 0.2530362631162555,
    "glauber_t0": 0.0,
    "glauber_lambda_shift": 0.0,
    "glauber_mu2_shift_after_lambda_GeV2": 0.0,
    "lambda_tree_raw_glauber_equivalent": -0.16447985082479635,
    "mu2_tree_raw_glauber_equivalent_GeV2": -1181.3917579907366,
    "combo_TeV2": 6.589358626262626
  },
  "scan_parameters": {
    "T_min": 1.0,
    "T_max": 250.0,
    "phi_scan_range": [
      -10,
      1000.0
    ],
    "n_phi_scan": 1200,
    "n_T_seeds": 3,
    "deltaX_target": 0.1,
    "x_eps": 0.001,
    "T_eps": 0.01,
    "deriv_order": 4,
    "phitol": 0.0001,
    "overlapAngle": 45.0,
    "Tn_Ttol": 0.01,
    "Tn_maxiter": 160,
    "include_zeroT_loops": true,
    "include_scalar_loops": true,
    "include_thermal": true,
    "include_scalar_thermal": true,
    "include_daisy": true,
    "renormalize_zeroT_loops": true,
    "thermal_approx": "spline"
  },
  "key_temperatures": {
    "Tn": 79.12778983340768,
    "Tc": 93.91879901303372,
    "Ts_false": 50.4097216796828,
    "Ts_true": 95.80869531249965,
    "S_at_Tn": 11075.35243037742,
    "S_over_Tn": 139.96792345262014,
    "false_phase_key": 2,
    "true_phase_key": 0,
    "phi_false_Tn": -5.31930486998513e-05,
    "phi_true_Tn": 227.86363034452197,
    "vTn_over_Tn": 2.879691582745537,
    "Tc_minus_Tn_over_Tc": 0.15748720527796997
  },
  "gw_scales": {
    "gw_T_star_GeV": 79.12778983340768,
    "gw_alpha": 0.02504764317064806,
    "gw_beta_over_H": 935.8126396904821,
    "gw_v_w": 1.0,
    "gw_g_star": 106.75
  },
  "gw_peaks": {
    "sw": {
      "f_peak_mHz": 14.129445033049324,
      "f_peak_Hz": 0.014129445033049325,
      "omega_peak": 1.8168963015664166e-16
    },
    "turb": {
      "f_peak_mHz": 24.19095670528232,
      "f_peak_Hz": 0.02419095670528232,
      "omega_peak": 1.3201926079490847e-20
    },
    "coll": {
      "f_peak_mHz": NaN,
      "f_peak_Hz": NaN,
      "omega_peak": NaN
    },
    "total": {
      "f_peak_mHz": 14.129445033049324,
      "f_peak_Hz": 0.014129445033049325,
      "omega_peak": 1.8170118480513142e-16
    }
  },
  "gw_run_parameters": {
    "g_star": 106.75,
    "v_w": 1.0,
    "epsilon_turb": 1.0,
    "frequency_unit": "mHz"
  },
  "S3": 11075.639332928702,
  "S3_over_T": 139.97154926539574,
  "bounce_diagnostics": {
    "label": "results_eft68_c6f23p11313_c8f42_f1000_mh125_Glauber_off",
    "C": NaN,
    "Lambda_GeV": NaN,
    "finiteT": null,
    "temperature_GeV": NaN,
    "phi_metaMin": -5.31930486998513e-05,
    "phi_absMin": 227.86363034452197,
    "phi_bar": 117.09418748900721,
    "phi_top": 78.60113141896751,
    "V(phi_meta)": -101562340.69952263,
    "V(phi_true)": -116641397.11215836,
    "V(phi_top)": -100231207.92251438,
    "DeltaV_true_minus_meta": -15079056.412635729,
    "r0": 2.7812676061922244e-06,
    "phi0": 221.953640353793,
    "dphi0": -0.04681544633227596,
    "rscale_cubic": 0.027812676061922243,
    "rscale_curv": 0.02643681705992058,
    "wall_r_hi": 0.11575000128695917,
    "wall_thickness": 0.07964167837950967,
    "S_total": 11075.639332928702,
    "S_kin": 16611.441256010683,
    "S_pot": -5535.801923081982,
    "S_interior": 0.0,
    "S3_over_T": NaN,
    "beta_rscale": 35.9548285743377,
    "beta_curvature": 37.82603685348652,
    "beta_wall": 12.55623965174096,
    "Tn_from_transitionFinder_GeV": 79.12778983340768,
    "Tc_from_transitionFinder_GeV": 93.91879901303372,
    "T_spinodal_high_GeV": NaN,
    "T_spinodal_low_GeV": NaN,
    "gw_T_star_GeV": 79.12778983340768,
    "gw_alpha": 0.02504764317064806,
    "gw_beta_over_H": 935.8126396904821,
    "gw_R_star_times_H": NaN,
    "gw_Gamma_Tstar_GeV4": NaN,
    "gw_dT_for_beta_GeV": NaN,
    "gw_f_sw_peak_Hz": NaN,
    "gw_f_turb_peak_Hz": NaN,
    "gw_f_coll_peak_Hz": NaN,
    "gw_g_star": 106.75,
    "gw_v_w": 1.0,
    "omega_sw_peak": NaN,
    "omega_turb_peak": NaN,
    "omega_coll_peak": NaN,
    "omega_tot_peak": NaN
  }
}