{
  "label": "results_eft68_c6f21_c8f45_f1000_mh125_Glauber_C3_Lambda1000",
  "model_parameters": {
    "c6_over_f2_TeV2": 1.0,
    "c8_over_f4_TeV4": 5.0,
    "f_GeV": 1000.0,
    "m_h": 125.0,
    "v": 246.0,
    "m_w": 80.36,
    "m_z": 91.19,
    "m_t": 173.1,
    "use_glauber_measure": true,
    "C_glauber": 3.0,
    "Lambda_glauber": 1000.0
  },
  "derived_tree_coefficients": {
    "glauber_scheme": "counterterm_subtracted",
    "lambda_tree": 0.010857692841385418,
    "mu2_tree_GeV2": 3957.7559906595197,
    "a0_mean_field": 0.3407050349493464,
    "glauber_t0": 0.181548,
    "glauber_lambda_shift": 0.0,
    "glauber_mu2_shift_after_lambda_GeV2": 0.0,
    "lambda_tree_raw_glauber_equivalent": -0.3294692591335424,
    "mu2_tree_raw_glauber_equivalent_GeV2": 76209.621664206,
    "combo_TeV2": 2.90774
  },
  "scan_parameters": {
    "T_min": 1.0,
    "T_max": 250.0,
    "phi_scan_range": [
      -10.0,
      577.3502691896258
    ],
    "n_phi_scan": 1200,
    "n_T_seeds": 3,
    "deltaX_target": 0.1,
    "x_eps": 0.001,
    "T_eps": 0.01,
    "deriv_order": 4,
    "phitol": 0.0001,
    "overlapAngle": 45.0,
    "Tn_Ttol": 0.01,
    "Tn_maxiter": 160,
    "include_zeroT_loops": true,
    "include_scalar_loops": true,
    "include_thermal": true,
    "include_scalar_thermal": true,
    "include_daisy": false,
    "renormalize_zeroT_loops": true,
    "thermal_approx": "spline"
  },
  "key_temperatures": {
    "Tn": 83.15741172967113,
    "Tc": 92.16508587722296,
    "Ts_false": 72.0336208984346,
    "Ts_true": 98.25443945312462,
    "S_at_Tn": 11644.853782038408,
    "S_over_Tn": 140.03386516999356,
    "false_phase_key": 1,
    "true_phase_key": 0,
    "phi_false_Tn": -0.0002719181054964715,
    "phi_true_Tn": 223.16691359485196,
    "vTn_over_Tn": 2.68366834600775,
    "Tc_minus_Tn_over_Tc": 0.09773412634315065
  },
  "gw_scales": {
    "gw_T_star_GeV": 83.15741172967113,
    "gw_alpha": 0.021334597028546145,
    "gw_beta_over_H": 2134.8548934951805,
    "gw_v_w": 1.0,
    "gw_g_star": 106.75
  },
  "gw_peaks": {
    "sw": {
      "f_peak_mHz": 33.91892151805883,
      "f_peak_Hz": 0.03391892151805883,
      "omega_peak": 2.221011994480251e-17
    },
    "turb": {
      "f_peak_mHz": 58.07242676651317,
      "f_peak_Hz": 0.05807242676651317,
      "omega_peak": 1.6137918447399439e-21
    },
    "coll": {
      "f_peak_mHz": NaN,
      "f_peak_Hz": NaN,
      "omega_peak": NaN
    },
    "total": {
      "f_peak_mHz": 33.91892151805883,
      "f_peak_Hz": 0.03391892151805883,
      "omega_peak": 2.2211533274632754e-17
    }
  },
  "gw_run_parameters": {
    "g_star": 106.75,
    "v_w": 1.0,
    "epsilon_turb": 1.0,
    "frequency_unit": "mHz"
  },
  "S3": 11644.961240852643,
  "S3_over_T": 140.03515740374638,
  "bounce_diagnostics": {
    "label": "results_eft68_c6f21_c8f45_f1000_mh125_Glauber_C3_Lambda1000",
    "C": NaN,
    "Lambda_GeV": NaN,
    "finiteT": null,
    "temperature_GeV": NaN,
    "phi_metaMin": -0.0002719181054964715,
    "phi_absMin": 223.16691359485196,
    "phi_bar": 113.43789342162087,
    "phi_top": 76.48348035662976,
    "V(phi_meta)": -127623104.46248622,
    "V(phi_true)": -138577522.38739392,
    "V(phi_top)": -126834432.57257451,
    "DeltaV_true_minus_meta": -10954417.9249077,
    "r0": 3.5159717750892304e-06,
    "phi0": 218.12766493041886,
    "dphi0": -0.042702426087174686,
    "rscale_cubic": 0.0351597177508923,
    "rscale_curv": 0.03329195799100644,
    "wall_r_hi": 0.13594602046324608,
    "wall_thickness": 0.0942371321998928,
    "S_total": 11644.961240852643,
    "S_kin": 17455.028542507833,
    "S_pot": -5810.06730165519,
    "S_interior": 0.0,
    "S3_over_T": NaN,
    "beta_rscale": 28.441639011013436,
    "beta_curvature": 30.037285769498236,
    "beta_wall": 10.61152835040472,
    "Tn_from_transitionFinder_GeV": 83.15741172967113,
    "Tc_from_transitionFinder_GeV": 92.16508587722296,
    "T_spinodal_high_GeV": NaN,
    "T_spinodal_low_GeV": NaN,
    "gw_T_star_GeV": 83.15741172967113,
    "gw_alpha": 0.021334597028546145,
    "gw_beta_over_H": 2134.8548934951805,
    "gw_R_star_times_H": NaN,
    "gw_Gamma_Tstar_GeV4": NaN,
    "gw_dT_for_beta_GeV": NaN,
    "gw_f_sw_peak_Hz": NaN,
    "gw_f_turb_peak_Hz": NaN,
    "gw_f_coll_peak_Hz": NaN,
    "gw_g_star": 106.75,
    "gw_v_w": 1.0,
    "omega_sw_peak": NaN,
    "omega_turb_peak": NaN,
    "omega_coll_peak": NaN,
    "omega_tot_peak": NaN
  }
}