{
  "label": "results_eft68_c6f21_c8f40_f1000_mh125_Glauber_C3p43333_Lambda1000",
  "model_parameters": {
    "c6_over_f2_TeV2": 1.0,
    "c8_over_f4_TeV4": 0.0,
    "f_GeV": 1000.0,
    "m_h": 125.0,
    "v": 246.0,
    "m_w": 80.36,
    "m_z": 91.19,
    "m_t": 173.1,
    "use_glauber_measure": true,
    "C_glauber": 3.433333333333333,
    "Lambda_glauber": 1000.0
  },
  "derived_tree_coefficients": {
    "glauber_scheme": "counterterm_subtracted",
    "lambda_tree": 0.03832408976138542,
    "mu2_tree_GeV2": 5065.860308,
    "a0_mean_field": 0.3544382334093464,
    "glauber_t0": 0.20777159999999997,
    "glauber_lambda_shift": 0.0,
    "glauber_mu2_shift_after_lambda_GeV2": 0.0,
    "lambda_tree_raw_glauber_equivalent": -0.4374177954067962,
    "mu2_tree_raw_glauber_equivalent_GeV2": 86051.46608412512,
    "combo_TeV2": 2.0
  },
  "scan_parameters": {
    "T_min": 1.0,
    "T_max": 250.0,
    "phi_scan_range": [
      -10.0,
      539.6870722208658
    ],
    "n_phi_scan": 1200,
    "n_T_seeds": 3,
    "deltaX_target": 0.1,
    "x_eps": 0.001,
    "T_eps": 0.01,
    "deriv_order": 4,
    "phitol": 0.0001,
    "overlapAngle": 45.0,
    "Tn_Ttol": 0.01,
    "Tn_maxiter": 160,
    "include_zeroT_loops": true,
    "include_scalar_loops": true,
    "include_thermal": true,
    "include_scalar_thermal": true,
    "include_daisy": false,
    "renormalize_zeroT_loops": true,
    "thermal_approx": "spline"
  },
  "key_temperatures": {
    "Tn": 58.366793252883255,
    "Tc": 80.28878719874314,
    "Ts_false": 37.319324804681976,
    "Ts_true": 92.47832031249973,
    "S_at_Tn": 8171.426240291485,
    "S_over_Tn": 140.00128814491322,
    "false_phase_key": 1,
    "true_phase_key": 0,
    "phi_false_Tn": -0.0002697366276831066,
    "phi_true_Tn": 240.1743094926984,
    "vTn_over_Tn": 4.114913568269986,
    "Tc_minus_Tn_over_Tc": 0.27303929615470707
  },
  "gw_scales": {
    "gw_T_star_GeV": 58.366793252883255,
    "gw_alpha": 0.08359467436238481,
    "gw_beta_over_H": 250.48870085475983,
    "gw_v_w": 1.0,
    "gw_g_star": 106.75
  },
  "gw_peaks": {
    "sw": {
      "f_peak_mHz": 2.815407637462942,
      "f_peak_Hz": 0.002815407637462942,
      "omega_peak": 6.693680231636686e-14
    },
    "turb": {
      "f_peak_mHz": 4.820246238000243,
      "f_peak_Hz": 0.004820246238000243,
      "omega_peak": 4.863369066702416e-18
    },
    "coll": {
      "f_peak_mHz": NaN,
      "f_peak_Hz": NaN,
      "omega_peak": NaN
    },
    "total": {
      "f_peak_mHz": 2.815407637462942,
      "f_peak_Hz": 0.002815407637462942,
      "omega_peak": 6.694107797812807e-14
    }
  },
  "gw_run_parameters": {
    "g_star": 106.75,
    "v_w": 1.0,
    "epsilon_turb": 1.0,
    "frequency_unit": "mHz"
  },
  "S3": 8171.427166683544,
  "S3_over_T": 140.00130401681582,
  "bounce_diagnostics": {
    "label": "results_eft68_c6f21_c8f40_f1000_mh125_Glauber_C3p43333_Lambda1000",
    "C": NaN,
    "Lambda_GeV": NaN,
    "finiteT": null,
    "temperature_GeV": NaN,
    "phi_metaMin": -0.0002697366276831066,
    "phi_absMin": 240.1743094926984,
    "phi_bar": 111.7758223057995,
    "phi_top": 77.21521727406528,
    "V(phi_meta)": -32619391.758720804,
    "V(phi_true)": -54918155.11507959,
    "V(phi_top)": -31657950.31498683,
    "DeltaV_true_minus_meta": -22298763.356358785,
    "r0": 3.214899272222837e-06,
    "phi0": 229.78806596225664,
    "dphi0": -0.12276183572763401,
    "rscale_cubic": 0.03214899272222837,
    "rscale_curv": 0.029386862287504284,
    "wall_r_hi": 0.10418832898337571,
    "wall_thickness": 0.08032068163697027,
    "S_total": 8171.427166683544,
    "S_kin": 12247.014525068143,
    "S_pot": -4075.587358384598,
    "S_interior": 0.0,
    "S3_over_T": NaN,
    "beta_rscale": 31.10517360964105,
    "beta_curvature": 34.02881165735843,
    "beta_wall": 12.450093545268379,
    "Tn_from_transitionFinder_GeV": 58.366793252883255,
    "Tc_from_transitionFinder_GeV": 80.28878719874314,
    "T_spinodal_high_GeV": NaN,
    "T_spinodal_low_GeV": NaN,
    "gw_T_star_GeV": 58.366793252883255,
    "gw_alpha": 0.08359467436238481,
    "gw_beta_over_H": 250.48870085475983,
    "gw_R_star_times_H": NaN,
    "gw_Gamma_Tstar_GeV4": NaN,
    "gw_dT_for_beta_GeV": NaN,
    "gw_f_sw_peak_Hz": NaN,
    "gw_f_turb_peak_Hz": NaN,
    "gw_f_coll_peak_Hz": NaN,
    "gw_g_star": 106.75,
    "gw_v_w": 1.0,
    "omega_sw_peak": NaN,
    "omega_turb_peak": NaN,
    "omega_coll_peak": NaN,
    "omega_tot_peak": NaN
  }
}