{
  "label": "results_eft68_c6f22p81616_c8f45_f1000_mh125_Glauber_off",
  "model_parameters": {
    "c6_over_f2_TeV2": 2.816161616161616,
    "c8_over_f4_TeV4": 5.0,
    "f_GeV": 1000.0,
    "m_h": 125.0,
    "v": 246.0,
    "m_w": 80.36,
    "m_z": 91.19,
    "m_t": 173.1,
    "use_glauber_measure": false,
    "C_glauber": 0.0,
    "Lambda_glauber": 1000.0
  },
  "derived_tree_coefficients": {
    "glauber_scheme": "counterterm_subtracted",
    "lambda_tree": -0.1540025617040691,
    "mu2_tree_GeV2": -1030.5855913768428,
    "a0_mean_field": 0.25827490767661915,
    "glauber_t0": 0.0,
    "glauber_lambda_shift": 0.0,
    "glauber_mu2_shift_after_lambda_GeV2": 0.0,
    "lambda_tree_raw_glauber_equivalent": -0.1540025617040691,
    "mu2_tree_raw_glauber_equivalent_GeV2": -1030.5855913768428,
    "combo_TeV2": 6.540063232323233
  },
  "scan_parameters": {
    "T_min": 1.0,
    "T_max": 250.0,
    "phi_scan_range": [
      -10,
      1000.0
    ],
    "n_phi_scan": 1200,
    "n_T_seeds": 3,
    "deltaX_target": 0.1,
    "x_eps": 0.001,
    "T_eps": 0.01,
    "deriv_order": 4,
    "phitol": 0.0001,
    "overlapAngle": 45.0,
    "Tn_Ttol": 0.01,
    "Tn_maxiter": 160,
    "include_zeroT_loops": true,
    "include_scalar_loops": true,
    "include_thermal": true,
    "include_scalar_thermal": true,
    "include_daisy": false,
    "renormalize_zeroT_loops": true,
    "thermal_approx": "spline"
  },
  "key_temperatures": {
    "Tn": 79.8829111438204,
    "Tc": 93.22679296933015,
    "Ts_false": 55.42853066405838,
    "Ts_true": 94.67992773437467,
    "S_at_Tn": 11180.505378746884,
    "S_over_Tn": 139.96116589463816,
    "false_phase_key": 2,
    "true_phase_key": 0,
    "phi_false_Tn": 2.5585285349421514e-05,
    "phi_true_Tn": 226.18467260397645,
    "vTn_over_Tn": 2.83145255180743,
    "Tc_minus_Tn_over_Tc": 0.1431335499216372
  },
  "gw_scales": {
    "gw_T_star_GeV": 79.8829111438204,
    "gw_alpha": 0.024121580929037625,
    "gw_beta_over_H": 1300.1279575251817,
    "gw_v_w": 1.0,
    "gw_g_star": 106.75
  },
  "gw_peaks": {
    "sw": {
      "f_peak_mHz": 19.81135111804306,
      "f_peak_Hz": 0.01981135111804306,
      "omega_peak": 8.466909814338074e-17
    },
    "turb": {
      "f_peak_mHz": 33.91892151805883,
      "f_peak_Hz": 0.03391892151805883,
      "omega_peak": 6.152262295421094e-21
    },
    "coll": {
      "f_peak_mHz": NaN,
      "f_peak_Hz": NaN,
      "omega_peak": NaN
    },
    "total": {
      "f_peak_mHz": 19.81135111804306,
      "f_peak_Hz": 0.01981135111804306,
      "omega_peak": 8.467448194719207e-17
    }
  },
  "gw_run_parameters": {
    "g_star": 106.75,
    "v_w": 1.0,
    "epsilon_turb": 1.0,
    "frequency_unit": "mHz"
  },
  "S3": 11180.515499581468,
  "S3_over_T": 139.96129259050386,
  "bounce_diagnostics": {
    "label": "results_eft68_c6f22p81616_c8f45_f1000_mh125_Glauber_off",
    "C": NaN,
    "Lambda_GeV": NaN,
    "finiteT": null,
    "temperature_GeV": NaN,
    "phi_metaMin": 2.5585285349421514e-05,
    "phi_absMin": 226.18467260397645,
    "phi_bar": 116.00492848269172,
    "phi_top": 77.55265718404847,
    "V(phi_meta)": -104115130.88234605,
    "V(phi_true)": -118154487.7816543,
    "V(phi_top)": -102891594.13748081,
    "DeltaV_true_minus_meta": -14039356.89930825,
    "r0": 2.862281910889875e-06,
    "phi0": 220.2610091916083,
    "dphi0": -0.04559182959525227,
    "rscale_cubic": 0.02862281910889875,
    "rscale_curv": 0.02721231801493329,
    "wall_r_hi": 0.11904577766839014,
    "wall_thickness": 0.08202816494052381,
    "S_total": 11180.515499581468,
    "S_kin": 16790.711587532893,
    "S_pot": -5610.196087951424,
    "S_interior": 0.0,
    "S3_over_T": NaN,
    "beta_rscale": 34.93715962062951,
    "beta_curvature": 36.74806227732438,
    "beta_wall": 12.190934671342097,
    "Tn_from_transitionFinder_GeV": 79.8829111438204,
    "Tc_from_transitionFinder_GeV": 93.22679296933015,
    "T_spinodal_high_GeV": NaN,
    "T_spinodal_low_GeV": NaN,
    "gw_T_star_GeV": 79.8829111438204,
    "gw_alpha": 0.024121580929037625,
    "gw_beta_over_H": 1300.1279575251817,
    "gw_R_star_times_H": NaN,
    "gw_Gamma_Tstar_GeV4": NaN,
    "gw_dT_for_beta_GeV": NaN,
    "gw_f_sw_peak_Hz": NaN,
    "gw_f_turb_peak_Hz": NaN,
    "gw_f_coll_peak_Hz": NaN,
    "gw_g_star": 106.75,
    "gw_v_w": 1.0,
    "omega_sw_peak": NaN,
    "omega_turb_peak": NaN,
    "omega_coll_peak": NaN,
    "omega_tot_peak": NaN
  }
}