{
  "label": "results_eft68_c6f23p09697_c8f42_f1000_mh125_Glauber_off",
  "model_parameters": {
    "c6_over_f2_TeV2": 3.096969696969697,
    "c8_over_f4_TeV4": 2.0,
    "f_GeV": 1000.0,
    "m_h": 125.0,
    "v": 246.0,
    "m_w": 80.36,
    "m_z": 91.19,
    "m_t": 173.1,
    "use_glauber_measure": false,
    "C_glauber": 0.0,
    "Lambda_glauber": 1000.0
  },
  "derived_tree_coefficients": {
    "glauber_scheme": "counterterm_subtracted",
    "lambda_tree": -0.16301279627934193,
    "mu2_tree_GeV2": -1137.0016215543774,
    "a0_mean_field": 0.25376979038898273,
    "glauber_t0": 0.0,
    "glauber_lambda_shift": 0.0,
    "glauber_mu2_shift_after_lambda_GeV2": 0.0,
    "lambda_tree_raw_glauber_equivalent": -0.16301279627934193,
    "mu2_tree_raw_glauber_equivalent_GeV2": -1137.0016215543774,
    "combo_TeV2": 6.557035393939394
  },
  "scan_parameters": {
    "T_min": 1.0,
    "T_max": 250.0,
    "phi_scan_range": [
      -10,
      1000.0
    ],
    "n_phi_scan": 1200,
    "n_T_seeds": 3,
    "deltaX_target": 0.1,
    "x_eps": 0.001,
    "T_eps": 0.01,
    "deriv_order": 4,
    "phitol": 0.0001,
    "overlapAngle": 45.0,
    "Tn_Ttol": 0.01,
    "Tn_maxiter": 160,
    "include_zeroT_loops": true,
    "include_scalar_loops": true,
    "include_thermal": true,
    "include_scalar_thermal": true,
    "include_daisy": true,
    "renormalize_zeroT_loops": true,
    "thermal_approx": "spline"
  },
  "key_temperatures": {
    "Tn": 79.91793691623485,
    "Tc": 94.25616100796226,
    "Ts_false": 51.97229394530791,
    "Ts_true": 95.96237499999965,
    "S_at_Tn": 11189.881730024164,
    "S_over_Tn": 140.01714961376845,
    "false_phase_key": 2,
    "true_phase_key": 0,
    "phi_false_Tn": -5.3848653084074176e-05,
    "phi_true_Tn": 227.14791595963413,
    "vTn_over_Tn": 2.8422645118794403,
    "Tc_minus_Tn_over_Tc": 0.15211975470246655
  },
  "gw_scales": {
    "gw_T_star_GeV": 79.91793691623485,
    "gw_alpha": 0.02404337662005072,
    "gw_beta_over_H": 1111.6272343890378,
    "gw_v_w": 1.0,
    "gw_g_star": 106.75
  },
  "gw_peaks": {
    "sw": {
      "f_peak_mHz": 16.989939270866806,
      "f_peak_Hz": 0.016989939270866807,
      "omega_peak": 1.1477073039807073e-16
    },
    "turb": {
      "f_peak_mHz": 29.088395500712377,
      "f_peak_Hz": 0.029088395500712377,
      "omega_peak": 8.33913839744806e-21
    },
    "coll": {
      "f_peak_mHz": NaN,
      "f_peak_Hz": NaN,
      "omega_peak": NaN
    },
    "total": {
      "f_peak_mHz": 16.989939270866806,
      "f_peak_Hz": 0.016989939270866807,
      "omega_peak": 1.1477803708450765e-16
    }
  },
  "gw_run_parameters": {
    "g_star": 106.75,
    "v_w": 1.0,
    "epsilon_turb": 1.0,
    "frequency_unit": "mHz"
  },
  "S3": 11189.88037974395,
  "S3_over_T": 140.01713271793423,
  "bounce_diagnostics": {
    "label": "results_eft68_c6f23p09697_c8f42_f1000_mh125_Glauber_off",
    "C": NaN,
    "Lambda_GeV": NaN,
    "finiteT": null,
    "temperature_GeV": NaN,
    "phi_metaMin": -5.3848653084074176e-05,
    "phi_absMin": 227.14791595963413,
    "phi_bar": 117.01684257327315,
    "phi_top": 78.39204804646104,
    "V(phi_meta)": -105724403.75351231,
    "V(phi_true)": -120390208.4334386,
    "V(phi_top)": -104410898.69692059,
    "DeltaV_true_minus_meta": -14665804.679926291,
    "r0": 2.7924204474338578e-06,
    "phi0": 221.36463666182837,
    "dphi0": -0.0451400784874275,
    "rscale_cubic": 0.027924204474338576,
    "rscale_curv": 0.02650793756304253,
    "wall_r_hi": 0.11693142942355808,
    "wall_thickness": 0.0801715956496282,
    "S_total": 11189.88037974395,
    "S_kin": 16793.988638591727,
    "S_pot": -5604.108258847778,
    "S_interior": 0.0,
    "S3_over_T": NaN,
    "beta_rscale": 35.811226096663454,
    "beta_curvature": 37.7245500212063,
    "beta_wall": 12.473245566550446,
    "Tn_from_transitionFinder_GeV": 79.91793691623485,
    "Tc_from_transitionFinder_GeV": 94.25616100796226,
    "T_spinodal_high_GeV": NaN,
    "T_spinodal_low_GeV": NaN,
    "gw_T_star_GeV": 79.91793691623485,
    "gw_alpha": 0.02404337662005072,
    "gw_beta_over_H": 1111.6272343890378,
    "gw_R_star_times_H": NaN,
    "gw_Gamma_Tstar_GeV4": NaN,
    "gw_dT_for_beta_GeV": NaN,
    "gw_f_sw_peak_Hz": NaN,
    "gw_f_turb_peak_Hz": NaN,
    "gw_f_coll_peak_Hz": NaN,
    "gw_g_star": 106.75,
    "gw_v_w": 1.0,
    "omega_sw_peak": NaN,
    "omega_turb_peak": NaN,
    "omega_coll_peak": NaN,
    "omega_tot_peak": NaN
  }
}