{
  "label": "results_eft68_c6f22p81212_c8f45_f1000_mh125_Glauber_off",
  "model_parameters": {
    "c6_over_f2_TeV2": 2.812121212121212,
    "c8_over_f4_TeV4": 5.0,
    "f_GeV": 1000.0,
    "m_h": 125.0,
    "v": 246.0,
    "m_w": 80.36,
    "m_z": 91.19,
    "m_t": 173.1,
    "use_glauber_measure": false,
    "C_glauber": 0.0,
    "Lambda_glauber": 1000.0
  },
  "derived_tree_coefficients": {
    "glauber_scheme": "counterterm_subtracted",
    "lambda_tree": -0.15363579806770547,
    "mu2_tree_GeV2": -1019.4880572677529,
    "a0_mean_field": 0.258458289494801,
    "glauber_t0": 0.0,
    "glauber_lambda_shift": 0.0,
    "glauber_mu2_shift_after_lambda_GeV2": 0.0,
    "lambda_tree_raw_glauber_equivalent": -0.15363579806770547,
    "mu2_tree_raw_glauber_equivalent_GeV2": -1019.4880572677529,
    "combo_TeV2": 6.531982424242424
  },
  "scan_parameters": {
    "T_min": 1.0,
    "T_max": 250.0,
    "phi_scan_range": [
      -10,
      1000.0
    ],
    "n_phi_scan": 1200,
    "n_T_seeds": 3,
    "deltaX_target": 0.1,
    "x_eps": 0.001,
    "T_eps": 0.01,
    "deriv_order": 4,
    "phitol": 0.0001,
    "overlapAngle": 45.0,
    "Tn_Ttol": 0.01,
    "Tn_maxiter": 160,
    "include_zeroT_loops": true,
    "include_scalar_loops": true,
    "include_thermal": true,
    "include_scalar_thermal": true,
    "include_daisy": true,
    "renormalize_zeroT_loops": true,
    "thermal_approx": "spline"
  },
  "key_temperatures": {
    "Tn": 81.9212524325041,
    "Tc": 94.980675237801,
    "Ts_false": 57.36192812499591,
    "Ts_true": 95.97793749999964,
    "S_at_Tn": 11481.122143061968,
    "S_over_Tn": 140.14827413095767,
    "false_phase_key": 2,
    "true_phase_key": 0,
    "phi_false_Tn": -4.397226516826295e-05,
    "phi_true_Tn": 225.0934969483985,
    "vTn_over_Tn": 2.74768134354215,
    "Tc_minus_Tn_over_Tc": 0.137495577627768
  },
  "gw_scales": {
    "gw_T_star_GeV": 81.9212524325041,
    "gw_alpha": 0.021551470686179748,
    "gw_beta_over_H": 1168.5095277227688,
    "gw_v_w": 1.0,
    "gw_g_star": 106.75
  },
  "gw_peaks": {
    "sw": {
      "f_peak_mHz": 18.34648882945646,
      "f_peak_Hz": 0.018346488829456463,
      "omega_peak": 7.628850870713122e-17
    },
    "turb": {
      "f_peak_mHz": 31.410937650361838,
      "f_peak_Hz": 0.03141093765036184,
      "omega_peak": 5.542912567047806e-21
    },
    "coll": {
      "f_peak_mHz": NaN,
      "f_peak_Hz": NaN,
      "omega_peak": NaN
    },
    "total": {
      "f_peak_mHz": 18.34648882945646,
      "f_peak_Hz": 0.018346488829456463,
      "omega_peak": 7.629337048331858e-17
    }
  },
  "gw_run_parameters": {
    "g_star": 106.75,
    "v_w": 1.0,
    "epsilon_turb": 1.0,
    "frequency_unit": "mHz"
  },
  "S3": 11443.979484233558,
  "S3_over_T": 139.6948794656477,
  "bounce_diagnostics": {
    "label": "results_eft68_c6f22p81212_c8f45_f1000_mh125_Glauber_off",
    "C": NaN,
    "Lambda_GeV": NaN,
    "finiteT": null,
    "temperature_GeV": NaN,
    "phi_metaMin": -4.397226516826295e-05,
    "phi_absMin": 225.0934969483985,
    "phi_bar": 116.25792008752789,
    "phi_top": 77.63573544101315,
    "V(phi_meta)": -116852767.28184634,
    "V(phi_true)": -130270167.87492491,
    "V(phi_top)": -115640756.45044732,
    "DeltaV_true_minus_meta": -13417400.593078569,
    "r0": 2.8789428362937697e-06,
    "phi0": 219.4530735137347,
    "dphi0": -0.042479828852493906,
    "rscale_cubic": 0.028789428362937696,
    "rscale_curv": 0.02729322798420645,
    "wall_r_hi": 0.12116806691685426,
    "wall_thickness": 0.08286886163479283,
    "S_total": 11443.979484233558,
    "S_kin": 17157.933922352102,
    "S_pot": -5713.954438118549,
    "S_interior": 0.0,
    "S3_over_T": NaN,
    "beta_rscale": 34.73497241394894,
    "beta_curvature": 36.63912438223901,
    "beta_wall": 12.06725880231165,
    "Tn_from_transitionFinder_GeV": 81.9212524325041,
    "Tc_from_transitionFinder_GeV": 94.980675237801,
    "T_spinodal_high_GeV": NaN,
    "T_spinodal_low_GeV": NaN,
    "gw_T_star_GeV": 81.9212524325041,
    "gw_alpha": 0.021551470686179748,
    "gw_beta_over_H": 1168.5095277227688,
    "gw_R_star_times_H": NaN,
    "gw_Gamma_Tstar_GeV4": NaN,
    "gw_dT_for_beta_GeV": NaN,
    "gw_f_sw_peak_Hz": NaN,
    "gw_f_turb_peak_Hz": NaN,
    "gw_f_coll_peak_Hz": NaN,
    "gw_g_star": 106.75,
    "gw_v_w": 1.0,
    "omega_sw_peak": NaN,
    "omega_turb_peak": NaN,
    "omega_coll_peak": NaN,
    "omega_tot_peak": NaN
  }
}