{
  "label": "results_eft68_c6f20_c8f40_f1200p5_mh125_Glauber_C11p1018_Lambda4000",
  "model_parameters": {
    "c6_over_f2_TeV2": 0.0,
    "c8_over_f4_TeV4": 0.0,
    "f_GeV": 1200.5021331782284,
    "m_h": 125.0,
    "v": 246.0,
    "m_w": 80.36,
    "m_z": 91.19,
    "m_t": 173.1,
    "use_glauber_measure": true,
    "C_glauber": 11.101818181818182,
    "Lambda_glauber": 4000.0
  },
  "scan_parameters": {
    "T_min": 1.0,
    "T_max": 250.0,
    "phi_scan_range": [
      -10.0,
      1200.5021331782284
    ],
    "n_phi_scan": 1200,
    "n_T_seeds": 3,
    "deltaX_target": 0.1,
    "x_eps": 0.001,
    "T_eps": 0.01,
    "deriv_order": 4,
    "phitol": 1e-05,
    "overlapAngle": 45.0,
    "Tn_Ttol": 0.001,
    "Tn_maxiter": 160,
    "include_zeroT_loops": true,
    "include_scalar_loops": true,
    "include_thermal": true,
    "include_scalar_thermal": true,
    "include_daisy": false,
    "renormalize_zeroT_loops": true,
    "thermal_approx": "spline"
  },
  "key_temperatures": {
    "Tn": 55.82487384719307,
    "Tc": 79.48037156006875,
    "Ts_false": 40.96810956312091,
    "Ts_true": 93.1737695312499,
    "S_at_Tn": 7815.473555504239,
    "S_over_Tn": 139.99984266685823,
    "false_phase_key": "6_5_4_3_2",
    "true_phase_key": 0,
    "phi_false_Tn": 0.0025310078780345297,
    "phi_true_Tn": 241.16003878476835,
    "vTn_over_Tn": 4.319938804427664,
    "Tc_minus_Tn_over_Tc": 0.2976269140236417
  },
  "gw_scales": {
    "gw_T_star_GeV": 55.82487384719307,
    "gw_alpha": 0.10502854756114789,
    "gw_beta_over_H": 446.9588042910359,
    "gw_v_w": 1.0,
    "gw_g_star": 106.75
  },
  "gw_peaks": {
    "sw": {
      "f_peak_mHz": 4.820246238000243,
      "f_peak_Hz": 0.004820246238000243,
      "omega_peak": 3.774376731151128e-14
    },
    "turb": {
      "f_peak_mHz": 8.126900403737212,
      "f_peak_Hz": 0.008126900403737211,
      "omega_peak": 2.7424545501068143e-18
    },
    "coll": {
      "f_peak_mHz": NaN,
      "f_peak_Hz": NaN,
      "omega_peak": NaN
    },
    "total": {
      "f_peak_mHz": 4.820246238000243,
      "f_peak_Hz": 0.004820246238000243,
      "omega_peak": 3.774618205769254e-14
    }
  },
  "gw_run_parameters": {
    "g_star": 106.75,
    "v_w": 1.0,
    "epsilon_turb": 1.0,
    "frequency_unit": "mHz"
  },
  "S3": 7807.072978202934,
  "S3_over_T": 139.84936176609884,
  "bounce_diagnostics": {
    "label": "results_eft68_c6f20_c8f40_f1200p5_mh125_Glauber_C11p1018_Lambda4000",
    "C": NaN,
    "Lambda_GeV": NaN,
    "finiteT": null,
    "temperature_GeV": NaN,
    "phi_metaMin": 0.0025310078780345297,
    "phi_absMin": 241.16003878476835,
    "phi_bar": 112.40060924280405,
    "phi_top": 77.61860657695793,
    "V(phi_meta)": -28732592.780646008,
    "V(phi_true)": -53447485.97602825,
    "V(phi_top)": -27644749.648140326,
    "DeltaV_true_minus_meta": -24714893.19538224,
    "r0": 3.038036013182041e-06,
    "phi0": 229.95192808994912,
    "dphi0": -0.12976894452725699,
    "rscale_cubic": 0.030380360131820407,
    "rscale_curv": 0.02763959876597114,
    "wall_r_hi": 0.09891827305366044,
    "wall_thickness": 0.07672497516172931,
    "S_total": 7807.072978202934,
    "S_kin": 11706.534445177536,
    "S_pot": -3899.4614669746034,
    "S_interior": 0.0,
    "S3_over_T": NaN,
    "beta_rscale": 32.91600216919744,
    "beta_curvature": 36.17992993746606,
    "beta_wall": 13.033565640029083,
    "Tn_from_transitionFinder_GeV": 55.82487384719307,
    "Tc_from_transitionFinder_GeV": 79.48037156006875,
    "T_spinodal_high_GeV": NaN,
    "T_spinodal_low_GeV": NaN,
    "gw_T_star_GeV": 55.82487384719307,
    "gw_alpha": 0.10502854756114789,
    "gw_beta_over_H": 446.9588042910359,
    "gw_R_star_times_H": NaN,
    "gw_Gamma_Tstar_GeV4": NaN,
    "gw_dT_for_beta_GeV": NaN,
    "gw_f_sw_peak_Hz": NaN,
    "gw_f_turb_peak_Hz": NaN,
    "gw_f_coll_peak_Hz": NaN,
    "gw_g_star": 106.75,
    "gw_v_w": 1.0,
    "omega_sw_peak": NaN,
    "omega_turb_peak": NaN,
    "omega_coll_peak": NaN,
    "omega_tot_peak": NaN
  }
}