{
  "label": "results_eft68_c6f23p34167_c8f40_f1000_mh125_Glauber_C1_Lambda1000",
  "model_parameters": {
    "c6_over_f2_TeV2": 3.341666666666667,
    "c8_over_f4_TeV4": 0.0,
    "f_GeV": 1000.0,
    "m_h": 125.0,
    "v": 246.0,
    "m_w": 80.36,
    "m_z": 91.19,
    "m_t": 173.1,
    "use_glauber_measure": true,
    "C_glauber": 1.0,
    "Lambda_glauber": 1000.0
  },
  "derived_tree_coefficients": {
    "glauber_scheme": "counterterm_subtracted",
    "lambda_tree": -0.17423836023861455,
    "mu2_tree_GeV2": -1365.8543040999994,
    "a0_mean_field": 0.2481570084093464,
    "glauber_t0": 0.060516,
    "glauber_lambda_shift": 0.0,
    "glauber_mu2_shift_after_lambda_GeV2": 0.0,
    "lambda_tree_raw_glauber_equivalent": -0.20293701150277785,
    "mu2_tree_raw_glauber_equivalent_GeV2": 23859.34180025909,
    "combo_TeV2": 6.683333333333334
  },
  "scan_parameters": {
    "T_min": 1.0,
    "T_max": 250.0,
    "phi_scan_range": [
      -10.0,
      1000.0
    ],
    "n_phi_scan": 1200,
    "n_T_seeds": 3,
    "deltaX_target": 0.1,
    "x_eps": 0.001,
    "T_eps": 0.01,
    "deriv_order": 4,
    "phitol": 0.0001,
    "overlapAngle": 45.0,
    "Tn_Ttol": 0.01,
    "Tn_maxiter": 160,
    "include_zeroT_loops": true,
    "include_scalar_loops": true,
    "include_thermal": true,
    "include_scalar_thermal": true,
    "include_daisy": false,
    "renormalize_zeroT_loops": true,
    "thermal_approx": "spline"
  },
  "key_temperatures": {
    "Tn": 71.43702283063122,
    "Tc": 89.99745586326077,
    "Ts_false": 35.99412929686913,
    "Ts_true": 93.96113476562469,
    "S_at_Tn": 10003.198976842705,
    "S_over_Tn": 140.028217589066,
    "false_phase_key": 2,
    "true_phase_key": 0,
    "phi_false_Tn": -0.00018494354193025612,
    "phi_true_Tn": 233.2241784603278,
    "vTn_over_Tn": 3.2647522141743632,
    "Tc_minus_Tn_over_Tc": 0.20623286352482753
  },
  "gw_scales": {
    "gw_T_star_GeV": 71.43702283063122,
    "gw_alpha": 0.038341205831322715,
    "gw_beta_over_H": 758.9674812712227,
    "gw_v_w": 1.0,
    "gw_g_star": 106.75
  },
  "gw_peaks": {
    "sw": {
      "f_peak_mHz": 10.391555635768707,
      "f_peak_Hz": 0.010391555635768707,
      "omega_peak": 9.030560411104655e-16
    },
    "turb": {
      "f_peak_mHz": 17.791333764165667,
      "f_peak_Hz": 0.017791333764165668,
      "omega_peak": 6.56135461120985e-20
    },
    "coll": {
      "f_peak_mHz": NaN,
      "f_peak_Hz": NaN,
      "omega_peak": NaN
    },
    "total": {
      "f_peak_mHz": 10.391555635768707,
      "f_peak_Hz": 0.010391555635768707,
      "omega_peak": 9.031135924317682e-16
    }
  },
  "gw_run_parameters": {
    "g_star": 106.75,
    "v_w": 1.0,
    "epsilon_turb": 1.0,
    "frequency_unit": "mHz"
  },
  "S3": 9997.286065431581,
  "S3_over_T": 139.9454466227403,
  "bounce_diagnostics": {
    "label": "results_eft68_c6f23p34167_c8f40_f1000_mh125_Glauber_C1_Lambda1000",
    "C": NaN,
    "Lambda_GeV": NaN,
    "finiteT": null,
    "temperature_GeV": NaN,
    "phi_metaMin": -0.00018494354193025612,
    "phi_absMin": 233.2241784603278,
    "phi_bar": 117.06134218536525,
    "phi_top": 79.42499640186108,
    "V(phi_meta)": -66318994.3957521,
    "V(phi_true)": -85063140.55054998,
    "V(phi_top)": -64869046.57016555,
    "DeltaV_true_minus_meta": -18744146.15479788,
    "r0": 2.6928142842734815e-06,
    "phi0": 226.05149797151756,
    "dphi0": -0.063276459279479,
    "rscale_cubic": 0.026928142842734815,
    "rscale_curv": 0.02556169782497657,
    "wall_r_hi": 0.10643410351618558,
    "wall_thickness": 0.07546316996509261,
    "S_total": 9997.286065431581,
    "S_kin": 14975.987874624785,
    "S_pot": -4978.701809193204,
    "S_interior": 0.0,
    "S3_over_T": NaN,
    "beta_rscale": 37.13586955625493,
    "beta_curvature": 39.12103323266623,
    "beta_wall": 13.251497392205696,
    "Tn_from_transitionFinder_GeV": 71.43702283063122,
    "Tc_from_transitionFinder_GeV": 89.99745586326077,
    "T_spinodal_high_GeV": NaN,
    "T_spinodal_low_GeV": NaN,
    "gw_T_star_GeV": 71.43702283063122,
    "gw_alpha": 0.038341205831322715,
    "gw_beta_over_H": 758.9674812712227,
    "gw_R_star_times_H": NaN,
    "gw_Gamma_Tstar_GeV4": NaN,
    "gw_dT_for_beta_GeV": NaN,
    "gw_f_sw_peak_Hz": NaN,
    "gw_f_turb_peak_Hz": NaN,
    "gw_f_coll_peak_Hz": NaN,
    "gw_g_star": 106.75,
    "gw_v_w": 1.0,
    "omega_sw_peak": NaN,
    "omega_turb_peak": NaN,
    "omega_coll_peak": NaN,
    "omega_tot_peak": NaN
  }
}