{
  "label": "results_eft68_c6f20_c8f40_f780p562_mh125_Glauber_C6p56515_Lambda2000",
  "model_parameters": {
    "c6_over_f2_TeV2": 0.0,
    "c8_over_f4_TeV4": 0.0,
    "f_GeV": 780.5623849131392,
    "m_h": 125.0,
    "v": 246.0,
    "m_w": 80.36,
    "m_z": 91.19,
    "m_t": 173.1,
    "use_glauber_measure": true,
    "C_glauber": 6.565151515151515,
    "Lambda_glauber": 2000.0
  },
  "derived_tree_coefficients": {
    "glauber_scheme": "counterterm_subtracted",
    "lambda_tree": 0.12909808976138543,
    "mu2_tree_GeV2": 7812.5,
    "a0_mean_field": 0.3998252334093464,
    "glauber_t0": 0.09932417727272727,
    "glauber_lambda_shift": 0.0,
    "glauber_mu2_shift_after_lambda_GeV2": 0.0,
    "lambda_tree_raw_glauber_equivalent": -1.2167398293214844,
    "mu2_tree_raw_glauber_equivalent_GeV2": 664911.9917531855,
    "combo_TeV2": 0.0
  },
  "scan_parameters": {
    "T_min": 1.0,
    "T_max": 250.0,
    "phi_scan_range": [
      -10.0,
      780.5623849131392
    ],
    "n_phi_scan": 1200,
    "n_T_seeds": 3,
    "deltaX_target": 0.1,
    "x_eps": 0.001,
    "T_eps": 0.01,
    "deriv_order": 4,
    "phitol": 0.0001,
    "overlapAngle": 45.0,
    "Tn_Ttol": 0.01,
    "Tn_maxiter": 160,
    "include_zeroT_loops": true,
    "include_scalar_loops": true,
    "include_thermal": true,
    "include_scalar_thermal": true,
    "include_daisy": true,
    "renormalize_zeroT_loops": true,
    "thermal_approx": "spline"
  },
  "key_temperatures": {
    "Tn": 67.52699756444574,
    "Tc": 84.05446509706327,
    "Ts_false": 51.498658984370486,
    "Ts_true": 95.27276171874966,
    "S_at_Tn": 9450.656422796057,
    "S_over_Tn": 139.9537483326818,
    "false_phase_key": 1,
    "true_phase_key": 0,
    "phi_false_Tn": -0.0010595331098127354,
    "phi_true_Tn": 236.65608516039566,
    "vTn_over_Tn": 3.5046143571619366,
    "Tc_minus_Tn_over_Tc": 0.19662807339898208
  },
  "gw_scales": {
    "gw_T_star_GeV": 67.52699756444574,
    "gw_alpha": 0.049865345653378405,
    "gw_beta_over_H": 874.6182948099821,
    "gw_v_w": 1.0,
    "gw_g_star": 106.75
  },
  "gw_peaks": {
    "sw": {
      "f_peak_mHz": 11.39498947221261,
      "f_peak_Hz": 0.011394989472212609,
      "omega_peak": 1.393535693582404e-15
    },
    "turb": {
      "f_peak_mHz": 19.211870093326358,
      "f_peak_Hz": 0.01921187009332636,
      "omega_peak": 1.0125101918803416e-19
    },
    "coll": {
      "f_peak_mHz": NaN,
      "f_peak_Hz": NaN,
      "omega_peak": NaN
    },
    "total": {
      "f_peak_mHz": 11.39498947221261,
      "f_peak_Hz": 0.011394989472212609,
      "omega_peak": 1.3936247914241737e-15
    }
  },
  "gw_run_parameters": {
    "g_star": 106.75,
    "v_w": 1.0,
    "epsilon_turb": 1.0,
    "frequency_unit": "mHz"
  },
  "S3": 9450.608355440709,
  "S3_over_T": 139.9530365084177,
  "bounce_diagnostics": {
    "label": "results_eft68_c6f20_c8f40_f780p562_mh125_Glauber_C6p56515_Lambda2000",
    "C": NaN,
    "Lambda_GeV": NaN,
    "finiteT": null,
    "temperature_GeV": NaN,
    "phi_metaMin": -0.0010595331098127354,
    "phi_absMin": 236.65608516039566,
    "phi_bar": 116.95330612862979,
    "phi_top": 80.23814748382362,
    "V(phi_meta)": -59779930.187897176,
    "V(phi_true)": -78988570.04685189,
    "V(phi_top)": -58709164.42426799,
    "DeltaV_true_minus_meta": -19208639.858954713,
    "r0": 3.165656324573714e-06,
    "phi0": 229.35941109913338,
    "dphi0": -0.08048763863249156,
    "rscale_cubic": 0.03165656324573714,
    "rscale_curv": 0.029588489556203284,
    "wall_r_hi": 0.11008344661939992,
    "wall_thickness": 0.0800964386507294,
    "S_total": 9450.608355440709,
    "S_kin": 14162.78962653377,
    "S_pot": -4712.181271093062,
    "S_interior": 0.0,
    "S3_over_T": NaN,
    "beta_rscale": 31.589026017682436,
    "beta_curvature": 33.796896210918035,
    "beta_wall": 12.484949603822285,
    "Tn_from_transitionFinder_GeV": 67.52699756444574,
    "Tc_from_transitionFinder_GeV": 84.05446509706327,
    "T_spinodal_high_GeV": NaN,
    "T_spinodal_low_GeV": NaN,
    "gw_T_star_GeV": 67.52699756444574,
    "gw_alpha": 0.049865345653378405,
    "gw_beta_over_H": 874.6182948099821,
    "gw_R_star_times_H": NaN,
    "gw_Gamma_Tstar_GeV4": NaN,
    "gw_dT_for_beta_GeV": NaN,
    "gw_f_sw_peak_Hz": NaN,
    "gw_f_turb_peak_Hz": NaN,
    "gw_f_coll_peak_Hz": NaN,
    "gw_g_star": 106.75,
    "gw_v_w": 1.0,
    "omega_sw_peak": NaN,
    "omega_turb_peak": NaN,
    "omega_coll_peak": NaN,
    "omega_tot_peak": NaN
  }
}