{
  "label": "results_eft68_c6f20_c8f40_f1234p43_mh125_Glauber_C10p5_Lambda4000",
  "model_parameters": {
    "c6_over_f2_TeV2": 0.0,
    "c8_over_f4_TeV4": 0.0,
    "f_GeV": 1234.4267996967353,
    "m_h": 125.0,
    "v": 246.0,
    "m_w": 80.36,
    "m_z": 91.19,
    "m_t": 173.1,
    "use_glauber_measure": true,
    "C_glauber": 10.5,
    "Lambda_glauber": 4000.0
  },
  "scan_parameters": {
    "T_min": 1.0,
    "T_max": 250.0,
    "phi_scan_range": [
      -10,
      1234.4267996967353
    ],
    "n_phi_scan": 1400,
    "n_T_seeds": 3,
    "deltaX_target": 0.05,
    "x_eps": 0.001,
    "T_eps": 0.01,
    "deriv_order": 4,
    "phitol": 1e-05,
    "overlapAngle": 45.0,
    "Tn_Ttol": 0.001,
    "Tn_maxiter": 200,
    "include_zeroT_loops": true,
    "include_scalar_loops": true,
    "include_thermal": true,
    "include_scalar_thermal": true,
    "include_daisy": false,
    "renormalize_zeroT_loops": true,
    "thermal_approx": "spline"
  },
  "key_temperatures": {
    "Tn": 79.69111012493384,
    "Tc": 90.03482084083149,
    "Ts_false": 70.98495156249808,
    "Ts_true": 97.92276367187529,
    "S_at_Tn": 11156.962138701405,
    "S_over_Tn": 140.00259403100725,
    "false_phase_key": "6_5",
    "true_phase_key": 0,
    "phi_false_Tn": -1.5190136332432728e-05,
    "phi_true_Tn": 227.5606378482994,
    "vTn_over_Tn": 2.8555335405862285
  },
  "gw_scales": {
    "gw_T_star_GeV": 79.69111012493384,
    "gw_alpha": 0.02745217015077368,
    "gw_beta_over_H": 1634.2728143601305,
    "gw_v_w": 1.0,
    "gw_g_star": 106.75
  },
  "gw_peaks": {
    "sw": {
      "f_peak_mHz": 25.014918919533223,
      "f_peak_Hz": 0.025014918919533224,
      "omega_peak": 7.704243219614045e-17
    },
    "turb": {
      "f_peak_mHz": 42.688919015512234,
      "f_peak_Hz": 0.042688919015512236,
      "omega_peak": 5.597650888838248e-21
    },
    "coll": {
      "f_peak_mHz": NaN,
      "f_peak_Hz": NaN,
      "omega_peak": NaN
    },
    "total": {
      "f_peak_mHz": 25.014918919533223,
      "f_peak_Hz": 0.025014918919533224,
      "omega_peak": 7.70473471538876e-17
    }
  },
  "gw_run_parameters": {
    "g_star": 106.75,
    "v_w": 1.0,
    "epsilon_turb": 1.0,
    "frequency_unit": "mHz"
  },
  "S3": 11148.016708012616,
  "S3_over_T": 139.890342731273,
  "bounce_diagnostics": {
    "label": "results_eft68_c6f20_c8f40_f1234p43_mh125_Glauber_C10p5_Lambda4000",
    "C": NaN,
    "Lambda_GeV": NaN,
    "finiteT": null,
    "temperature_GeV": NaN,
    "phi_metaMin": -1.5190136332432728e-05,
    "phi_absMin": 227.5606378482994,
    "phi_bar": 117.256919969264,
    "phi_top": 79.11114326845822,
    "V(phi_meta)": -111570642.36267631,
    "V(phi_true)": -125222112.92369968,
    "V(phi_top)": -110595256.70492128,
    "DeltaV_true_minus_meta": -13651470.56102337,
    "r0": 3.270197154047529e-06,
    "phi0": 222.4804177121133,
    "dphi0": -0.046661326171167465,
    "rscale_cubic": 0.032701971540475286,
    "rscale_curv": 0.031252981750445226,
    "wall_r_hi": 0.12472433907294574,
    "wall_thickness": 0.08600480449320078,
    "S_total": 11148.016708012616,
    "S_kin": 16719.769582319917,
    "S_pot": -5571.7528743073035,
    "S_interior": 0.0,
    "S3_over_T": NaN,
    "beta_rscale": 30.579196081872258,
    "beta_curvature": 31.99681795601357,
    "beta_wall": 11.627257406056383,
    "Tn_from_transitionFinder_GeV": 79.69111012493384,
    "Tc_from_transitionFinder_GeV": 90.03482084083149,
    "T_spinodal_high_GeV": NaN,
    "T_spinodal_low_GeV": NaN,
    "gw_T_star_GeV": 79.69111012493384,
    "gw_alpha": 0.02745217015077368,
    "gw_beta_over_H": 1634.2728143601305,
    "gw_R_star_times_H": NaN,
    "gw_Gamma_Tstar_GeV4": NaN,
    "gw_dT_for_beta_GeV": NaN,
    "gw_f_sw_peak_Hz": NaN,
    "gw_f_turb_peak_Hz": NaN,
    "gw_f_coll_peak_Hz": NaN,
    "gw_g_star": 106.75,
    "gw_v_w": 1.0,
    "omega_sw_peak": NaN,
    "omega_turb_peak": NaN,
    "omega_coll_peak": NaN,
    "omega_tot_peak": NaN
  }
}