{
  "label": "results_eft68_c6f22p99798_c8f45_f1000_mh125_Glauber_off",
  "model_parameters": {
    "c6_over_f2_TeV2": 2.9979797979797977,
    "c8_over_f4_TeV4": 5.0,
    "f_GeV": 1000.0,
    "m_h": 125.0,
    "v": 246.0,
    "m_w": 80.36,
    "m_z": 91.19,
    "m_t": 173.1,
    "use_glauber_measure": false,
    "C_glauber": 0.0,
    "Lambda_glauber": 1000.0
  },
  "derived_tree_coefficients": {
    "glauber_scheme": "counterterm_subtracted",
    "lambda_tree": -0.17050692534043274,
    "mu2_tree_GeV2": -1529.9746262859335,
    "a0_mean_field": 0.2500227258584373,
    "glauber_t0": 0.0,
    "glauber_lambda_shift": 0.0,
    "glauber_mu2_shift_after_lambda_GeV2": 0.0,
    "lambda_tree_raw_glauber_equivalent": -0.17050692534043274,
    "mu2_tree_raw_glauber_equivalent_GeV2": -1529.9746262859335,
    "combo_TeV2": 6.903699595959596
  },
  "scan_parameters": {
    "T_min": 1.0,
    "T_max": 250.0,
    "phi_scan_range": [
      -10,
      1000.0
    ],
    "n_phi_scan": 1200,
    "n_T_seeds": 3,
    "deltaX_target": 0.1,
    "x_eps": 0.001,
    "T_eps": 0.01,
    "deriv_order": 4,
    "phitol": 0.0001,
    "overlapAngle": 45.0,
    "Tn_Ttol": 0.01,
    "Tn_maxiter": 160,
    "include_zeroT_loops": true,
    "include_scalar_loops": true,
    "include_thermal": true,
    "include_scalar_thermal": true,
    "include_daisy": true,
    "renormalize_zeroT_loops": true,
    "thermal_approx": "spline"
  },
  "key_temperatures": {
    "Tn": 72.56587472396669,
    "Tc": 91.0785137098884,
    "Ts_false": 38.29582304686931,
    "Ts_true": 94.23591015624969,
    "S_at_Tn": 10162.49902518847,
    "S_over_Tn": 140.04515295716612,
    "false_phase_key": 2,
    "true_phase_key": 0,
    "phi_false_Tn": -3.7157520445202224e-05,
    "phi_true_Tn": 232.90991508967141,
    "vTn_over_Tn": 3.209634225118038,
    "Tc_minus_Tn_over_Tc": 0.20326022276658862
  },
  "gw_scales": {
    "gw_T_star_GeV": 72.56587472396669,
    "gw_alpha": 0.035240491801093864,
    "gw_beta_over_H": 665.3916594178094,
    "gw_v_w": 1.0,
    "gw_g_star": 106.75
  },
  "gw_peaks": {
    "sw": {
      "f_peak_mHz": 9.33200535103738,
      "f_peak_Hz": 0.009332005351037379,
      "omega_peak": 9.310235127873878e-16
    },
    "turb": {
      "f_peak_mHz": 15.733693738950372,
      "f_peak_Hz": 0.015733693738950373,
      "omega_peak": 6.764873786485964e-20
    },
    "coll": {
      "f_peak_mHz": NaN,
      "f_peak_Hz": NaN,
      "omega_peak": NaN
    },
    "total": {
      "f_peak_mHz": 9.33200535103738,
      "f_peak_Hz": 0.009332005351037379,
      "omega_peak": 9.310830903366375e-16
    }
  },
  "gw_run_parameters": {
    "g_star": 106.75,
    "v_w": 1.0,
    "epsilon_turb": 1.0,
    "frequency_unit": "mHz"
  },
  "S3": 10158.5724733873,
  "S3_over_T": 139.99104278739134,
  "bounce_diagnostics": {
    "label": "results_eft68_c6f22p99798_c8f45_f1000_mh125_Glauber_off",
    "C": NaN,
    "Lambda_GeV": NaN,
    "finiteT": null,
    "temperature_GeV": NaN,
    "phi_metaMin": -3.7157520445202224e-05,
    "phi_absMin": 232.90991508967141,
    "phi_bar": 117.43395000580976,
    "phi_top": 79.84493561785365,
    "V(phi_meta)": -71571861.4121079,
    "V(phi_true)": -89701750.62599151,
    "V(phi_top)": -70167664.79974808,
    "DeltaV_true_minus_meta": -18129889.21388361,
    "r0": 2.7507935128135825e-06,
    "phi0": 225.96845369518147,
    "dphi0": -0.061597521651246094,
    "rscale_cubic": 0.027507935128135822,
    "rscale_curv": 0.02649056099790057,
    "wall_r_hi": 0.10828084673617638,
    "wall_thickness": 0.0765366086242583,
    "S_total": 10158.5724733873,
    "S_kin": 15248.943906250703,
    "S_pot": -5090.371432863404,
    "S_interior": 0.0,
    "S3_over_T": NaN,
    "beta_rscale": 36.353146659022556,
    "beta_curvature": 37.74929810829252,
    "beta_wall": 13.065642938391834,
    "Tn_from_transitionFinder_GeV": 72.56587472396669,
    "Tc_from_transitionFinder_GeV": 91.0785137098884,
    "T_spinodal_high_GeV": NaN,
    "T_spinodal_low_GeV": NaN,
    "gw_T_star_GeV": 72.56587472396669,
    "gw_alpha": 0.035240491801093864,
    "gw_beta_over_H": 665.3916594178094,
    "gw_R_star_times_H": NaN,
    "gw_Gamma_Tstar_GeV4": NaN,
    "gw_dT_for_beta_GeV": NaN,
    "gw_f_sw_peak_Hz": NaN,
    "gw_f_turb_peak_Hz": NaN,
    "gw_f_coll_peak_Hz": NaN,
    "gw_g_star": 106.75,
    "gw_v_w": 1.0,
    "omega_sw_peak": NaN,
    "omega_turb_peak": NaN,
    "omega_coll_peak": NaN,
    "omega_tot_peak": NaN
  }
}