{
  "label": "results_eft68_c6f23p53131_c8f40_f1000_mh125_Glauber_off",
  "model_parameters": {
    "c6_over_f2_TeV2": 3.5313131313131314,
    "c8_over_f4_TeV4": 0.0,
    "f_GeV": 1000.0,
    "m_h": 125.0,
    "v": 246.0,
    "m_w": 80.36,
    "m_z": 91.19,
    "m_t": 173.1,
    "use_glauber_measure": false,
    "C_glauber": 0.0,
    "Lambda_glauber": 1000.0
  },
  "derived_tree_coefficients": {
    "glauber_scheme": "counterterm_subtracted",
    "lambda_tree": -0.19145332842043278,
    "mu2_tree_GeV2": -1886.7448113454539,
    "a0_mean_field": 0.2395495243184373,
    "glauber_t0": 0.0,
    "glauber_lambda_shift": 0.0,
    "glauber_mu2_shift_after_lambda_GeV2": 0.0,
    "lambda_tree_raw_glauber_equivalent": -0.19145332842043278,
    "mu2_tree_raw_glauber_equivalent_GeV2": -1886.7448113454539,
    "combo_TeV2": 7.062626262626263
  },
  "scan_parameters": {
    "T_min": 1.0,
    "T_max": 250.0,
    "phi_scan_range": [
      -10,
      1000.0
    ],
    "n_phi_scan": 1200,
    "n_T_seeds": 3,
    "deltaX_target": 0.1,
    "x_eps": 0.001,
    "T_eps": 0.01,
    "deriv_order": 4,
    "phitol": 0.0001,
    "overlapAngle": 45.0,
    "Tn_Ttol": 0.01,
    "Tn_maxiter": 160,
    "include_zeroT_loops": true,
    "include_scalar_loops": true,
    "include_thermal": true,
    "include_scalar_thermal": true,
    "include_daisy": false,
    "renormalize_zeroT_loops": true,
    "thermal_approx": "spline"
  },
  "key_temperatures": {
    "Tn": 61.440733233045506,
    "Tc": 87.04232551206772,
    "Ts_false": 1.77452617186951,
    "Ts_true": 92.5357070312497,
    "S_at_Tn": 8601.424283007966,
    "S_over_Tn": 139.99546929856209,
    "false_phase_key": 2,
    "true_phase_key": 0,
    "phi_false_Tn": -3.5571306898858915e-05,
    "phi_true_Tn": 238.69106851613557,
    "vTn_over_Tn": 3.8848994137289545,
    "Tc_minus_Tn_over_Tc": 0.2941280822681232
  },
  "gw_scales": {
    "gw_T_star_GeV": 61.440733233045506,
    "gw_alpha": 0.06991093769813259,
    "gw_beta_over_H": 358.28140643930334,
    "gw_v_w": 1.0,
    "gw_g_star": 106.75
  },
  "gw_peaks": {
    "sw": {
      "f_peak_mHz": 4.197775250242678,
      "f_peak_Hz": 0.004197775250242678,
      "omega_peak": 2.0494413099912528e-14
    },
    "turb": {
      "f_peak_mHz": 7.186991357381771,
      "f_peak_Hz": 0.007186991357381771,
      "omega_peak": 1.4891837396966405e-18
    },
    "coll": {
      "f_peak_mHz": NaN,
      "f_peak_Hz": NaN,
      "omega_peak": NaN
    },
    "total": {
      "f_peak_mHz": 4.197775250242678,
      "f_peak_Hz": 0.004197775250242678,
      "omega_peak": 2.049571607571834e-14
    }
  },
  "gw_run_parameters": {
    "g_star": 106.75,
    "v_w": 1.0,
    "epsilon_turb": 1.0,
    "frequency_unit": "mHz"
  },
  "S3": 8601.448339439881,
  "S3_over_T": 139.99586083737762,
  "bounce_diagnostics": {
    "label": "results_eft68_c6f23p53131_c8f40_f1000_mh125_Glauber_off",
    "C": NaN,
    "Lambda_GeV": NaN,
    "finiteT": null,
    "temperature_GeV": NaN,
    "phi_metaMin": -3.5571306898858915e-05,
    "phi_absMin": 238.69106851613557,
    "phi_bar": 115.16218755396558,
    "phi_top": 78.43453007029186,
    "V(phi_meta)": -36045653.264813796,
    "V(phi_true)": -59687754.78458447,
    "V(phi_top)": -34570690.15098343,
    "DeltaV_true_minus_meta": -23642101.519770674,
    "r0": 2.6365820489712994e-06,
    "phi0": 228.88731188574658,
    "dphi0": -0.09532037595940783,
    "rscale_cubic": 0.026365820489712994,
    "rscale_curv": 0.025449607276276737,
    "wall_r_hi": 0.09723696614465252,
    "wall_thickness": 0.07258795518189863,
    "S_total": 8601.448339439881,
    "S_kin": 12899.691568612167,
    "S_pot": -4298.243229172287,
    "S_interior": 0.0,
    "S3_over_T": NaN,
    "beta_rscale": 37.92789230246654,
    "beta_curvature": 39.293335364395396,
    "beta_wall": 13.77639027706585,
    "Tn_from_transitionFinder_GeV": 61.440733233045506,
    "Tc_from_transitionFinder_GeV": 87.04232551206772,
    "T_spinodal_high_GeV": NaN,
    "T_spinodal_low_GeV": NaN,
    "gw_T_star_GeV": 61.440733233045506,
    "gw_alpha": 0.06991093769813259,
    "gw_beta_over_H": 358.28140643930334,
    "gw_R_star_times_H": NaN,
    "gw_Gamma_Tstar_GeV4": NaN,
    "gw_dT_for_beta_GeV": NaN,
    "gw_f_sw_peak_Hz": NaN,
    "gw_f_turb_peak_Hz": NaN,
    "gw_f_coll_peak_Hz": NaN,
    "gw_g_star": 106.75,
    "gw_v_w": 1.0,
    "omega_sw_peak": NaN,
    "omega_turb_peak": NaN,
    "omega_coll_peak": NaN,
    "omega_tot_peak": NaN
  }
}