{
  "label": "results_eft68_c6f22p86465_c8f45_f1000_mh125_Glauber_off",
  "model_parameters": {
    "c6_over_f2_TeV2": 2.8646464646464644,
    "c8_over_f4_TeV4": 5.0,
    "f_GeV": 1000.0,
    "m_h": 125.0,
    "v": 246.0,
    "m_w": 80.36,
    "m_z": 91.19,
    "m_t": 173.1,
    "use_glauber_measure": false,
    "C_glauber": 0.0,
    "Lambda_glauber": 1000.0
  },
  "derived_tree_coefficients": {
    "glauber_scheme": "counterterm_subtracted",
    "lambda_tree": -0.15840372534043276,
    "mu2_tree_GeV2": -1163.756000685934,
    "a0_mean_field": 0.2560743258584373,
    "glauber_t0": 0.0,
    "glauber_lambda_shift": 0.0,
    "glauber_mu2_shift_after_lambda_GeV2": 0.0,
    "lambda_tree_raw_glauber_equivalent": -0.15840372534043276,
    "mu2_tree_raw_glauber_equivalent_GeV2": -1163.756000685934,
    "combo_TeV2": 6.637032929292928
  },
  "scan_parameters": {
    "T_min": 1.0,
    "T_max": 250.0,
    "phi_scan_range": [
      -10,
      1000.0
    ],
    "n_phi_scan": 1200,
    "n_T_seeds": 3,
    "deltaX_target": 0.1,
    "x_eps": 0.001,
    "T_eps": 0.01,
    "deriv_order": 4,
    "phitol": 0.0001,
    "overlapAngle": 45.0,
    "Tn_Ttol": 0.01,
    "Tn_maxiter": 160,
    "include_zeroT_loops": true,
    "include_scalar_loops": true,
    "include_thermal": true,
    "include_scalar_thermal": true,
    "include_daisy": true,
    "renormalize_zeroT_loops": true,
    "thermal_approx": "spline"
  },
  "key_temperatures": {
    "Tn": 79.50500333582048,
    "Tc": 93.88794039273789,
    "Ts_false": 52.617943164058026,
    "Ts_true": 95.47264257812466,
    "S_at_Tn": 11131.368884728001,
    "S_over_Tn": 140.0084072408665,
    "false_phase_key": 2,
    "true_phase_key": 0,
    "phi_false_Tn": -5.613877510889235e-05,
    "phi_true_Tn": 227.41332717111695,
    "vTn_over_Tn": 2.8603649786737044,
    "Tc_minus_Tn_over_Tc": 0.1531925931781321
  },
  "gw_scales": {
    "gw_T_star_GeV": 79.50500333582048,
    "gw_alpha": 0.02437524220585084,
    "gw_beta_over_H": 1072.7147437216024,
    "gw_v_w": 1.0,
    "gw_g_star": 106.75
  },
  "gw_peaks": {
    "sw": {
      "f_peak_mHz": 16.47583267897981,
      "f_peak_Hz": 0.01647583267897981,
      "omega_peak": 1.2809216317565025e-16
    },
    "turb": {
      "f_peak_mHz": 27.778135107524566,
      "f_peak_Hz": 0.027778135107524568,
      "omega_peak": 9.3071482663308e-21
    },
    "coll": {
      "f_peak_mHz": NaN,
      "f_peak_Hz": NaN,
      "omega_peak": NaN
    },
    "total": {
      "f_peak_mHz": 16.47583267897981,
      "f_peak_Hz": 0.01647583267897981,
      "omega_peak": 1.2810035812292047e-16
    }
  },
  "gw_run_parameters": {
    "g_star": 106.75,
    "v_w": 1.0,
    "epsilon_turb": 1.0,
    "frequency_unit": "mHz"
  },
  "S3": 11131.168712130744,
  "S3_over_T": 140.00588950501518,
  "bounce_diagnostics": {
    "label": "results_eft68_c6f22p86465_c8f45_f1000_mh125_Glauber_off",
    "C": NaN,
    "Lambda_GeV": NaN,
    "finiteT": null,
    "temperature_GeV": NaN,
    "phi_metaMin": -5.613877510889235e-05,
    "phi_absMin": 227.41332717111695,
    "phi_bar": 116.82194156180861,
    "phi_top": 78.47858557975593,
    "V(phi_meta)": -103531384.99772279,
    "V(phi_true)": -118178563.4586212,
    "V(phi_top)": -102252363.87320365,
    "DeltaV_true_minus_meta": -14647178.460898414,
    "r0": 2.8329375042717427e-06,
    "phi0": 221.50592434992444,
    "dphi0": -0.04667977741848736,
    "rscale_cubic": 0.028329375042717427,
    "rscale_curv": 0.026966194897197125,
    "wall_r_hi": 0.11730961081122773,
    "wall_thickness": 0.08082728383169831,
    "S_total": 11131.168712130744,
    "S_kin": 16693.44314685415,
    "S_pot": -5562.274434723407,
    "S_interior": 0.0,
    "S3_over_T": NaN,
    "beta_rscale": 35.29904907863712,
    "beta_curvature": 37.08346958247308,
    "beta_wall": 12.37205993563063,
    "Tn_from_transitionFinder_GeV": 79.50500333582048,
    "Tc_from_transitionFinder_GeV": 93.88794039273789,
    "T_spinodal_high_GeV": NaN,
    "T_spinodal_low_GeV": NaN,
    "gw_T_star_GeV": 79.50500333582048,
    "gw_alpha": 0.02437524220585084,
    "gw_beta_over_H": 1072.7147437216024,
    "gw_R_star_times_H": NaN,
    "gw_Gamma_Tstar_GeV4": NaN,
    "gw_dT_for_beta_GeV": NaN,
    "gw_f_sw_peak_Hz": NaN,
    "gw_f_turb_peak_Hz": NaN,
    "gw_f_coll_peak_Hz": NaN,
    "gw_g_star": 106.75,
    "gw_v_w": 1.0,
    "omega_sw_peak": NaN,
    "omega_turb_peak": NaN,
    "omega_coll_peak": NaN,
    "omega_tot_peak": NaN
  }
}