{
  "label": "results_eft68_c6f23p02828_c8f42_f1000_mh125_Glauber_off",
  "model_parameters": {
    "c6_over_f2_TeV2": 3.0282828282828285,
    "c8_over_f4_TeV4": 2.0,
    "f_GeV": 1000.0,
    "m_h": 125.0,
    "v": 246.0,
    "m_w": 80.36,
    "m_z": 91.19,
    "m_t": 173.1,
    "use_glauber_measure": false,
    "C_glauber": 0.0,
    "Lambda_glauber": 1000.0
  },
  "derived_tree_coefficients": {
    "glauber_scheme": "counterterm_subtracted",
    "lambda_tree": -0.15677781446116004,
    "mu2_tree_GeV2": -948.3435416998283,
    "a0_mean_field": 0.25688728129807364,
    "glauber_t0": 0.0,
    "glauber_lambda_shift": 0.0,
    "glauber_mu2_shift_after_lambda_GeV2": 0.0,
    "lambda_tree_raw_glauber_equivalent": -0.15677781446116004,
    "mu2_tree_raw_glauber_equivalent_GeV2": -948.3435416998283,
    "combo_TeV2": 6.419661656565657
  },
  "scan_parameters": {
    "T_min": 1.0,
    "T_max": 250.0,
    "phi_scan_range": [
      -10,
      1000.0
    ],
    "n_phi_scan": 1200,
    "n_T_seeds": 3,
    "deltaX_target": 0.1,
    "x_eps": 0.001,
    "T_eps": 0.01,
    "deriv_order": 4,
    "phitol": 0.0001,
    "overlapAngle": 45.0,
    "Tn_Ttol": 0.01,
    "Tn_maxiter": 160,
    "include_zeroT_loops": true,
    "include_scalar_loops": true,
    "include_thermal": true,
    "include_scalar_thermal": true,
    "include_daisy": true,
    "renormalize_zeroT_loops": true,
    "thermal_approx": "spline"
  },
  "key_temperatures": {
    "Tn": 83.02507495054174,
    "Tc": 95.68050416537959,
    "Ts_false": 58.25419433593345,
    "Ts_true": 96.62524023437464,
    "S_at_Tn": 11633.169596594022,
    "S_over_Tn": 140.11633959407965,
    "false_phase_key": 2,
    "true_phase_key": 0,
    "phi_false_Tn": -5.051627904734314e-05,
    "phi_true_Tn": 224.09739133248445,
    "vTn_over_Tn": 2.699153134953264,
    "Tc_minus_Tn_over_Tc": 0.13226758497178792
  },
  "gw_scales": {
    "gw_T_star_GeV": 83.02507495054174,
    "gw_alpha": 0.020543811370398922,
    "gw_beta_over_H": 1162.4225764362516,
    "gw_v_w": 1.0,
    "gw_g_star": 106.75
  },
  "gw_peaks": {
    "sw": {
      "f_peak_mHz": 18.630529047900055,
      "f_peak_Hz": 0.018630529047900055,
      "omega_peak": 6.731997515674027e-17
    },
    "turb": {
      "f_peak_mHz": 31.410937650361838,
      "f_peak_Hz": 0.03141093765036184,
      "omega_peak": 4.891369404479426e-21
    },
    "coll": {
      "f_peak_mHz": NaN,
      "f_peak_Hz": NaN,
      "omega_peak": NaN
    },
    "total": {
      "f_peak_mHz": 18.630529047900055,
      "f_peak_Hz": 0.018630529047900055,
      "omega_peak": 6.732428051634109e-17
    }
  },
  "gw_run_parameters": {
    "g_star": 106.75,
    "v_w": 1.0,
    "epsilon_turb": 1.0,
    "frequency_unit": "mHz"
  },
  "S3": 11619.318134836081,
  "S3_over_T": 139.94950491472295,
  "bounce_diagnostics": {
    "label": "results_eft68_c6f23p02828_c8f42_f1000_mh125_Glauber_off",
    "C": NaN,
    "Lambda_GeV": NaN,
    "finiteT": null,
    "temperature_GeV": NaN,
    "phi_metaMin": -5.051627904734314e-05,
    "phi_absMin": 224.09739133248445,
    "phi_bar": 116.1815665013171,
    "phi_top": 77.18912563524992,
    "V(phi_meta)": -123351621.1508637,
    "V(phi_true)": -136432885.52021354,
    "V(phi_top)": -122134999.15921059,
    "DeltaV_true_minus_meta": -13081264.369349837,
    "r0": 2.8569520357204457e-06,
    "phi0": 218.63407351177764,
    "dphi0": -0.040120559552773445,
    "rscale_cubic": 0.028569520357204455,
    "rscale_curv": 0.026992179793335257,
    "wall_r_hi": 0.12205167070721194,
    "wall_thickness": 0.08295731035903228,
    "S_total": 11619.318134836081,
    "S_kin": 17425.010547808324,
    "S_pot": -5805.692412972244,
    "S_interior": 0.0,
    "S3_over_T": NaN,
    "beta_rscale": 35.00233771855492,
    "beta_curvature": 37.04776803577318,
    "beta_wall": 12.054392743352983,
    "Tn_from_transitionFinder_GeV": 83.02507495054174,
    "Tc_from_transitionFinder_GeV": 95.68050416537959,
    "T_spinodal_high_GeV": NaN,
    "T_spinodal_low_GeV": NaN,
    "gw_T_star_GeV": 83.02507495054174,
    "gw_alpha": 0.020543811370398922,
    "gw_beta_over_H": 1162.4225764362516,
    "gw_R_star_times_H": NaN,
    "gw_Gamma_Tstar_GeV4": NaN,
    "gw_dT_for_beta_GeV": NaN,
    "gw_f_sw_peak_Hz": NaN,
    "gw_f_turb_peak_Hz": NaN,
    "gw_f_coll_peak_Hz": NaN,
    "gw_g_star": 106.75,
    "gw_v_w": 1.0,
    "omega_sw_peak": NaN,
    "omega_turb_peak": NaN,
    "omega_coll_peak": NaN,
    "omega_tot_peak": NaN
  }
}