{
  "label": "results_eft68_c6f23p27677_c8f40_f1000_mh125_Glauber_off",
  "model_parameters": {
    "c6_over_f2_TeV2": 3.276767676767677,
    "c8_over_f4_TeV4": 0.0,
    "f_GeV": 1000.0,
    "m_h": 125.0,
    "v": 246.0,
    "m_w": 80.36,
    "m_z": 91.19,
    "m_t": 173.1,
    "use_glauber_measure": false,
    "C_glauber": 0.0,
    "Lambda_glauber": 1000.0
  },
  "derived_tree_coefficients": {
    "glauber_scheme": "counterterm_subtracted",
    "lambda_tree": -0.16834721932952368,
    "mu2_tree_GeV2": -1187.6001624727287,
    "a0_mean_field": 0.25110257886389187,
    "glauber_t0": 0.0,
    "glauber_lambda_shift": 0.0,
    "glauber_mu2_shift_after_lambda_GeV2": 0.0,
    "lambda_tree_raw_glauber_equivalent": -0.16834721932952368,
    "mu2_tree_raw_glauber_equivalent_GeV2": -1187.6001624727287,
    "combo_TeV2": 6.553535353535354
  },
  "scan_parameters": {
    "T_min": 1.0,
    "T_max": 250.0,
    "phi_scan_range": [
      -10,
      1000.0
    ],
    "n_phi_scan": 1200,
    "n_T_seeds": 3,
    "deltaX_target": 0.1,
    "x_eps": 0.001,
    "T_eps": 0.01,
    "deriv_order": 4,
    "phitol": 0.0001,
    "overlapAngle": 45.0,
    "Tn_Ttol": 0.01,
    "Tn_maxiter": 160,
    "include_zeroT_loops": true,
    "include_scalar_loops": true,
    "include_thermal": true,
    "include_scalar_thermal": true,
    "include_daisy": false,
    "renormalize_zeroT_loops": true,
    "thermal_approx": "spline"
  },
  "key_temperatures": {
    "Tn": 77.15657166633564,
    "Tc": 92.33767617459924,
    "Ts_false": 47.72397460937013,
    "Ts_true": 94.79518749999967,
    "S_at_Tn": 10812.800023256172,
    "S_over_Tn": 140.14101183780215,
    "false_phase_key": 2,
    "true_phase_key": 0,
    "phi_false_Tn": -8.295518592250161e-06,
    "phi_true_Tn": 228.8588543394131,
    "vTn_over_Tn": 2.9661615258012697,
    "Tc_minus_Tn_over_Tc": 0.16440856145825017
  },
  "gw_scales": {
    "gw_T_star_GeV": 77.15657166633564,
    "gw_alpha": 0.02813708370662001,
    "gw_beta_over_H": 932.370978809587,
    "gw_v_w": 1.0,
    "gw_g_star": 106.75
  },
  "gw_peaks": {
    "sw": {
      "f_peak_mHz": 13.914028141593606,
      "f_peak_Hz": 0.013914028141593607,
      "omega_peak": 2.535722204052915e-16
    },
    "turb": {
      "f_peak_mHz": 23.45895112786603,
      "f_peak_Hz": 0.02345895112786603,
      "omega_peak": 1.8425084395094528e-20
    },
    "coll": {
      "f_peak_mHz": NaN,
      "f_peak_Hz": NaN,
      "omega_peak": NaN
    },
    "total": {
      "f_peak_mHz": 13.914028141593606,
      "f_peak_Hz": 0.013914028141593607,
      "omega_peak": 2.5358845297890915e-16
    }
  },
  "gw_run_parameters": {
    "g_star": 106.75,
    "v_w": 1.0,
    "epsilon_turb": 1.0,
    "frequency_unit": "mHz"
  },
  "S3": 10801.428780896047,
  "S3_over_T": 139.99363304537343,
  "bounce_diagnostics": {
    "label": "results_eft68_c6f23p27677_c8f40_f1000_mh125_Glauber_off",
    "C": NaN,
    "Lambda_GeV": NaN,
    "finiteT": null,
    "temperature_GeV": NaN,
    "phi_metaMin": -8.295518592250161e-06,
    "phi_absMin": 228.8588543394131,
    "phi_bar": 116.94860029087572,
    "phi_top": 78.52363985677438,
    "V(phi_meta)": -90475677.69774379,
    "V(phi_true)": -106323517.77908033,
    "V(phi_top)": -89107607.38614531,
    "DeltaV_true_minus_meta": -15847840.081336543,
    "r0": 2.740757643867165e-06,
    "phi0": 222.62954886312818,
    "dphi0": -0.050040543185239816,
    "rscale_cubic": 0.02740757643867165,
    "rscale_curv": 0.02605492686078535,
    "wall_r_hi": 0.11322758014968601,
    "wall_thickness": 0.07844050138138756,
    "S_total": 10801.428780896047,
    "S_kin": 16178.881930780695,
    "S_pot": -5377.453149884647,
    "S_interior": 0.0,
    "S3_over_T": NaN,
    "beta_rscale": 36.48626146268869,
    "beta_curvature": 38.38045399654126,
    "beta_wall": 12.748516166895397,
    "Tn_from_transitionFinder_GeV": 77.15657166633564,
    "Tc_from_transitionFinder_GeV": 92.33767617459924,
    "T_spinodal_high_GeV": NaN,
    "T_spinodal_low_GeV": NaN,
    "gw_T_star_GeV": 77.15657166633564,
    "gw_alpha": 0.02813708370662001,
    "gw_beta_over_H": 932.370978809587,
    "gw_R_star_times_H": NaN,
    "gw_Gamma_Tstar_GeV4": NaN,
    "gw_dT_for_beta_GeV": NaN,
    "gw_f_sw_peak_Hz": NaN,
    "gw_f_turb_peak_Hz": NaN,
    "gw_f_coll_peak_Hz": NaN,
    "gw_g_star": 106.75,
    "gw_v_w": 1.0,
    "omega_sw_peak": NaN,
    "omega_turb_peak": NaN,
    "omega_coll_peak": NaN,
    "omega_tot_peak": NaN
  }
}