{
  "label": "results_eft68_c6f22p9899_c8f45_f1000_mh125_Glauber_off",
  "model_parameters": {
    "c6_over_f2_TeV2": 2.98989898989899,
    "c8_over_f4_TeV4": 5.0,
    "f_GeV": 1000.0,
    "m_h": 125.0,
    "v": 246.0,
    "m_w": 80.36,
    "m_z": 91.19,
    "m_t": 173.1,
    "use_glauber_measure": false,
    "C_glauber": 0.0,
    "Lambda_glauber": 1000.0
  },
  "derived_tree_coefficients": {
    "glauber_scheme": "counterterm_subtracted",
    "lambda_tree": -0.16977339806770544,
    "mu2_tree_GeV2": -1507.7795580677503,
    "a0_mean_field": 0.250389489494801,
    "glauber_t0": 0.0,
    "glauber_lambda_shift": 0.0,
    "glauber_mu2_shift_after_lambda_GeV2": 0.0,
    "lambda_tree_raw_glauber_equivalent": -0.16977339806770544,
    "mu2_tree_raw_glauber_equivalent_GeV2": -1507.7795580677503,
    "combo_TeV2": 6.88753797979798
  },
  "scan_parameters": {
    "T_min": 1.0,
    "T_max": 250.0,
    "phi_scan_range": [
      -10,
      1000.0
    ],
    "n_phi_scan": 1200,
    "n_T_seeds": 3,
    "deltaX_target": 0.1,
    "x_eps": 0.001,
    "T_eps": 0.01,
    "deriv_order": 4,
    "phitol": 0.0001,
    "overlapAngle": 45.0,
    "Tn_Ttol": 0.01,
    "Tn_maxiter": 160,
    "include_zeroT_loops": true,
    "include_scalar_loops": true,
    "include_thermal": true,
    "include_scalar_thermal": true,
    "include_daisy": true,
    "renormalize_zeroT_loops": true,
    "thermal_approx": "spline"
  },
  "key_temperatures": {
    "Tn": 73.02397338935546,
    "Tc": 91.25019322749905,
    "Ts_false": 39.299507031244396,
    "Ts_true": 94.30934570312468,
    "S_at_Tn": 10222.258138181704,
    "S_over_Tn": 139.98496197512827,
    "false_phase_key": 2,
    "true_phase_key": 0,
    "phi_false_Tn": -2.9662816149788182e-05,
    "phi_true_Tn": 232.59442404340268,
    "vTn_over_Tn": 3.185178965861469,
    "Tc_minus_Tn_over_Tc": 0.1997389725269202
  },
  "gw_scales": {
    "gw_T_star_GeV": 73.02397338935546,
    "gw_alpha": 0.03436650934522808,
    "gw_beta_over_H": 589.0447134489468,
    "gw_v_w": 1.0,
    "gw_g_star": 106.75
  },
  "gw_peaks": {
    "sw": {
      "f_peak_mHz": 8.252721021916784,
      "f_peak_Hz": 0.008252721021916784,
      "omega_peak": 1.108340496509288e-15
    },
    "turb": {
      "f_peak_mHz": 14.129445033049324,
      "f_peak_Hz": 0.014129445033049325,
      "omega_peak": 8.052829220773537e-20
    },
    "coll": {
      "f_peak_mHz": NaN,
      "f_peak_Hz": NaN,
      "omega_peak": NaN
    },
    "total": {
      "f_peak_mHz": 8.252721021916784,
      "f_peak_Hz": 0.008252721021916784,
      "omega_peak": 1.1084111656931346e-15
    }
  },
  "gw_run_parameters": {
    "g_star": 106.75,
    "v_w": 1.0,
    "epsilon_turb": 1.0,
    "frequency_unit": "mHz"
  },
  "S3": 10222.099899294088,
  "S3_over_T": 139.9827950307637,
  "bounce_diagnostics": {
    "label": "results_eft68_c6f22p9899_c8f45_f1000_mh125_Glauber_off",
    "C": NaN,
    "Lambda_GeV": NaN,
    "finiteT": null,
    "temperature_GeV": NaN,
    "phi_metaMin": -2.9662816149788182e-05,
    "phi_absMin": 232.59442404340268,
    "phi_bar": 117.42201046836813,
    "phi_top": 79.80069252402674,
    "V(phi_meta)": -73415545.0830373,
    "V(phi_true)": -91321491.91719568,
    "V(phi_top)": -72017524.99560142,
    "DeltaV_true_minus_meta": -17905946.834158376,
    "r0": 2.7553355187101685e-06,
    "phi0": 225.73308119100486,
    "dphi0": -0.060495551248560174,
    "rscale_cubic": 0.027553355187101683,
    "rscale_curv": 0.026488190422738336,
    "wall_r_hi": 0.10878686041526953,
    "wall_thickness": 0.07675032330726839,
    "S_total": 10222.099899294088,
    "S_kin": 15338.125806044443,
    "S_pot": -5116.025906750356,
    "S_interior": 0.0,
    "S3_over_T": NaN,
    "beta_rscale": 36.29322066984138,
    "beta_curvature": 37.752675011243454,
    "beta_wall": 13.029261075507396,
    "Tn_from_transitionFinder_GeV": 73.02397338935546,
    "Tc_from_transitionFinder_GeV": 91.25019322749905,
    "T_spinodal_high_GeV": NaN,
    "T_spinodal_low_GeV": NaN,
    "gw_T_star_GeV": 73.02397338935546,
    "gw_alpha": 0.03436650934522808,
    "gw_beta_over_H": 589.0447134489468,
    "gw_R_star_times_H": NaN,
    "gw_Gamma_Tstar_GeV4": NaN,
    "gw_dT_for_beta_GeV": NaN,
    "gw_f_sw_peak_Hz": NaN,
    "gw_f_turb_peak_Hz": NaN,
    "gw_f_coll_peak_Hz": NaN,
    "gw_g_star": 106.75,
    "gw_v_w": 1.0,
    "omega_sw_peak": NaN,
    "omega_turb_peak": NaN,
    "omega_coll_peak": NaN,
    "omega_tot_peak": NaN
  }
}