Lambda_GeV,C,spectrum_relative_min,spectrum_relative_max,alpha_no_daisy,alpha_with_daisy,alpha_relative_difference,beta_over_H_no_daisy,beta_over_H_with_daisy,beta_over_H_relative_difference,supercooling_no_daisy,supercooling_with_daisy,supercooling_relative_difference
1000.0,3.75,-0.4679836223070568,2.023148201098691,0.06584137586666243,0.061315277205244836,-0.06874246781512505,847.7054337566608,647.3308121126327,-0.23637293529670467,0.22298016584879515,0.22006662612067826,-0.013066362727941419
1000.0,3.83,-0.6553191303776884,0.1566506191034449,0.26979442494253825,0.24181043193221413,-0.10372339241733496,136.52388690154993,158.4175295657862,0.16036492339266759,0.4223600736867688,0.4142345452678711,-0.019238391422679198
2000.0,6.25,-0.19495954201030602,-0.01833358113730267,0.022300589677327804,0.020821542319456515,-0.06632323984575988,2648.4004522832192,2532.942653102014,-0.04359529507014984,0.0897563100538045,0.08797515072882135,-0.019844391151055837
2000.0,6.55,-0.2311220607382243,0.12864734671307515,0.05038988815551736,0.0469595675185416,-0.06807557552794767,943.4651885129739,877.4193555105256,-0.07000346574158739,0.19101826584873358,0.18833985160997352,-0.014021770257725408
2000.0,6.75,-0.7062249880811837,13.295045421775098,0.1888591410516851,0.17297473086270626,-0.08410718221275697,445.2338543991866,247.61048905428612,-0.4438641926984192,0.37845164177199486,0.3733112199990873,-0.013582770440204667
4000.0,10.5,-0.5940285575337219,0.12819805356390107,0.02745217015077368,0.025641667814619528,-0.06595115527153057,1634.2728143601305,1866.1593804500828,0.14188975307696303,0.11488567000298501,0.11297228306725894,-0.016654704939931625
4000.0,10.8,-0.24782178681530465,-0.10383441141435727,0.04468063286000118,0.041668035494707004,-0.06742512745362435,1045.7017034047049,1055.0450761585068,0.008935026808678668,0.17678433126918913,0.17428942375495224,-0.014112718566884206
