{
  "label": "results_eft68_c6f23p0303_c8f45_f1000_mh125_Glauber_off",
  "model_parameters": {
    "c6_over_f2_TeV2": 3.0303030303030303,
    "c8_over_f4_TeV4": 5.0,
    "f_GeV": 1000.0,
    "m_h": 125.0,
    "v": 246.0,
    "m_w": 80.36,
    "m_z": 91.19,
    "m_t": 173.1,
    "use_glauber_measure": false,
    "C_glauber": 0.0,
    "Lambda_glauber": 1000.0
  },
  "derived_tree_coefficients": {
    "glauber_scheme": "counterterm_subtracted",
    "lambda_tree": -0.17344103443134187,
    "mu2_tree_GeV2": -1618.7548991586646,
    "a0_mean_field": 0.2485556713129827,
    "glauber_t0": 0.0,
    "glauber_lambda_shift": 0.0,
    "glauber_mu2_shift_after_lambda_GeV2": 0.0,
    "lambda_tree_raw_glauber_equivalent": -0.17344103443134187,
    "mu2_tree_raw_glauber_equivalent_GeV2": -1618.7548991586646,
    "combo_TeV2": 6.968346060606061
  },
  "scan_parameters": {
    "T_min": 1.0,
    "T_max": 250.0,
    "phi_scan_range": [
      -10,
      1000.0
    ],
    "n_phi_scan": 1200,
    "n_T_seeds": 3,
    "deltaX_target": 0.1,
    "x_eps": 0.001,
    "T_eps": 0.01,
    "deriv_order": 4,
    "phitol": 0.0001,
    "overlapAngle": 45.0,
    "Tn_Ttol": 0.01,
    "Tn_maxiter": 160,
    "include_zeroT_loops": true,
    "include_scalar_loops": true,
    "include_thermal": true,
    "include_scalar_thermal": true,
    "include_daisy": true,
    "renormalize_zeroT_loops": true,
    "thermal_approx": "spline"
  },
  "key_temperatures": {
    "Tn": 70.6037682247714,
    "Tc": 90.389698813011,
    "Ts_false": 34.02031796874393,
    "Ts_true": 93.94411328124968,
    "S_at_Tn": 9887.662886244783,
    "S_over_Tn": 140.0444074708138,
    "false_phase_key": 2,
    "true_phase_key": 0,
    "phi_false_Tn": -4.6885150152269764e-05,
    "phi_true_Tn": 234.19704564736784,
    "vTn_over_Tn": 3.3170615611023377,
    "Tc_minus_Tn_over_Tc": 0.2188958570286943
  },
  "gw_scales": {
    "gw_T_star_GeV": 70.6037682247714,
    "gw_alpha": 0.03933425198715086,
    "gw_beta_over_H": 435.3690062202133,
    "gw_v_w": 1.0,
    "gw_g_star": 106.75
  },
  "gw_peaks": {
    "sw": {
      "f_peak_mHz": 5.885836223762919,
      "f_peak_Hz": 0.005885836223762919,
      "omega_peak": 2.9442864350546347e-15
    },
    "turb": {
      "f_peak_mHz": 10.077112648825867,
      "f_peak_Hz": 0.010077112648825867,
      "omega_peak": 2.139257691118432e-19
    },
    "coll": {
      "f_peak_mHz": NaN,
      "f_peak_Hz": NaN,
      "omega_peak": NaN
    },
    "total": {
      "f_peak_mHz": 5.885836223762919,
      "f_peak_Hz": 0.005885836223762919,
      "omega_peak": 2.944473987935226e-15
    }
  },
  "gw_run_parameters": {
    "g_star": 106.75,
    "v_w": 1.0,
    "epsilon_turb": 1.0,
    "frequency_unit": "mHz"
  },
  "S3": 9867.247240787365,
  "S3_over_T": 139.75524945601177,
  "bounce_diagnostics": {
    "label": "results_eft68_c6f23p0303_c8f45_f1000_mh125_Glauber_off",
    "C": NaN,
    "Lambda_GeV": NaN,
    "finiteT": null,
    "temperature_GeV": NaN,
    "phi_metaMin": -4.6885150152269764e-05,
    "phi_absMin": 234.19704564736784,
    "phi_bar": 117.26160707922284,
    "phi_top": 79.83203486330558,
    "V(phi_meta)": -64068456.0814763,
    "V(phi_true)": -83171857.11356945,
    "V(phi_top)": -62648763.08642152,
    "DeltaV_true_minus_meta": -19103401.032093152,
    "r0": 2.7352977573851036e-06,
    "phi0": 226.86547055455492,
    "dphi0": -0.06678678046500267,
    "rscale_cubic": 0.027352977573851033,
    "rscale_curv": 0.026607690565360928,
    "wall_r_hi": 0.10602134572247765,
    "wall_thickness": 0.07555916817742254,
    "S_total": 9867.247240787365,
    "S_kin": 14862.903396634332,
    "S_pot": -4995.656155846967,
    "S_interior": 0.0,
    "S3_over_T": NaN,
    "beta_rscale": 36.55909113733865,
    "beta_curvature": 37.58311827096138,
    "beta_wall": 13.234661314056194,
    "Tn_from_transitionFinder_GeV": 70.6037682247714,
    "Tc_from_transitionFinder_GeV": 90.389698813011,
    "T_spinodal_high_GeV": NaN,
    "T_spinodal_low_GeV": NaN,
    "gw_T_star_GeV": 70.6037682247714,
    "gw_alpha": 0.03933425198715086,
    "gw_beta_over_H": 435.3690062202133,
    "gw_R_star_times_H": NaN,
    "gw_Gamma_Tstar_GeV4": NaN,
    "gw_dT_for_beta_GeV": NaN,
    "gw_f_sw_peak_Hz": NaN,
    "gw_f_turb_peak_Hz": NaN,
    "gw_f_coll_peak_Hz": NaN,
    "gw_g_star": 106.75,
    "gw_v_w": 1.0,
    "omega_sw_peak": NaN,
    "omega_turb_peak": NaN,
    "omega_coll_peak": NaN,
    "omega_tot_peak": NaN
  }
}