{
  "label": "Glauber_Paper_",
  "C": NaN,
  "Lambda_GeV": NaN,
  "finiteT": true,
  "temperature_GeV": 89.78313927667313,
  "phi_metaMin": -5.69939097546949e-06,
  "phi_absMin": -21.58446653529192,
  "phi_bar": -17.322576250997212,
  "phi_top": -9.862858773245723,
  "V(phi_meta)": -154908794.70661014,
  "V(phi_true)": -154910251.3364999,
  "V(phi_top)": -154906189.17842242,
  "DeltaV_true_minus_meta": -1456.6298897564411,
  "r0": 0.9713428385060064,
  "phi0": -21.58230808920833,
  "dphi0": 0.03129130299393672,
  "rscale_cubic": 0.07888220652665663,
  "rscale_curv": 0.09432426309909751,
  "wall_r_hi": 1.7441767250193505,
  "wall_thickness": 0.29392441406679737,
  "S_total": 12447.262671710872,
  "S_kin": 18665.466996744006,
  "S_pot": -6218.2043250331435,
  "S_interior": 0.0,
  "S3_over_T": 138.63697317771155,
  "beta_rscale": 12.67713016701771,
  "beta_curvature": 10.60172985033649,
  "beta_wall": 3.4022352419242714,
  "Tn_from_transitionFinder_GeV": 89.78313927667313,
  "Tc_from_transitionFinder_GeV": 89.80346822100059,
  "T_spinodal_high_GeV": 89.1350351562495,
  "T_spinodal_low_GeV": 89.8878417968742,
  "gw_T_star_GeV": 89.78313927667313,
  "gw_alpha": 0.0007243933345890234,
  "gw_beta_over_H": 1122008.7605780521,
  "gw_R_star_times_H": 2.6106603424504e-06,
  "gw_Gamma_Tstar_GeV4": 3.788022416599071e-51,
  "gw_dT_for_beta_GeV": 0.00010470252020107296,
  "gw_f_sw_peak_Hz": 19349.62781656214,
  "gw_f_turb_peak_Hz": 27496.83952879884,
  "gw_f_coll_peak_Hz": 3858.6099914898778,
  "gw_g_star": 106.75,
  "gw_v_w": 1.0,
  "omega_sw_peak": 4.045148988798841e-27,
  "omega_turb_peak": 2.940989325862952e-31,
  "omega_coll_peak": 0.0,
  "omega_tot_peak": 4.045404745188868e-27
}