{
  "label": "results_eft68_c6f23p27677_c8f40_f1000_mh125_Glauber_off",
  "model_parameters": {
    "c6_over_f2_TeV2": 3.276767676767677,
    "c8_over_f4_TeV4": 0.0,
    "f_GeV": 1000.0,
    "m_h": 125.0,
    "v": 246.0,
    "m_w": 80.36,
    "m_z": 91.19,
    "m_t": 173.1,
    "use_glauber_measure": false,
    "C_glauber": 0.0,
    "Lambda_glauber": 1000.0
  },
  "derived_tree_coefficients": {
    "glauber_scheme": "counterterm_subtracted",
    "lambda_tree": -0.16834721932952368,
    "mu2_tree_GeV2": -1187.6001624727287,
    "a0_mean_field": 0.25110257886389187,
    "glauber_t0": 0.0,
    "glauber_lambda_shift": 0.0,
    "glauber_mu2_shift_after_lambda_GeV2": 0.0,
    "lambda_tree_raw_glauber_equivalent": -0.16834721932952368,
    "mu2_tree_raw_glauber_equivalent_GeV2": -1187.6001624727287,
    "combo_TeV2": 6.553535353535354
  },
  "scan_parameters": {
    "T_min": 1.0,
    "T_max": 250.0,
    "phi_scan_range": [
      -10,
      1000.0
    ],
    "n_phi_scan": 1200,
    "n_T_seeds": 3,
    "deltaX_target": 0.1,
    "x_eps": 0.001,
    "T_eps": 0.01,
    "deriv_order": 4,
    "phitol": 0.0001,
    "overlapAngle": 45.0,
    "Tn_Ttol": 0.01,
    "Tn_maxiter": 160,
    "include_zeroT_loops": true,
    "include_scalar_loops": true,
    "include_thermal": true,
    "include_scalar_thermal": true,
    "include_daisy": true,
    "renormalize_zeroT_loops": true,
    "thermal_approx": "spline"
  },
  "key_temperatures": {
    "Tn": 78.98382533184856,
    "Tc": 93.98543286632992,
    "Ts_false": 49.07762031249513,
    "Ts_true": 96.04942773437465,
    "S_at_Tn": 11057.161881761767,
    "S_over_Tn": 139.9927369344974,
    "false_phase_key": 2,
    "true_phase_key": 0,
    "phi_false_Tn": -4.9692803842739006e-05,
    "phi_true_Tn": 228.06099701640423,
    "vTn_over_Tn": 2.8874392454178013,
    "Tc_minus_Tn_over_Tc": 0.15961630517590186
  },
  "gw_scales": {
    "gw_T_star_GeV": 78.98382533184856,
    "gw_alpha": 0.025362882395849964,
    "gw_beta_over_H": 966.502094976043,
    "gw_v_w": 1.0,
    "gw_g_star": 106.75
  },
  "gw_peaks": {
    "sw": {
      "f_peak_mHz": 14.570335698348613,
      "f_peak_Hz": 0.014570335698348614,
      "omega_peak": 1.764262562091121e-16
    },
    "turb": {
      "f_peak_mHz": 24.945803549660923,
      "f_peak_Hz": 0.024945803549660923,
      "omega_peak": 1.2819407516381133e-20
    },
    "coll": {
      "f_peak_mHz": NaN,
      "f_peak_Hz": NaN,
      "omega_peak": NaN
    },
    "total": {
      "f_peak_mHz": 14.570335698348613,
      "f_peak_Hz": 0.014570335698348614,
      "omega_peak": 1.7643747760221502e-16
    }
  },
  "gw_run_parameters": {
    "g_star": 106.75,
    "v_w": 1.0,
    "epsilon_turb": 1.0,
    "frequency_unit": "mHz"
  },
  "S3": 11055.782401407774,
  "S3_over_T": 139.97527158196226,
  "bounce_diagnostics": {
    "label": "results_eft68_c6f23p27677_c8f40_f1000_mh125_Glauber_off",
    "C": NaN,
    "Lambda_GeV": NaN,
    "finiteT": null,
    "temperature_GeV": NaN,
    "phi_metaMin": -4.9692803842739006e-05,
    "phi_absMin": 228.06099701640423,
    "phi_bar": 117.27413596244239,
    "phi_top": 78.65879623715207,
    "V(phi_meta)": -100818625.85853164,
    "V(phi_true)": -116129503.10903592,
    "V(phi_top)": -99454300.35098226,
    "DeltaV_true_minus_meta": -15310877.250504285,
    "r0": 2.7492418458168273e-06,
    "phi0": 222.1683690224167,
    "dphi0": -0.04665891740085596,
    "rscale_cubic": 0.027492418458168272,
    "rscale_curv": 0.026103072771767613,
    "wall_r_hi": 0.11488633315369225,
    "wall_thickness": 0.07892911690988816,
    "S_total": 11055.782401407774,
    "S_kin": 16586.10530202855,
    "S_pot": -5530.322900620774,
    "S_interior": 0.0,
    "S3_over_T": NaN,
    "beta_rscale": 36.373664307546214,
    "beta_curvature": 38.309663338113324,
    "beta_wall": 12.669595697386056,
    "Tn_from_transitionFinder_GeV": 78.98382533184856,
    "Tc_from_transitionFinder_GeV": 93.98543286632992,
    "T_spinodal_high_GeV": NaN,
    "T_spinodal_low_GeV": NaN,
    "gw_T_star_GeV": 78.98382533184856,
    "gw_alpha": 0.025362882395849964,
    "gw_beta_over_H": 966.502094976043,
    "gw_R_star_times_H": NaN,
    "gw_Gamma_Tstar_GeV4": NaN,
    "gw_dT_for_beta_GeV": NaN,
    "gw_f_sw_peak_Hz": NaN,
    "gw_f_turb_peak_Hz": NaN,
    "gw_f_coll_peak_Hz": NaN,
    "gw_g_star": 106.75,
    "gw_v_w": 1.0,
    "omega_sw_peak": NaN,
    "omega_turb_peak": NaN,
    "omega_coll_peak": NaN,
    "omega_tot_peak": NaN
  }
}