{
  "lambda_tree": -0.16901534531061457,
  "mu2_tree": -1651.0580453447687,
  "a0_mean_field": 0.2507685158733464,
  "combo_TeV2": 7.052384,
  "upper_c6_over_f2_TeV2_from_Eq_2_14": 3.540385095689914,
  "passes_Eq_2_14": true,
  "passes_EFT_tree_condition_Vv_lower_than_v_to_f": true,
  "min_after_v_tree": -20510545.410917364,
  "V_tree_v": -20510598.025713418,
  "sampled_min_phi_full_zeroT": 246.08202734244747,
  "sampled_min_deltaV_full_zeroT": -20510545.410917364,
  "dV_at_v_numeric": 5.316692071292943,
  "d2V_at_v_numeric": 15625.04885235975,
  "mh2_target": 15625.0
}