{
  "label": "results_eft68_c6f23p34949_c8f40_f1000_mh125_Glauber_off",
  "model_parameters": {
    "c6_over_f2_TeV2": 3.3494949494949497,
    "c8_over_f4_TeV4": 0.0,
    "f_GeV": 1000.0,
    "m_h": 125.0,
    "v": 246.0,
    "m_w": 80.36,
    "m_z": 91.19,
    "m_t": 173.1,
    "use_glauber_measure": false,
    "C_glauber": 0.0,
    "Lambda_glauber": 1000.0
  },
  "derived_tree_coefficients": {
    "glauber_scheme": "counterterm_subtracted",
    "lambda_tree": -0.17494896478406918,
    "mu2_tree_GeV2": -1387.355776436365,
    "a0_mean_field": 0.2478017061366191,
    "glauber_t0": 0.0,
    "glauber_lambda_shift": 0.0,
    "glauber_mu2_shift_after_lambda_GeV2": 0.0,
    "lambda_tree_raw_glauber_equivalent": -0.17494896478406918,
    "mu2_tree_raw_glauber_equivalent_GeV2": -1387.355776436365,
    "combo_TeV2": 6.6989898989898995
  },
  "scan_parameters": {
    "T_min": 1.0,
    "T_max": 250.0,
    "phi_scan_range": [
      -10,
      1000.0
    ],
    "n_phi_scan": 1200,
    "n_T_seeds": 3,
    "deltaX_target": 0.1,
    "x_eps": 0.001,
    "T_eps": 0.01,
    "deriv_order": 4,
    "phitol": 0.0001,
    "overlapAngle": 45.0,
    "Tn_Ttol": 0.01,
    "Tn_maxiter": 160,
    "include_zeroT_loops": true,
    "include_scalar_loops": true,
    "include_thermal": true,
    "include_scalar_thermal": true,
    "include_daisy": true,
    "renormalize_zeroT_loops": true,
    "thermal_approx": "spline"
  },
  "key_temperatures": {
    "Tn": 75.26167834117669,
    "Tc": 92.45906741929369,
    "Ts_false": 41.05879902343196,
    "Ts_true": 95.37099999999967,
    "S_at_Tn": 10542.26390557682,
    "S_over_Tn": 140.07479155310045,
    "false_phase_key": 2,
    "true_phase_key": 0,
    "phi_false_Tn": -5.513656203107617e-05,
    "phi_true_Tn": 231.0955424321129,
    "vTn_over_Tn": 3.070560576453121,
    "Tc_minus_Tn_over_Tc": 0.18600002745137328
  },
  "gw_scales": {
    "gw_T_star_GeV": 75.26167834117669,
    "gw_alpha": 0.03084731216522511,
    "gw_beta_over_H": 638.4410399659852,
    "gw_v_w": 1.0,
    "gw_g_star": 106.75
  },
  "gw_peaks": {
    "sw": {
      "f_peak_mHz": 9.189730011909294,
      "f_peak_Hz": 0.009189730011909295,
      "omega_peak": 6.989891445972453e-16
    },
    "turb": {
      "f_peak_mHz": 15.733693738950372,
      "f_peak_Hz": 0.015733693738950373,
      "omega_peak": 5.078789055241683e-20
    },
    "coll": {
      "f_peak_mHz": NaN,
      "f_peak_Hz": NaN,
      "omega_peak": NaN
    },
    "total": {
      "f_peak_mHz": 9.189730011909294,
      "f_peak_Hz": 0.009189730011909295,
      "omega_peak": 6.990336455265732e-16
    }
  },
  "gw_run_parameters": {
    "g_star": 106.75,
    "v_w": 1.0,
    "epsilon_turb": 1.0,
    "frequency_unit": "mHz"
  },
  "S3": 10561.305443916339,
  "S3_over_T": 140.32779598721896,
  "bounce_diagnostics": {
    "label": "results_eft68_c6f23p34949_c8f40_f1000_mh125_Glauber_off",
    "C": NaN,
    "Lambda_GeV": NaN,
    "finiteT": null,
    "temperature_GeV": NaN,
    "phi_metaMin": -5.513656203107617e-05,
    "phi_absMin": 231.0955424321129,
    "phi_bar": 117.65744608045556,
    "phi_top": 79.57558178621248,
    "V(phi_meta)": -82946019.43300585,
    "V(phi_true)": -100157859.99772543,
    "V(phi_top)": -81504017.85805826,
    "DeltaV_true_minus_meta": -17211840.564719573,
    "r0": 2.7053386107929324e-06,
    "phi0": 224.662112722912,
    "dphi0": -0.054258752809066155,
    "rscale_cubic": 0.027053386107929324,
    "rscale_curv": 0.02573529704047083,
    "wall_r_hi": 0.1099747628367382,
    "wall_thickness": 0.07660623691120229,
    "S_total": 10561.305443916339,
    "S_kin": 15826.181674521107,
    "S_pot": -5264.876230604768,
    "S_interior": 0.0,
    "S3_over_T": NaN,
    "beta_rscale": 36.96394957771666,
    "beta_curvature": 38.85713784534764,
    "beta_wall": 13.053767425740343,
    "Tn_from_transitionFinder_GeV": 75.26167834117669,
    "Tc_from_transitionFinder_GeV": 92.45906741929369,
    "T_spinodal_high_GeV": NaN,
    "T_spinodal_low_GeV": NaN,
    "gw_T_star_GeV": 75.26167834117669,
    "gw_alpha": 0.03084731216522511,
    "gw_beta_over_H": 638.4410399659852,
    "gw_R_star_times_H": NaN,
    "gw_Gamma_Tstar_GeV4": NaN,
    "gw_dT_for_beta_GeV": NaN,
    "gw_f_sw_peak_Hz": NaN,
    "gw_f_turb_peak_Hz": NaN,
    "gw_f_coll_peak_Hz": NaN,
    "gw_g_star": 106.75,
    "gw_v_w": 1.0,
    "omega_sw_peak": NaN,
    "omega_turb_peak": NaN,
    "omega_coll_peak": NaN,
    "omega_tot_peak": NaN
  }
}