{
  "label": "results_eft68_c6f20_c8f40_f519p026_mh125_Glauber_C3p71212_Lambda1000",
  "model_parameters": {
    "c6_over_f2_TeV2": 0.0,
    "c8_over_f4_TeV4": 0.0,
    "f_GeV": 519.0257749881414,
    "m_h": 125.0,
    "v": 246.0,
    "m_w": 80.36,
    "m_z": 91.19,
    "m_t": 173.1,
    "use_glauber_measure": true,
    "C_glauber": 3.7121212121212124,
    "Lambda_glauber": 1000.0
  },
  "derived_tree_coefficients": {
    "glauber_scheme": "counterterm_subtracted",
    "lambda_tree": 0.12909808976138543,
    "mu2_tree_GeV2": 7812.5,
    "a0_mean_field": 0.3998252334093464,
    "glauber_t0": 0.2246427272727273,
    "glauber_lambda_shift": 0.0,
    "glauber_mu2_shift_after_lambda_GeV2": 0.0,
    "lambda_tree_raw_glauber_equivalent": -0.4515069900377681,
    "mu2_tree_raw_glauber_equivalent_GeV2": 93948.60502968408,
    "combo_TeV2": 0.0
  },
  "scan_parameters": {
    "T_min": 1.0,
    "T_max": 250.0,
    "phi_scan_range": [
      -10.0,
      519.0257749881414
    ],
    "n_phi_scan": 1200,
    "n_T_seeds": 3,
    "deltaX_target": 0.1,
    "x_eps": 0.001,
    "T_eps": 0.01,
    "deriv_order": 4,
    "phitol": 0.0001,
    "overlapAngle": 45.0,
    "Tn_Ttol": 0.01,
    "Tn_maxiter": 160,
    "include_zeroT_loops": true,
    "include_scalar_loops": true,
    "include_thermal": true,
    "include_scalar_thermal": true,
    "include_daisy": true,
    "renormalize_zeroT_loops": true,
    "thermal_approx": "spline"
  },
  "key_temperatures": {
    "Tn": 68.7688549162604,
    "Tc": 83.44135765054773,
    "Ts_false": 56.0923199218711,
    "Ts_true": 93.6863593749997,
    "S_at_Tn": 9626.90521171734,
    "S_over_Tn": 139.98931963372067,
    "false_phase_key": 1,
    "true_phase_key": 0,
    "phi_false_Tn": -0.0002954507532072444,
    "phi_true_Tn": 235.8403940869256,
    "vTn_over_Tn": 3.4294651899338398,
    "Tc_minus_Tn_over_Tc": 0.175842090150735
  },
  "gw_scales": {
    "gw_T_star_GeV": 68.7688549162604,
    "gw_alpha": 0.04459417268325933,
    "gw_beta_over_H": 1027.4087150420335,
    "gw_v_w": 1.0,
    "gw_g_star": 106.75
  },
  "gw_peaks": {
    "sw": {
      "f_peak_mHz": 13.49299699644052,
      "f_peak_Hz": 0.013492996996440519,
      "omega_peak": 7.454398744363529e-16
    },
    "turb": {
      "f_peak_mHz": 23.10129700083158,
      "f_peak_Hz": 0.02310129700083158,
      "omega_peak": 5.416425007876399e-20
    },
    "coll": {
      "f_peak_mHz": NaN,
      "f_peak_Hz": NaN,
      "omega_peak": NaN
    },
    "total": {
      "f_peak_mHz": 13.49299699644052,
      "f_peak_Hz": 0.013492996996440519,
      "omega_peak": 7.454872998650122e-16
    }
  },
  "gw_run_parameters": {
    "g_star": 106.75,
    "v_w": 1.0,
    "epsilon_turb": 1.0,
    "frequency_unit": "mHz"
  },
  "S3": 9626.917979790705,
  "S3_over_T": 139.9895053002318,
  "bounce_diagnostics": {
    "label": "results_eft68_c6f20_c8f40_f519p026_mh125_Glauber_C3p71212_Lambda1000",
    "C": NaN,
    "Lambda_GeV": NaN,
    "finiteT": null,
    "temperature_GeV": NaN,
    "phi_metaMin": -0.0002954507532072444,
    "phi_absMin": 235.8403940869256,
    "phi_bar": 115.17134264440992,
    "phi_top": 78.96936308344011,
    "V(phi_meta)": -64095488.87314217,
    "V(phi_true)": -81196115.85995573,
    "V(phi_top)": -63250133.0970889,
    "DeltaV_true_minus_meta": -17100626.98681356,
    "r0": 3.5064275727511455e-06,
    "phi0": 228.6668291660774,
    "dphi0": -0.0825401953959666,
    "rscale_cubic": 0.03506427572751145,
    "rscale_curv": 0.033138033918266446,
    "wall_r_hi": 0.11742665869341544,
    "wall_thickness": 0.08622816806155527,
    "S_total": 9626.917979790705,
    "S_kin": 14431.130506497633,
    "S_pot": -4804.212526706928,
    "S_interior": 0.0,
    "S3_over_T": NaN,
    "beta_rscale": 28.51905477161758,
    "beta_curvature": 30.176808899322474,
    "beta_wall": 11.597138411732637,
    "Tn_from_transitionFinder_GeV": 68.7688549162604,
    "Tc_from_transitionFinder_GeV": 83.44135765054773,
    "T_spinodal_high_GeV": NaN,
    "T_spinodal_low_GeV": NaN,
    "gw_T_star_GeV": 68.7688549162604,
    "gw_alpha": 0.04459417268325933,
    "gw_beta_over_H": 1027.4087150420335,
    "gw_R_star_times_H": NaN,
    "gw_Gamma_Tstar_GeV4": NaN,
    "gw_dT_for_beta_GeV": NaN,
    "gw_f_sw_peak_Hz": NaN,
    "gw_f_turb_peak_Hz": NaN,
    "gw_f_coll_peak_Hz": NaN,
    "gw_g_star": 106.75,
    "gw_v_w": 1.0,
    "omega_sw_peak": NaN,
    "omega_turb_peak": NaN,
    "omega_coll_peak": NaN,
    "omega_tot_peak": NaN
  }
}