{
  "label": "results_eft68_c6f23p26869_c8f40_f1000_mh125_Glauber_off",
  "model_parameters": {
    "c6_over_f2_TeV2": 3.268686868686869,
    "c8_over_f4_TeV4": 0.0,
    "f_GeV": 1000.0,
    "m_h": 125.0,
    "v": 246.0,
    "m_w": 80.36,
    "m_z": 91.19,
    "m_t": 173.1,
    "use_glauber_measure": false,
    "C_glauber": 0.0,
    "Lambda_glauber": 1000.0
  },
  "derived_tree_coefficients": {
    "glauber_scheme": "counterterm_subtracted",
    "lambda_tree": -0.16761369205679638,
    "mu2_tree_GeV2": -1165.4050942545437,
    "a0_mean_field": 0.2514693425002555,
    "glauber_t0": 0.0,
    "glauber_lambda_shift": 0.0,
    "glauber_mu2_shift_after_lambda_GeV2": 0.0,
    "lambda_tree_raw_glauber_equivalent": -0.16761369205679638,
    "mu2_tree_raw_glauber_equivalent_GeV2": -1165.4050942545437,
    "combo_TeV2": 6.537373737373738
  },
  "scan_parameters": {
    "T_min": 1.0,
    "T_max": 250.0,
    "phi_scan_range": [
      -10,
      1000.0
    ],
    "n_phi_scan": 1200,
    "n_T_seeds": 3,
    "deltaX_target": 0.1,
    "x_eps": 0.001,
    "T_eps": 0.01,
    "deriv_order": 4,
    "phitol": 0.0001,
    "overlapAngle": 45.0,
    "Tn_Ttol": 0.01,
    "Tn_maxiter": 160,
    "include_zeroT_loops": true,
    "include_scalar_loops": true,
    "include_thermal": true,
    "include_scalar_thermal": true,
    "include_daisy": false,
    "renormalize_zeroT_loops": true,
    "thermal_approx": "spline"
  },
  "key_temperatures": {
    "Tn": 77.53340440820901,
    "Tc": 92.50256998063921,
    "Ts_false": 48.51591132812021,
    "Ts_true": 94.86959570312467,
    "S_at_Tn": 10860.370698707338,
    "S_over_Tn": 140.07344036549844,
    "false_phase_key": 2,
    "true_phase_key": 0,
    "phi_false_Tn": -4.58376962085339e-05,
    "phi_true_Tn": 228.53393990635234,
    "vTn_over_Tn": 2.947554562458447,
    "Tc_minus_Tn_over_Tc": 0.1618243209411722
  },
  "gw_scales": {
    "gw_T_star_GeV": 77.53340440820901,
    "gw_alpha": 0.02759100327075562,
    "gw_beta_over_H": 1063.7823343917507,
    "gw_v_w": 1.0,
    "gw_g_star": 106.75
  },
  "gw_peaks": {
    "sw": {
      "f_peak_mHz": 15.733693738950372,
      "f_peak_Hz": 0.015733693738950373,
      "omega_peak": 1.844033824452742e-16
    },
    "turb": {
      "f_peak_mHz": 26.937583405636264,
      "f_peak_Hz": 0.026937583405636265,
      "omega_peak": 1.339918786425953e-20
    },
    "coll": {
      "f_peak_mHz": NaN,
      "f_peak_Hz": NaN,
      "omega_peak": NaN
    },
    "total": {
      "f_peak_mHz": 15.733693738950372,
      "f_peak_Hz": 0.015733693738950373,
      "omega_peak": 1.8441510818279677e-16
    }
  },
  "gw_run_parameters": {
    "g_star": 106.75,
    "v_w": 1.0,
    "epsilon_turb": 1.0,
    "frequency_unit": "mHz"
  },
  "S3": 10860.551210385398,
  "S3_over_T": 140.07576854493848,
  "bounce_diagnostics": {
    "label": "results_eft68_c6f23p26869_c8f40_f1000_mh125_Glauber_off",
    "C": NaN,
    "Lambda_GeV": NaN,
    "finiteT": null,
    "temperature_GeV": NaN,
    "phi_metaMin": -4.58376962085339e-05,
    "phi_absMin": 228.53393990635234,
    "phi_bar": 116.86115535453496,
    "phi_top": 78.38667282182807,
    "V(phi_meta)": -92276502.97611451,
    "V(phi_true)": -107933124.72145921,
    "V(phi_top)": -90918866.43756816,
    "DeltaV_true_minus_meta": -15656621.745344698,
    "r0": 2.7464715255876463e-06,
    "phi0": 222.3840622134807,
    "dphi0": -0.049109951165461845,
    "rscale_cubic": 0.02746471525587646,
    "rscale_curv": 0.026113938675386566,
    "wall_r_hi": 0.11382212193446424,
    "wall_thickness": 0.07870662642700078,
    "S_total": 10860.551210385398,
    "S_kin": 16288.33748765447,
    "S_pot": -5427.786277269071,
    "S_interior": 0.0,
    "S3_over_T": NaN,
    "beta_rscale": 36.410353818834366,
    "beta_curvature": 38.293726731849624,
    "beta_wall": 12.705410527631813,
    "Tn_from_transitionFinder_GeV": 77.53340440820901,
    "Tc_from_transitionFinder_GeV": 92.50256998063921,
    "T_spinodal_high_GeV": NaN,
    "T_spinodal_low_GeV": NaN,
    "gw_T_star_GeV": 77.53340440820901,
    "gw_alpha": 0.02759100327075562,
    "gw_beta_over_H": 1063.7823343917507,
    "gw_R_star_times_H": NaN,
    "gw_Gamma_Tstar_GeV4": NaN,
    "gw_dT_for_beta_GeV": NaN,
    "gw_f_sw_peak_Hz": NaN,
    "gw_f_turb_peak_Hz": NaN,
    "gw_f_coll_peak_Hz": NaN,
    "gw_g_star": 106.75,
    "gw_v_w": 1.0,
    "omega_sw_peak": NaN,
    "omega_turb_peak": NaN,
    "omega_coll_peak": NaN,
    "omega_tot_peak": NaN
  }
}