{
  "label": "results_eft68_c6f23p21167_c8f40_f1000_mh125_Glauber_off",
  "model_parameters": {
    "c6_over_f2_TeV2": 3.211666666666667,
    "c8_over_f4_TeV4": 0.0,
    "f_GeV": 1000.0,
    "m_h": 125.0,
    "v": 246.0,
    "m_w": 80.36,
    "m_z": 91.19,
    "m_t": 173.1,
    "use_glauber_measure": false,
    "C_glauber": 0.0,
    "Lambda_glauber": 1000.0
  },
  "scan_parameters": {
    "T_min": 1.0,
    "T_max": 250.0,
    "phi_scan_range": [
      -10,
      1000.0
    ],
    "n_phi_scan": 1200,
    "n_T_seeds": 3,
    "deltaX_target": 0.1,
    "x_eps": 0.001,
    "T_eps": 0.01,
    "deriv_order": 4,
    "phitol": 1e-05,
    "overlapAngle": 45.0,
    "Tn_Ttol": 0.001,
    "Tn_maxiter": 160,
    "include_zeroT_loops": true,
    "include_scalar_loops": true,
    "include_thermal": true,
    "include_scalar_thermal": true,
    "include_daisy": false,
    "renormalize_zeroT_loops": true,
    "thermal_approx": "spline"
  },
  "key_temperatures": {
    "Tn": 80.16108838945246,
    "Tc": 93.66108396022233,
    "Ts_false": 53.79237695312066,
    "Ts_true": 95.40212499999967,
    "S_at_Tn": 11220.941121762049,
    "S_over_Tn": 139.97989981431556,
    "false_phase_key": 2,
    "true_phase_key": 0,
    "phi_false_Tn": 4.6364934738622664e-05,
    "phi_true_Tn": 226.11851382577038,
    "vTn_over_Tn": 2.8208014433037927,
    "Tc_minus_Tn_over_Tc": 0.14413665740301798
  },
  "gw_scales": {
    "gw_T_star_GeV": 80.16108838945246,
    "gw_alpha": 0.024083647185991278,
    "gw_beta_over_H": 1141.8249734792596,
    "gw_v_w": 1.0,
    "gw_g_star": 106.75
  },
  "gw_peaks": {
    "sw": {
      "f_peak_mHz": 17.520087879747475,
      "f_peak_Hz": 0.017520087879747476,
      "omega_peak": 1.0929521501063389e-16
    },
    "turb": {
      "f_peak_mHz": 29.99606045250632,
      "f_peak_Hz": 0.029996060452506322,
      "omega_peak": 7.94119742323142e-21
    },
    "coll": {
      "f_peak_mHz": NaN,
      "f_peak_Hz": NaN,
      "omega_peak": NaN
    },
    "total": {
      "f_peak_mHz": 17.520087879747475,
      "f_peak_Hz": 0.017520087879747476,
      "omega_peak": 1.0930217603974729e-16
    }
  },
  "gw_run_parameters": {
    "g_star": 106.75,
    "v_w": 1.0,
    "epsilon_turb": 1.0,
    "frequency_unit": "mHz"
  },
  "S3": 11226.098557689958,
  "S3_over_T": 140.04423821130504,
  "bounce_diagnostics": {
    "label": "results_eft68_c6f23p21167_c8f40_f1000_mh125_Glauber_off",
    "C": NaN,
    "Lambda_GeV": NaN,
    "finiteT": null,
    "temperature_GeV": NaN,
    "phi_metaMin": 4.6364934738622664e-05,
    "phi_absMin": 226.11851382577038,
    "phi_bar": 116.3818051914118,
    "phi_top": 77.47634392991974,
    "V(phi_meta)": -105592455.69376212,
    "V(phi_true)": -119875903.88102275,
    "V(phi_top)": -104306451.0738548,
    "DeltaV_true_minus_meta": -14283448.187260628,
    "r0": 2.7891506276961714e-06,
    "phi0": 220.31751561006672,
    "dphi0": -0.04411807573707305,
    "rscale_cubic": 0.027891506276961714,
    "rscale_curv": 0.02642165578566438,
    "wall_r_hi": 0.1177892563923322,
    "wall_thickness": 0.0807124075838272,
    "S_total": 11226.098557689958,
    "S_kin": 16838.082204469134,
    "S_pot": -5611.983646779179,
    "S_interior": 0.0,
    "S3_over_T": NaN,
    "beta_rscale": 35.853208861150556,
    "beta_curvature": 37.8477419709862,
    "beta_wall": 12.389668824603067,
    "Tn_from_transitionFinder_GeV": 80.16108838945246,
    "Tc_from_transitionFinder_GeV": 93.66108396022233,
    "T_spinodal_high_GeV": NaN,
    "T_spinodal_low_GeV": NaN,
    "gw_T_star_GeV": 80.16108838945246,
    "gw_alpha": 0.024083647185991278,
    "gw_beta_over_H": 1141.8249734792596,
    "gw_R_star_times_H": NaN,
    "gw_Gamma_Tstar_GeV4": NaN,
    "gw_dT_for_beta_GeV": NaN,
    "gw_f_sw_peak_Hz": NaN,
    "gw_f_turb_peak_Hz": NaN,
    "gw_f_coll_peak_Hz": NaN,
    "gw_g_star": 106.75,
    "gw_v_w": 1.0,
    "omega_sw_peak": NaN,
    "omega_turb_peak": NaN,
    "omega_coll_peak": NaN,
    "omega_tot_peak": NaN
  }
}