{
  "label": "results_eft68_c6f23p24848_c8f40_f1000_mh125_Glauber_off",
  "model_parameters": {
    "c6_over_f2_TeV2": 3.2484848484848485,
    "c8_over_f4_TeV4": 0.0,
    "f_GeV": 1000.0,
    "m_h": 125.0,
    "v": 246.0,
    "m_w": 80.36,
    "m_z": 91.19,
    "m_t": 173.1,
    "use_glauber_measure": false,
    "C_glauber": 0.0,
    "Lambda_glauber": 1000.0
  },
  "derived_tree_coefficients": {
    "glauber_scheme": "counterterm_subtracted",
    "lambda_tree": -0.16577987387497817,
    "mu2_tree_GeV2": -1109.9174237090883,
    "a0_mean_field": 0.25238625159116457,
    "glauber_t0": 0.0,
    "glauber_lambda_shift": 0.0,
    "glauber_mu2_shift_after_lambda_GeV2": 0.0,
    "lambda_tree_raw_glauber_equivalent": -0.16577987387497817,
    "mu2_tree_raw_glauber_equivalent_GeV2": -1109.9174237090883,
    "combo_TeV2": 6.496969696969697
  },
  "scan_parameters": {
    "T_min": 1.0,
    "T_max": 250.0,
    "phi_scan_range": [
      -10,
      1000.0
    ],
    "n_phi_scan": 1200,
    "n_T_seeds": 3,
    "deltaX_target": 0.1,
    "x_eps": 0.001,
    "T_eps": 0.01,
    "deriv_order": 4,
    "phitol": 0.0001,
    "overlapAngle": 45.0,
    "Tn_Ttol": 0.01,
    "Tn_maxiter": 160,
    "include_zeroT_loops": true,
    "include_scalar_loops": true,
    "include_thermal": true,
    "include_scalar_thermal": true,
    "include_daisy": false,
    "renormalize_zeroT_loops": true,
    "thermal_approx": "spline"
  },
  "key_temperatures": {
    "Tn": 78.47756247550986,
    "Tc": 92.91408624152933,
    "Ts_false": 50.440214453120355,
    "Ts_true": 95.05683203124966,
    "S_at_Tn": 10982.455507318333,
    "S_over_Tn": 139.9438917428861,
    "false_phase_key": 2,
    "true_phase_key": 0,
    "phi_false_Tn": -4.648092234449277e-05,
    "phi_true_Tn": 227.69620682683333,
    "vTn_over_Tn": 2.901417929460914,
    "Tc_minus_Tn_over_Tc": 0.15537497434449135
  },
  "gw_scales": {
    "gw_T_star_GeV": 78.47756247550986,
    "gw_alpha": 0.02626931584373027,
    "gw_beta_over_H": 996.7817503274432,
    "gw_v_w": 1.0,
    "gw_g_star": 106.75
  },
  "gw_peaks": {
    "sw": {
      "f_peak_mHz": 15.024983774380862,
      "f_peak_Hz": 0.015024983774380862,
      "omega_peak": 1.8306021919301984e-16
    },
    "turb": {
      "f_peak_mHz": 25.724204392561013,
      "f_peak_Hz": 0.025724204392561015,
      "omega_peak": 1.3300463921635193e-20
    },
    "coll": {
      "f_peak_mHz": NaN,
      "f_peak_Hz": NaN,
      "omega_peak": NaN
    },
    "total": {
      "f_peak_mHz": 15.024983774380862,
      "f_peak_Hz": 0.015024983774380862,
      "omega_peak": 1.83071897653679e-16
    }
  },
  "gw_run_parameters": {
    "g_star": 106.75,
    "v_w": 1.0,
    "epsilon_turb": 1.0,
    "frequency_unit": "mHz"
  },
  "S3": 10983.495567494074,
  "S3_over_T": 139.95714470517154,
  "bounce_diagnostics": {
    "label": "results_eft68_c6f23p24848_c8f40_f1000_mh125_Glauber_off",
    "C": NaN,
    "Lambda_GeV": NaN,
    "finiteT": null,
    "temperature_GeV": NaN,
    "phi_metaMin": -4.648092234449277e-05,
    "phi_absMin": 227.69620682683333,
    "phi_bar": 116.68773043523669,
    "phi_top": 78.0654304595243,
    "V(phi_meta)": -96906367.82456845,
    "V(phi_true)": -112073974.72619994,
    "V(phi_top)": -95573601.65516017,
    "DeltaV_true_minus_meta": -15167606.90163149,
    "r0": 2.7606186147433284e-06,
    "phi0": 221.66923029508027,
    "dphi0": -0.04731796605516142,
    "rscale_cubic": 0.027606186147433282,
    "rscale_curv": 0.026219334734949296,
    "wall_r_hi": 0.115178493566344,
    "wall_thickness": 0.07939478258504429,
    "S_total": 10983.495567494074,
    "S_kin": 16469.819918878682,
    "S_pot": -5486.324351384606,
    "S_interior": 0.0,
    "S3_over_T": NaN,
    "beta_rscale": 36.22376501626887,
    "beta_curvature": 38.139793664487705,
    "beta_wall": 12.595286081032375,
    "Tn_from_transitionFinder_GeV": 78.47756247550986,
    "Tc_from_transitionFinder_GeV": 92.91408624152933,
    "T_spinodal_high_GeV": NaN,
    "T_spinodal_low_GeV": NaN,
    "gw_T_star_GeV": 78.47756247550986,
    "gw_alpha": 0.02626931584373027,
    "gw_beta_over_H": 996.7817503274432,
    "gw_R_star_times_H": NaN,
    "gw_Gamma_Tstar_GeV4": NaN,
    "gw_dT_for_beta_GeV": NaN,
    "gw_f_sw_peak_Hz": NaN,
    "gw_f_turb_peak_Hz": NaN,
    "gw_f_coll_peak_Hz": NaN,
    "gw_g_star": 106.75,
    "gw_v_w": 1.0,
    "omega_sw_peak": NaN,
    "omega_turb_peak": NaN,
    "omega_coll_peak": NaN,
    "omega_tot_peak": NaN
  }
}