{
  "label": "results_eft68_c6f20_c8f40_f513p912_mh125_Glauber_C3p78636_Lambda1000",
  "model_parameters": {
    "c6_over_f2_TeV2": 0.0,
    "c8_over_f4_TeV4": 0.0,
    "f_GeV": 513.9120958460725,
    "m_h": 125.0,
    "v": 246.0,
    "m_w": 80.36,
    "m_z": 91.19,
    "m_t": 173.1,
    "use_glauber_measure": true,
    "C_glauber": 3.7863636363636366,
    "Lambda_glauber": 1000.0
  },
  "derived_tree_coefficients": {
    "glauber_scheme": "counterterm_subtracted",
    "lambda_tree": 0.12909808976138543,
    "mu2_tree_GeV2": 7812.5,
    "a0_mean_field": 0.3998252334093464,
    "glauber_t0": 0.22913558181818186,
    "glauber_lambda_shift": 0.0,
    "glauber_mu2_shift_after_lambda_GeV2": 0.0,
    "lambda_tree_raw_glauber_equivalent": -0.4820252983785355,
    "mu2_tree_raw_glauber_equivalent_GeV2": 95248.14900955737,
    "combo_TeV2": 0.0
  },
  "scan_parameters": {
    "T_min": 1.0,
    "T_max": 250.0,
    "phi_scan_range": [
      -10.0,
      513.9120958460725
    ],
    "n_phi_scan": 1200,
    "n_T_seeds": 3,
    "deltaX_target": 0.1,
    "x_eps": 0.001,
    "T_eps": 0.01,
    "deriv_order": 4,
    "phitol": 0.0001,
    "overlapAngle": 45.0,
    "Tn_Ttol": 0.01,
    "Tn_maxiter": 160,
    "include_zeroT_loops": true,
    "include_scalar_loops": true,
    "include_thermal": true,
    "include_scalar_thermal": true,
    "include_daisy": true,
    "renormalize_zeroT_loops": true,
    "thermal_approx": "spline"
  },
  "key_temperatures": {
    "Tn": 56.32836241690946,
    "Tc": 78.3273041991779,
    "Ts_false": 38.54706015624471,
    "Ts_true": 91.48329296874975,
    "S_at_Tn": 7886.819719107786,
    "S_over_Tn": 140.01507199400152,
    "false_phase_key": 1,
    "true_phase_key": 0,
    "phi_false_Tn": -0.00033884201172362197,
    "phi_true_Tn": 241.1934784939305,
    "vTn_over_Tn": 4.2819188796712755,
    "Tc_minus_Tn_over_Tc": 0.2808591717433234
  },
  "gw_scales": {
    "gw_T_star_GeV": 56.32836241690946,
    "gw_alpha": 0.09371545444677704,
    "gw_beta_over_H": 582.146564206738,
    "gw_v_w": 1.0,
    "gw_g_star": 106.75
  },
  "gw_peaks": {
    "sw": {
      "f_peak_mHz": 6.258886570127066,
      "f_peak_Hz": 0.006258886570127066,
      "omega_peak": 1.6641001068364155e-14
    },
    "turb": {
      "f_peak_mHz": 10.715810400696313,
      "f_peak_Hz": 0.010715810400696314,
      "omega_peak": 1.2091606380914197e-18
    },
    "coll": {
      "f_peak_mHz": NaN,
      "f_peak_Hz": NaN,
      "omega_peak": NaN
    },
    "total": {
      "f_peak_mHz": 6.258886570127066,
      "f_peak_Hz": 0.006258886570127066,
      "omega_peak": 1.664205951077132e-14
    }
  },
  "gw_run_parameters": {
    "g_star": 106.75,
    "v_w": 1.0,
    "epsilon_turb": 1.0,
    "frequency_unit": "mHz"
  },
  "S3": 7886.679548360809,
  "S3_over_T": 140.0125835363052,
  "bounce_diagnostics": {
    "label": "results_eft68_c6f20_c8f40_f513p912_mh125_Glauber_C3p78636_Lambda1000",
    "C": NaN,
    "Lambda_GeV": NaN,
    "finiteT": null,
    "temperature_GeV": NaN,
    "phi_metaMin": -0.00033884201172362197,
    "phi_absMin": 241.1934784939305,
    "phi_bar": 110.07238873685077,
    "phi_top": 76.34333094341729,
    "V(phi_meta)": -30083524.841526836,
    "V(phi_true)": -52223147.04476917,
    "V(phi_top)": -29289337.075384278,
    "DeltaV_true_minus_meta": -22139622.20324233,
    "r0": 3.4973235373603245e-06,
    "phi0": 230.01567331864513,
    "dphi0": -0.14307566032438376,
    "rscale_cubic": 0.034973235373603244,
    "rscale_curv": 0.03169362096871588,
    "wall_r_hi": 0.106637551407225,
    "wall_thickness": 0.08386727707176571,
    "S_total": 7886.679548360809,
    "S_kin": 11822.336637867786,
    "S_pot": -3935.6570895069744,
    "S_interior": 0.0,
    "S3_over_T": NaN,
    "beta_rscale": 28.593293966584806,
    "beta_curvature": 31.55207975694814,
    "beta_wall": 11.923601610963168,
    "Tn_from_transitionFinder_GeV": 56.32836241690946,
    "Tc_from_transitionFinder_GeV": 78.3273041991779,
    "T_spinodal_high_GeV": NaN,
    "T_spinodal_low_GeV": NaN,
    "gw_T_star_GeV": 56.32836241690946,
    "gw_alpha": 0.09371545444677704,
    "gw_beta_over_H": 582.146564206738,
    "gw_R_star_times_H": NaN,
    "gw_Gamma_Tstar_GeV4": NaN,
    "gw_dT_for_beta_GeV": NaN,
    "gw_f_sw_peak_Hz": NaN,
    "gw_f_turb_peak_Hz": NaN,
    "gw_f_coll_peak_Hz": NaN,
    "gw_g_star": 106.75,
    "gw_v_w": 1.0,
    "omega_sw_peak": NaN,
    "omega_turb_peak": NaN,
    "omega_coll_peak": NaN,
    "omega_tot_peak": NaN
  }
}