{
  "label": "results_eft68_c6f20_c8f40_f505p866_mh125_Glauber_C3p83_Lambda1000",
  "model_parameters": {
    "c6_over_f2_TeV2": 0.0,
    "c8_over_f4_TeV4": 0.0,
    "f_GeV": 505.86636900452004,
    "m_h": 125.0,
    "v": 246.0,
    "m_w": 80.36,
    "m_z": 91.19,
    "m_t": 173.1,
    "use_glauber_measure": true,
    "C_glauber": 3.83,
    "Lambda_glauber": 1000.0
  },
  "scan_parameters": {
    "T_min": 1.0,
    "T_max": 250.0,
    "phi_scan_range": [
      -10,
      505.86636900452004
    ],
    "n_phi_scan": 1400,
    "n_T_seeds": 3,
    "deltaX_target": 0.05,
    "x_eps": 0.001,
    "T_eps": 0.01,
    "deriv_order": 4,
    "phitol": 1e-05,
    "overlapAngle": 45.0,
    "Tn_Ttol": 0.001,
    "Tn_maxiter": 200,
    "include_zeroT_loops": true,
    "include_scalar_loops": true,
    "include_thermal": true,
    "include_scalar_thermal": true,
    "include_daisy": false,
    "renormalize_zeroT_loops": true,
    "thermal_approx": "spline"
  },
  "key_temperatures": {
    "Tn": 42.766218556455236,
    "Tc": 74.03611940298049,
    "Ts_false": 18.815074609369997,
    "Ts_true": 89.08909960937481,
    "S_at_Tn": 5987.26798012092,
    "S_over_Tn": 139.9999387885368,
    "false_phase_key": 1,
    "true_phase_key": 0,
    "phi_false_Tn": -0.00044306715579586786,
    "phi_true_Tn": 244.10234885546205,
    "vTn_over_Tn": 5.707831019317855
  },
  "gw_scales": {
    "gw_T_star_GeV": 42.766218556455236,
    "gw_alpha": 0.26979442494253825,
    "gw_beta_over_H": 136.52388690154993,
    "gw_v_w": 1.0,
    "gw_g_star": 106.75
  },
  "gw_peaks": {
    "sw": {
      "f_peak_mHz": 1.1207913290230056,
      "f_peak_Hz": 0.0011207913290230056,
      "omega_peak": 3.772838825159081e-12
    },
    "turb": {
      "f_peak_mHz": 1.9126734102900003,
      "f_peak_Hz": 0.0019126734102900003,
      "omega_peak": 2.7412231588887967e-16
    },
    "coll": {
      "f_peak_mHz": NaN,
      "f_peak_Hz": NaN,
      "omega_peak": NaN
    },
    "total": {
      "f_peak_mHz": 1.1207913290230056,
      "f_peak_Hz": 0.0011207913290230056,
      "omega_peak": 3.773079448125734e-12
    }
  },
  "gw_run_parameters": {
    "g_star": 106.75,
    "v_w": 1.0,
    "epsilon_turb": 1.0,
    "frequency_unit": "mHz"
  },
  "S3": 5980.618168943394,
  "S3_over_T": 139.8444466407158,
  "bounce_diagnostics": {
    "label": "results_eft68_c6f20_c8f40_f505p866_mh125_Glauber_C3p83_Lambda1000",
    "C": NaN,
    "Lambda_GeV": NaN,
    "finiteT": null,
    "temperature_GeV": NaN,
    "phi_metaMin": -0.00044306715579586786,
    "phi_absMin": 244.10234885546205,
    "phi_bar": 97.63129441674107,
    "phi_top": 67.98048562965539,
    "V(phi_meta)": -10876730.222356074,
    "V(phi_true)": -37355086.37961866,
    "V(phi_top)": -10349587.436215106,
    "DeltaV_true_minus_meta": -26478356.157262586,
    "r0": 3.822498593002969e-06,
    "phi0": 223.04828682665524,
    "dphi0": -0.27259700148674293,
    "rscale_cubic": 0.038224985930029695,
    "rscale_curv": 0.03415064104726747,
    "wall_r_hi": 0.10128432720720769,
    "wall_thickness": 0.09171230658014404,
    "S_total": 5980.618168943394,
    "S_kin": 8971.232660475838,
    "S_pot": -2990.6144915324426,
    "S_interior": 0.0,
    "S3_over_T": NaN,
    "beta_rscale": 26.16089909962259,
    "beta_curvature": 29.282019387635255,
    "beta_wall": 10.903662085154695,
    "Tn_from_transitionFinder_GeV": 42.766218556455236,
    "Tc_from_transitionFinder_GeV": 74.03611940298049,
    "T_spinodal_high_GeV": NaN,
    "T_spinodal_low_GeV": NaN,
    "gw_T_star_GeV": 42.766218556455236,
    "gw_alpha": 0.26979442494253825,
    "gw_beta_over_H": 136.52388690154993,
    "gw_R_star_times_H": NaN,
    "gw_Gamma_Tstar_GeV4": NaN,
    "gw_dT_for_beta_GeV": NaN,
    "gw_f_sw_peak_Hz": NaN,
    "gw_f_turb_peak_Hz": NaN,
    "gw_f_coll_peak_Hz": NaN,
    "gw_g_star": 106.75,
    "gw_v_w": 1.0,
    "omega_sw_peak": NaN,
    "omega_turb_peak": NaN,
    "omega_coll_peak": NaN,
    "omega_tot_peak": NaN
  }
}