{
  "label": "results_eft68_c6f20p901667_c8f45_f1000_mh125_Glauber_C3p2_Lambda1000",
  "model_parameters": {
    "c6_over_f2_TeV2": 0.9016666666666666,
    "c8_over_f4_TeV4": 5.0,
    "f_GeV": 1000.0,
    "m_h": 125.0,
    "v": 246.0,
    "m_w": 80.36,
    "m_z": 91.19,
    "m_t": 173.1,
    "use_glauber_measure": true,
    "C_glauber": 3.2,
    "Lambda_glauber": 1000.0
  },
  "derived_tree_coefficients": {
    "glauber_scheme": "counterterm_subtracted",
    "lambda_tree": 0.019783802841385447,
    "mu2_tree_GeV2": 4227.842227039521,
    "a0_mean_field": 0.34516808994934645,
    "glauber_t0": 0.19365120000000002,
    "glauber_lambda_shift": 0.0,
    "glauber_mu2_shift_after_lambda_GeV2": 0.0,
    "lambda_tree_raw_glauber_equivalent": -0.37914402473578307,
    "mu2_tree_raw_glauber_equivalent_GeV2": 80609.7555175848,
    "combo_TeV2": 2.7110733333333332
  },
  "scan_parameters": {
    "T_min": 1.0,
    "T_max": 250.0,
    "phi_scan_range": [
      -10.0,
      559.0169943749474
    ],
    "n_phi_scan": 1200,
    "n_T_seeds": 3,
    "deltaX_target": 0.1,
    "x_eps": 0.001,
    "T_eps": 0.01,
    "deriv_order": 4,
    "phitol": 0.0001,
    "overlapAngle": 45.0,
    "Tn_Ttol": 0.01,
    "Tn_maxiter": 160,
    "include_zeroT_loops": true,
    "include_scalar_loops": true,
    "include_thermal": true,
    "include_scalar_thermal": true,
    "include_daisy": false,
    "renormalize_zeroT_loops": true,
    "thermal_approx": "spline"
  },
  "key_temperatures": {
    "Tn": 71.44388585959835,
    "Tc": 85.7719798483634,
    "Ts_false": 55.986835351558454,
    "Ts_true": 94.84673828124969,
    "S_at_Tn": 10002.2118559005,
    "S_over_Tn": 140.00094949422072,
    "false_phase_key": 1,
    "true_phase_key": 0,
    "phi_false_Tn": -0.00026400788616964046,
    "phi_true_Tn": 233.4646143620333,
    "vTn_over_Tn": 3.2678039772477994,
    "Tc_minus_Tn_over_Tc": 0.16704865638050723
  },
  "gw_scales": {
    "gw_T_star_GeV": 71.44388585959835,
    "gw_alpha": 0.038293778331588625,
    "gw_beta_over_H": 1002.3394808896243,
    "gw_v_w": 1.0,
    "gw_g_star": 106.75
  },
  "gw_peaks": {
    "sw": {
      "f_peak_mHz": 13.701895486497882,
      "f_peak_Hz": 0.013701895486497882,
      "omega_peak": 5.159937461982878e-16
    },
    "turb": {
      "f_peak_mHz": 23.45895112786603,
      "f_peak_Hz": 0.02345895112786603,
      "omega_peak": 3.749138647956653e-20
    },
    "coll": {
      "f_peak_mHz": NaN,
      "f_peak_Hz": NaN,
      "omega_peak": NaN
    },
    "total": {
      "f_peak_mHz": 13.701895486497882,
      "f_peak_Hz": 0.013701895486497882,
      "omega_peak": 5.160266037081248e-16
    }
  },
  "gw_run_parameters": {
    "g_star": 106.75,
    "v_w": 1.0,
    "epsilon_turb": 1.0,
    "frequency_unit": "mHz"
  },
  "S3": 10002.26228943002,
  "S3_over_T": 140.00165541228375,
  "bounce_diagnostics": {
    "label": "results_eft68_c6f20p901667_c8f45_f1000_mh125_Glauber_C3p2_Lambda1000",
    "C": NaN,
    "Lambda_GeV": NaN,
    "finiteT": null,
    "temperature_GeV": NaN,
    "phi_metaMin": -0.00026400788616964046,
    "phi_absMin": 233.4646143620333,
    "phi_bar": 115.37071993508485,
    "phi_top": 78.75073599003407,
    "V(phi_meta)": -70575821.06747504,
    "V(phi_true)": -86953381.75806946,
    "V(phi_top)": -69621091.08868195,
    "DeltaV_true_minus_meta": -16377560.69059442,
    "r0": 3.290335416891348e-06,
    "phi0": 226.80515360970864,
    "dphi0": -0.06956465648145292,
    "rscale_cubic": 0.032903354168913476,
    "rscale_curv": 0.03111681999010315,
    "wall_r_hi": 0.11729154704406537,
    "wall_thickness": 0.08456659473204303,
    "S_total": 10002.26228943002,
    "S_kin": 15008.823132168207,
    "S_pot": -5006.560842738186,
    "S_interior": 0.0,
    "S3_over_T": NaN,
    "beta_rscale": 30.392038296958273,
    "beta_curvature": 32.13694855855237,
    "beta_wall": 11.82500020449672,
    "Tn_from_transitionFinder_GeV": 71.44388585959835,
    "Tc_from_transitionFinder_GeV": 85.7719798483634,
    "T_spinodal_high_GeV": NaN,
    "T_spinodal_low_GeV": NaN,
    "gw_T_star_GeV": 71.44388585959835,
    "gw_alpha": 0.038293778331588625,
    "gw_beta_over_H": 1002.3394808896243,
    "gw_R_star_times_H": NaN,
    "gw_Gamma_Tstar_GeV4": NaN,
    "gw_dT_for_beta_GeV": NaN,
    "gw_f_sw_peak_Hz": NaN,
    "gw_f_turb_peak_Hz": NaN,
    "gw_f_coll_peak_Hz": NaN,
    "gw_g_star": 106.75,
    "gw_v_w": 1.0,
    "omega_sw_peak": NaN,
    "omega_turb_peak": NaN,
    "omega_coll_peak": NaN,
    "omega_tot_peak": NaN
  }
}