{
  "label": "results_eft68_c6f23p33939_c8f42_f1000_mh125_Glauber_off",
  "model_parameters": {
    "c6_over_f2_TeV2": 3.3393939393939394,
    "c8_over_f4_TeV4": 2.0,
    "f_GeV": 1000.0,
    "m_h": 125.0,
    "v": 246.0,
    "m_w": 80.36,
    "m_z": 91.19,
    "m_t": 173.1,
    "use_glauber_measure": false,
    "C_glauber": 0.0,
    "Lambda_glauber": 1000.0
  },
  "derived_tree_coefficients": {
    "glauber_scheme": "counterterm_subtracted",
    "lambda_tree": -0.18501861446116,
    "mu2_tree_GeV2": -1802.8536680998268,
    "a0_mean_field": 0.2427668812980737,
    "glauber_t0": 0.0,
    "glauber_lambda_shift": 0.0,
    "glauber_mu2_shift_after_lambda_GeV2": 0.0,
    "lambda_tree_raw_glauber_equivalent": -0.18501861446116,
    "mu2_tree_raw_glauber_equivalent_GeV2": -1802.8536680998268,
    "combo_TeV2": 7.041883878787878
  },
  "scan_parameters": {
    "T_min": 1.0,
    "T_max": 250.0,
    "phi_scan_range": [
      -10,
      1000.0
    ],
    "n_phi_scan": 1200,
    "n_T_seeds": 3,
    "deltaX_target": 0.1,
    "x_eps": 0.001,
    "T_eps": 0.01,
    "deriv_order": 4,
    "phitol": 0.0001,
    "overlapAngle": 45.0,
    "Tn_Ttol": 0.01,
    "Tn_maxiter": 160,
    "include_zeroT_loops": true,
    "include_scalar_loops": true,
    "include_thermal": true,
    "include_scalar_thermal": true,
    "include_daisy": true,
    "renormalize_zeroT_loops": true,
    "thermal_approx": "spline"
  },
  "key_temperatures": {
    "Tn": 65.87643409779274,
    "Tc": 89.11749185459115,
    "Ts_false": 19.161291601556872,
    "Ts_true": 93.74569140624968,
    "S_at_Tn": 9223.738255150245,
    "S_over_Tn": 140.01574890131002,
    "false_phase_key": 2,
    "true_phase_key": 0,
    "phi_false_Tn": -4.8123828450520695e-05,
    "phi_true_Tn": 236.93143683509228,
    "vTn_over_Tn": 3.596603855080719,
    "Tc_minus_Tn_over_Tc": 0.26079120129098515
  },
  "gw_scales": {
    "gw_T_star_GeV": 65.87643409779274,
    "gw_alpha": 0.05228492808097991,
    "gw_beta_over_H": 382.74366344426625,
    "gw_v_w": 1.0,
    "gw_g_star": 106.75
  },
  "gw_peaks": {
    "sw": {
      "f_peak_mHz": 4.820246238000243,
      "f_peak_Hz": 0.004820246238000243,
      "omega_peak": 8.270947114127352e-15
    },
    "turb": {
      "f_peak_mHz": 8.252721021916784,
      "f_peak_Hz": 0.008252721021916784,
      "omega_peak": 6.009628607897469e-19
    },
    "coll": {
      "f_peak_mHz": NaN,
      "f_peak_Hz": NaN,
      "omega_peak": NaN
    },
    "total": {
      "f_peak_mHz": 4.820246238000243,
      "f_peak_Hz": 0.004820246238000243,
      "omega_peak": 8.271473579737781e-15
    }
  },
  "gw_run_parameters": {
    "g_star": 106.75,
    "v_w": 1.0,
    "epsilon_turb": 1.0,
    "frequency_unit": "mHz"
  },
  "S3": 9223.48845008726,
  "S3_over_T": 140.01195687664435,
  "bounce_diagnostics": {
    "label": "results_eft68_c6f23p33939_c8f42_f1000_mh125_Glauber_off",
    "C": NaN,
    "Lambda_GeV": NaN,
    "finiteT": null,
    "temperature_GeV": NaN,
    "phi_metaMin": -4.8123828450520695e-05,
    "phi_absMin": 236.93143683509228,
    "phi_bar": 116.7197813328321,
    "phi_top": 79.47853104522828,
    "V(phi_meta)": -48429585.03274093,
    "V(phi_true)": -70067604.71734853,
    "V(phi_top)": -46944172.04459734,
    "DeltaV_true_minus_meta": -21638019.684607603,
    "r0": 2.662262415100904e-06,
    "phi0": 228.5213024234255,
    "dphi0": -0.07989414745653155,
    "rscale_cubic": 0.02662262415100904,
    "rscale_curv": 0.025927568167650256,
    "wall_r_hi": 0.10085138925299564,
    "wall_thickness": 0.07340656169641578,
    "S_total": 9223.48845008726,
    "S_kin": 13839.676109439626,
    "S_pot": -4616.187659352364,
    "S_interior": 0.0,
    "S3_over_T": NaN,
    "beta_rscale": 37.562037248011045,
    "beta_curvature": 38.56898708099673,
    "beta_wall": 13.62276037577751,
    "Tn_from_transitionFinder_GeV": 65.87643409779274,
    "Tc_from_transitionFinder_GeV": 89.11749185459115,
    "T_spinodal_high_GeV": NaN,
    "T_spinodal_low_GeV": NaN,
    "gw_T_star_GeV": 65.87643409779274,
    "gw_alpha": 0.05228492808097991,
    "gw_beta_over_H": 382.74366344426625,
    "gw_R_star_times_H": NaN,
    "gw_Gamma_Tstar_GeV4": NaN,
    "gw_dT_for_beta_GeV": NaN,
    "gw_f_sw_peak_Hz": NaN,
    "gw_f_turb_peak_Hz": NaN,
    "gw_f_coll_peak_Hz": NaN,
    "gw_g_star": 106.75,
    "gw_v_w": 1.0,
    "omega_sw_peak": NaN,
    "omega_turb_peak": NaN,
    "omega_coll_peak": NaN,
    "omega_tot_peak": NaN
  }
}