{
  "label": "results_eft68_c6f20_c8f40_f798p029_mh125_Glauber_C6p28091_Lambda2000",
  "model_parameters": {
    "c6_over_f2_TeV2": 0.0,
    "c8_over_f4_TeV4": 0.0,
    "f_GeV": 798.0291253298974,
    "m_h": 125.0,
    "v": 246.0,
    "m_w": 80.36,
    "m_z": 91.19,
    "m_t": 173.1,
    "use_glauber_measure": true,
    "C_glauber": 6.280909090909091,
    "Lambda_glauber": 2000.0
  },
  "derived_tree_coefficients": {
    "glauber_scheme": "counterterm_subtracted",
    "lambda_tree": 0.12909808976138543,
    "mu2_tree_GeV2": 7812.5,
    "a0_mean_field": 0.3998252334093464,
    "glauber_t0": 0.09502387363636364,
    "glauber_lambda_shift": 0.0,
    "glauber_mu2_shift_after_lambda_GeV2": 0.0,
    "lambda_tree_raw_glauber_equivalent": -1.091045754910569,
    "mu2_tree_raw_glauber_equivalent_GeV2": 637185.2492880018,
    "combo_TeV2": 0.0
  },
  "scan_parameters": {
    "T_min": 1.0,
    "T_max": 250.0,
    "phi_scan_range": [
      -10.0,
      798.0291253298974
    ],
    "n_phi_scan": 1200,
    "n_T_seeds": 3,
    "deltaX_target": 0.1,
    "x_eps": 0.001,
    "T_eps": 0.01,
    "deriv_order": 4,
    "phitol": 0.0001,
    "overlapAngle": 45.0,
    "Tn_Ttol": 0.01,
    "Tn_maxiter": 160,
    "include_zeroT_loops": true,
    "include_scalar_loops": true,
    "include_thermal": true,
    "include_scalar_thermal": true,
    "include_daisy": true,
    "renormalize_zeroT_loops": true,
    "thermal_approx": "spline"
  },
  "key_temperatures": {
    "Tn": 83.74919504421031,
    "Tc": 92.52115894139098,
    "Ts_false": 74.21076601562218,
    "Ts_true": 99.4542109374996,
    "S_at_Tn": 11727.97565149829,
    "S_over_Tn": 140.03687611931332,
    "false_phase_key": 1,
    "true_phase_key": 0,
    "phi_false_Tn": -0.001043418911068754,
    "phi_true_Tn": 224.35098744967837,
    "vTn_over_Tn": 2.678843508062924,
    "Tc_minus_Tn_over_Tc": 0.09481035470748277
  },
  "gw_scales": {
    "gw_T_star_GeV": 83.74919504421031,
    "gw_alpha": 0.022203194645702248,
    "gw_beta_over_H": 2311.1849169483894,
    "gw_v_w": 1.0,
    "gw_g_star": 106.75
  },
  "gw_peaks": {
    "sw": {
      "f_peak_mHz": 37.19421491395344,
      "f_peak_Hz": 0.03719421491395344,
      "omega_peak": 2.121341238112415e-17
    },
    "turb": {
      "f_peak_mHz": 63.68004125893348,
      "f_peak_Hz": 0.06368004125893348,
      "omega_peak": 1.5412842712187239e-21
    },
    "coll": {
      "f_peak_mHz": NaN,
      "f_peak_Hz": NaN,
      "omega_peak": NaN
    },
    "total": {
      "f_peak_mHz": 37.19421491395344,
      "f_peak_Hz": 0.03719421491395344,
      "omega_peak": 2.1214765996560844e-17
    }
  },
  "gw_run_parameters": {
    "g_star": 106.75,
    "v_w": 1.0,
    "epsilon_turb": 1.0,
    "frequency_unit": "mHz"
  },
  "S3": 11730.67835669524,
  "S3_over_T": 140.06914753631648,
  "bounce_diagnostics": {
    "label": "results_eft68_c6f20_c8f40_f798p029_mh125_Glauber_C6p28091_Lambda2000",
    "C": NaN,
    "Lambda_GeV": NaN,
    "finiteT": null,
    "temperature_GeV": NaN,
    "phi_metaMin": -0.001043418911068754,
    "phi_absMin": 224.35098744967837,
    "phi_bar": 115.91037813851212,
    "phi_top": 78.03617350396097,
    "V(phi_meta)": -137043490.86508018,
    "V(phi_true)": -148555712.28664476,
    "V(phi_top)": -136224946.4861331,
    "DeltaV_true_minus_meta": -11512221.421564579,
    "r0": 3.5213162600208092e-06,
    "phi0": 219.73388375140223,
    "dphi0": -0.0410892123426604,
    "rscale_cubic": 0.03521316260020809,
    "rscale_curv": 0.03340581450273367,
    "wall_r_hi": 0.13437334345971358,
    "wall_thickness": 0.09215324536223951,
    "S_total": 11730.67835669524,
    "S_kin": 17575.65034826096,
    "S_pot": -5844.971991565718,
    "S_interior": 0.0,
    "S3_over_T": NaN,
    "beta_rscale": 28.398471655428374,
    "beta_curvature": 29.934899220656217,
    "beta_wall": 10.851489777372047,
    "Tn_from_transitionFinder_GeV": 83.74919504421031,
    "Tc_from_transitionFinder_GeV": 92.52115894139098,
    "T_spinodal_high_GeV": NaN,
    "T_spinodal_low_GeV": NaN,
    "gw_T_star_GeV": 83.74919504421031,
    "gw_alpha": 0.022203194645702248,
    "gw_beta_over_H": 2311.1849169483894,
    "gw_R_star_times_H": NaN,
    "gw_Gamma_Tstar_GeV4": NaN,
    "gw_dT_for_beta_GeV": NaN,
    "gw_f_sw_peak_Hz": NaN,
    "gw_f_turb_peak_Hz": NaN,
    "gw_f_coll_peak_Hz": NaN,
    "gw_g_star": 106.75,
    "gw_v_w": 1.0,
    "omega_sw_peak": NaN,
    "omega_turb_peak": NaN,
    "omega_coll_peak": NaN,
    "omega_tot_peak": NaN
  }
}