{
  "label": "results_eft68_c6f23p04848_c8f42_f1000_mh125_Glauber_off",
  "model_parameters": {
    "c6_over_f2_TeV2": 3.0484848484848484,
    "c8_over_f4_TeV4": 2.0,
    "f_GeV": 1000.0,
    "m_h": 125.0,
    "v": 246.0,
    "m_w": 80.36,
    "m_z": 91.19,
    "m_t": 173.1,
    "use_glauber_measure": false,
    "C_glauber": 0.0,
    "Lambda_glauber": 1000.0
  },
  "derived_tree_coefficients": {
    "glauber_scheme": "counterterm_subtracted",
    "lambda_tree": -0.15861163264297815,
    "mu2_tree_GeV2": -1003.8312122452818,
    "a0_mean_field": 0.25597037220716456,
    "glauber_t0": 0.0,
    "glauber_lambda_shift": 0.0,
    "glauber_mu2_shift_after_lambda_GeV2": 0.0,
    "lambda_tree_raw_glauber_equivalent": -0.15861163264297815,
    "mu2_tree_raw_glauber_equivalent_GeV2": -1003.8312122452818,
    "combo_TeV2": 6.460065696969696
  },
  "scan_parameters": {
    "T_min": 1.0,
    "T_max": 250.0,
    "phi_scan_range": [
      -10,
      1000.0
    ],
    "n_phi_scan": 1200,
    "n_T_seeds": 3,
    "deltaX_target": 0.1,
    "x_eps": 0.001,
    "T_eps": 0.01,
    "deriv_order": 4,
    "phitol": 0.0001,
    "overlapAngle": 45.0,
    "Tn_Ttol": 0.01,
    "Tn_maxiter": 160,
    "include_zeroT_loops": true,
    "include_scalar_loops": true,
    "include_thermal": true,
    "include_scalar_thermal": true,
    "include_daisy": false,
    "renormalize_zeroT_loops": true,
    "thermal_approx": "spline"
  },
  "key_temperatures": {
    "Tn": 80.25191913198567,
    "Tc": 93.58599209926399,
    "Ts_false": 54.88520488280828,
    "Ts_true": 95.16139257812466,
    "S_at_Tn": 11236.768758864564,
    "S_over_Tn": 140.01869214347514,
    "false_phase_key": 2,
    "true_phase_key": 0,
    "phi_false_Tn": -5.2720177095628604e-05,
    "phi_true_Tn": 225.9476592443619,
    "vTn_over_Tn": 2.815479825133638,
    "Tc_minus_Tn_over_Tc": 0.14247936756534296
  },
  "gw_scales": {
    "gw_T_star_GeV": 80.25191913198567,
    "gw_alpha": 0.02385625762212387,
    "gw_beta_over_H": 1333.6049540559925,
    "gw_v_w": 1.0,
    "gw_g_star": 106.75
  },
  "gw_peaks": {
    "sw": {
      "f_peak_mHz": 20.42953815613841,
      "f_peak_Hz": 0.020429538156138412,
      "omega_peak": 7.80061010278284e-17
    },
    "turb": {
      "f_peak_mHz": 34.97731665242908,
      "f_peak_Hz": 0.034977316652429084,
      "omega_peak": 5.668033237774581e-21
    },
    "coll": {
      "f_peak_mHz": NaN,
      "f_peak_Hz": NaN,
      "omega_peak": NaN
    },
    "total": {
      "f_peak_mHz": 20.42953815613841,
      "f_peak_Hz": 0.020429538156138412,
      "omega_peak": 7.801106277186929e-17
    }
  },
  "gw_run_parameters": {
    "g_star": 106.75,
    "v_w": 1.0,
    "epsilon_turb": 1.0,
    "frequency_unit": "mHz"
  },
  "S3": 11235.2579056423,
  "S3_over_T": 139.99986576226698,
  "bounce_diagnostics": {
    "label": "results_eft68_c6f23p04848_c8f42_f1000_mh125_Glauber_off",
    "C": NaN,
    "Lambda_GeV": NaN,
    "finiteT": null,
    "temperature_GeV": NaN,
    "phi_metaMin": -5.2720177095628604e-05,
    "phi_absMin": 225.9476592443619,
    "phi_bar": 116.12725382973964,
    "phi_top": 77.39771697944114,
    "V(phi_meta)": -106076753.8408609,
    "V(phi_true)": -120164346.77132551,
    "V(phi_top)": -104823902.94889425,
    "DeltaV_true_minus_meta": -14087592.93046461,
    "r0": 2.8229496213231956e-06,
    "phi0": 220.10564849811175,
    "dphi0": -0.04447419536591734,
    "rscale_cubic": 0.028229496213231956,
    "rscale_curv": 0.0267698844170934,
    "wall_r_hi": 0.11857795484627641,
    "wall_thickness": 0.0814135704883627,
    "S_total": 11235.2579056423,
    "S_kin": 16859.843746841234,
    "S_pot": -5624.585841198934,
    "S_interior": 0.0,
    "S3_over_T": NaN,
    "beta_rscale": 35.42394070537015,
    "beta_curvature": 37.35540925640165,
    "beta_wall": 12.282964547574295,
    "Tn_from_transitionFinder_GeV": 80.25191913198567,
    "Tc_from_transitionFinder_GeV": 93.58599209926399,
    "T_spinodal_high_GeV": NaN,
    "T_spinodal_low_GeV": NaN,
    "gw_T_star_GeV": 80.25191913198567,
    "gw_alpha": 0.02385625762212387,
    "gw_beta_over_H": 1333.6049540559925,
    "gw_R_star_times_H": NaN,
    "gw_Gamma_Tstar_GeV4": NaN,
    "gw_dT_for_beta_GeV": NaN,
    "gw_f_sw_peak_Hz": NaN,
    "gw_f_turb_peak_Hz": NaN,
    "gw_f_coll_peak_Hz": NaN,
    "gw_g_star": 106.75,
    "gw_v_w": 1.0,
    "omega_sw_peak": NaN,
    "omega_turb_peak": NaN,
    "omega_coll_peak": NaN,
    "omega_tot_peak": NaN
  }
}