{
  "label": "results_eft68_c6f23p04444_c8f42_f1000_mh125_Glauber_off",
  "model_parameters": {
    "c6_over_f2_TeV2": 3.0444444444444443,
    "c8_over_f4_TeV4": 2.0,
    "f_GeV": 1000.0,
    "m_h": 125.0,
    "v": 246.0,
    "m_w": 80.36,
    "m_z": 91.19,
    "m_t": 173.1,
    "use_glauber_measure": false,
    "C_glauber": 0.0,
    "Lambda_glauber": 1000.0
  },
  "derived_tree_coefficients": {
    "glauber_scheme": "counterterm_subtracted",
    "lambda_tree": -0.15824486900661458,
    "mu2_tree_GeV2": -992.7336781361929,
    "a0_mean_field": 0.25615375402534635,
    "glauber_t0": 0.0,
    "glauber_lambda_shift": 0.0,
    "glauber_mu2_shift_after_lambda_GeV2": 0.0,
    "lambda_tree_raw_glauber_equivalent": -0.15824486900661458,
    "mu2_tree_raw_glauber_equivalent_GeV2": -992.7336781361929,
    "combo_TeV2": 6.451984888888888
  },
  "scan_parameters": {
    "T_min": 1.0,
    "T_max": 250.0,
    "phi_scan_range": [
      -10,
      1000.0
    ],
    "n_phi_scan": 1200,
    "n_T_seeds": 3,
    "deltaX_target": 0.1,
    "x_eps": 0.001,
    "T_eps": 0.01,
    "deriv_order": 4,
    "phitol": 0.0001,
    "overlapAngle": 45.0,
    "Tn_Ttol": 0.01,
    "Tn_maxiter": 160,
    "include_zeroT_loops": true,
    "include_scalar_loops": true,
    "include_thermal": true,
    "include_scalar_thermal": true,
    "include_daisy": false,
    "renormalize_zeroT_loops": true,
    "thermal_approx": "spline"
  },
  "key_temperatures": {
    "Tn": 80.43811001309598,
    "Tc": 93.66770788777707,
    "Ts_false": 55.236333789058314,
    "Ts_true": 95.19981249999967,
    "S_at_Tn": 11261.215543722377,
    "S_over_Tn": 139.99850993377342,
    "false_phase_key": 2,
    "true_phase_key": 0,
    "phi_false_Tn": 4.049404110179788e-05,
    "phi_true_Tn": 225.76407556621223,
    "vTn_over_Tn": 2.8066805091449316,
    "Tc_minus_Tn_over_Tc": 0.14123968839433354
  },
  "gw_scales": {
    "gw_T_star_GeV": 80.43811001309598,
    "gw_alpha": 0.023627434565289915,
    "gw_beta_over_H": 1382.3952374860867,
    "gw_v_w": 1.0,
    "gw_g_star": 106.75
  },
  "gw_peaks": {
    "sw": {
      "f_peak_mHz": 21.393174289143477,
      "f_peak_Hz": 0.021393174289143477,
      "omega_peak": 7.065750422648e-17
    },
    "turb": {
      "f_peak_mHz": 36.627153565248044,
      "f_peak_Hz": 0.036627153565248045,
      "omega_peak": 5.133693502250084e-21
    },
    "coll": {
      "f_peak_mHz": NaN,
      "f_peak_Hz": NaN,
      "omega_peak": NaN
    },
    "total": {
      "f_peak_mHz": 21.393174289143477,
      "f_peak_Hz": 0.021393174289143477,
      "omega_peak": 7.066201548151766e-17
    }
  },
  "gw_run_parameters": {
    "g_star": 106.75,
    "v_w": 1.0,
    "epsilon_turb": 1.0,
    "frequency_unit": "mHz"
  },
  "S3": 11247.598527305225,
  "S3_over_T": 139.8292243001983,
  "bounce_diagnostics": {
    "label": "results_eft68_c6f23p04444_c8f42_f1000_mh125_Glauber_off",
    "C": NaN,
    "Lambda_GeV": NaN,
    "finiteT": null,
    "temperature_GeV": NaN,
    "phi_metaMin": 4.049404110179788e-05,
    "phi_absMin": 225.76407556621223,
    "phi_bar": 116.11366151337377,
    "phi_top": 77.34522048169126,
    "V(phi_meta)": -107075331.06107819,
    "V(phi_true)": -121061944.37677899,
    "V(phi_top)": -105826967.93260682,
    "DeltaV_true_minus_meta": -13986613.3157008,
    "r0": 2.8260976425744743e-06,
    "phi0": 219.90285612509888,
    "dphi0": -0.04441135194859045,
    "rscale_cubic": 0.02826097642574474,
    "rscale_curv": 0.026792662740687714,
    "wall_r_hi": 0.11881554019570903,
    "wall_thickness": 0.08161179090458082,
    "S_total": 11247.598527305225,
    "S_kin": 16839.161840169698,
    "S_pot": -5591.563312864474,
    "S_interior": 0.0,
    "S3_over_T": NaN,
    "beta_rscale": 35.38448158815333,
    "beta_curvature": 37.323648828635996,
    "beta_wall": 12.253131427653436,
    "Tn_from_transitionFinder_GeV": 80.43811001309598,
    "Tc_from_transitionFinder_GeV": 93.66770788777707,
    "T_spinodal_high_GeV": NaN,
    "T_spinodal_low_GeV": NaN,
    "gw_T_star_GeV": 80.43811001309598,
    "gw_alpha": 0.023627434565289915,
    "gw_beta_over_H": 1382.3952374860867,
    "gw_R_star_times_H": NaN,
    "gw_Gamma_Tstar_GeV4": NaN,
    "gw_dT_for_beta_GeV": NaN,
    "gw_f_sw_peak_Hz": NaN,
    "gw_f_turb_peak_Hz": NaN,
    "gw_f_coll_peak_Hz": NaN,
    "gw_g_star": 106.75,
    "gw_v_w": 1.0,
    "omega_sw_peak": NaN,
    "omega_turb_peak": NaN,
    "omega_coll_peak": NaN,
    "omega_tot_peak": NaN
  }
}