{
  "label": "daisy_effective_potential_",
  "C": NaN,
  "Lambda_GeV": NaN,
  "finiteT": true,
  "temperature_GeV": 90.45483690121824,
  "phi_metaMin": 3.836303472580185e-08,
  "phi_absMin": 52.158211148208224,
  "phi_bar": 29.855543090990093,
  "phi_top": 18.34680430107469,
  "V(phi_meta)": -122732352.40691054,
  "V(phi_true)": -122737689.38810636,
  "V(phi_top)": -122731040.4513371,
  "DeltaV_true_minus_meta": -5336.981195822358,
  "r0": 2.0678795483719854e-05,
  "phi0": 51.66639884257825,
  "dphi0": -0.00016932785162920592,
  "rscale_cubic": 0.20678795483719853,
  "rscale_curv": 0.23357305027798772,
  "wall_r_hi": 1.4079565181912144,
  "wall_thickness": 0.7450930174023299,
  "S_total": 12631.15015197677,
  "S_kin": 18939.765333774947,
  "S_pot": -6308.615181798177,
  "S_interior": 0.0,
  "S3_over_T": 139.64040602682965,
  "beta_rscale": 4.835871609578454,
  "beta_curvature": 4.281314347601284,
  "beta_wall": 1.3421143087427798,
  "Tn_from_transitionFinder_GeV": 90.45483690121824,
  "Tc_from_transitionFinder_GeV": 90.53077256120866,
  "T_spinodal_high_GeV": 89.96095117187593,
  "T_spinodal_low_GeV": 90.6024177734383,
  "gw_T_star_GeV": 90.45483690121824,
  "gw_alpha": 0.0007427869678169576,
  "gw_beta_over_H": 285249.7232411555,
  "gw_R_star_times_H": 1.0268840024944245e-05,
  "gw_Gamma_Tstar_GeV4": 1.2962579990536994e-51,
  "gw_dT_for_beta_GeV": 0.00014758087222006112,
  "gw_f_sw_peak_Hz": 4956.0834250688295,
  "gw_f_turb_peak_Hz": 7042.855393518864,
  "gw_f_coll_peak_Hz": 988.318390613141,
  "gw_g_star": 106.75,
  "gw_v_w": 1.0,
  "omega_sw_peak": 6.747569574498723e-26,
  "omega_turb_peak": 4.9015810374164784e-30,
  "omega_coll_peak": 0.0,
  "omega_tot_peak": 6.748000826677338e-26
}