{
  "label": "Glauber_Paper_",
  "C": 3.65,
  "Lambda_GeV": 1000.0,
  "finiteT": true,
  "temperature_GeV": 81.12279519400462,
  "phi_metaMin": -0.0002860546469542951,
  "phi_absMin": 232.61214118727395,
  "phi_bar": 119.61058782204142,
  "phi_top": 82.23396192446984,
  "V(phi_meta)": 23995409.392725497,
  "V(phi_true)": 9713447.621573977,
  "V(phi_top)": 24972020.785221685,
  "DeltaV_true_minus_meta": -14281961.77115152,
  "r0": 3.397161604444571e-06,
  "phi0": 227.43731124564778,
  "dphi0": -0.05181355579117733,
  "rscale_cubic": 0.03397161604444571,
  "rscale_curv": 0.031121082404458805,
  "wall_r_hi": 0.12537448813023963,
  "wall_thickness": 0.08737311506948986,
  "S_total": 11349.505272377362,
  "S_kin": 17021.880396752727,
  "S_pot": -5672.375124375361,
  "S_interior": 0.0,
  "S3_over_T": 139.9052540686634,
  "beta_rscale": 29.43633881566544,
  "beta_curvature": 32.13255115914154,
  "beta_wall": 11.445168221422309,
  "Tn_from_transitionFinder_GeV": 81.12279519400462,
  "Tc_from_transitionFinder_GeV": 93.75920484635198,
  "T_spinodal_high_GeV": 67.53680468751028,
  "T_spinodal_low_GeV": 102.86448242187375,
  "S_at_Tn_from_transitionFinder": 11357.19784753464,
  "S_over_Tn_from_transitionFinder": 140.00008037659424,
  "T_star_from_obs_GeV": 81.12279519400462,
  "S_obs": 11357.19784753464,
  "S_over_T_obs": 140.00008037659424,
  "alpha_strength": 0.06590140943226114,
  "beta_eff_geom": 29.436450128327262,
  "beta_over_H_eff_geom": 3184107240314275.0
}