{
  "label": "Glauber_Paper_",
  "C": 3.7,
  "Lambda_GeV": 1000.0,
  "finiteT": true,
  "temperature_GeV": 74.403076,
  "phi_metaMin": 0.0,
  "phi_absMin": 236.7,
  "phi_bar": 119.2545636131079,
  "phi_top": 82.18839785294804,
  "V(phi_meta)": 51538829.83389257,
  "V(phi_true)": 34502264.324250564,
  "V(phi_top)": 52580676.72170422,
  "DeltaV_true_minus_meta": -17036565.509642005,
  "r0": 3.287251558941516e-06,
  "phi0": 230.58863487212702,
  "dphi0": -0.06675530476064609,
  "rscale_cubic": 0.03287251558941516,
  "rscale_curv": 0.02996609629272519,
  "wall_r_hi": 0.11712133295512668,
  "wall_thickness": 0.08355094955445985,
  "S_total": 10414.755365847226,
  "S_kin": 15619.514840408447,
  "S_pot": -5204.759474561222,
  "S_interior": 0.0,
  "S3_over_T": 139.97748380520218,
  "beta_rscale": 30.420549874862534,
  "beta_curvature": 33.371046872005984,
  "beta_wall": 11.968744883601639
}