{
  "label": "results_eft68_c6f23p38182_c8f40_f1000_mh125_Glauber_off",
  "model_parameters": {
    "c6_over_f2_TeV2": 3.381818181818182,
    "c8_over_f4_TeV4": 0.0,
    "f_GeV": 1000.0,
    "m_h": 125.0,
    "v": 246.0,
    "m_w": 80.36,
    "m_z": 91.19,
    "m_t": 173.1,
    "use_glauber_measure": false,
    "C_glauber": 0.0,
    "Lambda_glauber": 1000.0
  },
  "derived_tree_coefficients": {
    "glauber_scheme": "counterterm_subtracted",
    "lambda_tree": -0.1778830738749782,
    "mu2_tree_GeV2": -1476.1360493090906,
    "a0_mean_field": 0.24633465159116458,
    "glauber_t0": 0.0,
    "glauber_lambda_shift": 0.0,
    "glauber_mu2_shift_after_lambda_GeV2": 0.0,
    "lambda_tree_raw_glauber_equivalent": -0.1778830738749782,
    "mu2_tree_raw_glauber_equivalent_GeV2": -1476.1360493090906,
    "combo_TeV2": 6.763636363636364
  },
  "scan_parameters": {
    "T_min": 1.0,
    "T_max": 250.0,
    "phi_scan_range": [
      -10,
      1000.0
    ],
    "n_phi_scan": 1200,
    "n_T_seeds": 3,
    "deltaX_target": 0.1,
    "x_eps": 0.001,
    "T_eps": 0.01,
    "deriv_order": 4,
    "phitol": 0.0001,
    "overlapAngle": 45.0,
    "Tn_Ttol": 0.01,
    "Tn_maxiter": 160,
    "include_zeroT_loops": true,
    "include_scalar_loops": true,
    "include_thermal": true,
    "include_scalar_thermal": true,
    "include_daisy": false,
    "renormalize_zeroT_loops": true,
    "thermal_approx": "spline"
  },
  "key_temperatures": {
    "Tn": 71.65919322696716,
    "Tc": 90.17936804487636,
    "Ts_false": 36.00755195311914,
    "Ts_true": 93.84149804687469,
    "S_at_Tn": 10026.930325830503,
    "S_over_Tn": 139.92524719155108,
    "false_phase_key": 2,
    "true_phase_key": 0,
    "phi_false_Tn": -3.707913085844461e-05,
    "phi_true_Tn": 233.0620708989879,
    "vTn_over_Tn": 3.252368055007362,
    "Tc_minus_Tn_over_Tc": 0.205370421410504
  },
  "gw_scales": {
    "gw_T_star_GeV": 71.65919322696716,
    "gw_alpha": 0.03787693511441356,
    "gw_beta_over_H": 608.6836346429839,
    "gw_v_w": 1.0,
    "gw_g_star": 106.75
  },
  "gw_peaks": {
    "sw": {
      "f_peak_mHz": 8.380489594072982,
      "f_peak_Hz": 0.008380489594072981,
      "omega_peak": 1.3577387555814503e-15
    },
    "turb": {
      "f_peak_mHz": 14.348197007390617,
      "f_peak_Hz": 0.014348197007390618,
      "omega_peak": 9.8648063761986e-20
    },
    "coll": {
      "f_peak_mHz": NaN,
      "f_peak_Hz": NaN,
      "omega_peak": NaN
    },
    "total": {
      "f_peak_mHz": 8.380489594072982,
      "f_peak_Hz": 0.008380489594072981,
      "omega_peak": 1.357825386834041e-15
    }
  },
  "gw_run_parameters": {
    "g_star": 106.75,
    "v_w": 1.0,
    "epsilon_turb": 1.0,
    "frequency_unit": "mHz"
  },
  "S3": 10020.00590328806,
  "S3_over_T": 139.82861726549942,
  "bounce_diagnostics": {
    "label": "results_eft68_c6f23p38182_c8f40_f1000_mh125_Glauber_off",
    "C": NaN,
    "Lambda_GeV": NaN,
    "finiteT": null,
    "temperature_GeV": NaN,
    "phi_metaMin": -3.707913085844461e-05,
    "phi_absMin": 233.0620708989879,
    "phi_bar": 117.13189133127615,
    "phi_top": 79.53681609808754,
    "V(phi_meta)": -67101432.13701371,
    "V(phi_true)": -85785351.57825235,
    "V(phi_top)": -65641799.61871526,
    "DeltaV_true_minus_meta": -18683919.441238634,
    "r0": 2.687639493047775e-06,
    "phi0": 225.92164115258998,
    "dphi0": -0.06262637522219153,
    "rscale_cubic": 0.026876394930477752,
    "rscale_curv": 0.025708170226077715,
    "wall_r_hi": 0.10646561615377739,
    "wall_thickness": 0.07537192293316365,
    "S_total": 10020.00590328806,
    "S_kin": 15030.209645892082,
    "S_pot": -5010.2037426040215,
    "S_interior": 0.0,
    "S3_over_T": NaN,
    "beta_rscale": 37.20737109968581,
    "beta_curvature": 38.89814059664382,
    "beta_wall": 13.267539968255207,
    "Tn_from_transitionFinder_GeV": 71.65919322696716,
    "Tc_from_transitionFinder_GeV": 90.17936804487636,
    "T_spinodal_high_GeV": NaN,
    "T_spinodal_low_GeV": NaN,
    "gw_T_star_GeV": 71.65919322696716,
    "gw_alpha": 0.03787693511441356,
    "gw_beta_over_H": 608.6836346429839,
    "gw_R_star_times_H": NaN,
    "gw_Gamma_Tstar_GeV4": NaN,
    "gw_dT_for_beta_GeV": NaN,
    "gw_f_sw_peak_Hz": NaN,
    "gw_f_turb_peak_Hz": NaN,
    "gw_f_coll_peak_Hz": NaN,
    "gw_g_star": 106.75,
    "gw_v_w": 1.0,
    "omega_sw_peak": NaN,
    "omega_turb_peak": NaN,
    "omega_coll_peak": NaN,
    "omega_tot_peak": NaN
  }
}