benchmark_role,c6_over_f2_TeV2,c8_over_f4_TeV4,mean_field_vc_over_Tc,mean_field_Tc_GeV,combo_no_nucleation_guide,combo_too_weak_guide
weak_but_visible,1.333333333333333,3.1313131313131315,0.8030704148608299,102.46112438138371,3.235150303030302,1.617575151515151
intermediate_1,1.8282828282828283,-1.1616161616161609,1.3013624004451572,99.61927978802125,3.4456765656565658,1.7228382828282829
intermediate_2,1.9696969696969697,-2.424242424242424,1.384444224372584,99.03068573076064,3.499277575757576,1.749638787878788
strong_near_no_nucleation_edge,2.04040404040404,-3.4343434343434343,1.3727206440179567,99.6139402997827,3.457309898989899,1.7286549494949495
