{
  "label": "results_eft68_c6f20_c8f40_f790p85_mh125_Glauber_C6p39545_Lambda2000",
  "model_parameters": {
    "c6_over_f2_TeV2": 0.0,
    "c8_over_f4_TeV4": 0.0,
    "f_GeV": 790.8503066533892,
    "m_h": 125.0,
    "v": 246.0,
    "m_w": 80.36,
    "m_z": 91.19,
    "m_t": 173.1,
    "use_glauber_measure": true,
    "C_glauber": 6.3954545454545455,
    "Lambda_glauber": 2000.0
  },
  "derived_tree_coefficients": {
    "glauber_scheme": "counterterm_subtracted",
    "lambda_tree": 0.12909808976138543,
    "mu2_tree_GeV2": 7812.5,
    "a0_mean_field": 0.3998252334093464,
    "glauber_t0": 0.09675683181818182,
    "glauber_lambda_shift": 0.0,
    "glauber_mu2_shift_after_lambda_GeV2": 0.0,
    "lambda_tree_raw_glauber_equivalent": -1.1408141986768023,
    "mu2_tree_raw_glauber_equivalent_GeV2": 648371.760785355,
    "combo_TeV2": 0.0
  },
  "scan_parameters": {
    "T_min": 1.0,
    "T_max": 250.0,
    "phi_scan_range": [
      -10.0,
      790.8503066533892
    ],
    "n_phi_scan": 1200,
    "n_T_seeds": 3,
    "deltaX_target": 0.1,
    "x_eps": 0.001,
    "T_eps": 0.01,
    "deriv_order": 4,
    "phitol": 0.0001,
    "overlapAngle": 45.0,
    "Tn_Ttol": 0.01,
    "Tn_maxiter": 160,
    "include_zeroT_loops": true,
    "include_scalar_loops": true,
    "include_thermal": true,
    "include_scalar_thermal": true,
    "include_daisy": false,
    "renormalize_zeroT_loops": true,
    "thermal_approx": "spline"
  },
  "key_temperatures": {
    "Tn": 76.80475876658785,
    "Tc": 88.052220327222,
    "Ts_false": 64.98375976562164,
    "Ts_true": 96.48371874999965,
    "S_at_Tn": 10763.553893946622,
    "S_over_Tn": 140.1417577087562,
    "false_phase_key": 1,
    "true_phase_key": 0,
    "phi_false_Tn": -0.0012485904906610072,
    "phi_true_Tn": 229.91729090630844,
    "vTn_over_Tn": 2.993529236971299,
    "Tc_minus_Tn_over_Tc": 0.12773626285442927
  },
  "gw_scales": {
    "gw_T_star_GeV": 76.80475876658785,
    "gw_alpha": 0.031076421015148827,
    "gw_beta_over_H": 2115.270990580439,
    "gw_v_w": 1.0,
    "gw_g_star": 106.75
  },
  "gw_peaks": {
    "sw": {
      "f_peak_mHz": 31.410937650361838,
      "f_peak_Hz": 0.03141093765036184,
      "omega_peak": 6.499881782000749e-17
    },
    "turb": {
      "f_peak_mHz": 52.95861440854396,
      "f_peak_Hz": 0.05295861440854396,
      "omega_peak": 4.7229003223310916e-21
    },
    "coll": {
      "f_peak_mHz": NaN,
      "f_peak_Hz": NaN,
      "omega_peak": NaN
    },
    "total": {
      "f_peak_mHz": 31.410937650361838,
      "f_peak_Hz": 0.03141093765036184,
      "omega_peak": 6.500297796545242e-17
    }
  },
  "gw_run_parameters": {
    "g_star": 106.75,
    "v_w": 1.0,
    "epsilon_turb": 1.0,
    "frequency_unit": "mHz"
  },
  "S3": 10763.13612529606,
  "S3_over_T": 140.1363183498249,
  "bounce_diagnostics": {
    "label": "results_eft68_c6f20_c8f40_f790p85_mh125_Glauber_C6p39545_Lambda2000",
    "C": NaN,
    "Lambda_GeV": NaN,
    "finiteT": null,
    "temperature_GeV": NaN,
    "phi_metaMin": -0.0012485904906610072,
    "phi_absMin": 229.91729090630844,
    "phi_bar": 116.91434955642187,
    "phi_top": 79.15818837098709,
    "V(phi_meta)": -96752003.95250903,
    "V(phi_true)": -111274255.15935948,
    "V(phi_top)": -95806579.7684173,
    "DeltaV_true_minus_meta": -14522251.206850454,
    "r0": 3.323638014560741e-06,
    "phi0": 224.35412544244542,
    "dphi0": -0.054155433128131855,
    "rscale_cubic": 0.03323638014560741,
    "rscale_curv": 0.03174265506246973,
    "wall_r_hi": 0.12255924770671874,
    "wall_thickness": 0.08588495162998036,
    "S_total": 10763.13612529606,
    "S_kin": 16157.436221864795,
    "S_pot": -5394.300096568737,
    "S_interior": 0.0,
    "S3_over_T": NaN,
    "beta_rscale": 30.087512407158517,
    "beta_curvature": 31.50335230381788,
    "beta_wall": 11.643483299709098,
    "Tn_from_transitionFinder_GeV": 76.80475876658785,
    "Tc_from_transitionFinder_GeV": 88.052220327222,
    "T_spinodal_high_GeV": NaN,
    "T_spinodal_low_GeV": NaN,
    "gw_T_star_GeV": 76.80475876658785,
    "gw_alpha": 0.031076421015148827,
    "gw_beta_over_H": 2115.270990580439,
    "gw_R_star_times_H": NaN,
    "gw_Gamma_Tstar_GeV4": NaN,
    "gw_dT_for_beta_GeV": NaN,
    "gw_f_sw_peak_Hz": NaN,
    "gw_f_turb_peak_Hz": NaN,
    "gw_f_coll_peak_Hz": NaN,
    "gw_g_star": 106.75,
    "gw_v_w": 1.0,
    "omega_sw_peak": NaN,
    "omega_turb_peak": NaN,
    "omega_coll_peak": NaN,
    "omega_tot_peak": NaN
  }
}