{
  "label": "results_eft68_c6f23p31515_c8f42_f1000_mh125_Glauber_off",
  "model_parameters": {
    "c6_over_f2_TeV2": 3.315151515151515,
    "c8_over_f4_TeV4": 2.0,
    "f_GeV": 1000.0,
    "m_h": 125.0,
    "v": 246.0,
    "m_w": 80.36,
    "m_z": 91.19,
    "m_t": 173.1,
    "use_glauber_measure": false,
    "C_glauber": 0.0,
    "Lambda_glauber": 1000.0
  },
  "derived_tree_coefficients": {
    "glauber_scheme": "counterterm_subtracted",
    "lambda_tree": -0.18281803264297816,
    "mu2_tree_GeV2": -1736.2684634452808,
    "a0_mean_field": 0.2438671722071646,
    "glauber_t0": 0.0,
    "glauber_lambda_shift": 0.0,
    "glauber_mu2_shift_after_lambda_GeV2": 0.0,
    "lambda_tree_raw_glauber_equivalent": -0.18281803264297816,
    "mu2_tree_raw_glauber_equivalent_GeV2": -1736.2684634452808,
    "combo_TeV2": 6.99339903030303
  },
  "scan_parameters": {
    "T_min": 1.0,
    "T_max": 250.0,
    "phi_scan_range": [
      -10,
      1000.0
    ],
    "n_phi_scan": 1200,
    "n_T_seeds": 3,
    "deltaX_target": 0.1,
    "x_eps": 0.001,
    "T_eps": 0.01,
    "deriv_order": 4,
    "phitol": 0.0001,
    "overlapAngle": 45.0,
    "Tn_Ttol": 0.01,
    "Tn_maxiter": 160,
    "include_zeroT_loops": true,
    "include_scalar_loops": true,
    "include_thermal": true,
    "include_scalar_thermal": true,
    "include_daisy": true,
    "renormalize_zeroT_loops": true,
    "thermal_approx": "spline"
  },
  "key_temperatures": {
    "Tn": 67.56894999745145,
    "Tc": 89.6404119917687,
    "Ts_false": 24.196538476556622,
    "Ts_true": 93.95967578124969,
    "S_at_Tn": 9458.39988611853,
    "S_over_Tn": 139.98145429927916,
    "false_phase_key": 2,
    "true_phase_key": 0,
    "phi_false_Tn": -4.163490930292818e-05,
    "phi_true_Tn": 236.03469157833177,
    "vTn_over_Tn": 3.4932419637604917,
    "Tc_minus_Tn_over_Tc": 0.24622222838895447
  },
  "gw_scales": {
    "gw_T_star_GeV": 67.56894999745145,
    "gw_alpha": 0.047278381114596015,
    "gw_beta_over_H": 692.9875923552491,
    "gw_v_w": 1.0,
    "gw_g_star": 106.75
  },
  "gw_peaks": {
    "sw": {
      "f_peak_mHz": 9.049623796282821,
      "f_peak_Hz": 0.009049623796282822,
      "omega_peak": 1.9210687252838827e-15
    },
    "turb": {
      "f_peak_mHz": 15.25760047357916,
      "f_peak_Hz": 0.01525760047357916,
      "omega_peak": 1.3958596797344215e-19
    },
    "coll": {
      "f_peak_mHz": NaN,
      "f_peak_Hz": NaN,
      "omega_peak": NaN
    },
    "total": {
      "f_peak_mHz": 9.049623796282821,
      "f_peak_Hz": 0.009049623796282822,
      "omega_peak": 1.921191656232115e-15
    }
  },
  "gw_run_parameters": {
    "g_star": 106.75,
    "v_w": 1.0,
    "epsilon_turb": 1.0,
    "frequency_unit": "mHz"
  },
  "S3": 9458.402622750786,
  "S3_over_T": 139.9814948006079,
  "bounce_diagnostics": {
    "label": "results_eft68_c6f23p31515_c8f42_f1000_mh125_Glauber_off",
    "C": NaN,
    "Lambda_GeV": NaN,
    "finiteT": null,
    "temperature_GeV": NaN,
    "phi_metaMin": -4.163490930292818e-05,
    "phi_absMin": 236.03469157833177,
    "phi_bar": 116.94079128052319,
    "phi_top": 79.64316962750584,
    "V(phi_meta)": -53653850.48249804,
    "V(phi_true)": -74507350.24227789,
    "V(phi_top)": -52175591.88542778,
    "DeltaV_true_minus_meta": -20853499.75977985,
    "r0": 2.6742249159099328e-06,
    "phi0": 228.04515556262214,
    "dphi0": -0.07475454136605313,
    "rscale_cubic": 0.026742249159099327,
    "rscale_curv": 0.0261404374136664,
    "wall_r_hi": 0.10234793629345229,
    "wall_thickness": 0.07387213934909695,
    "S_total": 9458.402622750786,
    "S_kin": 14200.703351542117,
    "S_pot": -4742.300728791332,
    "S_interior": 0.0,
    "S3_over_T": NaN,
    "beta_rscale": 37.39401252492406,
    "beta_curvature": 38.25490613615529,
    "beta_wall": 13.536903206150676,
    "Tn_from_transitionFinder_GeV": 67.56894999745145,
    "Tc_from_transitionFinder_GeV": 89.6404119917687,
    "T_spinodal_high_GeV": NaN,
    "T_spinodal_low_GeV": NaN,
    "gw_T_star_GeV": 67.56894999745145,
    "gw_alpha": 0.047278381114596015,
    "gw_beta_over_H": 692.9875923552491,
    "gw_R_star_times_H": NaN,
    "gw_Gamma_Tstar_GeV4": NaN,
    "gw_dT_for_beta_GeV": NaN,
    "gw_f_sw_peak_Hz": NaN,
    "gw_f_turb_peak_Hz": NaN,
    "gw_f_coll_peak_Hz": NaN,
    "gw_g_star": 106.75,
    "gw_v_w": 1.0,
    "omega_sw_peak": NaN,
    "omega_turb_peak": NaN,
    "omega_coll_peak": NaN,
    "omega_tot_peak": NaN
  }
}