{
  "label": "results_eft68_c6f23p06667_c8f45_f1000_mh125_Glauber_off",
  "model_parameters": {
    "c6_over_f2_TeV2": 3.066666666666667,
    "c8_over_f4_TeV4": 5.0,
    "f_GeV": 1000.0,
    "m_h": 125.0,
    "v": 246.0,
    "m_w": 80.36,
    "m_z": 91.19,
    "m_t": 173.1,
    "use_glauber_measure": false,
    "C_glauber": 0.0,
    "Lambda_glauber": 1000.0
  },
  "derived_tree_coefficients": {
    "glauber_scheme": "counterterm_subtracted",
    "lambda_tree": -0.17674190715861457,
    "mu2_tree_GeV2": -1718.6327061404809,
    "a0_mean_field": 0.24690523494934638,
    "glauber_t0": 0.0,
    "glauber_lambda_shift": 0.0,
    "glauber_mu2_shift_after_lambda_GeV2": 0.0,
    "lambda_tree_raw_glauber_equivalent": -0.17674190715861457,
    "mu2_tree_raw_glauber_equivalent_GeV2": -1718.6327061404809,
    "combo_TeV2": 7.041073333333333
  },
  "scan_parameters": {
    "T_min": 1.0,
    "T_max": 250.0,
    "phi_scan_range": [
      -10,
      1000.0
    ],
    "n_phi_scan": 1200,
    "n_T_seeds": 3,
    "deltaX_target": 0.1,
    "x_eps": 0.001,
    "T_eps": 0.01,
    "deriv_order": 4,
    "phitol": 0.0001,
    "overlapAngle": 45.0,
    "Tn_Ttol": 0.01,
    "Tn_maxiter": 160,
    "include_zeroT_loops": true,
    "include_scalar_loops": true,
    "include_thermal": true,
    "include_scalar_thermal": true,
    "include_daisy": false,
    "renormalize_zeroT_loops": true,
    "thermal_approx": "spline"
  },
  "key_temperatures": {
    "Tn": 66.47213636151596,
    "Tc": 88.0583147690714,
    "Ts_false": 27.81958574218162,
    "Ts_true": 92.41412499999971,
    "S_at_Tn": 9305.477309328702,
    "S_over_Tn": 139.9906459861595,
    "false_phase_key": 2,
    "true_phase_key": 0,
    "phi_false_Tn": -4.059136348976632e-05,
    "phi_true_Tn": 236.15797727540402,
    "vTn_over_Tn": 3.5527363825202354,
    "Tc_minus_Tn_over_Tc": 0.2451350387997332
  },
  "gw_scales": {
    "gw_T_star_GeV": 66.47213636151596,
    "gw_alpha": 0.0504088491859075,
    "gw_beta_over_H": 350.59032162481424,
    "gw_v_w": 1.0,
    "gw_g_star": 106.75
  },
  "gw_peaks": {
    "sw": {
      "f_peak_mHz": 4.463834557965092,
      "f_peak_Hz": 0.004463834557965092,
      "omega_peak": 8.931105130685035e-15
    },
    "turb": {
      "f_peak_mHz": 7.642510252787481,
      "f_peak_Hz": 0.007642510252787482,
      "omega_peak": 6.489132235155853e-19
    },
    "coll": {
      "f_peak_mHz": NaN,
      "f_peak_Hz": NaN,
      "omega_peak": NaN
    },
    "total": {
      "f_peak_mHz": 4.463834557965092,
      "f_peak_Hz": 0.004463834557965092,
      "omega_peak": 8.931674138903642e-15
    }
  },
  "gw_run_parameters": {
    "g_star": 106.75,
    "v_w": 1.0,
    "epsilon_turb": 1.0,
    "frequency_unit": "mHz"
  },
  "S3": 9305.481839500968,
  "S3_over_T": 139.99071413760632,
  "bounce_diagnostics": {
    "label": "results_eft68_c6f23p06667_c8f45_f1000_mh125_Glauber_off",
    "C": NaN,
    "Lambda_GeV": NaN,
    "finiteT": null,
    "temperature_GeV": NaN,
    "phi_metaMin": -4.059136348976632e-05,
    "phi_absMin": 236.15797727540402,
    "phi_bar": 116.22509145956536,
    "phi_top": 79.12514705861467,
    "V(phi_meta)": -49525893.76214166,
    "V(phi_true)": -70327596.55150208,
    "V(phi_top)": -48113116.86331032,
    "DeltaV_true_minus_meta": -20801702.78936042,
    "r0": 2.717705137429214e-06,
    "phi0": 227.82065652264154,
    "dphi0": -0.0786747831484122,
    "rscale_cubic": 0.02717705137429214,
    "rscale_curv": 0.02656553511625812,
    "wall_r_hi": 0.1026383507075429,
    "wall_thickness": 0.07471670403493626,
    "S_total": 9305.481839500968,
    "S_kin": 13975.223767362642,
    "S_pot": -4669.741927861677,
    "S_interior": 0.0,
    "S3_over_T": NaN,
    "beta_rscale": 36.795750437663,
    "beta_curvature": 37.642758267228174,
    "beta_wall": 13.38388801963771,
    "Tn_from_transitionFinder_GeV": 66.47213636151596,
    "Tc_from_transitionFinder_GeV": 88.0583147690714,
    "T_spinodal_high_GeV": NaN,
    "T_spinodal_low_GeV": NaN,
    "gw_T_star_GeV": 66.47213636151596,
    "gw_alpha": 0.0504088491859075,
    "gw_beta_over_H": 350.59032162481424,
    "gw_R_star_times_H": NaN,
    "gw_Gamma_Tstar_GeV4": NaN,
    "gw_dT_for_beta_GeV": NaN,
    "gw_f_sw_peak_Hz": NaN,
    "gw_f_turb_peak_Hz": NaN,
    "gw_f_coll_peak_Hz": NaN,
    "gw_g_star": 106.75,
    "gw_v_w": 1.0,
    "omega_sw_peak": NaN,
    "omega_turb_peak": NaN,
    "omega_coll_peak": NaN,
    "omega_tot_peak": NaN
  }
}