{
  "label": "results_eft68_c6f23p07879_c8f45_f1000_mh125_Glauber_off",
  "model_parameters": {
    "c6_over_f2_TeV2": 3.078787878787879,
    "c8_over_f4_TeV4": 5.0,
    "f_GeV": 1000.0,
    "m_h": 125.0,
    "v": 246.0,
    "m_w": 80.36,
    "m_z": 91.19,
    "m_t": 173.1,
    "use_glauber_measure": false,
    "C_glauber": 0.0,
    "Lambda_glauber": 1000.0
  },
  "derived_tree_coefficients": {
    "glauber_scheme": "counterterm_subtracted",
    "lambda_tree": -0.1778421980677055,
    "mu2_tree_GeV2": -1751.9253084677512,
    "a0_mean_field": 0.24635508949480092,
    "glauber_t0": 0.0,
    "glauber_lambda_shift": 0.0,
    "glauber_mu2_shift_after_lambda_GeV2": 0.0,
    "lambda_tree_raw_glauber_equivalent": -0.1778421980677055,
    "mu2_tree_raw_glauber_equivalent_GeV2": -1751.9253084677512,
    "combo_TeV2": 7.065315757575759
  },
  "scan_parameters": {
    "T_min": 1.0,
    "T_max": 250.0,
    "phi_scan_range": [
      -10,
      1000.0
    ],
    "n_phi_scan": 1200,
    "n_T_seeds": 3,
    "deltaX_target": 0.1,
    "x_eps": 0.001,
    "T_eps": 0.01,
    "deriv_order": 4,
    "phitol": 0.0001,
    "overlapAngle": 45.0,
    "Tn_Ttol": 0.01,
    "Tn_maxiter": 160,
    "include_zeroT_loops": true,
    "include_scalar_loops": true,
    "include_thermal": true,
    "include_scalar_thermal": true,
    "include_daisy": true,
    "renormalize_zeroT_loops": true,
    "thermal_approx": "spline"
  },
  "key_temperatures": {
    "Tn": 67.45100748099279,
    "Tc": 89.34935796243663,
    "Ts_false": 26.52400761718155,
    "Ts_true": 93.51225390624968,
    "S_at_Tn": 9436.868425058092,
    "S_over_Tn": 139.90700476515988,
    "false_phase_key": 2,
    "true_phase_key": 0,
    "phi_false_Tn": -5.253536109270174e-05,
    "phi_true_Tn": 236.05409735308154,
    "vTn_over_Tn": 3.4996378285320633,
    "Tc_minus_Tn_over_Tc": 0.2450868252534073
  },
  "gw_scales": {
    "gw_T_star_GeV": 67.45100748099279,
    "gw_alpha": 0.047185498317282006,
    "gw_beta_over_H": 739.1241548767459,
    "gw_v_w": 1.0,
    "gw_g_star": 106.75
  },
  "gw_peaks": {
    "sw": {
      "f_peak_mHz": 9.623198249142845,
      "f_peak_Hz": 0.009623198249142845,
      "omega_peak": 1.6797661855983737e-15
    },
    "turb": {
      "f_peak_mHz": 16.22464286568221,
      "f_peak_Hz": 0.01622464286568221,
      "omega_peak": 1.2204906932612303e-19
    },
    "coll": {
      "f_peak_mHz": NaN,
      "f_peak_Hz": NaN,
      "omega_peak": NaN
    },
    "total": {
      "f_peak_mHz": 9.623198249142845,
      "f_peak_Hz": 0.009623198249142845,
      "omega_peak": 1.6798736080958128e-15
    }
  },
  "gw_run_parameters": {
    "g_star": 106.75,
    "v_w": 1.0,
    "epsilon_turb": 1.0,
    "frequency_unit": "mHz"
  },
  "S3": 9436.869538190658,
  "S3_over_T": 139.9070212679907,
  "bounce_diagnostics": {
    "label": "results_eft68_c6f23p07879_c8f45_f1000_mh125_Glauber_off",
    "C": NaN,
    "Lambda_GeV": NaN,
    "finiteT": null,
    "temperature_GeV": NaN,
    "phi_metaMin": -5.253536109270174e-05,
    "phi_absMin": 236.05409735308154,
    "phi_bar": 116.90744686034299,
    "phi_top": 79.58792256264138,
    "V(phi_meta)": -53272939.28617926,
    "V(phi_true)": -73886066.18380678,
    "V(phi_top)": -51834863.44286873,
    "DeltaV_true_minus_meta": -20613126.897627518,
    "r0": 2.7094487127260537e-06,
    "phi0": 228.01615886641346,
    "dphi0": -0.07576812591949281,
    "rscale_cubic": 0.027094487127260536,
    "rscale_curv": 0.02651041603630817,
    "wall_r_hi": 0.1030367720904382,
    "wall_thickness": 0.07456108552989527,
    "S_total": 9436.869538190658,
    "S_kin": 14161.828094387116,
    "S_pot": -4724.958556196457,
    "S_interior": 0.0,
    "S3_over_T": NaN,
    "beta_rscale": 36.90787706381316,
    "beta_curvature": 37.72102172306092,
    "beta_wall": 13.411821902714252,
    "Tn_from_transitionFinder_GeV": 67.45100748099279,
    "Tc_from_transitionFinder_GeV": 89.34935796243663,
    "T_spinodal_high_GeV": NaN,
    "T_spinodal_low_GeV": NaN,
    "gw_T_star_GeV": 67.45100748099279,
    "gw_alpha": 0.047185498317282006,
    "gw_beta_over_H": 739.1241548767459,
    "gw_R_star_times_H": NaN,
    "gw_Gamma_Tstar_GeV4": NaN,
    "gw_dT_for_beta_GeV": NaN,
    "gw_f_sw_peak_Hz": NaN,
    "gw_f_turb_peak_Hz": NaN,
    "gw_f_coll_peak_Hz": NaN,
    "gw_g_star": 106.75,
    "gw_v_w": 1.0,
    "omega_sw_peak": NaN,
    "omega_turb_peak": NaN,
    "omega_coll_peak": NaN,
    "omega_tot_peak": NaN
  }
}