{
  "label": "results_eft68_c6f20_c8f40_f521p265_mh125_Glauber_C3p6803_Lambda1000",
  "model_parameters": {
    "c6_over_f2_TeV2": 0.0,
    "c8_over_f4_TeV4": 0.0,
    "f_GeV": 521.2645737690331,
    "m_h": 125.0,
    "v": 246.0,
    "m_w": 80.36,
    "m_z": 91.19,
    "m_t": 173.1,
    "use_glauber_measure": true,
    "C_glauber": 3.6803030303030306,
    "Lambda_glauber": 1000.0
  },
  "derived_tree_coefficients": {
    "glauber_scheme": "counterterm_subtracted",
    "lambda_tree": 0.12909808976138543,
    "mu2_tree_GeV2": 7812.5,
    "a0_mean_field": 0.3998252334093464,
    "glauber_t0": 0.2227172181818182,
    "glauber_lambda_shift": 0.0,
    "glauber_mu2_shift_after_lambda_GeV2": 0.0,
    "lambda_tree_raw_glauber_equivalent": -0.43877243458861476,
    "mu2_tree_raw_glauber_equivalent_GeV2": 93381.93132552458,
    "combo_TeV2": 0.0
  },
  "scan_parameters": {
    "T_min": 1.0,
    "T_max": 250.0,
    "phi_scan_range": [
      -10.0,
      521.2645737690331
    ],
    "n_phi_scan": 1200,
    "n_T_seeds": 3,
    "deltaX_target": 0.1,
    "x_eps": 0.001,
    "T_eps": 0.01,
    "deriv_order": 4,
    "phitol": 0.0001,
    "overlapAngle": 45.0,
    "Tn_Ttol": 0.01,
    "Tn_maxiter": 160,
    "include_zeroT_loops": true,
    "include_scalar_loops": true,
    "include_thermal": true,
    "include_scalar_thermal": true,
    "include_daisy": false,
    "renormalize_zeroT_loops": true,
    "thermal_approx": "spline"
  },
  "key_temperatures": {
    "Tn": 71.690033208006,
    "Tc": 84.32796332673429,
    "Ts_false": 60.344821679684046,
    "Ts_true": 93.44465429687472,
    "S_at_Tn": 10037.412593066501,
    "S_over_Tn": 140.01126996193904,
    "false_phase_key": 1,
    "true_phase_key": 0,
    "phi_false_Tn": -0.0003368369874771678,
    "phi_true_Tn": 233.46839000790447,
    "vTn_over_Tn": 3.256636655900333,
    "Tc_minus_Tn_over_Tc": 0.14986642176761453
  },
  "gw_scales": {
    "gw_T_star_GeV": 71.690033208006,
    "gw_alpha": 0.03858671085493394,
    "gw_beta_over_H": 1386.9241966475674,
    "gw_v_w": 1.0,
    "gw_g_star": 106.75
  },
  "gw_peaks": {
    "sw": {
      "f_peak_mHz": 19.211870093326358,
      "f_peak_Hz": 0.01921187009332636,
      "omega_peak": 2.752071656130611e-16
    },
    "turb": {
      "f_peak_mHz": 32.39107446153521,
      "f_peak_Hz": 0.03239107446153521,
      "omega_peak": 1.999659505918936e-20
    },
    "coll": {
      "f_peak_mHz": NaN,
      "f_peak_Hz": NaN,
      "omega_peak": NaN
    },
    "total": {
      "f_peak_mHz": 19.211870093326358,
      "f_peak_Hz": 0.01921187009332636,
      "omega_peak": 2.752247743461019e-16
    }
  },
  "gw_run_parameters": {
    "g_star": 106.75,
    "v_w": 1.0,
    "epsilon_turb": 1.0,
    "frequency_unit": "mHz"
  },
  "S3": 10037.338589018033,
  "S3_over_T": 140.01023768387807,
  "bounce_diagnostics": {
    "label": "results_eft68_c6f20_c8f40_f521p265_mh125_Glauber_C3p6803_Lambda1000",
    "C": NaN,
    "Lambda_GeV": NaN,
    "finiteT": null,
    "temperature_GeV": NaN,
    "phi_metaMin": -0.0003368369874771678,
    "phi_absMin": 233.46839000790447,
    "phi_bar": 114.87961615386986,
    "phi_top": 78.28074292089782,
    "V(phi_meta)": -74211531.86839224,
    "V(phi_true)": -89735667.1411334,
    "V(phi_top)": -73402854.80633003,
    "DeltaV_true_minus_meta": -15524135.272741154,
    "r0": 3.5538052114872126e-06,
    "phi0": 226.81307355161857,
    "dphi0": -0.07259781717265727,
    "rscale_cubic": 0.035538052114872126,
    "rscale_curv": 0.033824215016355096,
    "wall_r_hi": 0.12166633099441,
    "wall_thickness": 0.08835443121883485,
    "S_total": 10037.338589018033,
    "S_kin": 15055.258060611906,
    "S_pot": -5017.919471593874,
    "S_interior": 0.0,
    "S3_over_T": NaN,
    "beta_rscale": 28.1388523143483,
    "beta_curvature": 29.564623499374612,
    "beta_wall": 11.318051468445493,
    "Tn_from_transitionFinder_GeV": 71.690033208006,
    "Tc_from_transitionFinder_GeV": 84.32796332673429,
    "T_spinodal_high_GeV": NaN,
    "T_spinodal_low_GeV": NaN,
    "gw_T_star_GeV": 71.690033208006,
    "gw_alpha": 0.03858671085493394,
    "gw_beta_over_H": 1386.9241966475674,
    "gw_R_star_times_H": NaN,
    "gw_Gamma_Tstar_GeV4": NaN,
    "gw_dT_for_beta_GeV": NaN,
    "gw_f_sw_peak_Hz": NaN,
    "gw_f_turb_peak_Hz": NaN,
    "gw_f_coll_peak_Hz": NaN,
    "gw_g_star": 106.75,
    "gw_v_w": 1.0,
    "omega_sw_peak": NaN,
    "omega_turb_peak": NaN,
    "omega_coll_peak": NaN,
    "omega_tot_peak": NaN
  }
}