{
  "label": "results_eft68_c6f23p49091_c8f40_f1000_mh125_Glauber_off",
  "model_parameters": {
    "c6_over_f2_TeV2": 3.490909090909091,
    "c8_over_f4_TeV4": 0.0,
    "f_GeV": 1000.0,
    "m_h": 125.0,
    "v": 246.0,
    "m_w": 80.36,
    "m_z": 91.19,
    "m_t": 173.1,
    "use_glauber_measure": false,
    "C_glauber": 0.0,
    "Lambda_glauber": 1000.0
  },
  "derived_tree_coefficients": {
    "glauber_scheme": "counterterm_subtracted",
    "lambda_tree": -0.1877856920567964,
    "mu2_tree_GeV2": -1775.7694702545468,
    "a0_mean_field": 0.24138334250025548,
    "glauber_t0": 0.0,
    "glauber_lambda_shift": 0.0,
    "glauber_mu2_shift_after_lambda_GeV2": 0.0,
    "lambda_tree_raw_glauber_equivalent": -0.1877856920567964,
    "mu2_tree_raw_glauber_equivalent_GeV2": -1775.7694702545468,
    "combo_TeV2": 6.981818181818182
  },
  "scan_parameters": {
    "T_min": 1.0,
    "T_max": 250.0,
    "phi_scan_range": [
      -10,
      1000.0
    ],
    "n_phi_scan": 1200,
    "n_T_seeds": 3,
    "deltaX_target": 0.1,
    "x_eps": 0.001,
    "T_eps": 0.01,
    "deriv_order": 4,
    "phitol": 0.0001,
    "overlapAngle": 45.0,
    "Tn_Ttol": 0.01,
    "Tn_maxiter": 160,
    "include_zeroT_loops": true,
    "include_scalar_loops": true,
    "include_thermal": true,
    "include_scalar_thermal": true,
    "include_daisy": true,
    "renormalize_zeroT_loops": true,
    "thermal_approx": "spline"
  },
  "key_temperatures": {
    "Tn": 66.47024992730928,
    "Tc": 89.44666454340873,
    "Ts_false": 18.574099023431888,
    "Ts_true": 94.0953613281247,
    "S_at_Tn": 9303.204616024845,
    "S_over_Tn": 139.9604278033958,
    "false_phase_key": 2,
    "true_phase_key": 0,
    "phi_false_Tn": 3.9237562501661864e-05,
    "phi_true_Tn": 236.6507662093891,
    "vTn_over_Tn": 3.56025088619625,
    "Tc_minus_Tn_over_Tc": 0.25687279378594297
  },
  "gw_scales": {
    "gw_T_star_GeV": 66.47024992730928,
    "gw_alpha": 0.05072018020254299,
    "gw_beta_over_H": 516.5240856679579,
    "gw_v_w": 1.0,
    "gw_g_star": 106.75
  },
  "gw_peaks": {
    "sw": {
      "f_peak_mHz": 6.5541105348226285,
      "f_peak_Hz": 0.006554110534822629,
      "omega_peak": 4.1834397598959185e-15
    },
    "turb": {
      "f_peak_mHz": 11.22126196879453,
      "f_peak_Hz": 0.011221261968794529,
      "omega_peak": 3.0397435265825187e-19
    },
    "coll": {
      "f_peak_mHz": NaN,
      "f_peak_Hz": NaN,
      "omega_peak": NaN
    },
    "total": {
      "f_peak_mHz": 6.5541105348226285,
      "f_peak_Hz": 0.006554110534822629,
      "omega_peak": 4.18370586221489e-15
    }
  },
  "gw_run_parameters": {
    "g_star": 106.75,
    "v_w": 1.0,
    "epsilon_turb": 1.0,
    "frequency_unit": "mHz"
  },
  "S3": 9304.424723697168,
  "S3_over_T": 139.97878349896874,
  "bounce_diagnostics": {
    "label": "results_eft68_c6f23p49091_c8f40_f1000_mh125_Glauber_off",
    "C": NaN,
    "Lambda_GeV": NaN,
    "finiteT": null,
    "temperature_GeV": NaN,
    "phi_metaMin": 3.9237562501661864e-05,
    "phi_absMin": 236.6507662093891,
    "phi_bar": 116.97608971545118,
    "phi_top": 79.67407988273187,
    "V(phi_meta)": -50217984.20304033,
    "V(phi_true)": -71757544.15877503,
    "V(phi_top)": -48699648.79327839,
    "DeltaV_true_minus_meta": -21539559.9557347,
    "r0": 2.6397169274659676e-06,
    "phi0": 228.42669927188822,
    "dphi0": -0.07732827276253164,
    "rscale_cubic": 0.026397169274659675,
    "rscale_curv": 0.025718135008676722,
    "wall_r_hi": 0.10085445095120833,
    "wall_thickness": 0.07305700572158946,
    "S_total": 9304.424723697168,
    "S_kin": 13962.641254300668,
    "S_pot": -4658.216530603499,
    "S_interior": 0.0,
    "S3_over_T": NaN,
    "beta_rscale": 37.88284984632666,
    "beta_curvature": 38.88306991268291,
    "beta_wall": 13.68794121963973,
    "Tn_from_transitionFinder_GeV": 66.47024992730928,
    "Tc_from_transitionFinder_GeV": 89.44666454340873,
    "T_spinodal_high_GeV": NaN,
    "T_spinodal_low_GeV": NaN,
    "gw_T_star_GeV": 66.47024992730928,
    "gw_alpha": 0.05072018020254299,
    "gw_beta_over_H": 516.5240856679579,
    "gw_R_star_times_H": NaN,
    "gw_Gamma_Tstar_GeV4": NaN,
    "gw_dT_for_beta_GeV": NaN,
    "gw_f_sw_peak_Hz": NaN,
    "gw_f_turb_peak_Hz": NaN,
    "gw_f_coll_peak_Hz": NaN,
    "gw_g_star": 106.75,
    "gw_v_w": 1.0,
    "omega_sw_peak": NaN,
    "omega_turb_peak": NaN,
    "omega_coll_peak": NaN,
    "omega_tot_peak": NaN
  }
}