{
  "label": "results_eft68_c6f20_c8f40_f779p054_mh125_Glauber_C6p59061_Lambda2000",
  "model_parameters": {
    "c6_over_f2_TeV2": 0.0,
    "c8_over_f4_TeV4": 0.0,
    "f_GeV": 779.0535644593645,
    "m_h": 125.0,
    "v": 246.0,
    "m_w": 80.36,
    "m_z": 91.19,
    "m_t": 173.1,
    "use_glauber_measure": true,
    "C_glauber": 6.590606060606061,
    "Lambda_glauber": 2000.0
  },
  "derived_tree_coefficients": {
    "glauber_scheme": "counterterm_subtracted",
    "lambda_tree": 0.12909808976138543,
    "mu2_tree_GeV2": 7812.5,
    "a0_mean_field": 0.3998252334093464,
    "glauber_t0": 0.0997092790909091,
    "glauber_lambda_shift": 0.0,
    "glauber_mu2_shift_after_lambda_GeV2": 0.0,
    "lambda_tree_raw_glauber_equivalent": -1.2283568494737724,
    "mu2_tree_raw_glauber_equivalent_GeV2": 667389.6147372501,
    "combo_TeV2": 0.0
  },
  "scan_parameters": {
    "T_min": 1.0,
    "T_max": 250.0,
    "phi_scan_range": [
      -10.0,
      779.0535644593645
    ],
    "n_phi_scan": 1200,
    "n_T_seeds": 3,
    "deltaX_target": 0.1,
    "x_eps": 0.001,
    "T_eps": 0.01,
    "deriv_order": 4,
    "phitol": 0.0001,
    "overlapAngle": 45.0,
    "Tn_Ttol": 0.01,
    "Tn_maxiter": 160,
    "include_zeroT_loops": true,
    "include_scalar_loops": true,
    "include_thermal": true,
    "include_scalar_thermal": true,
    "include_daisy": true,
    "renormalize_zeroT_loops": true,
    "thermal_approx": "spline"
  },
  "key_temperatures": {
    "Tn": 65.61750953872175,
    "Tc": 83.22681029511142,
    "Ts_false": 50.03174111752248,
    "Ts_true": 94.91044726562468,
    "S_at_Tn": 9184.282673217227,
    "S_over_Tn": 139.9669499464539,
    "false_phase_key": 1,
    "true_phase_key": 0,
    "phi_false_Tn": -0.0012961136980685754,
    "phi_true_Tn": 237.61121247514194,
    "vTn_over_Tn": 3.621155605348363,
    "Tc_minus_Tn_over_Tc": 0.21158206945513575
  },
  "gw_scales": {
    "gw_T_star_GeV": 65.61750953872175,
    "gw_alpha": 0.05551473804859129,
    "gw_beta_over_H": 803.7019905686383,
    "gw_v_w": 1.0,
    "gw_g_star": 106.75
  },
  "gw_peaks": {
    "sw": {
      "f_peak_mHz": 10.077112648825867,
      "f_peak_Hz": 0.010077112648825867,
      "omega_peak": 2.2042979089623015e-15
    },
    "turb": {
      "f_peak_mHz": 17.252977398036524,
      "f_peak_Hz": 0.017252977398036523,
      "omega_peak": 1.6016443053960213e-19
    },
    "coll": {
      "f_peak_mHz": NaN,
      "f_peak_Hz": NaN,
      "omega_peak": NaN
    },
    "total": {
      "f_peak_mHz": 10.077112648825867,
      "f_peak_Hz": 0.010077112648825867,
      "omega_peak": 2.2044381857632177e-15
    }
  },
  "gw_run_parameters": {
    "g_star": 106.75,
    "v_w": 1.0,
    "epsilon_turb": 1.0,
    "frequency_unit": "mHz"
  },
  "S3": 9184.302879866187,
  "S3_over_T": 139.96725789244425,
  "bounce_diagnostics": {
    "label": "results_eft68_c6f20_c8f40_f779p054_mh125_Glauber_C6p59061_Lambda2000",
    "C": NaN,
    "Lambda_GeV": NaN,
    "finiteT": null,
    "temperature_GeV": NaN,
    "phi_metaMin": -0.0012961136980685754,
    "phi_absMin": 237.61121247514194,
    "phi_bar": 116.44635032831945,
    "phi_top": 80.04037540814771,
    "V(phi_meta)": -53580195.12418016,
    "V(phi_true)": -73640045.00055997,
    "V(phi_top)": -52505260.78096941,
    "DeltaV_true_minus_meta": -20059849.87637981,
    "r0": 3.1517339876559554e-06,
    "phi0": 229.84759107007687,
    "dphi0": -0.0871568391439517,
    "rscale_cubic": 0.03151733987655955,
    "rscale_curv": 0.02926809051098126,
    "wall_r_hi": 0.10824971653965376,
    "wall_thickness": 0.07948481386932921,
    "S_total": 9184.302879866187,
    "S_kin": 13770.834600720196,
    "S_pot": -4586.531720854008,
    "S_interior": 0.0,
    "S3_over_T": NaN,
    "beta_rscale": 31.728566050199298,
    "beta_curvature": 34.16691821978329,
    "beta_wall": 12.58101958499861,
    "Tn_from_transitionFinder_GeV": 65.61750953872175,
    "Tc_from_transitionFinder_GeV": 83.22681029511142,
    "T_spinodal_high_GeV": NaN,
    "T_spinodal_low_GeV": NaN,
    "gw_T_star_GeV": 65.61750953872175,
    "gw_alpha": 0.05551473804859129,
    "gw_beta_over_H": 803.7019905686383,
    "gw_R_star_times_H": NaN,
    "gw_Gamma_Tstar_GeV4": NaN,
    "gw_dT_for_beta_GeV": NaN,
    "gw_f_sw_peak_Hz": NaN,
    "gw_f_turb_peak_Hz": NaN,
    "gw_f_coll_peak_Hz": NaN,
    "gw_g_star": 106.75,
    "gw_v_w": 1.0,
    "omega_sw_peak": NaN,
    "omega_turb_peak": NaN,
    "omega_coll_peak": NaN,
    "omega_tot_peak": NaN
  }
}