{
  "label": "results_eft68_c6f23p3697_c8f40_f1000_mh125_Glauber_off",
  "model_parameters": {
    "c6_over_f2_TeV2": 3.3696969696969696,
    "c8_over_f4_TeV4": 0.0,
    "f_GeV": 1000.0,
    "m_h": 125.0,
    "v": 246.0,
    "m_w": 80.36,
    "m_z": 91.19,
    "m_t": 173.1,
    "use_glauber_measure": false,
    "C_glauber": 0.0,
    "Lambda_glauber": 1000.0
  },
  "derived_tree_coefficients": {
    "glauber_scheme": "counterterm_subtracted",
    "lambda_tree": -0.1767827829658873,
    "mu2_tree_GeV2": -1442.8434469818185,
    "a0_mean_field": 0.24688479704571004,
    "glauber_t0": 0.0,
    "glauber_lambda_shift": 0.0,
    "glauber_mu2_shift_after_lambda_GeV2": 0.0,
    "lambda_tree_raw_glauber_equivalent": -0.1767827829658873,
    "mu2_tree_raw_glauber_equivalent_GeV2": -1442.8434469818185,
    "combo_TeV2": 6.739393939393939
  },
  "scan_parameters": {
    "T_min": 1.0,
    "T_max": 250.0,
    "phi_scan_range": [
      -10,
      1000.0
    ],
    "n_phi_scan": 1200,
    "n_T_seeds": 3,
    "deltaX_target": 0.1,
    "x_eps": 0.001,
    "T_eps": 0.01,
    "deriv_order": 4,
    "phitol": 0.0001,
    "overlapAngle": 45.0,
    "Tn_Ttol": 0.01,
    "Tn_maxiter": 160,
    "include_zeroT_loops": true,
    "include_scalar_loops": true,
    "include_thermal": true,
    "include_scalar_thermal": true,
    "include_daisy": false,
    "renormalize_zeroT_loops": true,
    "thermal_approx": "spline"
  },
  "key_temperatures": {
    "Tn": 72.37759572629314,
    "Tc": 90.42996836946297,
    "Ts_false": 37.52630605468175,
    "Ts_true": 93.94994921874968,
    "S_at_Tn": 10131.680632975886,
    "S_over_Tn": 139.98365835873264,
    "false_phase_key": 2,
    "true_phase_key": 0,
    "phi_false_Tn": -3.573464048812927e-05,
    "phi_true_Tn": 232.56554056259526,
    "vTn_over_Tn": 3.2132255600486808,
    "Tc_minus_Tn_over_Tc": 0.19962820919514868
  },
  "gw_scales": {
    "gw_T_star_GeV": 72.37759572629314,
    "gw_alpha": 0.03638000726948402,
    "gw_beta_over_H": 762.9427544662021,
    "gw_v_w": 1.0,
    "gw_g_star": 106.75
  },
  "gw_peaks": {
    "sw": {
      "f_peak_mHz": 10.55243763123881,
      "f_peak_Hz": 0.01055243763123881,
      "omega_peak": 7.732460886682929e-16
    },
    "turb": {
      "f_peak_mHz": 18.06677907556844,
      "f_peak_Hz": 0.018066779075568442,
      "omega_peak": 5.618403532145076e-20
    },
    "coll": {
      "f_peak_mHz": NaN,
      "f_peak_Hz": NaN,
      "omega_peak": NaN
    },
    "total": {
      "f_peak_mHz": 10.55243763123881,
      "f_peak_Hz": 0.01055243763123881,
      "omega_peak": 7.732952982870575e-16
    }
  },
  "gw_run_parameters": {
    "g_star": 106.75,
    "v_w": 1.0,
    "epsilon_turb": 1.0,
    "frequency_unit": "mHz"
  },
  "S3": 10130.608870108876,
  "S3_over_T": 139.9688504218807,
  "bounce_diagnostics": {
    "label": "results_eft68_c6f23p3697_c8f40_f1000_mh125_Glauber_off",
    "C": NaN,
    "Lambda_GeV": NaN,
    "finiteT": null,
    "temperature_GeV": NaN,
    "phi_metaMin": -3.573464048812927e-05,
    "phi_absMin": 232.56554056259526,
    "phi_bar": 117.25516668697567,
    "phi_top": 79.53358170236534,
    "V(phi_meta)": -69861844.30315806,
    "V(phi_true)": -88165636.73195928,
    "V(phi_top)": -68406250.55991212,
    "DeltaV_true_minus_meta": -18303792.428801224,
    "r0": 2.6912560597488207e-06,
    "phi0": 225.57099610339785,
    "dphi0": -0.060687160628088134,
    "rscale_cubic": 0.026912560597488207,
    "rscale_curv": 0.025688466320599724,
    "wall_r_hi": 0.10727768466385339,
    "wall_thickness": 0.0756961438488171,
    "S_total": 10130.608870108876,
    "S_kin": 15175.510821113665,
    "S_pot": -5044.901951004789,
    "S_interior": 0.0,
    "S3_over_T": NaN,
    "beta_rscale": 37.15737104901611,
    "beta_curvature": 38.927976791926234,
    "beta_wall": 13.21071258262817,
    "Tn_from_transitionFinder_GeV": 72.37759572629314,
    "Tc_from_transitionFinder_GeV": 90.42996836946297,
    "T_spinodal_high_GeV": NaN,
    "T_spinodal_low_GeV": NaN,
    "gw_T_star_GeV": 72.37759572629314,
    "gw_alpha": 0.03638000726948402,
    "gw_beta_over_H": 762.9427544662021,
    "gw_R_star_times_H": NaN,
    "gw_Gamma_Tstar_GeV4": NaN,
    "gw_dT_for_beta_GeV": NaN,
    "gw_f_sw_peak_Hz": NaN,
    "gw_f_turb_peak_Hz": NaN,
    "gw_f_coll_peak_Hz": NaN,
    "gw_g_star": 106.75,
    "gw_v_w": 1.0,
    "omega_sw_peak": NaN,
    "omega_turb_peak": NaN,
    "omega_coll_peak": NaN,
    "omega_tot_peak": NaN
  }
}