{
  "label": "results_eft68_c6f21p23167_c8f45_f1000_mh125_Glauber_C3p2_Lambda1000",
  "model_parameters": {
    "c6_over_f2_TeV2": 1.2316666666666665,
    "c8_over_f4_TeV4": 5.0,
    "f_GeV": 1000.0,
    "m_h": 125.0,
    "v": 246.0,
    "m_w": 80.36,
    "m_z": 91.19,
    "m_t": 173.1,
    "use_glauber_measure": true,
    "C_glauber": 3.2,
    "Lambda_glauber": 1000.0
  },
  "derived_tree_coefficients": {
    "glauber_scheme": "counterterm_subtracted",
    "lambda_tree": -0.01017161715861455,
    "mu2_tree_GeV2": 3321.4511286795214,
    "a0_mean_field": 0.3301903799493464,
    "glauber_t0": 0.19365120000000002,
    "glauber_lambda_shift": 0.0,
    "glauber_mu2_shift_after_lambda_GeV2": 0.0,
    "lambda_tree_raw_glauber_equivalent": -0.409099444735783,
    "mu2_tree_raw_glauber_equivalent_GeV2": 79703.3644192248,
    "combo_TeV2": 3.371073333333333
  },
  "scan_parameters": {
    "T_min": 1.0,
    "T_max": 250.0,
    "phi_scan_range": [
      -10.0,
      559.0169943749474
    ],
    "n_phi_scan": 1200,
    "n_T_seeds": 3,
    "deltaX_target": 0.1,
    "x_eps": 0.001,
    "T_eps": 0.01,
    "deriv_order": 4,
    "phitol": 0.0001,
    "overlapAngle": 45.0,
    "Tn_Ttol": 0.01,
    "Tn_maxiter": 160,
    "include_zeroT_loops": true,
    "include_scalar_loops": true,
    "include_thermal": true,
    "include_scalar_thermal": true,
    "include_daisy": false,
    "renormalize_zeroT_loops": true,
    "thermal_approx": "spline"
  },
  "key_temperatures": {
    "Tn": 52.904583574921624,
    "Tc": 79.51240731694163,
    "Ts_false": 26.763864648431735,
    "Ts_true": 92.28233007812473,
    "S_at_Tn": 7407.339898916056,
    "S_over_Tn": 140.01319731448297,
    "false_phase_key": 1,
    "true_phase_key": 0,
    "phi_false_Tn": -0.00033157390669482994,
    "phi_true_Tn": 241.86986597146378,
    "vTn_over_Tn": 4.571813057160465,
    "Tc_minus_Tn_over_Tc": 0.3346373810059541
  },
  "gw_scales": {
    "gw_T_star_GeV": 52.904583574921624,
    "gw_alpha": 0.12065724409378083,
    "gw_beta_over_H": 349.03615558327533,
    "gw_v_w": 1.0,
    "gw_g_star": 106.75
  },
  "gw_peaks": {
    "sw": {
      "f_peak_mHz": 3.5450689565741786,
      "f_peak_Hz": 0.0035450689565741786,
      "omega_peak": 8.76901655557014e-14
    },
    "turb": {
      "f_peak_mHz": 6.069495967119274,
      "f_peak_Hz": 0.006069495967119275,
      "omega_peak": 6.371249019461549e-18
    },
    "coll": {
      "f_peak_mHz": NaN,
      "f_peak_Hz": NaN,
      "omega_peak": NaN
    },
    "total": {
      "f_peak_mHz": 3.5450689565741786,
      "f_peak_Hz": 0.0035450689565741786,
      "omega_peak": 8.769575851817728e-14
    }
  },
  "gw_run_parameters": {
    "g_star": 106.75,
    "v_w": 1.0,
    "epsilon_turb": 1.0,
    "frequency_unit": "mHz"
  },
  "S3": 7407.343971268939,
  "S3_over_T": 140.01327428990945,
  "bounce_diagnostics": {
    "label": "results_eft68_c6f21p23167_c8f45_f1000_mh125_Glauber_C3p2_Lambda1000",
    "C": NaN,
    "Lambda_GeV": NaN,
    "finiteT": null,
    "temperature_GeV": NaN,
    "phi_metaMin": -0.00033157390669482994,
    "phi_absMin": 241.86986597146378,
    "phi_bar": 108.69267045333677,
    "phi_top": 75.34027961068377,
    "V(phi_meta)": -21680221.496781114,
    "V(phi_true)": -46134345.92280627,
    "V(phi_top)": -20779244.96754693,
    "DeltaV_true_minus_meta": -24454124.426025156,
    "r0": 3.2403862079130126e-06,
    "phi0": 228.90464942702803,
    "dphi0": -0.15677787703048374,
    "rscale_cubic": 0.032403862079130125,
    "rscale_curv": 0.029239650860069,
    "wall_r_hi": 0.10058788003441436,
    "wall_thickness": 0.08063637124612269,
    "S_total": 7407.343971268939,
    "S_kin": 11102.567885339813,
    "S_pot": -3695.223914070874,
    "S_interior": 0.0,
    "S3_over_T": NaN,
    "beta_rscale": 30.860518957832966,
    "beta_curvature": 34.20014678370933,
    "beta_wall": 12.401351704527302,
    "Tn_from_transitionFinder_GeV": 52.904583574921624,
    "Tc_from_transitionFinder_GeV": 79.51240731694163,
    "T_spinodal_high_GeV": NaN,
    "T_spinodal_low_GeV": NaN,
    "gw_T_star_GeV": 52.904583574921624,
    "gw_alpha": 0.12065724409378083,
    "gw_beta_over_H": 349.03615558327533,
    "gw_R_star_times_H": NaN,
    "gw_Gamma_Tstar_GeV4": NaN,
    "gw_dT_for_beta_GeV": NaN,
    "gw_f_sw_peak_Hz": NaN,
    "gw_f_turb_peak_Hz": NaN,
    "gw_f_coll_peak_Hz": NaN,
    "gw_g_star": 106.75,
    "gw_v_w": 1.0,
    "omega_sw_peak": NaN,
    "omega_turb_peak": NaN,
    "omega_coll_peak": NaN,
    "omega_tot_peak": NaN
  }
}