{
  "label": "results_eft68_c6f21p65_c8f40_f1000_mh125_Glauber_C3p2_Lambda1000",
  "model_parameters": {
    "c6_over_f2_TeV2": 1.65,
    "c8_over_f4_TeV4": 0.0,
    "f_GeV": 1000.0,
    "m_h": 125.0,
    "v": 246.0,
    "m_w": 80.36,
    "m_z": 91.19,
    "m_t": 173.1,
    "use_glauber_measure": true,
    "C_glauber": 3.2,
    "Lambda_glauber": 1000.0
  },
  "derived_tree_coefficients": {
    "glauber_scheme": "counterterm_subtracted",
    "lambda_tree": -0.02067901023861457,
    "mu2_tree_GeV2": 3280.544508200001,
    "a0_mean_field": 0.3249366834093464,
    "glauber_t0": 0.19365120000000002,
    "glauber_lambda_shift": 0.0,
    "glauber_mu2_shift_after_lambda_GeV2": 0.0,
    "lambda_tree_raw_glauber_equivalent": -0.41960683781578306,
    "mu2_tree_raw_glauber_equivalent_GeV2": 79662.45779874528,
    "combo_TeV2": 3.3
  },
  "scan_parameters": {
    "T_min": 1.0,
    "T_max": 250.0,
    "phi_scan_range": [
      -10.0,
      559.0169943749474
    ],
    "n_phi_scan": 1200,
    "n_T_seeds": 3,
    "deltaX_target": 0.1,
    "x_eps": 0.001,
    "T_eps": 0.01,
    "deriv_order": 4,
    "phitol": 0.0001,
    "overlapAngle": 45.0,
    "Tn_Ttol": 0.01,
    "Tn_maxiter": 160,
    "include_zeroT_loops": true,
    "include_scalar_loops": true,
    "include_thermal": true,
    "include_scalar_thermal": true,
    "include_daisy": false,
    "renormalize_zeroT_loops": true,
    "thermal_approx": "spline"
  },
  "key_temperatures": {
    "Tn": 51.377345378509155,
    "Tc": 79.67268372096333,
    "Ts_false": 20.50812871093198,
    "Ts_true": 92.66604296874972,
    "S_at_Tn": 7193.6859978315715,
    "S_over_Tn": 140.016693054769,
    "false_phase_key": 1,
    "true_phase_key": 0,
    "phi_false_Tn": -0.0003132416632353543,
    "phi_true_Tn": 242.29986341911243,
    "vTn_over_Tn": 4.716083745355692,
    "Tc_minus_Tn_over_Tc": 0.3551447876608826
  },
  "gw_scales": {
    "gw_T_star_GeV": 51.377345378509155,
    "gw_alpha": 0.13765825019622133,
    "gw_beta_over_H": 249.7373050760009,
    "gw_v_w": 1.0,
    "gw_g_star": 106.75
  },
  "gw_peaks": {
    "sw": {
      "f_peak_mHz": 2.4518350134720968,
      "f_peak_Hz": 0.002451835013472097,
      "omega_peak": 2.371453554152506e-13
    },
    "turb": {
      "f_peak_mHz": 4.197775250242678,
      "f_peak_Hz": 0.004197775250242678,
      "omega_peak": 1.723098627888272e-17
    },
    "coll": {
      "f_peak_mHz": NaN,
      "f_peak_Hz": NaN,
      "omega_peak": NaN
    },
    "total": {
      "f_peak_mHz": 2.4518350134720968,
      "f_peak_Hz": 0.002451835013472097,
      "omega_peak": 2.371604470801337e-13
    }
  },
  "gw_run_parameters": {
    "g_star": 106.75,
    "v_w": 1.0,
    "epsilon_turb": 1.0,
    "frequency_unit": "mHz"
  },
  "S3": 7193.867642235291,
  "S3_over_T": 140.02022855085937,
  "bounce_diagnostics": {
    "label": "results_eft68_c6f21p65_c8f40_f1000_mh125_Glauber_C3p2_Lambda1000",
    "C": NaN,
    "Lambda_GeV": NaN,
    "finiteT": null,
    "temperature_GeV": NaN,
    "phi_metaMin": -0.0003132416632353543,
    "phi_absMin": 242.29986341911243,
    "phi_bar": 108.23547234218088,
    "phi_top": 74.97092228645154,
    "V(phi_meta)": -19347354.61216013,
    "V(phi_true)": -44964827.10847963,
    "V(phi_top)": -18403655.72563222,
    "DeltaV_true_minus_meta": -25617472.496319495,
    "r0": 3.1506656752871245e-06,
    "phi0": 228.5118057209068,
    "dphi0": -0.16332935260654716,
    "rscale_cubic": 0.031506656752871245,
    "rscale_curv": 0.028436143826086453,
    "wall_r_hi": 0.09809679140427222,
    "wall_thickness": 0.07934189271700565,
    "S_total": 7193.867642235291,
    "S_kin": 10783.802235166,
    "S_pot": -3589.934592930709,
    "S_interior": 0.0,
    "S3_over_T": NaN,
    "beta_rscale": 31.739324417811122,
    "beta_curvature": 35.166501997479976,
    "beta_wall": 12.60368218800591,
    "Tn_from_transitionFinder_GeV": 51.377345378509155,
    "Tc_from_transitionFinder_GeV": 79.67268372096333,
    "T_spinodal_high_GeV": NaN,
    "T_spinodal_low_GeV": NaN,
    "gw_T_star_GeV": 51.377345378509155,
    "gw_alpha": 0.13765825019622133,
    "gw_beta_over_H": 249.7373050760009,
    "gw_R_star_times_H": NaN,
    "gw_Gamma_Tstar_GeV4": NaN,
    "gw_dT_for_beta_GeV": NaN,
    "gw_f_sw_peak_Hz": NaN,
    "gw_f_turb_peak_Hz": NaN,
    "gw_f_coll_peak_Hz": NaN,
    "gw_g_star": 106.75,
    "gw_v_w": 1.0,
    "omega_sw_peak": NaN,
    "omega_turb_peak": NaN,
    "omega_coll_peak": NaN,
    "omega_tot_peak": NaN
  }
}