{
  "label": "results_eft68_c6f20_c8f40_f784_mh125_Glauber_C6p25_Lambda2000",
  "model_parameters": {
    "c6_over_f2_TeV2": 0.0,
    "c8_over_f4_TeV4": 0.0,
    "f_GeV": 784.0,
    "m_h": 125.0,
    "v": 246.0,
    "m_w": 80.36,
    "m_z": 91.19,
    "m_t": 173.1,
    "use_glauber_measure": true,
    "C_glauber": 6.25,
    "Lambda_glauber": 2000.0
  },
  "scan_parameters": {
    "T_min": 1.0,
    "T_max": 250.0,
    "phi_scan_range": [
      -10,
      784.0
    ],
    "n_phi_scan": 1400,
    "n_T_seeds": 3,
    "deltaX_target": 0.1,
    "x_eps": 0.001,
    "T_eps": 0.01,
    "deriv_order": 4,
    "phitol": 1e-05,
    "overlapAngle": 45.0,
    "Tn_Ttol": 0.001,
    "Tn_maxiter": 200,
    "include_zeroT_loops": true,
    "include_scalar_loops": true,
    "include_thermal": true,
    "include_scalar_thermal": true,
    "include_daisy": false,
    "renormalize_zeroT_loops": true,
    "thermal_approx": "spline"
  },
  "key_temperatures": {
    "Tn": 83.82852111556649,
    "Tc": 92.09261299852753,
    "Ts_false": 74.74261445312227,
    "Ts_true": 98.63037109374962,
    "S_at_Tn": 11740.277435677208,
    "S_over_Tn": 140.051110045136,
    "false_phase_key": 1,
    "true_phase_key": 0,
    "phi_false_Tn": -0.0009751318933863878,
    "phi_true_Tn": 223.14232609581546,
    "vTn_over_Tn": 2.6618902865790766
  },
  "gw_scales": {
    "gw_T_star_GeV": 83.82852111556649,
    "gw_alpha": 0.022297884433254943,
    "gw_beta_over_H": 2667.648410060823,
    "gw_v_w": 1.0,
    "gw_g_star": 106.75
  },
  "gw_peaks": {
    "sw": {
      "f_peak_mHz": 43.08411322837051,
      "f_peak_Hz": 0.04308411322837051,
      "omega_peak": 1.611513591619054e-17
    },
    "turb": {
      "f_peak_mHz": 73.52469245962233,
      "f_peak_Hz": 0.07352469245962233,
      "omega_peak": 1.1708841109908257e-21
    },
    "coll": {
      "f_peak_mHz": NaN,
      "f_peak_Hz": NaN,
      "omega_peak": NaN
    },
    "total": {
      "f_peak_mHz": 43.08411322837051,
      "f_peak_Hz": 0.04308411322837051,
      "omega_peak": 1.6116165532898564e-17
    }
  },
  "gw_run_parameters": {
    "g_star": 106.75,
    "v_w": 1.0,
    "epsilon_turb": 1.0,
    "frequency_unit": "mHz"
  },
  "S3": 11731.031578070108,
  "S3_over_T": 139.94081515404093,
  "bounce_diagnostics": {
    "label": "results_eft68_c6f20_c8f40_f784_mh125_Glauber_C6p25_Lambda2000",
    "C": NaN,
    "Lambda_GeV": NaN,
    "finiteT": null,
    "temperature_GeV": NaN,
    "phi_metaMin": -0.0009751318933863878,
    "phi_absMin": 223.14232609581546,
    "phi_bar": 114.79028152114329,
    "phi_top": 77.126501114308,
    "V(phi_meta)": -135736413.8029077,
    "V(phi_true)": -146820325.00403094,
    "V(phi_top)": -134950561.3067732,
    "DeltaV_true_minus_meta": -11083911.201123238,
    "r0": 3.5519183757988297e-06,
    "phi0": 218.467000484603,
    "dphi0": -0.0405712987817606,
    "rscale_cubic": 0.03551918375798829,
    "rscale_curv": 0.03381272731925656,
    "wall_r_hi": 0.13601885520536386,
    "wall_thickness": 0.09338340645148066,
    "S_total": 11731.031578070108,
    "S_kin": 17591.3805474965,
    "S_pot": -5860.348969426394,
    "S_interior": 0.0,
    "S3_over_T": NaN,
    "beta_rscale": 28.153800121465324,
    "beta_curvature": 29.57465738961964,
    "beta_wall": 10.708540606939321,
    "Tn_from_transitionFinder_GeV": 83.82852111556649,
    "Tc_from_transitionFinder_GeV": 92.09261299852753,
    "T_spinodal_high_GeV": NaN,
    "T_spinodal_low_GeV": NaN,
    "gw_T_star_GeV": 83.82852111556649,
    "gw_alpha": 0.022297884433254943,
    "gw_beta_over_H": 2667.648410060823,
    "gw_R_star_times_H": NaN,
    "gw_Gamma_Tstar_GeV4": NaN,
    "gw_dT_for_beta_GeV": NaN,
    "gw_f_sw_peak_Hz": NaN,
    "gw_f_turb_peak_Hz": NaN,
    "gw_f_coll_peak_Hz": NaN,
    "gw_g_star": 106.75,
    "gw_v_w": 1.0,
    "omega_sw_peak": NaN,
    "omega_turb_peak": NaN,
    "omega_coll_peak": NaN,
    "omega_tot_peak": NaN
  }
}