{
  "label": "results_eft68_c6f23p15152_c8f45_f1000_mh125_Glauber_off",
  "model_parameters": {
    "c6_over_f2_TeV2": 3.151515151515152,
    "c8_over_f4_TeV4": 5.0,
    "f_GeV": 1000.0,
    "m_h": 125.0,
    "v": 246.0,
    "m_w": 80.36,
    "m_z": 91.19,
    "m_t": 173.1,
    "use_glauber_measure": false,
    "C_glauber": 0.0,
    "Lambda_glauber": 1000.0
  },
  "derived_tree_coefficients": {
    "glauber_scheme": "counterterm_subtracted",
    "lambda_tree": -0.18444394352225094,
    "mu2_tree_GeV2": -1951.6809224313874,
    "a0_mean_field": 0.24305421676752823,
    "glauber_t0": 0.0,
    "glauber_lambda_shift": 0.0,
    "glauber_mu2_shift_after_lambda_GeV2": 0.0,
    "lambda_tree_raw_glauber_equivalent": -0.18444394352225094,
    "mu2_tree_raw_glauber_equivalent_GeV2": -1951.6809224313874,
    "combo_TeV2": 7.210770303030303
  },
  "scan_parameters": {
    "T_min": 1.0,
    "T_max": 250.0,
    "phi_scan_range": [
      -10,
      1000.0
    ],
    "n_phi_scan": 1200,
    "n_T_seeds": 3,
    "deltaX_target": 0.1,
    "x_eps": 0.001,
    "T_eps": 0.01,
    "deriv_order": 4,
    "phitol": 0.0001,
    "overlapAngle": 45.0,
    "Tn_Ttol": 0.01,
    "Tn_maxiter": 160,
    "include_zeroT_loops": true,
    "include_scalar_loops": true,
    "include_thermal": true,
    "include_scalar_thermal": true,
    "include_daisy": true,
    "renormalize_zeroT_loops": true,
    "thermal_approx": "spline"
  },
  "key_temperatures": {
    "Tn": 61.76904181737546,
    "Tc": 87.76953122595773,
    "Ts_false": 8.159382226556941,
    "Ts_true": 92.8756503906247,
    "S_at_Tn": 8647.683420616762,
    "S_over_Tn": 140.00028438492296,
    "false_phase_key": 2,
    "true_phase_key": 0,
    "phi_false_Tn": -5.193830362313252e-05,
    "phi_true_Tn": 238.82431400013314,
    "vTn_over_Tn": 3.8664079443912067,
    "Tc_minus_Tn_over_Tc": 0.2962359379776733
  },
  "gw_scales": {
    "gw_T_star_GeV": 61.76904181737546,
    "gw_alpha": 0.06701436415721565,
    "gw_beta_over_H": 338.45656766937776,
    "gw_v_w": 1.0,
    "gw_g_star": 106.75
  },
  "gw_peaks": {
    "sw": {
      "f_peak_mHz": 4.008690271328588,
      "f_peak_Hz": 0.004008690271328588,
      "omega_peak": 2.0537809721105248e-14
    },
    "turb": {
      "f_peak_mHz": 6.863259850034464,
      "f_peak_Hz": 0.006863259850034465,
      "omega_peak": 1.4922144876145705e-18
    },
    "coll": {
      "f_peak_mHz": NaN,
      "f_peak_Hz": NaN,
      "omega_peak": NaN
    },
    "total": {
      "f_peak_mHz": 4.008690271328588,
      "f_peak_Hz": 0.004008690271328588,
      "omega_peak": 2.0539118867547002e-14
    }
  },
  "gw_run_parameters": {
    "g_star": 106.75,
    "v_w": 1.0,
    "epsilon_turb": 1.0,
    "frequency_unit": "mHz"
  },
  "S3": 8647.606832187219,
  "S3_over_T": 139.99904446882113,
  "bounce_diagnostics": {
    "label": "results_eft68_c6f23p15152_c8f45_f1000_mh125_Glauber_off",
    "C": NaN,
    "Lambda_GeV": NaN,
    "finiteT": null,
    "temperature_GeV": NaN,
    "phi_metaMin": -5.193830362313252e-05,
    "phi_absMin": 238.82431400013314,
    "phi_bar": 115.3738594450492,
    "phi_top": 78.54794464497529,
    "V(phi_meta)": -37345668.16726781,
    "V(phi_true)": -60584170.72785567,
    "V(phi_top)": -35926742.178295106,
    "DeltaV_true_minus_meta": -23238502.56058786,
    "r0": 2.6920282666226294e-06,
    "phi0": 229.16546598458964,
    "dphi0": -0.09572369155448954,
    "rscale_cubic": 0.026920282666226293,
    "rscale_curv": 0.026005031512907482,
    "wall_r_hi": 0.0984532068651819,
    "wall_thickness": 0.07351130801437883,
    "S_total": 8647.606832187219,
    "S_kin": 12970.591954381405,
    "S_pot": -4322.985122194188,
    "S_interior": 0.0,
    "S3_over_T": NaN,
    "beta_rscale": 37.14671247693035,
    "beta_curvature": 38.454097489406344,
    "beta_wall": 13.603349294293604,
    "Tn_from_transitionFinder_GeV": 61.76904181737546,
    "Tc_from_transitionFinder_GeV": 87.76953122595773,
    "T_spinodal_high_GeV": NaN,
    "T_spinodal_low_GeV": NaN,
    "gw_T_star_GeV": 61.76904181737546,
    "gw_alpha": 0.06701436415721565,
    "gw_beta_over_H": 338.45656766937776,
    "gw_R_star_times_H": NaN,
    "gw_Gamma_Tstar_GeV4": NaN,
    "gw_dT_for_beta_GeV": NaN,
    "gw_f_sw_peak_Hz": NaN,
    "gw_f_turb_peak_Hz": NaN,
    "gw_f_coll_peak_Hz": NaN,
    "gw_g_star": 106.75,
    "gw_v_w": 1.0,
    "omega_sw_peak": NaN,
    "omega_turb_peak": NaN,
    "omega_coll_peak": NaN,
    "omega_tot_peak": NaN
  }
}