{
  "label": "results_eft68_c6f21p15833_c8f45_f1000_mh125_Glauber_C3p2_Lambda1000",
  "model_parameters": {
    "c6_over_f2_TeV2": 1.1583333333333332,
    "c8_over_f4_TeV4": 5.0,
    "f_GeV": 1000.0,
    "m_h": 125.0,
    "v": 246.0,
    "m_w": 80.36,
    "m_z": 91.19,
    "m_t": 173.1,
    "use_glauber_measure": true,
    "C_glauber": 3.2,
    "Lambda_glauber": 1000.0
  },
  "derived_tree_coefficients": {
    "glauber_scheme": "counterterm_subtracted",
    "lambda_tree": -0.0035148571586145656,
    "mu2_tree_GeV2": 3522.8713727595205,
    "a0_mean_field": 0.33351875994934643,
    "glauber_t0": 0.19365120000000002,
    "glauber_lambda_shift": 0.0,
    "glauber_mu2_shift_after_lambda_GeV2": 0.0,
    "lambda_tree_raw_glauber_equivalent": -0.40244268473578304,
    "mu2_tree_raw_glauber_equivalent_GeV2": 79904.7846633048,
    "combo_TeV2": 3.2244066666666664
  },
  "scan_parameters": {
    "T_min": 1.0,
    "T_max": 250.0,
    "phi_scan_range": [
      -10.0,
      559.0169943749474
    ],
    "n_phi_scan": 1200,
    "n_T_seeds": 3,
    "deltaX_target": 0.1,
    "x_eps": 0.001,
    "T_eps": 0.01,
    "deriv_order": 4,
    "phitol": 0.0001,
    "overlapAngle": 45.0,
    "Tn_Ttol": 0.01,
    "Tn_maxiter": 160,
    "include_zeroT_loops": true,
    "include_scalar_loops": true,
    "include_thermal": true,
    "include_scalar_thermal": true,
    "include_daisy": false,
    "renormalize_zeroT_loops": true,
    "thermal_approx": "spline"
  },
  "key_temperatures": {
    "Tn": 58.36571305912906,
    "Tc": 80.95117837275696,
    "Ts_false": 35.58454374999426,
    "Ts_true": 92.83090820312472,
    "S_at_Tn": 8172.933569146165,
    "S_over_Tn": 140.0297047834632,
    "false_phase_key": 1,
    "true_phase_key": 0,
    "phi_false_Tn": -0.0002924122322245211,
    "phi_true_Tn": 240.09940517638978,
    "vTn_over_Tn": 4.113706362726181,
    "Tc_minus_Tn_over_Tc": 0.2790010691336488
  },
  "gw_scales": {
    "gw_T_star_GeV": 58.36571305912906,
    "gw_alpha": 0.08256249139010405,
    "gw_beta_over_H": 618.2580898045226,
    "gw_v_w": 1.0,
    "gw_g_star": 106.75
  },
  "gw_peaks": {
    "sw": {
      "f_peak_mHz": 6.969516793537952,
      "f_peak_Hz": 0.006969516793537953,
      "omega_peak": 1.0638396943248472e-14
    },
    "turb": {
      "f_peak_mHz": 11.750555064331126,
      "f_peak_Hz": 0.011750555064331127,
      "omega_peak": 7.729794775578531e-19
    },
    "coll": {
      "f_peak_mHz": NaN,
      "f_peak_Hz": NaN,
      "omega_peak": NaN
    },
    "total": {
      "f_peak_mHz": 6.969516793537952,
      "f_peak_Hz": 0.006969516793537953,
      "omega_peak": 1.0639077482227238e-14
    }
  },
  "gw_run_parameters": {
    "g_star": 106.75,
    "v_w": 1.0,
    "epsilon_turb": 1.0,
    "frequency_unit": "mHz"
  },
  "S3": 8172.915247578217,
  "S3_over_T": 140.0293908736866,
  "bounce_diagnostics": {
    "label": "results_eft68_c6f21p15833_c8f45_f1000_mh125_Glauber_C3p2_Lambda1000",
    "C": NaN,
    "Lambda_GeV": NaN,
    "finiteT": null,
    "temperature_GeV": NaN,
    "phi_metaMin": -0.0002924122322245211,
    "phi_absMin": 240.09940517638978,
    "phi_bar": 111.92712427347077,
    "phi_top": 77.36834288653418,
    "V(phi_meta)": -31825853.078457057,
    "V(phi_true)": -54110145.519236684,
    "V(phi_top)": -30849477.62500366,
    "DeltaV_true_minus_meta": -22284292.440779626,
    "r0": 3.196545458551054e-06,
    "phi0": 229.721381118078,
    "dphi0": -0.12220168347477908,
    "rscale_cubic": 0.03196545458551054,
    "rscale_curv": 0.029176029712844907,
    "wall_r_hi": 0.10404117864723172,
    "wall_thickness": 0.08018316901042008,
    "S_total": 8172.915247578217,
    "S_kin": 12249.50192948531,
    "S_pot": -4076.586681907092,
    "S_interior": 0.0,
    "S3_over_T": NaN,
    "beta_rscale": 31.283772214936214,
    "beta_curvature": 34.27470977085077,
    "beta_wall": 12.471445221503362,
    "Tn_from_transitionFinder_GeV": 58.36571305912906,
    "Tc_from_transitionFinder_GeV": 80.95117837275696,
    "T_spinodal_high_GeV": NaN,
    "T_spinodal_low_GeV": NaN,
    "gw_T_star_GeV": 58.36571305912906,
    "gw_alpha": 0.08256249139010405,
    "gw_beta_over_H": 618.2580898045226,
    "gw_R_star_times_H": NaN,
    "gw_Gamma_Tstar_GeV4": NaN,
    "gw_dT_for_beta_GeV": NaN,
    "gw_f_sw_peak_Hz": NaN,
    "gw_f_turb_peak_Hz": NaN,
    "gw_f_coll_peak_Hz": NaN,
    "gw_g_star": 106.75,
    "gw_v_w": 1.0,
    "omega_sw_peak": NaN,
    "omega_turb_peak": NaN,
    "omega_coll_peak": NaN,
    "omega_tot_peak": NaN
  }
}