{
  "label": "results_eft68_c6f23p00202_c8f45_f1000_mh125_Glauber_off",
  "model_parameters": {
    "c6_over_f2_TeV2": 3.002020202020202,
    "c8_over_f4_TeV4": 5.0,
    "f_GeV": 1000.0,
    "m_h": 125.0,
    "v": 246.0,
    "m_w": 80.36,
    "m_z": 91.19,
    "m_t": 173.1,
    "use_glauber_measure": false,
    "C_glauber": 0.0,
    "Lambda_glauber": 1000.0
  },
  "derived_tree_coefficients": {
    "glauber_scheme": "counterterm_subtracted",
    "lambda_tree": -0.17087368897679636,
    "mu2_tree_GeV2": -1541.0721603950242,
    "a0_mean_field": 0.2498393440402555,
    "glauber_t0": 0.0,
    "glauber_lambda_shift": 0.0,
    "glauber_mu2_shift_after_lambda_GeV2": 0.0,
    "lambda_tree_raw_glauber_equivalent": -0.17087368897679636,
    "mu2_tree_raw_glauber_equivalent_GeV2": -1541.0721603950242,
    "combo_TeV2": 6.911780404040403
  },
  "scan_parameters": {
    "T_min": 1.0,
    "T_max": 250.0,
    "phi_scan_range": [
      -10,
      1000.0
    ],
    "n_phi_scan": 1200,
    "n_T_seeds": 3,
    "deltaX_target": 0.1,
    "x_eps": 0.001,
    "T_eps": 0.01,
    "deriv_order": 4,
    "phitol": 0.0001,
    "overlapAngle": 45.0,
    "Tn_Ttol": 0.01,
    "Tn_maxiter": 160,
    "include_zeroT_loops": true,
    "include_scalar_loops": true,
    "include_thermal": true,
    "include_scalar_thermal": true,
    "include_daisy": true,
    "renormalize_zeroT_loops": true,
    "thermal_approx": "spline"
  },
  "key_temperatures": {
    "Tn": 72.35830378328782,
    "Tc": 90.99259847074434,
    "Ts_false": 37.78493535155677,
    "Ts_true": 94.19943554687468,
    "S_at_Tn": 10130.106727367252,
    "S_over_Tn": 139.99922880595417,
    "false_phase_key": 2,
    "true_phase_key": 0,
    "phi_false_Tn": 4.0704253929518575e-05,
    "phi_true_Tn": 233.05088255320473,
    "vTn_over_Tn": 3.220789741716294,
    "Tc_minus_Tn_over_Tc": 0.20478912571606314
  },
  "gw_scales": {
    "gw_T_star_GeV": 72.35830378328782,
    "gw_alpha": 0.035635000118260415,
    "gw_beta_over_H": 873.5088717751746,
    "gw_v_w": 1.0,
    "gw_g_star": 106.75
  },
  "gw_peaks": {
    "sw": {
      "f_peak_mHz": 12.117215611000251,
      "f_peak_Hz": 0.012117215611000251,
      "omega_peak": 5.571460776203143e-16
    },
    "turb": {
      "f_peak_mHz": 20.74582813044975,
      "f_peak_Hz": 0.02074582813044975,
      "omega_peak": 4.048059537462371e-20
    },
    "coll": {
      "f_peak_mHz": NaN,
      "f_peak_Hz": NaN,
      "omega_peak": NaN
    },
    "total": {
      "f_peak_mHz": 12.117215611000251,
      "f_peak_Hz": 0.012117215611000251,
      "omega_peak": 5.571815887093921e-16
    }
  },
  "gw_run_parameters": {
    "g_star": 106.75,
    "v_w": 1.0,
    "epsilon_turb": 1.0,
    "frequency_unit": "mHz"
  },
  "S3": 10130.107232646265,
  "S3_over_T": 139.9992357889677,
  "bounce_diagnostics": {
    "label": "results_eft68_c6f23p00202_c8f45_f1000_mh125_Glauber_off",
    "C": NaN,
    "Lambda_GeV": NaN,
    "finiteT": null,
    "temperature_GeV": NaN,
    "phi_metaMin": 4.0704253929518575e-05,
    "phi_absMin": 233.05088255320473,
    "phi_bar": 117.50409136761964,
    "phi_top": 79.90710117054033,
    "V(phi_meta)": -70747549.99863751,
    "V(phi_true)": -88969045.76392606,
    "V(phi_top)": -69337720.05767654,
    "DeltaV_true_minus_meta": -18221495.765288547,
    "r0": 2.747427017249082e-06,
    "phi0": 226.0633878267122,
    "dphi0": -0.062137150619644456,
    "rscale_cubic": 0.02747427017249082,
    "rscale_curv": 0.0264809582369742,
    "wall_r_hi": 0.10805935932012271,
    "wall_thickness": 0.07646394182629959,
    "S_total": 10130.107232646265,
    "S_kin": 15183.982416918574,
    "S_pot": -5053.875184272309,
    "S_interior": 0.0,
    "S3_over_T": NaN,
    "beta_rscale": 36.39769113871751,
    "beta_curvature": 37.762985592798266,
    "beta_wall": 13.078059750982552,
    "Tn_from_transitionFinder_GeV": 72.35830378328782,
    "Tc_from_transitionFinder_GeV": 90.99259847074434,
    "T_spinodal_high_GeV": NaN,
    "T_spinodal_low_GeV": NaN,
    "gw_T_star_GeV": 72.35830378328782,
    "gw_alpha": 0.035635000118260415,
    "gw_beta_over_H": 873.5088717751746,
    "gw_R_star_times_H": NaN,
    "gw_Gamma_Tstar_GeV4": NaN,
    "gw_dT_for_beta_GeV": NaN,
    "gw_f_sw_peak_Hz": NaN,
    "gw_f_turb_peak_Hz": NaN,
    "gw_f_coll_peak_Hz": NaN,
    "gw_g_star": 106.75,
    "gw_v_w": 1.0,
    "omega_sw_peak": NaN,
    "omega_turb_peak": NaN,
    "omega_coll_peak": NaN,
    "omega_tot_peak": NaN
  }
}