{
  "label": "results_eft68_c6f21p17667_c8f45_f1000_mh125_Glauber_C3p2_Lambda1000",
  "model_parameters": {
    "c6_over_f2_TeV2": 1.1766666666666667,
    "c8_over_f4_TeV4": 5.0,
    "f_GeV": 1000.0,
    "m_h": 125.0,
    "v": 246.0,
    "m_w": 80.36,
    "m_z": 91.19,
    "m_t": 173.1,
    "use_glauber_measure": true,
    "C_glauber": 3.2,
    "Lambda_glauber": 1000.0
  },
  "derived_tree_coefficients": {
    "glauber_scheme": "counterterm_subtracted",
    "lambda_tree": -0.0051790471586145755,
    "mu2_tree_GeV2": 3472.51631173952,
    "a0_mean_field": 0.3326866649493464,
    "glauber_t0": 0.19365120000000002,
    "glauber_lambda_shift": 0.0,
    "glauber_mu2_shift_after_lambda_GeV2": 0.0,
    "lambda_tree_raw_glauber_equivalent": -0.40410687473578305,
    "mu2_tree_raw_glauber_equivalent_GeV2": 79854.4296022848,
    "combo_TeV2": 3.2610733333333335
  },
  "scan_parameters": {
    "T_min": 1.0,
    "T_max": 250.0,
    "phi_scan_range": [
      -10.0,
      559.0169943749474
    ],
    "n_phi_scan": 1200,
    "n_T_seeds": 3,
    "deltaX_target": 0.1,
    "x_eps": 0.001,
    "T_eps": 0.01,
    "deriv_order": 4,
    "phitol": 0.0001,
    "overlapAngle": 45.0,
    "Tn_Ttol": 0.01,
    "Tn_maxiter": 160,
    "include_zeroT_loops": true,
    "include_scalar_loops": true,
    "include_thermal": true,
    "include_scalar_thermal": true,
    "include_daisy": false,
    "renormalize_zeroT_loops": true,
    "thermal_approx": "spline"
  },
  "key_temperatures": {
    "Tn": 57.13519898812461,
    "Tc": 80.59438475840483,
    "Ts_false": 33.618610937494076,
    "Ts_true": 92.69230468749971,
    "S_at_Tn": 7999.2254482457065,
    "S_over_Tn": 140.00520852142867,
    "false_phase_key": 1,
    "true_phase_key": 0,
    "phi_false_Tn": -0.0003122869398257009,
    "phi_true_Tn": 240.54111225442537,
    "vTn_over_Tn": 4.210033683516551,
    "Tc_minus_Tn_over_Tc": 0.29107717418034845
  },
  "gw_scales": {
    "gw_T_star_GeV": 57.13519898812461,
    "gw_alpha": 0.08960211321142059,
    "gw_beta_over_H": 772.3492915975332,
    "gw_v_w": 1.0,
    "gw_g_star": 106.75
  },
  "gw_peaks": {
    "sw": {
      "f_peak_mHz": 8.510236278416366,
      "f_peak_Hz": 0.008510236278416367,
      "omega_peak": 8.424249364707881e-15
    },
    "turb": {
      "f_peak_mHz": 14.348197007390617,
      "f_peak_Hz": 0.014348197007390618,
      "omega_peak": 6.120803626494214e-19
    },
    "coll": {
      "f_peak_mHz": NaN,
      "f_peak_Hz": NaN,
      "omega_peak": NaN
    },
    "total": {
      "f_peak_mHz": 8.510236278416366,
      "f_peak_Hz": 0.008510236278416367,
      "omega_peak": 8.42478786273519e-15
    }
  },
  "gw_run_parameters": {
    "g_star": 106.75,
    "v_w": 1.0,
    "epsilon_turb": 1.0,
    "frequency_unit": "mHz"
  },
  "S3": 7999.214081695904,
  "S3_over_T": 140.00500958014547,
  "bounce_diagnostics": {
    "label": "results_eft68_c6f21p17667_c8f45_f1000_mh125_Glauber_C3p2_Lambda1000",
    "C": NaN,
    "Lambda_GeV": NaN,
    "finiteT": null,
    "temperature_GeV": NaN,
    "phi_metaMin": -0.0003122869398257009,
    "phi_absMin": 240.54111225442537,
    "phi_bar": 111.3174039391853,
    "phi_top": 77.00113033532067,
    "V(phi_meta)": -29277201.811908208,
    "V(phi_true)": -52064578.97140563,
    "V(phi_top)": -28312836.764346983,
    "DeltaV_true_minus_meta": -22787377.159497425,
    "r0": 3.201124061773073e-06,
    "phi0": 229.6685334400616,
    "dphi0": -0.12895765226207717,
    "rscale_cubic": 0.03201124061773073,
    "rscale_curv": 0.029138635753474983,
    "wall_r_hi": 0.10317866719560422,
    "wall_thickness": 0.08014403676634806,
    "S_total": 7999.214081695904,
    "S_kin": 11993.504239047314,
    "S_pot": -3994.2901573514123,
    "S_interior": 0.0,
    "S3_over_T": NaN,
    "beta_rscale": 31.23902668883471,
    "beta_curvature": 34.31868734296877,
    "beta_wall": 12.477534703117092,
    "Tn_from_transitionFinder_GeV": 57.13519898812461,
    "Tc_from_transitionFinder_GeV": 80.59438475840483,
    "T_spinodal_high_GeV": NaN,
    "T_spinodal_low_GeV": NaN,
    "gw_T_star_GeV": 57.13519898812461,
    "gw_alpha": 0.08960211321142059,
    "gw_beta_over_H": 772.3492915975332,
    "gw_R_star_times_H": NaN,
    "gw_Gamma_Tstar_GeV4": NaN,
    "gw_dT_for_beta_GeV": NaN,
    "gw_f_sw_peak_Hz": NaN,
    "gw_f_turb_peak_Hz": NaN,
    "gw_f_coll_peak_Hz": NaN,
    "gw_g_star": 106.75,
    "gw_v_w": 1.0,
    "omega_sw_peak": NaN,
    "omega_turb_peak": NaN,
    "omega_coll_peak": NaN,
    "omega_tot_peak": NaN
  }
}