{
  "label": "results_eft68_c6f20_c8f40_f512p051_mh125_Glauber_C3p81394_Lambda1000",
  "model_parameters": {
    "c6_over_f2_TeV2": 0.0,
    "c8_over_f4_TeV4": 0.0,
    "f_GeV": 512.0508674874449,
    "m_h": 125.0,
    "v": 246.0,
    "m_w": 80.36,
    "m_z": 91.19,
    "m_t": 173.1,
    "use_glauber_measure": true,
    "C_glauber": 3.813939393939394,
    "Lambda_glauber": 1000.0
  },
  "derived_tree_coefficients": {
    "glauber_scheme": "counterterm_subtracted",
    "lambda_tree": 0.12909808976138543,
    "mu2_tree_GeV2": 7812.5,
    "a0_mean_field": 0.3998252334093464,
    "glauber_t0": 0.23080435636363636,
    "glauber_lambda_shift": 0.0,
    "glauber_mu2_shift_after_lambda_GeV2": 0.0,
    "lambda_tree_raw_glauber_equivalent": -0.4936525845846926,
    "mu2_tree_raw_glauber_equivalent_GeV2": 95722.53279809111,
    "combo_TeV2": 0.0
  },
  "scan_parameters": {
    "T_min": 1.0,
    "T_max": 250.0,
    "phi_scan_range": [
      -10.0,
      512.0508674874449
    ],
    "n_phi_scan": 1200,
    "n_T_seeds": 3,
    "deltaX_target": 0.1,
    "x_eps": 0.001,
    "T_eps": 0.01,
    "deriv_order": 4,
    "phitol": 0.0001,
    "overlapAngle": 45.0,
    "Tn_Ttol": 0.01,
    "Tn_maxiter": 160,
    "include_zeroT_loops": true,
    "include_scalar_loops": true,
    "include_thermal": true,
    "include_scalar_thermal": true,
    "include_daisy": true,
    "renormalize_zeroT_loops": true,
    "thermal_approx": "spline"
  },
  "key_temperatures": {
    "Tn": 49.52264151792203,
    "Tc": 76.26970391345776,
    "Ts_false": 28.056524804681853,
    "Ts_true": 90.68522851562476,
    "S_at_Tn": 6934.358061956275,
    "S_over_Tn": 140.0239940643465,
    "false_phase_key": 1,
    "true_phase_key": 0,
    "phi_false_Tn": -0.00038176175081808955,
    "phi_true_Tn": 242.9887219651711,
    "vTn_over_Tn": 4.906618760980965,
    "Tc_minus_Tn_over_Tc": 0.35069052353848484
  },
  "gw_scales": {
    "gw_T_star_GeV": 49.52264151792203,
    "gw_alpha": 0.15278128885694306,
    "gw_beta_over_H": 339.3973863721721,
    "gw_v_w": 1.0,
    "gw_g_star": 106.75
  },
  "gw_peaks": {
    "sw": {
      "f_peak_mHz": 3.2328929644657234,
      "f_peak_Hz": 0.0032328929644657237,
      "omega_peak": 1.6538870967994652e-13
    },
    "turb": {
      "f_peak_mHz": 5.535020912234942,
      "f_peak_Hz": 0.005535020912234942,
      "omega_peak": 1.2016485575368491e-17
    },
    "coll": {
      "f_peak_mHz": NaN,
      "f_peak_Hz": NaN,
      "omega_peak": NaN
    },
    "total": {
      "f_peak_mHz": 3.2328929644657234,
      "f_peak_Hz": 0.0032328929644657237,
      "omega_peak": 1.653992680030768e-13
    }
  },
  "gw_run_parameters": {
    "g_star": 106.75,
    "v_w": 1.0,
    "epsilon_turb": 1.0,
    "frequency_unit": "mHz"
  },
  "S3": 6934.434807636903,
  "S3_over_T": 140.0255437732933,
  "bounce_diagnostics": {
    "label": "results_eft68_c6f20_c8f40_f512p051_mh125_Glauber_C3p81394_Lambda1000",
    "C": NaN,
    "Lambda_GeV": NaN,
    "finiteT": null,
    "temperature_GeV": NaN,
    "phi_metaMin": -0.00038176175081808955,
    "phi_absMin": 242.9887219651711,
    "phi_bar": 104.92413342090002,
    "phi_top": 73.00201260078259,
    "V(phi_meta)": -18655876.546622556,
    "V(phi_true)": -43144263.75985995,
    "V(phi_top)": -17975531.06454923,
    "DeltaV_true_minus_meta": -24488387.213237394,
    "r0": 3.6132393124629864e-06,
    "phi0": 227.97269343478496,
    "dphi0": -0.1972934153595269,
    "rscale_cubic": 0.03613239312462986,
    "rscale_curv": 0.03234097674918208,
    "wall_r_hi": 0.10324506249191416,
    "wall_thickness": 0.08577840644572161,
    "S_total": 6934.434807636903,
    "S_kin": 10393.056320935835,
    "S_pot": -3458.621513298931,
    "S_interior": 0.0,
    "S3_over_T": NaN,
    "beta_rscale": 27.67599689704317,
    "beta_curvature": 30.920533075260195,
    "beta_wall": 11.657945646644468,
    "Tn_from_transitionFinder_GeV": 49.52264151792203,
    "Tc_from_transitionFinder_GeV": 76.26970391345776,
    "T_spinodal_high_GeV": NaN,
    "T_spinodal_low_GeV": NaN,
    "gw_T_star_GeV": 49.52264151792203,
    "gw_alpha": 0.15278128885694306,
    "gw_beta_over_H": 339.3973863721721,
    "gw_R_star_times_H": NaN,
    "gw_Gamma_Tstar_GeV4": NaN,
    "gw_dT_for_beta_GeV": NaN,
    "gw_f_sw_peak_Hz": NaN,
    "gw_f_turb_peak_Hz": NaN,
    "gw_f_coll_peak_Hz": NaN,
    "gw_g_star": 106.75,
    "gw_v_w": 1.0,
    "omega_sw_peak": NaN,
    "omega_turb_peak": NaN,
    "omega_coll_peak": NaN,
    "omega_tot_peak": NaN
  }
}