{
  "label": "results_eft68_c6f23p21_c8f42_f1000_mh125_Glauber_off",
  "model_parameters": {
    "c6_over_f2_TeV2": 3.21,
    "c8_over_f4_TeV4": 2.0,
    "f_GeV": 1000.0,
    "m_h": 125.0,
    "v": 246.0,
    "m_w": 80.36,
    "m_z": 91.19,
    "m_t": 173.1,
    "use_glauber_measure": false,
    "C_glauber": 0.0,
    "Lambda_glauber": 1000.0
  },
  "scan_parameters": {
    "T_min": 1.0,
    "T_max": 250.0,
    "phi_scan_range": [
      -10,
      1000.0
    ],
    "n_phi_scan": 1200,
    "n_T_seeds": 3,
    "deltaX_target": 0.1,
    "x_eps": 0.001,
    "T_eps": 0.01,
    "deriv_order": 4,
    "phitol": 1e-05,
    "overlapAngle": 45.0,
    "Tn_Ttol": 0.001,
    "Tn_maxiter": 160,
    "include_zeroT_loops": true,
    "include_scalar_loops": true,
    "include_thermal": true,
    "include_scalar_thermal": true,
    "include_daisy": false,
    "renormalize_zeroT_loops": true,
    "thermal_approx": "spline"
  },
  "key_temperatures": {
    "Tn": 72.33399090318079,
    "Tc": 90.28199136550292,
    "Ts_false": 38.74047285155692,
    "Ts_true": 93.6761464843747,
    "S_at_Tn": 10128.048217677358,
    "S_over_Tn": 140.01782690566284,
    "false_phase_key": 2,
    "true_phase_key": 0,
    "phi_false_Tn": -3.772462935447889e-05,
    "phi_true_Tn": 232.55172603181745,
    "vTn_over_Tn": 3.2149715939645644,
    "Tc_minus_Tn_over_Tc": 0.19879934182732398
  },
  "gw_scales": {
    "gw_T_star_GeV": 72.33399090318079,
    "gw_alpha": 0.03628824746350344,
    "gw_beta_over_H": 711.5010754167698,
    "gw_v_w": 1.0,
    "gw_g_star": 106.75
  },
  "gw_peaks": {
    "sw": {
      "f_peak_mHz": 9.923477436927469,
      "f_peak_Hz": 0.009923477436927468,
      "omega_peak": 8.82941329834576e-16
    },
    "turb": {
      "f_peak_mHz": 16.73091141130181,
      "f_peak_Hz": 0.016730911411301813,
      "omega_peak": 6.41516004806413e-20
    },
    "coll": {
      "f_peak_mHz": NaN,
      "f_peak_Hz": NaN,
      "omega_peak": NaN
    },
    "total": {
      "f_peak_mHz": 9.923477436927469,
      "f_peak_Hz": 0.009923477436927468,
      "omega_peak": 8.829977645046085e-16
    }
  },
  "gw_run_parameters": {
    "g_star": 106.75,
    "v_w": 1.0,
    "epsilon_turb": 1.0,
    "frequency_unit": "mHz"
  },
  "S3": 10114.28503150283,
  "S3_over_T": 139.82755417215708,
  "bounce_diagnostics": {
    "label": "results_eft68_c6f23p21_c8f42_f1000_mh125_Glauber_off",
    "C": NaN,
    "Lambda_GeV": NaN,
    "finiteT": null,
    "temperature_GeV": NaN,
    "phi_metaMin": -3.772462935447889e-05,
    "phi_absMin": 232.55172603181745,
    "phi_bar": 117.0518928968989,
    "phi_top": 79.45029193667239,
    "V(phi_meta)": -69690698.74843176,
    "V(phi_true)": -87854159.52272403,
    "V(phi_top)": -68269155.8980629,
    "DeltaV_true_minus_meta": -18163460.774292275,
    "r0": 2.7204459432523296e-06,
    "phi0": 225.50875691025325,
    "dphi0": -0.06143401308531223,
    "rscale_cubic": 0.027204459432523295,
    "rscale_curv": 0.026031389961422097,
    "wall_r_hi": 0.10779864138300875,
    "wall_thickness": 0.07623265070293259,
    "S_total": 10114.28503150283,
    "S_kin": 15162.245398457684,
    "S_pot": -5047.960366954858,
    "S_interior": 0.0,
    "S3_over_T": NaN,
    "beta_rscale": 36.758679306984746,
    "beta_curvature": 38.415160829162424,
    "beta_wall": 13.117738800620389,
    "Tn_from_transitionFinder_GeV": 72.33399090318079,
    "Tc_from_transitionFinder_GeV": 90.28199136550292,
    "T_spinodal_high_GeV": NaN,
    "T_spinodal_low_GeV": NaN,
    "gw_T_star_GeV": 72.33399090318079,
    "gw_alpha": 0.03628824746350344,
    "gw_beta_over_H": 711.5010754167698,
    "gw_R_star_times_H": NaN,
    "gw_Gamma_Tstar_GeV4": NaN,
    "gw_dT_for_beta_GeV": NaN,
    "gw_f_sw_peak_Hz": NaN,
    "gw_f_turb_peak_Hz": NaN,
    "gw_f_coll_peak_Hz": NaN,
    "gw_g_star": 106.75,
    "gw_v_w": 1.0,
    "omega_sw_peak": NaN,
    "omega_turb_peak": NaN,
    "omega_coll_peak": NaN,
    "omega_tot_peak": NaN
  }
}