{
  "label": "results_eft68_c6f23p06263_c8f45_f1000_mh125_Glauber_off",
  "model_parameters": {
    "c6_over_f2_TeV2": 3.062626262626263,
    "c8_over_f4_TeV4": 5.0,
    "f_GeV": 1000.0,
    "m_h": 125.0,
    "v": 246.0,
    "m_w": 80.36,
    "m_z": 91.19,
    "m_t": 173.1,
    "use_glauber_measure": false,
    "C_glauber": 0.0,
    "Lambda_glauber": 1000.0
  },
  "derived_tree_coefficients": {
    "glauber_scheme": "counterterm_subtracted",
    "lambda_tree": -0.1763751435222509,
    "mu2_tree_GeV2": -1707.5351720313865,
    "a0_mean_field": 0.24708861676752822,
    "glauber_t0": 0.0,
    "glauber_lambda_shift": 0.0,
    "glauber_mu2_shift_after_lambda_GeV2": 0.0,
    "lambda_tree_raw_glauber_equivalent": -0.1763751435222509,
    "mu2_tree_raw_glauber_equivalent_GeV2": -1707.5351720313865,
    "combo_TeV2": 7.032992525252526
  },
  "scan_parameters": {
    "T_min": 1.0,
    "T_max": 250.0,
    "phi_scan_range": [
      -10,
      1000.0
    ],
    "n_phi_scan": 1200,
    "n_T_seeds": 3,
    "deltaX_target": 0.1,
    "x_eps": 0.001,
    "T_eps": 0.01,
    "deriv_order": 4,
    "phitol": 0.0001,
    "overlapAngle": 45.0,
    "Tn_Ttol": 0.01,
    "Tn_maxiter": 160,
    "include_zeroT_loops": true,
    "include_scalar_loops": true,
    "include_thermal": true,
    "include_scalar_thermal": true,
    "include_daisy": true,
    "renormalize_zeroT_loops": true,
    "thermal_approx": "spline"
  },
  "key_temperatures": {
    "Tn": 68.54543195333828,
    "Tc": 89.69717048736108,
    "Ts_false": 29.208636132806404,
    "Ts_true": 93.65523437499968,
    "S_at_Tn": 9596.946748436543,
    "S_over_Tn": 140.00855308592384,
    "false_phase_key": 2,
    "true_phase_key": 0,
    "phi_false_Tn": -5.217155600490428e-05,
    "phi_true_Tn": 235.43781663409806,
    "vTn_over_Tn": 3.434770340266735,
    "Tc_minus_Tn_over_Tc": 0.23581277334721742
  },
  "gw_scales": {
    "gw_T_star_GeV": 68.54543195333828,
    "gw_alpha": 0.04425517121513946,
    "gw_beta_over_H": 384.38222311692505,
    "gw_v_w": 1.0,
    "gw_g_star": 106.75
  },
  "gw_peaks": {
    "sw": {
      "f_peak_mHz": 5.047611311523601,
      "f_peak_Hz": 0.005047611311523602,
      "omega_peak": 5.21617385375087e-15
    },
    "turb": {
      "f_peak_mHz": 8.641991700066688,
      "f_peak_Hz": 0.008641991700066689,
      "omega_peak": 3.7899431297391854e-19
    },
    "coll": {
      "f_peak_mHz": NaN,
      "f_peak_Hz": NaN,
      "omega_peak": NaN
    },
    "total": {
      "f_peak_mHz": 5.047611311523601,
      "f_peak_Hz": 0.005047611311523602,
      "omega_peak": 5.2165062082532544e-15
    }
  },
  "gw_run_parameters": {
    "g_star": 106.75,
    "v_w": 1.0,
    "epsilon_turb": 1.0,
    "frequency_unit": "mHz"
  },
  "S3": 9597.1921874935,
  "S3_over_T": 140.01213376300126,
  "bounce_diagnostics": {
    "label": "results_eft68_c6f23p06263_c8f45_f1000_mh125_Glauber_off",
    "C": NaN,
    "Lambda_GeV": NaN,
    "finiteT": null,
    "temperature_GeV": NaN,
    "phi_metaMin": -5.217155600490428e-05,
    "phi_absMin": 235.43781663409806,
    "phi_bar": 117.0714458567014,
    "phi_top": 79.71197438756529,
    "V(phi_meta)": -56850908.39785203,
    "V(phi_true)": -76943564.21076179,
    "V(phi_top)": -55416969.46782658,
    "DeltaV_true_minus_meta": -20092655.812909752,
    "r0": 2.7175835035009463e-06,
    "phi0": 227.63661344812843,
    "dphi0": -0.07268957912943412,
    "rscale_cubic": 0.027175835035009463,
    "rscale_curv": 0.026655046079731525,
    "wall_r_hi": 0.10407858648886321,
    "wall_thickness": 0.07495745641053822,
    "S_total": 9597.1921874935,
    "S_kin": 14381.00454898446,
    "S_pot": -4783.812361490964,
    "S_interior": 0.0,
    "S3_over_T": NaN,
    "beta_rscale": 36.79739734627263,
    "beta_curvature": 37.51634922937695,
    "beta_wall": 13.34090093083002,
    "Tn_from_transitionFinder_GeV": 68.54543195333828,
    "Tc_from_transitionFinder_GeV": 89.69717048736108,
    "T_spinodal_high_GeV": NaN,
    "T_spinodal_low_GeV": NaN,
    "gw_T_star_GeV": 68.54543195333828,
    "gw_alpha": 0.04425517121513946,
    "gw_beta_over_H": 384.38222311692505,
    "gw_R_star_times_H": NaN,
    "gw_Gamma_Tstar_GeV4": NaN,
    "gw_dT_for_beta_GeV": NaN,
    "gw_f_sw_peak_Hz": NaN,
    "gw_f_turb_peak_Hz": NaN,
    "gw_f_coll_peak_Hz": NaN,
    "gw_g_star": 106.75,
    "gw_v_w": 1.0,
    "omega_sw_peak": NaN,
    "omega_turb_peak": NaN,
    "omega_coll_peak": NaN,
    "omega_tot_peak": NaN
  }
}