{
  "label": "results_eft68_c6f22p9697_c8f45_f1000_mh125_Glauber_off",
  "model_parameters": {
    "c6_over_f2_TeV2": 2.9696969696969697,
    "c8_over_f4_TeV4": 5.0,
    "f_GeV": 1000.0,
    "m_h": 125.0,
    "v": 246.0,
    "m_w": 80.36,
    "m_z": 91.19,
    "m_t": 173.1,
    "use_glauber_measure": false,
    "C_glauber": 0.0,
    "Lambda_glauber": 1000.0
  },
  "derived_tree_coefficients": {
    "glauber_scheme": "counterterm_subtracted",
    "lambda_tree": -0.16793957988588729,
    "mu2_tree_GeV2": -1452.2918875222977,
    "a0_mean_field": 0.25130639858571,
    "glauber_t0": 0.0,
    "glauber_lambda_shift": 0.0,
    "glauber_mu2_shift_after_lambda_GeV2": 0.0,
    "lambda_tree_raw_glauber_equivalent": -0.16793957988588729,
    "mu2_tree_raw_glauber_equivalent_GeV2": -1452.2918875222977,
    "combo_TeV2": 6.84713393939394
  },
  "scan_parameters": {
    "T_min": 1.0,
    "T_max": 250.0,
    "phi_scan_range": [
      -10,
      1000.0
    ],
    "n_phi_scan": 1200,
    "n_T_seeds": 3,
    "deltaX_target": 0.1,
    "x_eps": 0.001,
    "T_eps": 0.01,
    "deriv_order": 4,
    "phitol": 0.0001,
    "overlapAngle": 45.0,
    "Tn_Ttol": 0.01,
    "Tn_maxiter": 160,
    "include_zeroT_loops": true,
    "include_scalar_loops": true,
    "include_thermal": true,
    "include_scalar_thermal": true,
    "include_daisy": true,
    "renormalize_zeroT_loops": true,
    "thermal_approx": "spline"
  },
  "key_temperatures": {
    "Tn": 74.18669008306578,
    "Tc": 91.67855258147216,
    "Ts_false": 41.713883007807105,
    "Ts_true": 94.49366406249968,
    "S_at_Tn": 10394.705879739018,
    "S_over_Tn": 140.11550950851444,
    "false_phase_key": 2,
    "true_phase_key": 0,
    "phi_false_Tn": -5.5097711565739116e-05,
    "phi_true_Tn": 231.7642992177809,
    "vTn_over_Tn": 3.1240684677841495,
    "Tc_minus_Tn_over_Tc": 0.19079557874631417
  },
  "gw_scales": {
    "gw_T_star_GeV": 74.18669008306578,
    "gw_alpha": 0.03224475145764924,
    "gw_beta_over_H": 655.6816196454917,
    "gw_v_w": 1.0,
    "gw_g_star": 106.75
  },
  "gw_peaks": {
    "sw": {
      "f_peak_mHz": 9.33200535103738,
      "f_peak_Hz": 0.009332005351037379,
      "omega_peak": 7.4961720067402115e-16
    },
    "turb": {
      "f_peak_mHz": 15.977282681122281,
      "f_peak_Hz": 0.015977282681122282,
      "omega_peak": 5.446468715277352e-20
    },
    "coll": {
      "f_peak_mHz": NaN,
      "f_peak_Hz": NaN,
      "omega_peak": NaN
    },
    "total": {
      "f_peak_mHz": 9.33200535103738,
      "f_peak_Hz": 0.009332005351037379,
      "omega_peak": 7.496649957511361e-16
    }
  },
  "gw_run_parameters": {
    "g_star": 106.75,
    "v_w": 1.0,
    "epsilon_turb": 1.0,
    "frequency_unit": "mHz"
  },
  "S3": 10394.82483681688,
  "S3_over_T": 140.11711299126492,
  "bounce_diagnostics": {
    "label": "results_eft68_c6f22p9697_c8f45_f1000_mh125_Glauber_off",
    "C": NaN,
    "Lambda_GeV": NaN,
    "finiteT": null,
    "temperature_GeV": NaN,
    "phi_metaMin": -5.5097711565739116e-05,
    "phi_absMin": 231.7642992177809,
    "phi_bar": 117.49959111715765,
    "phi_top": 79.74104130729611,
    "V(phi_meta)": -78254946.13608345,
    "V(phi_true)": -95570452.67908874,
    "V(phi_top)": -76868387.57322906,
    "DeltaV_true_minus_meta": -17315506.543005288,
    "r0": 2.7646328807133347e-06,
    "phi0": 225.10473842998417,
    "dphi0": -0.05767158314444155,
    "rscale_cubic": 0.027646328807133348,
    "rscale_curv": 0.026485157604484662,
    "wall_r_hi": 0.11017447232334647,
    "wall_thickness": 0.0773669559136901,
    "S_total": 10394.82483681688,
    "S_kin": 15581.325002831423,
    "S_pot": -5186.50016601454,
    "S_interior": 0.0,
    "S3_over_T": NaN,
    "beta_rscale": 36.1711678601601,
    "beta_curvature": 37.756997143855166,
    "beta_wall": 12.92541483880523,
    "Tn_from_transitionFinder_GeV": 74.18669008306578,
    "Tc_from_transitionFinder_GeV": 91.67855258147216,
    "T_spinodal_high_GeV": NaN,
    "T_spinodal_low_GeV": NaN,
    "gw_T_star_GeV": 74.18669008306578,
    "gw_alpha": 0.03224475145764924,
    "gw_beta_over_H": 655.6816196454917,
    "gw_R_star_times_H": NaN,
    "gw_Gamma_Tstar_GeV4": NaN,
    "gw_dT_for_beta_GeV": NaN,
    "gw_f_sw_peak_Hz": NaN,
    "gw_f_turb_peak_Hz": NaN,
    "gw_f_coll_peak_Hz": NaN,
    "gw_g_star": 106.75,
    "gw_v_w": 1.0,
    "omega_sw_peak": NaN,
    "omega_turb_peak": NaN,
    "omega_coll_peak": NaN,
    "omega_tot_peak": NaN
  }
}