{
  "label": "results_eft68_c6f23p40606_c8f40_f1000_mh125_Glauber_off",
  "model_parameters": {
    "c6_over_f2_TeV2": 3.4060606060606062,
    "c8_over_f4_TeV4": 0.0,
    "f_GeV": 1000.0,
    "m_h": 125.0,
    "v": 246.0,
    "m_w": 80.36,
    "m_z": 91.19,
    "m_t": 173.1,
    "use_glauber_measure": false,
    "C_glauber": 0.0,
    "Lambda_glauber": 1000.0
  },
  "derived_tree_coefficients": {
    "glauber_scheme": "counterterm_subtracted",
    "lambda_tree": -0.18008365569315998,
    "mu2_tree_GeV2": -1542.7212539636348,
    "a0_mean_field": 0.2452343606820737,
    "glauber_t0": 0.0,
    "glauber_lambda_shift": 0.0,
    "glauber_mu2_shift_after_lambda_GeV2": 0.0,
    "lambda_tree_raw_glauber_equivalent": -0.18008365569315998,
    "mu2_tree_raw_glauber_equivalent_GeV2": -1542.7212539636348,
    "combo_TeV2": 6.8121212121212125
  },
  "scan_parameters": {
    "T_min": 1.0,
    "T_max": 250.0,
    "phi_scan_range": [
      -10,
      1000.0
    ],
    "n_phi_scan": 1200,
    "n_T_seeds": 3,
    "deltaX_target": 0.1,
    "x_eps": 0.001,
    "T_eps": 0.01,
    "deriv_order": 4,
    "phitol": 0.0001,
    "overlapAngle": 45.0,
    "Tn_Ttol": 0.01,
    "Tn_maxiter": 160,
    "include_zeroT_loops": true,
    "include_scalar_loops": true,
    "include_thermal": true,
    "include_scalar_thermal": true,
    "include_daisy": false,
    "renormalize_zeroT_loops": true,
    "thermal_approx": "spline"
  },
  "key_temperatures": {
    "Tn": 70.24429671256894,
    "Tc": 89.67670746812438,
    "Ts_false": 32.78621171874384,
    "Ts_true": 93.62605468749969,
    "S_at_Tn": 9834.139293657769,
    "S_over_Tn": 139.99911386255118,
    "false_phase_key": 2,
    "true_phase_key": 0,
    "phi_false_Tn": -4.861642592559257e-05,
    "phi_true_Tn": 233.99646184996024,
    "vTn_over_Tn": 3.331180932844201,
    "Tc_minus_Tn_over_Tc": 0.21669407033551824
  },
  "gw_scales": {
    "gw_T_star_GeV": 70.24429671256894,
    "gw_alpha": 0.04101645573010113,
    "gw_beta_over_H": 666.8053449568346,
    "gw_v_w": 1.0,
    "gw_g_star": 106.75
  },
  "gw_peaks": {
    "sw": {
      "f_peak_mHz": 9.049623796282821,
      "f_peak_Hz": 0.009049623796282822,
      "omega_peak": 1.4079717980236807e-15
    },
    "turb": {
      "f_peak_mHz": 15.25760047357916,
      "f_peak_Hz": 0.01525760047357916,
      "omega_peak": 1.0230322218855126e-19
    },
    "coll": {
      "f_peak_mHz": NaN,
      "f_peak_Hz": NaN,
      "omega_peak": NaN
    },
    "total": {
      "f_peak_mHz": 9.049623796282821,
      "f_peak_Hz": 0.009049623796282822,
      "omega_peak": 1.4080618811443933e-15
    }
  },
  "gw_run_parameters": {
    "g_star": 106.75,
    "v_w": 1.0,
    "epsilon_turb": 1.0,
    "frequency_unit": "mHz"
  },
  "S3": 9834.133379356163,
  "S3_over_T": 139.99902966636895,
  "bounce_diagnostics": {
    "label": "results_eft68_c6f23p40606_c8f40_f1000_mh125_Glauber_off",
    "C": NaN,
    "Lambda_GeV": NaN,
    "finiteT": null,
    "temperature_GeV": NaN,
    "phi_metaMin": -4.861642592559257e-05,
    "phi_absMin": 233.99646184996024,
    "phi_bar": 117.04031342257763,
    "phi_top": 79.6122431299719,
    "V(phi_meta)": -61904931.39545296,
    "V(phi_true)": -81303387.76531914,
    "V(phi_top)": -60431484.590069056,
    "DeltaV_true_minus_meta": -19398456.369866177,
    "r0": 2.6775480295954225e-06,
    "phi0": 226.58325818843227,
    "dphi0": -0.06626941783139222,
    "rscale_cubic": 0.026775480295954224,
    "rscale_curv": 0.02575708171370453,
    "wall_r_hi": 0.10489391512868103,
    "wall_thickness": 0.0746863896449004,
    "S_total": 9834.133379356163,
    "S_kin": 14774.587727361399,
    "S_pot": -4940.454348005238,
    "S_interior": 0.0,
    "S3_over_T": NaN,
    "beta_rscale": 37.347602692718084,
    "beta_curvature": 38.82427484497144,
    "beta_wall": 13.389320393642567,
    "Tn_from_transitionFinder_GeV": 70.24429671256894,
    "Tc_from_transitionFinder_GeV": 89.67670746812438,
    "T_spinodal_high_GeV": NaN,
    "T_spinodal_low_GeV": NaN,
    "gw_T_star_GeV": 70.24429671256894,
    "gw_alpha": 0.04101645573010113,
    "gw_beta_over_H": 666.8053449568346,
    "gw_R_star_times_H": NaN,
    "gw_Gamma_Tstar_GeV4": NaN,
    "gw_dT_for_beta_GeV": NaN,
    "gw_f_sw_peak_Hz": NaN,
    "gw_f_turb_peak_Hz": NaN,
    "gw_f_coll_peak_Hz": NaN,
    "gw_g_star": 106.75,
    "gw_v_w": 1.0,
    "omega_sw_peak": NaN,
    "omega_turb_peak": NaN,
    "omega_coll_peak": NaN,
    "omega_tot_peak": NaN
  }
}