{
  "lambda_tree": -0.1871701453106146,
  "mu2_tree": -2200.3859837447694,
  "a0_mean_field": 0.2416911158733464,
  "combo_TeV2": 7.452384,
  "upper_c6_over_f2_TeV2_from_Eq_2_14": 3.540385095689914,
  "passes_Eq_2_14": true,
  "passes_EFT_tree_condition_Vv_lower_than_v_to_f": true,
  "min_after_v_tree": -14970023.822570883,
  "V_tree_v": -14970076.439011011,
  "sampled_min_phi_full_zeroT": 246.08202734244747,
  "sampled_min_deltaV_full_zeroT": -14970023.822570883,
  "dV_at_v_numeric": 5.496871790174788,
  "d2V_at_v_numeric": 15625.051048991985,
  "mh2_target": 15625.0
}