{
  "label": "results_eft68_c6f23p28_c8f42_f1000_mh125_Glauber_off",
  "model_parameters": {
    "c6_over_f2_TeV2": 3.2800000000000002,
    "c8_over_f4_TeV4": 2.0,
    "f_GeV": 1000.0,
    "m_h": 125.0,
    "v": 246.0,
    "m_w": 80.36,
    "m_z": 91.19,
    "m_t": 173.1,
    "use_glauber_measure": false,
    "C_glauber": 0.0,
    "Lambda_glauber": 1000.0
  },
  "scan_parameters": {
    "T_min": 1.0,
    "T_max": 250.0,
    "phi_scan_range": [
      -10,
      1000.0
    ],
    "n_phi_scan": 1200,
    "n_T_seeds": 3,
    "deltaX_target": 0.1,
    "x_eps": 0.001,
    "T_eps": 0.01,
    "deriv_order": 4,
    "phitol": 1e-05,
    "overlapAngle": 45.0,
    "Tn_Ttol": 0.001,
    "Tn_maxiter": 160,
    "include_zeroT_loops": true,
    "include_scalar_loops": true,
    "include_thermal": true,
    "include_scalar_thermal": true,
    "include_daisy": false,
    "renormalize_zeroT_loops": true,
    "thermal_approx": "spline"
  },
  "key_temperatures": {
    "Tn": 68.16056582760758,
    "Tc": 88.82668994811365,
    "Ts_false": 29.41488789061897,
    "Ts_true": 93.0560781249997,
    "S_at_Tn": 9542.513353049246,
    "S_over_Tn": 140.0005008348122,
    "false_phase_key": 2,
    "true_phase_key": 0,
    "phi_false_Tn": -4.1197471559894904e-05,
    "phi_true_Tn": 235.2417837084814,
    "vTn_over_Tn": 3.451288598505144,
    "Tc_minus_Tn_over_Tc": 0.23265669510569148
  },
  "gw_scales": {
    "gw_T_star_GeV": 68.16056582760758,
    "gw_alpha": 0.0459998194175101,
    "gw_beta_over_H": 673.4502688206471,
    "gw_v_w": 1.0,
    "gw_g_star": 106.75
  },
  "gw_peaks": {
    "sw": {
      "f_peak_mHz": 8.775786958281639,
      "f_peak_Hz": 0.008775786958281639,
      "omega_peak": 1.8880649117593062e-15
    },
    "turb": {
      "f_peak_mHz": 15.024983774380862,
      "f_peak_Hz": 0.015024983774380862,
      "omega_peak": 1.3718577150537348e-19
    },
    "coll": {
      "f_peak_mHz": NaN,
      "f_peak_Hz": NaN,
      "omega_peak": NaN
    },
    "total": {
      "f_peak_mHz": 8.775786958281639,
      "f_peak_Hz": 0.008775786958281639,
      "omega_peak": 1.888185093747483e-15
    }
  },
  "gw_run_parameters": {
    "g_star": 106.75,
    "v_w": 1.0,
    "epsilon_turb": 1.0,
    "frequency_unit": "mHz"
  },
  "S3": 9532.557463476394,
  "S3_over_T": 139.8544355923664,
  "bounce_diagnostics": {
    "label": "results_eft68_c6f23p28_c8f42_f1000_mh125_Glauber_off",
    "C": NaN,
    "Lambda_GeV": NaN,
    "finiteT": null,
    "temperature_GeV": NaN,
    "phi_metaMin": -4.1197471559894904e-05,
    "phi_absMin": 235.2417837084814,
    "phi_bar": 116.67468838570824,
    "phi_top": 79.47739682378659,
    "V(phi_meta)": -54810715.148711056,
    "V(phi_true)": -75066470.95840296,
    "V(phi_top)": -53356019.913722716,
    "DeltaV_true_minus_meta": -20255755.809691906,
    "r0": 2.6901854888568894e-06,
    "phi0": 227.31842988271515,
    "dphi0": -0.07291882999825552,
    "rscale_cubic": 0.026901854888568895,
    "rscale_curv": 0.026195659236361184,
    "wall_r_hi": 0.10337095599630892,
    "wall_thickness": 0.074494237565328,
    "S_total": 9532.557463476394,
    "S_kin": 14303.927523453181,
    "S_pot": -4771.37005997679,
    "S_interior": 0.0,
    "S3_over_T": NaN,
    "beta_rscale": 37.1721579847239,
    "beta_curvature": 38.1742645045551,
    "beta_wall": 13.423857102008009,
    "Tn_from_transitionFinder_GeV": 68.16056582760758,
    "Tc_from_transitionFinder_GeV": 88.82668994811365,
    "T_spinodal_high_GeV": NaN,
    "T_spinodal_low_GeV": NaN,
    "gw_T_star_GeV": 68.16056582760758,
    "gw_alpha": 0.0459998194175101,
    "gw_beta_over_H": 673.4502688206471,
    "gw_R_star_times_H": NaN,
    "gw_Gamma_Tstar_GeV4": NaN,
    "gw_dT_for_beta_GeV": NaN,
    "gw_f_sw_peak_Hz": NaN,
    "gw_f_turb_peak_Hz": NaN,
    "gw_f_coll_peak_Hz": NaN,
    "gw_g_star": 106.75,
    "gw_v_w": 1.0,
    "omega_sw_peak": NaN,
    "omega_turb_peak": NaN,
    "omega_coll_peak": NaN,
    "omega_tot_peak": NaN
  }
}