{
  "label": "results_eft68_c6f23p20404_c8f40_f1000_mh125_Glauber_off",
  "model_parameters": {
    "c6_over_f2_TeV2": 3.2040404040404042,
    "c8_over_f4_TeV4": 0.0,
    "f_GeV": 1000.0,
    "m_h": 125.0,
    "v": 246.0,
    "m_w": 80.36,
    "m_z": 91.19,
    "m_t": 173.1,
    "use_glauber_measure": false,
    "C_glauber": 0.0,
    "Lambda_glauber": 1000.0
  },
  "derived_tree_coefficients": {
    "glauber_scheme": "counterterm_subtracted",
    "lambda_tree": -0.16174547387497823,
    "mu2_tree_GeV2": -987.8445485090924,
    "a0_mean_field": 0.25440345159116456,
    "glauber_t0": 0.0,
    "glauber_lambda_shift": 0.0,
    "glauber_mu2_shift_after_lambda_GeV2": 0.0,
    "lambda_tree_raw_glauber_equivalent": -0.16174547387497823,
    "mu2_tree_raw_glauber_equivalent_GeV2": -987.8445485090924,
    "combo_TeV2": 6.4080808080808085
  },
  "scan_parameters": {
    "T_min": 1.0,
    "T_max": 250.0,
    "phi_scan_range": [
      -10,
      1000.0
    ],
    "n_phi_scan": 1200,
    "n_T_seeds": 3,
    "deltaX_target": 0.1,
    "x_eps": 0.001,
    "T_eps": 0.01,
    "deriv_order": 4,
    "phitol": 0.0001,
    "overlapAngle": 45.0,
    "Tn_Ttol": 0.01,
    "Tn_maxiter": 160,
    "include_zeroT_loops": true,
    "include_scalar_loops": true,
    "include_thermal": true,
    "include_scalar_thermal": true,
    "include_daisy": true,
    "renormalize_zeroT_loops": true,
    "thermal_approx": "spline"
  },
  "key_temperatures": {
    "Tn": 82.37418617009173,
    "Tc": 95.4971557144416,
    "Ts_false": 56.039893749995706,
    "Ts_true": 96.74439062499964,
    "S_at_Tn": 11540.064060606064,
    "S_over_Tn": 140.09320877267749,
    "false_phase_key": 2,
    "true_phase_key": 0,
    "phi_false_Tn": -5.190798878713343e-05,
    "phi_true_Tn": 224.86049601618672,
    "vTn_over_Tn": 2.7297446745255813,
    "Tc_minus_Tn_over_Tc": 0.13741738637316656
  },
  "gw_scales": {
    "gw_T_star_GeV": 82.37418617009173,
    "gw_alpha": 0.021334231738759937,
    "gw_beta_over_H": 1077.5076499005536,
    "gw_v_w": 1.0,
    "gw_g_star": 106.75
  },
  "gw_peaks": {
    "sw": {
      "f_peak_mHz": 16.989939270866806,
      "f_peak_Hz": 0.016989939270866807,
      "omega_peak": 8.71842454311228e-17
    },
    "turb": {
      "f_peak_mHz": 29.088395500712377,
      "f_peak_Hz": 0.029088395500712377,
      "omega_peak": 6.334652095273506e-21
    },
    "coll": {
      "f_peak_mHz": NaN,
      "f_peak_Hz": NaN,
      "omega_peak": NaN
    },
    "total": {
      "f_peak_mHz": 16.989939270866806,
      "f_peak_Hz": 0.016989939270866807,
      "omega_peak": 8.718979825298408e-17
    }
  },
  "gw_run_parameters": {
    "g_star": 106.75,
    "v_w": 1.0,
    "epsilon_turb": 1.0,
    "frequency_unit": "mHz"
  },
  "S3": 11540.13220639655,
  "S3_over_T": 140.09403604386105,
  "bounce_diagnostics": {
    "label": "results_eft68_c6f23p20404_c8f40_f1000_mh125_Glauber_off",
    "C": NaN,
    "Lambda_GeV": NaN,
    "finiteT": null,
    "temperature_GeV": NaN,
    "phi_metaMin": -5.190798878713343e-05,
    "phi_absMin": 224.86049601618672,
    "phi_bar": 116.55436756874823,
    "phi_top": 77.46277331097649,
    "V(phi_meta)": -119489406.24125756,
    "V(phi_true)": -133054050.22490834,
    "V(phi_top)": -118223032.62975004,
    "DeltaV_true_minus_meta": -13564643.983650774,
    "r0": 2.810197099611746e-06,
    "phi0": 219.35615764614934,
    "dphi0": -0.04085589573765089,
    "rscale_cubic": 0.028101970996117456,
    "rscale_curv": 0.026548240444233328,
    "wall_r_hi": 0.12017997746670862,
    "wall_thickness": 0.08170123398087126,
    "S_total": 11540.13220639655,
    "S_kin": 17287.041563487324,
    "S_pot": -5746.909357090771,
    "S_interior": 0.0,
    "S3_over_T": NaN,
    "beta_rscale": 35.58469262309605,
    "beta_curvature": 37.66727949885066,
    "beta_wall": 12.239717214480878,
    "Tn_from_transitionFinder_GeV": 82.37418617009173,
    "Tc_from_transitionFinder_GeV": 95.4971557144416,
    "T_spinodal_high_GeV": NaN,
    "T_spinodal_low_GeV": NaN,
    "gw_T_star_GeV": 82.37418617009173,
    "gw_alpha": 0.021334231738759937,
    "gw_beta_over_H": 1077.5076499005536,
    "gw_R_star_times_H": NaN,
    "gw_Gamma_Tstar_GeV4": NaN,
    "gw_dT_for_beta_GeV": NaN,
    "gw_f_sw_peak_Hz": NaN,
    "gw_f_turb_peak_Hz": NaN,
    "gw_f_coll_peak_Hz": NaN,
    "gw_g_star": 106.75,
    "gw_v_w": 1.0,
    "omega_sw_peak": NaN,
    "omega_turb_peak": NaN,
    "omega_coll_peak": NaN,
    "omega_tot_peak": NaN
  }
}