{
  "label": "results_eft68_c6f20_c8f40_f520p814_mh125_Glauber_C3p68667_Lambda1000",
  "model_parameters": {
    "c6_over_f2_TeV2": 0.0,
    "c8_over_f4_TeV4": 0.0,
    "f_GeV": 520.8144963441109,
    "m_h": 125.0,
    "v": 246.0,
    "m_w": 80.36,
    "m_z": 91.19,
    "m_t": 173.1,
    "use_glauber_measure": true,
    "C_glauber": 3.686666666666667,
    "Lambda_glauber": 1000.0
  },
  "derived_tree_coefficients": {
    "glauber_scheme": "counterterm_subtracted",
    "lambda_tree": 0.12909808976138543,
    "mu2_tree_GeV2": 7812.5,
    "a0_mean_field": 0.3998252334093464,
    "glauber_t0": 0.22310232000000002,
    "glauber_lambda_shift": 0.0,
    "glauber_mu2_shift_after_lambda_GeV2": 0.0,
    "lambda_tree_raw_glauber_equivalent": -0.4413030159204931,
    "mu2_tree_raw_glauber_equivalent_GeV2": 93495.7239598989,
    "combo_TeV2": 0.0
  },
  "scan_parameters": {
    "T_min": 1.0,
    "T_max": 250.0,
    "phi_scan_range": [
      -10.0,
      520.8144963441109
    ],
    "n_phi_scan": 1200,
    "n_T_seeds": 3,
    "deltaX_target": 0.1,
    "x_eps": 0.001,
    "T_eps": 0.01,
    "deriv_order": 4,
    "phitol": 0.0001,
    "overlapAngle": 45.0,
    "Tn_Ttol": 0.01,
    "Tn_maxiter": 160,
    "include_zeroT_loops": true,
    "include_scalar_loops": true,
    "include_thermal": true,
    "include_scalar_thermal": true,
    "include_daisy": true,
    "renormalize_zeroT_loops": true,
    "thermal_approx": "spline"
  },
  "key_temperatures": {
    "Tn": 72.09755883986037,
    "Tc": 85.07553192465079,
    "Ts_false": 60.503996874996446,
    "Ts_true": 94.4581621093747,
    "S_at_Tn": 10094.142080289146,
    "S_over_Tn": 140.00671094439923,
    "false_phase_key": 1,
    "true_phase_key": 0,
    "phi_false_Tn": -0.00030167878846899983,
    "phi_true_Tn": 233.80164626240537,
    "vTn_over_Tn": 3.2428510760220655,
    "Tc_minus_Tn_over_Tc": 0.15254648182846128
  },
  "gw_scales": {
    "gw_T_star_GeV": 72.09755883986037,
    "gw_alpha": 0.03744536531425217,
    "gw_beta_over_H": 1363.1348422482977,
    "gw_v_w": 1.0,
    "gw_g_star": 106.75
  },
  "gw_peaks": {
    "sw": {
      "f_peak_mHz": 18.918966775122765,
      "f_peak_Hz": 0.018918966775122767,
      "omega_peak": 2.623064719950505e-16
    },
    "turb": {
      "f_peak_mHz": 32.39107446153521,
      "f_peak_Hz": 0.03239107446153521,
      "omega_peak": 1.9058159196495662e-20
    },
    "coll": {
      "f_peak_mHz": NaN,
      "f_peak_Hz": NaN,
      "omega_peak": NaN
    },
    "total": {
      "f_peak_mHz": 18.918966775122765,
      "f_peak_Hz": 0.018918966775122767,
      "omega_peak": 2.6232322428035134e-16
    }
  },
  "gw_run_parameters": {
    "g_star": 106.75,
    "v_w": 1.0,
    "epsilon_turb": 1.0,
    "frequency_unit": "mHz"
  },
  "S3": 10094.136772914373,
  "S3_over_T": 140.00663733060622,
  "bounce_diagnostics": {
    "label": "results_eft68_c6f20_c8f40_f520p814_mh125_Glauber_C3p68667_Lambda1000",
    "C": NaN,
    "Lambda_GeV": NaN,
    "finiteT": null,
    "temperature_GeV": NaN,
    "phi_metaMin": -0.00030167878846899983,
    "phi_absMin": 233.80164626240537,
    "phi_bar": 115.67440728341859,
    "phi_top": 78.93838998398084,
    "V(phi_meta)": -76835619.84375826,
    "V(phi_true)": -92450078.33824094,
    "V(phi_top)": -76011198.35004666,
    "DeltaV_true_minus_meta": -15614458.494482681,
    "r0": 3.5492749665399095e-06,
    "phi0": 227.29428340896416,
    "dphi0": -0.07176221620430574,
    "rscale_cubic": 0.035492749665399094,
    "rscale_curv": 0.033660945599399306,
    "wall_r_hi": 0.12156091289740935,
    "wall_thickness": 0.08806319805152409,
    "S_total": 10094.136772914373,
    "S_kin": 15118.705293548337,
    "S_pot": -5024.568520633963,
    "S_interior": 0.0,
    "S3_over_T": NaN,
    "beta_rscale": 28.174768352052265,
    "beta_curvature": 29.708017494480224,
    "beta_wall": 11.355481314849811,
    "Tn_from_transitionFinder_GeV": 72.09755883986037,
    "Tc_from_transitionFinder_GeV": 85.07553192465079,
    "T_spinodal_high_GeV": NaN,
    "T_spinodal_low_GeV": NaN,
    "gw_T_star_GeV": 72.09755883986037,
    "gw_alpha": 0.03744536531425217,
    "gw_beta_over_H": 1363.1348422482977,
    "gw_R_star_times_H": NaN,
    "gw_Gamma_Tstar_GeV4": NaN,
    "gw_dT_for_beta_GeV": NaN,
    "gw_f_sw_peak_Hz": NaN,
    "gw_f_turb_peak_Hz": NaN,
    "gw_f_coll_peak_Hz": NaN,
    "gw_g_star": 106.75,
    "gw_v_w": 1.0,
    "omega_sw_peak": NaN,
    "omega_turb_peak": NaN,
    "omega_coll_peak": NaN,
    "omega_tot_peak": NaN
  }
}