{
  "lambda_tree": 0.12909808976138543,
  "mu2_tree": 7812.5,
  "a0_mean_field": 0.3998252334093464,
  "combo_TeV2": 0.0,
  "upper_c6_over_f2_TeV2_from_Eq_2_14": 4.266577095689914,
  "passes_Eq_2_14": true,
  "passes_EFT_tree_condition_Vv_lower_than_v_to_f": true,
  "min_after_v_tree": -118195085.25882466,
  "V_tree_v": -118195312.5,
  "sampled_min_phi_full_zeroT": 245.91512607616042,
  "sampled_min_deltaV_full_zeroT": -35120072.3526067,
  "dV_at_v_numeric": 4.845260089732768,
  "d2V_at_v_numeric": 15625.043359778832,
  "mh2_target": 15625.0
}