{
  "label": "results_eft68_c6f20_c8f40_f510p633_mh125_Glauber_C3p83515_Lambda1000",
  "model_parameters": {
    "c6_over_f2_TeV2": 0.0,
    "c8_over_f4_TeV4": 0.0,
    "f_GeV": 510.6328341155362,
    "m_h": 125.0,
    "v": 246.0,
    "m_w": 80.36,
    "m_z": 91.19,
    "m_t": 173.1,
    "use_glauber_measure": true,
    "C_glauber": 3.8351515151515154,
    "Lambda_glauber": 1000.0
  },
  "derived_tree_coefficients": {
    "glauber_scheme": "counterterm_subtracted",
    "lambda_tree": 0.12909808976138543,
    "mu2_tree_GeV2": 7812.5,
    "a0_mean_field": 0.3998252334093464,
    "glauber_t0": 0.23208802909090911,
    "glauber_lambda_shift": 0.0,
    "glauber_mu2_shift_after_lambda_GeV2": 0.0,
    "lambda_tree_raw_glauber_equivalent": -0.5027060107181949,
    "mu2_tree_raw_glauber_equivalent_GeV2": 96084.30940268138,
    "combo_TeV2": 0.0
  },
  "scan_parameters": {
    "T_min": 1.0,
    "T_max": 250.0,
    "phi_scan_range": [
      -10.0,
      510.6328341155362
    ],
    "n_phi_scan": 1200,
    "n_T_seeds": 3,
    "deltaX_target": 0.1,
    "x_eps": 0.001,
    "T_eps": 0.01,
    "deriv_order": 4,
    "phitol": 0.0001,
    "overlapAngle": 45.0,
    "Tn_Ttol": 0.01,
    "Tn_maxiter": 160,
    "include_zeroT_loops": true,
    "include_scalar_loops": true,
    "include_thermal": true,
    "include_scalar_thermal": true,
    "include_daisy": true,
    "renormalize_zeroT_loops": true,
    "thermal_approx": "spline"
  },
  "key_temperatures": {
    "Tn": 41.316051418690485,
    "Tc": 74.61675244428872,
    "Ts_false": 15.434899609369992,
    "Ts_true": 90.07877734374976,
    "S_at_Tn": 5783.301547400682,
    "S_over_Tn": 139.9771117717324,
    "false_phase_key": 1,
    "true_phase_key": 0,
    "phi_false_Tn": -0.0004265585415047521,
    "phi_true_Tn": 244.40312262078683,
    "vTn_over_Tn": 5.915452087713884,
    "Tc_minus_Tn_over_Tc": 0.44628987371785733
  },
  "gw_scales": {
    "gw_T_star_GeV": 41.316051418690485,
    "gw_alpha": 0.3072861031677624,
    "gw_beta_over_H": 135.9489409807395,
    "gw_v_w": 1.0,
    "gw_g_star": 106.75
  },
  "gw_peaks": {
    "sw": {
      "f_peak_mHz": 1.0860835087360823,
      "f_peak_Hz": 0.0010860835087360824,
      "omega_peak": 5.026835278377978e-12
    },
    "turb": {
      "f_peak_mHz": 1.8311289651670177,
      "f_peak_Hz": 0.0018311289651670177,
      "omega_peak": 3.6525741717798847e-16
    },
    "coll": {
      "f_peak_mHz": NaN,
      "f_peak_Hz": NaN,
      "omega_peak": NaN
    },
    "total": {
      "f_peak_mHz": 1.0860835087360823,
      "f_peak_Hz": 0.0010860835087360824,
      "omega_peak": 5.027157028422389e-12
    }
  },
  "gw_run_parameters": {
    "g_star": 106.75,
    "v_w": 1.0,
    "epsilon_turb": 1.0,
    "frequency_unit": "mHz"
  },
  "S3": 5783.687936101559,
  "S3_over_T": 139.98646379564588,
  "bounce_diagnostics": {
    "label": "results_eft68_c6f20_c8f40_f510p633_mh125_Glauber_C3p83515_Lambda1000",
    "C": NaN,
    "Lambda_GeV": NaN,
    "finiteT": null,
    "temperature_GeV": NaN,
    "phi_metaMin": -0.0004265585415047521,
    "phi_absMin": 244.40312262078683,
    "phi_bar": 96.07602041323531,
    "phi_top": 66.92071387418865,
    "V(phi_meta)": -9758409.86811104,
    "V(phi_true)": -36710493.60922505,
    "V(phi_top)": -9264518.551732607,
    "DeltaV_true_minus_meta": -26952083.74111401,
    "r0": 3.887514419765665e-06,
    "phi0": 221.71754848461723,
    "dphi0": -0.29283798915540216,
    "rscale_cubic": 0.03887514419765665,
    "rscale_curv": 0.03475207646541737,
    "wall_r_hi": 0.10099726878890834,
    "wall_thickness": 0.09421556606059397,
    "S_total": 5783.687936101559,
    "S_kin": 8678.557585713781,
    "S_pot": -2894.869649612221,
    "S_interior": 0.0,
    "S3_over_T": NaN,
    "beta_rscale": 25.72337725400074,
    "beta_curvature": 28.775239346228872,
    "beta_wall": 10.613957351345299,
    "Tn_from_transitionFinder_GeV": 41.316051418690485,
    "Tc_from_transitionFinder_GeV": 74.61675244428872,
    "T_spinodal_high_GeV": NaN,
    "T_spinodal_low_GeV": NaN,
    "gw_T_star_GeV": 41.316051418690485,
    "gw_alpha": 0.3072861031677624,
    "gw_beta_over_H": 135.9489409807395,
    "gw_R_star_times_H": NaN,
    "gw_Gamma_Tstar_GeV4": NaN,
    "gw_dT_for_beta_GeV": NaN,
    "gw_f_sw_peak_Hz": NaN,
    "gw_f_turb_peak_Hz": NaN,
    "gw_f_coll_peak_Hz": NaN,
    "gw_g_star": 106.75,
    "gw_v_w": 1.0,
    "omega_sw_peak": NaN,
    "omega_turb_peak": NaN,
    "omega_coll_peak": NaN,
    "omega_tot_peak": NaN
  }
}