{
  "label": "results_eft68_c6f23p2303_c8f42_f1000_mh125_Glauber_off",
  "model_parameters": {
    "c6_over_f2_TeV2": 3.2303030303030305,
    "c8_over_f4_TeV4": 2.0,
    "f_GeV": 1000.0,
    "m_h": 125.0,
    "v": 246.0,
    "m_w": 80.36,
    "m_z": 91.19,
    "m_t": 173.1,
    "use_glauber_measure": false,
    "C_glauber": 0.0,
    "Lambda_glauber": 1000.0
  },
  "derived_tree_coefficients": {
    "glauber_scheme": "counterterm_subtracted",
    "lambda_tree": -0.17511599627934185,
    "mu2_tree_GeV2": -1503.2202471543742,
    "a0_mean_field": 0.24771819038898277,
    "glauber_t0": 0.0,
    "glauber_lambda_shift": 0.0,
    "glauber_mu2_shift_after_lambda_GeV2": 0.0,
    "lambda_tree_raw_glauber_equivalent": -0.17511599627934185,
    "mu2_tree_raw_glauber_equivalent_GeV2": -1503.2202471543742,
    "combo_TeV2": 6.8237020606060605
  },
  "scan_parameters": {
    "T_min": 1.0,
    "T_max": 250.0,
    "phi_scan_range": [
      -10,
      1000.0
    ],
    "n_phi_scan": 1200,
    "n_T_seeds": 3,
    "deltaX_target": 0.1,
    "x_eps": 0.001,
    "T_eps": 0.01,
    "deriv_order": 4,
    "phitol": 0.0001,
    "overlapAngle": 45.0,
    "Tn_Ttol": 0.01,
    "Tn_maxiter": 160,
    "include_zeroT_loops": true,
    "include_scalar_loops": true,
    "include_thermal": true,
    "include_scalar_thermal": true,
    "include_daisy": true,
    "renormalize_zeroT_loops": true,
    "thermal_approx": "spline"
  },
  "key_temperatures": {
    "Tn": 72.98516065362584,
    "Tc": 91.45231013823688,
    "Ts_false": 37.254837695306676,
    "Ts_true": 94.72175195312468,
    "S_at_Tn": 10215.715131875446,
    "S_over_Tn": 139.96975604886796,
    "false_phase_key": 2,
    "true_phase_key": 0,
    "phi_false_Tn": -5.1086776283233494e-05,
    "phi_true_Tn": 232.68967248626487,
    "vTn_over_Tn": 3.1881778487899384,
    "Tc_minus_Tn_over_Tc": 0.20193201742740657
  },
  "gw_scales": {
    "gw_T_star_GeV": 72.98516065362584,
    "gw_alpha": 0.0347161016270427,
    "gw_beta_over_H": 725.0948934583643,
    "gw_v_w": 1.0,
    "gw_g_star": 106.75
  },
  "gw_peaks": {
    "sw": {
      "f_peak_mHz": 10.23312644005646,
      "f_peak_Hz": 0.010233126440056459,
      "omega_peak": 7.521647335436551e-16
    },
    "turb": {
      "f_peak_mHz": 17.252977398036524,
      "f_peak_Hz": 0.017252977398036523,
      "omega_peak": 5.465346358617575e-20
    },
    "coll": {
      "f_peak_mHz": NaN,
      "f_peak_Hz": NaN,
      "omega_peak": NaN
    },
    "total": {
      "f_peak_mHz": 10.23312644005646,
      "f_peak_Hz": 0.010233126440056459,
      "omega_peak": 7.52212877548551e-16
    }
  },
  "gw_run_parameters": {
    "g_star": 106.75,
    "v_w": 1.0,
    "epsilon_turb": 1.0,
    "frequency_unit": "mHz"
  },
  "S3": 10216.509782386873,
  "S3_over_T": 139.98064388557765,
  "bounce_diagnostics": {
    "label": "results_eft68_c6f23p2303_c8f42_f1000_mh125_Glauber_off",
    "C": NaN,
    "Lambda_GeV": NaN,
    "finiteT": null,
    "temperature_GeV": NaN,
    "phi_metaMin": -5.1086776283233494e-05,
    "phi_absMin": 232.68967248626487,
    "phi_bar": 117.5892512557207,
    "phi_top": 79.86605922519841,
    "V(phi_meta)": -73260988.9729175,
    "V(phi_true)": -91445050.48708655,
    "V(phi_top)": -71816103.36935809,
    "DeltaV_true_minus_meta": -18184061.514169052,
    "r0": 2.7125026836369327e-06,
    "phi0": 225.84340816114016,
    "dphi0": -0.05998217871917299,
    "rscale_cubic": 0.027125026836369328,
    "rscale_curv": 0.025979484576537287,
    "wall_r_hi": 0.1078916254690063,
    "wall_thickness": 0.07597710665436323,
    "S_total": 10216.509782386873,
    "S_kin": 15309.135402130278,
    "S_pot": -5092.625619743405,
    "S_interior": 0.0,
    "S3_over_T": NaN,
    "beta_rscale": 36.86632297296741,
    "beta_curvature": 38.491912417303695,
    "beta_wall": 13.161859460498048,
    "Tn_from_transitionFinder_GeV": 72.98516065362584,
    "Tc_from_transitionFinder_GeV": 91.45231013823688,
    "T_spinodal_high_GeV": NaN,
    "T_spinodal_low_GeV": NaN,
    "gw_T_star_GeV": 72.98516065362584,
    "gw_alpha": 0.0347161016270427,
    "gw_beta_over_H": 725.0948934583643,
    "gw_R_star_times_H": NaN,
    "gw_Gamma_Tstar_GeV4": NaN,
    "gw_dT_for_beta_GeV": NaN,
    "gw_f_sw_peak_Hz": NaN,
    "gw_f_turb_peak_Hz": NaN,
    "gw_f_coll_peak_Hz": NaN,
    "gw_g_star": 106.75,
    "gw_v_w": 1.0,
    "omega_sw_peak": NaN,
    "omega_turb_peak": NaN,
    "omega_coll_peak": NaN,
    "omega_tot_peak": NaN
  }
}