{
  "label": "results_eft68_c6f23p10303_c8f45_f1000_mh125_Glauber_off",
  "model_parameters": {
    "c6_over_f2_TeV2": 3.103030303030303,
    "c8_over_f4_TeV4": 5.0,
    "f_GeV": 1000.0,
    "m_h": 125.0,
    "v": 246.0,
    "m_w": 80.36,
    "m_z": 91.19,
    "m_t": 173.1,
    "use_glauber_measure": false,
    "C_glauber": 0.0,
    "Lambda_glauber": 1000.0
  },
  "derived_tree_coefficients": {
    "glauber_scheme": "counterterm_subtracted",
    "lambda_tree": -0.18004277988588732,
    "mu2_tree_GeV2": -1818.510513122299,
    "a0_mean_field": 0.24525479858571,
    "glauber_t0": 0.0,
    "glauber_lambda_shift": 0.0,
    "glauber_mu2_shift_after_lambda_GeV2": 0.0,
    "lambda_tree_raw_glauber_equivalent": -0.18004277988588732,
    "mu2_tree_raw_glauber_equivalent_GeV2": -1818.510513122299,
    "combo_TeV2": 7.113800606060606
  },
  "scan_parameters": {
    "T_min": 1.0,
    "T_max": 250.0,
    "phi_scan_range": [
      -10,
      1000.0
    ],
    "n_phi_scan": 1200,
    "n_T_seeds": 3,
    "deltaX_target": 0.1,
    "x_eps": 0.001,
    "T_eps": 0.01,
    "deriv_order": 4,
    "phitol": 0.0001,
    "overlapAngle": 45.0,
    "Tn_Ttol": 0.01,
    "Tn_maxiter": 160,
    "include_zeroT_loops": true,
    "include_scalar_loops": true,
    "include_thermal": true,
    "include_scalar_thermal": true,
    "include_daisy": false,
    "renormalize_zeroT_loops": true,
    "thermal_approx": "spline"
  },
  "key_temperatures": {
    "Tn": 63.91767315221911,
    "Tc": 87.2898262896156,
    "Ts_false": 21.434097460931948,
    "Ts_true": 92.09995703124972,
    "S_at_Tn": 8947.091442906803,
    "S_over_Tn": 139.97836594582256,
    "false_phase_key": 2,
    "true_phase_key": 0,
    "phi_false_Tn": -4.563177376782415e-05,
    "phi_true_Tn": 237.48936339271808,
    "vTn_over_Tn": 3.715550827814715,
    "Tc_minus_Tn_over_Tc": 0.2677534614383458
  },
  "gw_scales": {
    "gw_T_star_GeV": 63.91767315221911,
    "gw_alpha": 0.05888634925880561,
    "gw_beta_over_H": 422.26698596532236,
    "gw_v_w": 1.0,
    "gw_g_star": 106.75
  },
  "gw_peaks": {
    "sw": {
      "f_peak_mHz": 5.205115353904921,
      "f_peak_Hz": 0.005205115353904921,
      "omega_peak": 9.352774073342673e-15
    },
    "turb": {
      "f_peak_mHz": 8.775786958281639,
      "f_peak_Hz": 0.008775786958281639,
      "omega_peak": 6.795440727597318e-19
    },
    "coll": {
      "f_peak_mHz": NaN,
      "f_peak_Hz": NaN,
      "omega_peak": NaN
    },
    "total": {
      "f_peak_mHz": 5.205115353904921,
      "f_peak_Hz": 0.005205115353904921,
      "omega_peak": 9.353371923591816e-15
    }
  },
  "gw_run_parameters": {
    "g_star": 106.75,
    "v_w": 1.0,
    "epsilon_turb": 1.0,
    "frequency_unit": "mHz"
  },
  "S3": 8947.078695965647,
  "S3_over_T": 139.97816651833202,
  "bounce_diagnostics": {
    "label": "results_eft68_c6f23p10303_c8f45_f1000_mh125_Glauber_off",
    "C": NaN,
    "Lambda_GeV": NaN,
    "finiteT": null,
    "temperature_GeV": NaN,
    "phi_metaMin": -4.563177376782415e-05,
    "phi_absMin": 237.48936339271808,
    "phi_bar": 115.69595535958919,
    "phi_top": 78.74834599798493,
    "V(phi_meta)": -42276178.57253618,
    "V(phi_true)": -64281099.9239356,
    "V(phi_top)": -40862771.91362938,
    "DeltaV_true_minus_meta": -22004921.35139942,
    "r0": 2.7041607242992175e-06,
    "phi0": 228.43393723674308,
    "dphi0": -0.08744636533668519,
    "rscale_cubic": 0.027041607242992174,
    "rscale_curv": 0.02628966832944235,
    "wall_r_hi": 0.10042531648385164,
    "wall_thickness": 0.07413264655080704,
    "S_total": 8947.078695965647,
    "S_kin": 13420.414706258969,
    "S_pot": -4473.336010293322,
    "S_interior": 0.0,
    "S3_over_T": NaN,
    "beta_rscale": 36.980050446489265,
    "beta_curvature": 38.037755122735646,
    "beta_wall": 13.489333600340936,
    "Tn_from_transitionFinder_GeV": 63.91767315221911,
    "Tc_from_transitionFinder_GeV": 87.2898262896156,
    "T_spinodal_high_GeV": NaN,
    "T_spinodal_low_GeV": NaN,
    "gw_T_star_GeV": 63.91767315221911,
    "gw_alpha": 0.05888634925880561,
    "gw_beta_over_H": 422.26698596532236,
    "gw_R_star_times_H": NaN,
    "gw_Gamma_Tstar_GeV4": NaN,
    "gw_dT_for_beta_GeV": NaN,
    "gw_f_sw_peak_Hz": NaN,
    "gw_f_turb_peak_Hz": NaN,
    "gw_f_coll_peak_Hz": NaN,
    "gw_g_star": 106.75,
    "gw_v_w": 1.0,
    "omega_sw_peak": NaN,
    "omega_turb_peak": NaN,
    "omega_coll_peak": NaN,
    "omega_tot_peak": NaN
  }
}