{
  "lambda_tree": -0.1269782690066146,
  "mu2_tree": -46.668895336192804,
  "a0_mean_field": 0.27178705402534636,
  "combo_TeV2": 5.763096,
  "upper_c6_over_f2_TeV2_from_Eq_2_14": 4.085029095689913,
  "passes_Eq_2_14": true,
  "passes_EFT_tree_condition_Vv_lower_than_v_to_f": true,
  "min_after_v_tree": -38368865.40640102,
  "V_tree_v": -38368918.014404364,
  "sampled_min_phi_full_zeroT": 246.08202734244747,
  "sampled_min_deltaV_full_zeroT": -38368865.40640102,
  "dV_at_v_numeric": 4.572376245405616,
  "d2V_at_v_numeric": 15625.037115996289,
  "mh2_target": 15625.0
}