{
  "mean_field": {
    "v_c": 214.15076377506082,
    "T_c": 72.3127554357555,
    "v_c_over_T_c": 2.9614521322634126
  },
  "current_point_fast_record": {
    "c6_over_f2_TeV2": 2.7,
    "c8_over_f4_TeV4": 2.0,
    "allowed_T0": true,
    "has_second_tree_minimum_below_f": false,
    "mean_field_vc_GeV": 214.15076377506082,
    "mean_field_Tc_GeV": 72.3127554357555,
    "mean_field_vc_over_Tc": 2.9614521322634126,
    "category": 4,
    "category_label": "SFO, vc/Tc > 1.3",
    "combo_no_nucleation_guide": 5.763096,
    "combo_too_weak_guide": 2.881548,
    "expected_useful_for_full_scan": false
  },
  "physicality": {
    "lambda_tree": -0.1269782690066146,
    "mu2_tree": -46.668895336192804,
    "a0_mean_field": 0.27178705402534636,
    "combo_TeV2": 5.763096,
    "upper_c6_over_f2_TeV2_from_Eq_2_14": 4.085029095689913,
    "passes_Eq_2_14": true,
    "passes_EFT_tree_condition_Vv_lower_than_v_to_f": true,
    "min_after_v_tree": -38368865.40640102,
    "V_tree_v": -38368918.014404364,
    "sampled_min_phi_full_zeroT": 246.08202734244747,
    "sampled_min_deltaV_full_zeroT": -38368865.40640102,
    "dV_at_v_numeric": 4.572376245405616,
    "d2V_at_v_numeric": 15625.037115996289,
    "mh2_target": 15625.0
  }
}