{
  "label": "results_eft68_c6f23p52323_c8f40_f1000_mh125_Glauber_off",
  "model_parameters": {
    "c6_over_f2_TeV2": 3.5232323232323233,
    "c8_over_f4_TeV4": 0.0,
    "f_GeV": 1000.0,
    "m_h": 125.0,
    "v": 246.0,
    "m_w": 80.36,
    "m_z": 91.19,
    "m_t": 173.1,
    "use_glauber_measure": false,
    "C_glauber": 0.0,
    "Lambda_glauber": 1000.0
  },
  "derived_tree_coefficients": {
    "glauber_scheme": "counterterm_subtracted",
    "lambda_tree": -0.19071980114770548,
    "mu2_tree_GeV2": -1864.5497431272724,
    "a0_mean_field": 0.23991628795480094,
    "glauber_t0": 0.0,
    "glauber_lambda_shift": 0.0,
    "glauber_mu2_shift_after_lambda_GeV2": 0.0,
    "lambda_tree_raw_glauber_equivalent": -0.19071980114770548,
    "mu2_tree_raw_glauber_equivalent_GeV2": -1864.5497431272724,
    "combo_TeV2": 7.0464646464646465
  },
  "scan_parameters": {
    "T_min": 1.0,
    "T_max": 250.0,
    "phi_scan_range": [
      -10,
      1000.0
    ],
    "n_phi_scan": 1200,
    "n_T_seeds": 3,
    "deltaX_target": 0.1,
    "x_eps": 0.001,
    "T_eps": 0.01,
    "deriv_order": 4,
    "phitol": 0.0001,
    "overlapAngle": 45.0,
    "Tn_Ttol": 0.01,
    "Tn_maxiter": 160,
    "include_zeroT_loops": true,
    "include_scalar_loops": true,
    "include_thermal": true,
    "include_scalar_thermal": true,
    "include_daisy": false,
    "renormalize_zeroT_loops": true,
    "thermal_approx": "spline"
  },
  "key_temperatures": {
    "Tn": 62.12875338833541,
    "Tc": 87.21440826163507,
    "Ts_false": 8.115320898431973,
    "Ts_true": 92.60476562499971,
    "S_at_Tn": 8697.613752511894,
    "S_over_Tn": 139.99337308681393,
    "false_phase_key": 2,
    "true_phase_key": 0,
    "phi_false_Tn": -4.13257732451518e-05,
    "phi_true_Tn": 238.38564241587136,
    "vTn_over_Tn": 3.836961622678042,
    "Tc_minus_Tn_over_Tc": 0.28763200224950264
  },
  "gw_scales": {
    "gw_T_star_GeV": 62.12875338833541,
    "gw_alpha": 0.06687246820315211,
    "gw_beta_over_H": 580.3930352941577,
    "gw_v_w": 1.0,
    "gw_g_star": 106.75
  },
  "gw_peaks": {
    "sw": {
      "f_peak_mHz": 6.969516793537952,
      "f_peak_Hz": 0.006969516793537953,
      "omega_peak": 6.944673884295197e-15
    },
    "turb": {
      "f_peak_mHz": 11.750555064331126,
      "f_peak_Hz": 0.011750555064331127,
      "omega_peak": 5.046049333405814e-19
    },
    "coll": {
      "f_peak_mHz": NaN,
      "f_peak_Hz": NaN,
      "omega_peak": NaN
    },
    "total": {
      "f_peak_mHz": 6.969516793537952,
      "f_peak_Hz": 0.006969516793537953,
      "omega_peak": 6.945118295694386e-15
    }
  },
  "gw_run_parameters": {
    "g_star": 106.75,
    "v_w": 1.0,
    "epsilon_turb": 1.0,
    "frequency_unit": "mHz"
  },
  "S3": 8697.478193561801,
  "S3_over_T": 139.9911911832234,
  "bounce_diagnostics": {
    "label": "results_eft68_c6f23p52323_c8f40_f1000_mh125_Glauber_off",
    "C": NaN,
    "Lambda_GeV": NaN,
    "finiteT": null,
    "temperature_GeV": NaN,
    "phi_metaMin": -4.13257732451518e-05,
    "phi_absMin": 238.38564241587136,
    "phi_bar": 115.41188644464832,
    "phi_top": 78.60083818594991,
    "V(phi_meta)": -37702600.82724907,
    "V(phi_true)": -61024273.16926592,
    "V(phi_top)": -36221412.68139057,
    "DeltaV_true_minus_meta": -23321672.342016846,
    "r0": 2.6366146850057354e-06,
    "phi0": 228.81760532847767,
    "dphi0": -0.09254622440193438,
    "rscale_cubic": 0.026366146850057354,
    "rscale_curv": 0.025491517606348543,
    "wall_r_hi": 0.09771498082409609,
    "wall_thickness": 0.07262376103115883,
    "S_total": 8697.478193561801,
    "S_kin": 13038.849470401712,
    "S_pot": -4341.371276839913,
    "S_interior": 0.0,
    "S3_over_T": NaN,
    "beta_rscale": 37.92742283075863,
    "beta_curvature": 39.228735566522786,
    "beta_wall": 13.76959807370697,
    "Tn_from_transitionFinder_GeV": 62.12875338833541,
    "Tc_from_transitionFinder_GeV": 87.21440826163507,
    "T_spinodal_high_GeV": NaN,
    "T_spinodal_low_GeV": NaN,
    "gw_T_star_GeV": 62.12875338833541,
    "gw_alpha": 0.06687246820315211,
    "gw_beta_over_H": 580.3930352941577,
    "gw_R_star_times_H": NaN,
    "gw_Gamma_Tstar_GeV4": NaN,
    "gw_dT_for_beta_GeV": NaN,
    "gw_f_sw_peak_Hz": NaN,
    "gw_f_turb_peak_Hz": NaN,
    "gw_f_coll_peak_Hz": NaN,
    "gw_g_star": 106.75,
    "gw_v_w": 1.0,
    "omega_sw_peak": NaN,
    "omega_turb_peak": NaN,
    "omega_coll_peak": NaN,
    "omega_tot_peak": NaN
  }
}