{
  "label": "results_eft68_c6f22p8_c8f45_f1000_mh125_Glauber_off",
  "model_parameters": {
    "c6_over_f2_TeV2": 2.8,
    "c8_over_f4_TeV4": 5.0,
    "f_GeV": 1000.0,
    "m_h": 125.0,
    "v": 246.0,
    "m_w": 80.36,
    "m_z": 91.19,
    "m_t": 173.1,
    "use_glauber_measure": false,
    "C_glauber": 0.0,
    "Lambda_glauber": 1000.0
  },
  "scan_parameters": {
    "T_min": 1.0,
    "T_max": 250.0,
    "phi_scan_range": [
      -10,
      1000.0
    ],
    "n_phi_scan": 1200,
    "n_T_seeds": 3,
    "deltaX_target": 0.1,
    "x_eps": 0.001,
    "T_eps": 0.01,
    "deriv_order": 4,
    "phitol": 1e-05,
    "overlapAngle": 45.0,
    "Tn_Ttol": 0.001,
    "Tn_maxiter": 160,
    "include_zeroT_loops": true,
    "include_scalar_loops": true,
    "include_thermal": true,
    "include_scalar_thermal": true,
    "include_daisy": false,
    "renormalize_zeroT_loops": true,
    "thermal_approx": "spline"
  },
  "key_temperatures": {
    "Tn": 80.58672967502983,
    "Tc": 93.55398263423903,
    "Ts_false": 56.792875585933494,
    "Ts_true": 94.83360742187467,
    "S_at_Tn": 11277.606333996426,
    "S_over_Tn": 139.94371504432502,
    "false_phase_key": 2,
    "true_phase_key": 0,
    "phi_false_Tn": -3.943018848133586e-05,
    "phi_true_Tn": 225.48801597629236,
    "vTn_over_Tn": 2.798078751744667,
    "Tc_minus_Tn_over_Tc": 0.138607171967294
  },
  "gw_scales": {
    "gw_T_star_GeV": 80.58672967502983,
    "gw_alpha": 0.023271364391325048,
    "gw_beta_over_H": 1215.0784116966638,
    "gw_v_w": 1.0,
    "gw_g_star": 106.75
  },
  "gw_peaks": {
    "sw": {
      "f_peak_mHz": 18.918966775122765,
      "f_peak_Hz": 0.018918966775122767,
      "omega_peak": 8.762141149312308e-17
    },
    "turb": {
      "f_peak_mHz": 31.89724157884989,
      "f_peak_Hz": 0.03189724157884989,
      "omega_peak": 6.366574691607693e-21
    },
    "coll": {
      "f_peak_mHz": NaN,
      "f_peak_Hz": NaN,
      "omega_peak": NaN
    },
    "total": {
      "f_peak_mHz": 18.918966775122765,
      "f_peak_Hz": 0.018918966775122767,
      "omega_peak": 8.76270176380716e-17
    }
  },
  "gw_run_parameters": {
    "g_star": 106.75,
    "v_w": 1.0,
    "epsilon_turb": 1.0,
    "frequency_unit": "mHz"
  },
  "S3": 11266.747324055941,
  "S3_over_T": 139.8089656881435,
  "bounce_diagnostics": {
    "label": "results_eft68_c6f22p8_c8f45_f1000_mh125_Glauber_off",
    "C": NaN,
    "Lambda_GeV": NaN,
    "finiteT": null,
    "temperature_GeV": NaN,
    "phi_metaMin": -3.943018848133586e-05,
    "phi_absMin": 225.48801597629236,
    "phi_bar": 115.7998924444342,
    "phi_top": 77.26541287346839,
    "V(phi_meta)": -107875849.74399939,
    "V(phi_true)": -121554558.50633541,
    "V(phi_top)": -106674085.570559,
    "DeltaV_true_minus_meta": -13678708.762336016,
    "r0": 2.8773990749302188e-06,
    "phi0": 219.61006514564465,
    "dphi0": -0.04458762509645388,
    "rscale_cubic": 0.028773990749302186,
    "rscale_curv": 0.02732294777850609,
    "wall_r_hi": 0.12015352087394239,
    "wall_thickness": 0.08268441481169272,
    "S_total": 11266.747324055941,
    "S_kin": 16907.06660201681,
    "S_pot": -5640.319277960865,
    "S_interior": 0.0,
    "S3_over_T": NaN,
    "beta_rscale": 34.75360817040131,
    "beta_curvature": 36.599269976973034,
    "beta_wall": 12.094177630420699,
    "Tn_from_transitionFinder_GeV": 80.58672967502983,
    "Tc_from_transitionFinder_GeV": 93.55398263423903,
    "T_spinodal_high_GeV": NaN,
    "T_spinodal_low_GeV": NaN,
    "gw_T_star_GeV": 80.58672967502983,
    "gw_alpha": 0.023271364391325048,
    "gw_beta_over_H": 1215.0784116966638,
    "gw_R_star_times_H": NaN,
    "gw_Gamma_Tstar_GeV4": NaN,
    "gw_dT_for_beta_GeV": NaN,
    "gw_f_sw_peak_Hz": NaN,
    "gw_f_turb_peak_Hz": NaN,
    "gw_f_coll_peak_Hz": NaN,
    "gw_g_star": 106.75,
    "gw_v_w": 1.0,
    "omega_sw_peak": NaN,
    "omega_turb_peak": NaN,
    "omega_coll_peak": NaN,
    "omega_tot_peak": NaN
  }
}