{
  "label": "results_eft68_c6f20_c8f40_f795p882_mh125_Glauber_C6p31485_Lambda2000",
  "model_parameters": {
    "c6_over_f2_TeV2": 0.0,
    "c8_over_f4_TeV4": 0.0,
    "f_GeV": 795.8817171310793,
    "m_h": 125.0,
    "v": 246.0,
    "m_w": 80.36,
    "m_z": 91.19,
    "m_t": 173.1,
    "use_glauber_measure": true,
    "C_glauber": 6.314848484848485,
    "Lambda_glauber": 2000.0
  },
  "derived_tree_coefficients": {
    "glauber_scheme": "counterterm_subtracted",
    "lambda_tree": 0.12909808976138543,
    "mu2_tree_GeV2": 7812.5,
    "a0_mean_field": 0.3998252334093464,
    "glauber_t0": 0.09553734272727274,
    "glauber_lambda_shift": 0.0,
    "glauber_mu2_shift_after_lambda_GeV2": 0.0,
    "lambda_tree_raw_glauber_equivalent": -1.1056684473034155,
    "mu2_tree_raw_glauber_equivalent_GeV2": 640501.5735585468,
    "combo_TeV2": 0.0
  },
  "scan_parameters": {
    "T_min": 1.0,
    "T_max": 250.0,
    "phi_scan_range": [
      -10.0,
      795.8817171310793
    ],
    "n_phi_scan": 1200,
    "n_T_seeds": 3,
    "deltaX_target": 0.1,
    "x_eps": 0.001,
    "T_eps": 0.01,
    "deriv_order": 4,
    "phitol": 0.0001,
    "overlapAngle": 45.0,
    "Tn_Ttol": 0.01,
    "Tn_maxiter": 160,
    "include_zeroT_loops": true,
    "include_scalar_loops": true,
    "include_thermal": true,
    "include_scalar_thermal": true,
    "include_daisy": true,
    "renormalize_zeroT_loops": true,
    "thermal_approx": "spline"
  },
  "key_temperatures": {
    "Tn": 82.14441555690028,
    "Tc": 91.57368057564146,
    "Ts_false": 72.1207708984344,
    "Ts_true": 98.94259374999962,
    "S_at_Tn": 11509.291406303539,
    "S_over_Tn": 140.11045459726003,
    "false_phase_key": 1,
    "true_phase_key": 0,
    "phi_false_Tn": -0.0012470035125614694,
    "phi_true_Tn": 225.98832016995777,
    "vTn_over_Tn": 2.7511099645406674,
    "Tc_minus_Tn_over_Tc": 0.10296916056521763
  },
  "gw_scales": {
    "gw_T_star_GeV": 82.14441555690028,
    "gw_alpha": 0.02390826681735598,
    "gw_beta_over_H": 2035.5776029866724,
    "gw_v_w": 1.0,
    "gw_g_star": 106.75
  },
  "gw_peaks": {
    "sw": {
      "f_peak_mHz": 31.89724157884989,
      "f_peak_Hz": 0.03189724157884989,
      "omega_peak": 3.368711782179131e-17
    },
    "turb": {
      "f_peak_mHz": 54.61111800548629,
      "f_peak_Hz": 0.05461111800548629,
      "omega_peak": 2.447786229772073e-21
    },
    "coll": {
      "f_peak_mHz": NaN,
      "f_peak_Hz": NaN,
      "omega_peak": NaN
    },
    "total": {
      "f_peak_mHz": 31.89724157884989,
      "f_peak_Hz": 0.03189724157884989,
      "omega_peak": 3.3689259895338356e-17
    }
  },
  "gw_run_parameters": {
    "g_star": 106.75,
    "v_w": 1.0,
    "epsilon_turb": 1.0,
    "frequency_unit": "mHz"
  },
  "S3": 11509.213472769337,
  "S3_over_T": 140.10950585919096,
  "bounce_diagnostics": {
    "label": "results_eft68_c6f20_c8f40_f795p882_mh125_Glauber_C6p31485_Lambda2000",
    "C": NaN,
    "Lambda_GeV": NaN,
    "finiteT": null,
    "temperature_GeV": NaN,
    "phi_metaMin": -0.0012470035125614694,
    "phi_absMin": 225.98832016995777,
    "phi_bar": 116.53563930519343,
    "phi_top": 78.56365801900434,
    "V(phi_meta)": -127136101.82982202,
    "V(phi_true)": -139421547.4607666,
    "V(phi_top)": -126277190.59336212,
    "DeltaV_true_minus_meta": -12285445.630944595,
    "r0": 3.4608184906504213e-06,
    "phi0": 221.21190581064536,
    "dphi0": -0.04367843536341238,
    "rscale_cubic": 0.03460818490650421,
    "rscale_curv": 0.032882121052985394,
    "wall_r_hi": 0.1311313814244697,
    "wall_thickness": 0.09027521947611228,
    "S_total": 11509.213472769337,
    "S_kin": 17258.468960806396,
    "S_pot": -5749.255488037057,
    "S_interior": 0.0,
    "S3_over_T": NaN,
    "beta_rscale": 28.89489878482652,
    "beta_curvature": 30.411663483649342,
    "beta_wall": 11.077236984891629,
    "Tn_from_transitionFinder_GeV": 82.14441555690028,
    "Tc_from_transitionFinder_GeV": 91.57368057564146,
    "T_spinodal_high_GeV": NaN,
    "T_spinodal_low_GeV": NaN,
    "gw_T_star_GeV": 82.14441555690028,
    "gw_alpha": 0.02390826681735598,
    "gw_beta_over_H": 2035.5776029866724,
    "gw_R_star_times_H": NaN,
    "gw_Gamma_Tstar_GeV4": NaN,
    "gw_dT_for_beta_GeV": NaN,
    "gw_f_sw_peak_Hz": NaN,
    "gw_f_turb_peak_Hz": NaN,
    "gw_f_coll_peak_Hz": NaN,
    "gw_g_star": 106.75,
    "gw_v_w": 1.0,
    "omega_sw_peak": NaN,
    "omega_turb_peak": NaN,
    "omega_coll_peak": NaN,
    "omega_tot_peak": NaN
  }
}