{
  "label": "results_eft68_c6f20_c8f40_f519p174_mh125_Glauber_C3p71_Lambda1000",
  "model_parameters": {
    "c6_over_f2_TeV2": 0.0,
    "c8_over_f4_TeV4": 0.0,
    "f_GeV": 519.174131651165,
    "m_h": 125.0,
    "v": 246.0,
    "m_w": 80.36,
    "m_z": 91.19,
    "m_t": 173.1,
    "use_glauber_measure": true,
    "C_glauber": 3.71,
    "Lambda_glauber": 1000.0
  },
  "derived_tree_coefficients": {
    "glauber_scheme": "counterterm_subtracted",
    "lambda_tree": 0.12909808976138543,
    "mu2_tree_GeV2": 7812.5,
    "a0_mean_field": 0.3998252334093464,
    "glauber_t0": 0.22451436,
    "glauber_lambda_shift": 0.0,
    "glauber_mu2_shift_after_lambda_GeV2": 0.0,
    "lambda_tree_raw_glauber_equivalent": -0.45065164964798693,
    "mu2_tree_raw_glauber_equivalent_GeV2": 93911.00566092948,
    "combo_TeV2": 0.0
  },
  "scan_parameters": {
    "T_min": 1.0,
    "T_max": 250.0,
    "phi_scan_range": [
      -10.0,
      519.174131651165
    ],
    "n_phi_scan": 1200,
    "n_T_seeds": 3,
    "deltaX_target": 0.1,
    "x_eps": 0.001,
    "T_eps": 0.01,
    "deriv_order": 4,
    "phitol": 0.0001,
    "overlapAngle": 45.0,
    "Tn_Ttol": 0.01,
    "Tn_maxiter": 160,
    "include_zeroT_loops": true,
    "include_scalar_loops": true,
    "include_thermal": true,
    "include_scalar_thermal": true,
    "include_daisy": true,
    "renormalize_zeroT_loops": true,
    "thermal_approx": "spline"
  },
  "key_temperatures": {
    "Tn": 69.05795644111937,
    "Tc": 83.57962900952339,
    "Ts_false": 56.49679902343366,
    "Ts_true": 93.75006835937471,
    "S_at_Tn": 9669.51221320971,
    "S_over_Tn": 140.02024837578548,
    "false_phase_key": 1,
    "true_phase_key": 0,
    "phi_false_Tn": -0.00030503024894426025,
    "phi_true_Tn": 235.67538234401826,
    "vTn_over_Tn": 3.4127187436390662,
    "Tc_minus_Tn_over_Tc": 0.17374655451927595
  },
  "gw_scales": {
    "gw_T_star_GeV": 69.05795644111937,
    "gw_alpha": 0.043909010932733104,
    "gw_beta_over_H": 1119.935735877412,
    "gw_v_w": 1.0,
    "gw_g_star": 106.75
  },
  "gw_peaks": {
    "sw": {
      "f_peak_mHz": 14.79591353904755,
      "f_peak_Hz": 0.01479591353904755,
      "omega_peak": 6.01420423192365e-16
    },
    "turb": {
      "f_peak_mHz": 25.332014314857652,
      "f_peak_Hz": 0.025332014314857654,
      "omega_peak": 4.3698459686215153e-20
    },
    "coll": {
      "f_peak_mHz": NaN,
      "f_peak_Hz": NaN,
      "omega_peak": NaN
    },
    "total": {
      "f_peak_mHz": 14.79591353904755,
      "f_peak_Hz": 0.01479591353904755,
      "omega_peak": 6.01458717753896e-16
    }
  },
  "gw_run_parameters": {
    "g_star": 106.75,
    "v_w": 1.0,
    "epsilon_turb": 1.0,
    "frequency_unit": "mHz"
  },
  "S3": 9669.603675103475,
  "S3_over_T": 140.02157279803137,
  "bounce_diagnostics": {
    "label": "results_eft68_c6f20_c8f40_f519p174_mh125_Glauber_C3p71_Lambda1000",
    "C": NaN,
    "Lambda_GeV": NaN,
    "finiteT": null,
    "temperature_GeV": NaN,
    "phi_metaMin": -0.00030503024894426025,
    "phi_absMin": 235.67538234401826,
    "phi_bar": 115.22326874737203,
    "phi_top": 78.97218155910491,
    "V(phi_meta)": -65133279.5838473,
    "V(phi_true)": -82107413.97376743,
    "V(phi_top)": -64289367.72683552,
    "DeltaV_true_minus_meta": -16974134.38992013,
    "r0": 3.509551689417428e-06,
    "phi0": 228.57330586428367,
    "dphi0": -0.08145130755935276,
    "rscale_cubic": 0.035095516894174277,
    "rscale_curv": 0.03321022552319164,
    "wall_r_hi": 0.11778490742123487,
    "wall_thickness": 0.08637313772664372,
    "S_total": 9669.603675103475,
    "S_kin": 14498.989401853001,
    "S_pot": -4829.385726749525,
    "S_interior": 0.0,
    "S3_over_T": NaN,
    "beta_rscale": 28.493667809918943,
    "beta_curvature": 30.111213600349803,
    "beta_wall": 11.577673641599427,
    "Tn_from_transitionFinder_GeV": 69.05795644111937,
    "Tc_from_transitionFinder_GeV": 83.57962900952339,
    "T_spinodal_high_GeV": NaN,
    "T_spinodal_low_GeV": NaN,
    "gw_T_star_GeV": 69.05795644111937,
    "gw_alpha": 0.043909010932733104,
    "gw_beta_over_H": 1119.935735877412,
    "gw_R_star_times_H": NaN,
    "gw_Gamma_Tstar_GeV4": NaN,
    "gw_dT_for_beta_GeV": NaN,
    "gw_f_sw_peak_Hz": NaN,
    "gw_f_turb_peak_Hz": NaN,
    "gw_f_coll_peak_Hz": NaN,
    "gw_g_star": 106.75,
    "gw_v_w": 1.0,
    "omega_sw_peak": NaN,
    "omega_turb_peak": NaN,
    "omega_coll_peak": NaN,
    "omega_tot_peak": NaN
  }
}