{
  "label": "results_eft68_c6f23p18586_c8f42_f1000_mh125_Glauber_off",
  "model_parameters": {
    "c6_over_f2_TeV2": 3.1858585858585857,
    "c8_over_f4_TeV4": 2.0,
    "f_GeV": 1000.0,
    "m_h": 125.0,
    "v": 246.0,
    "m_w": 80.36,
    "m_z": 91.19,
    "m_t": 173.1,
    "use_glauber_measure": false,
    "C_glauber": 0.0,
    "Lambda_glauber": 1000.0
  },
  "derived_tree_coefficients": {
    "glauber_scheme": "counterterm_subtracted",
    "lambda_tree": -0.1710815962793418,
    "mu2_tree_GeV2": -1381.1473719543728,
    "a0_mean_field": 0.24973539038898276,
    "glauber_t0": 0.0,
    "glauber_lambda_shift": 0.0,
    "glauber_mu2_shift_after_lambda_GeV2": 0.0,
    "lambda_tree_raw_glauber_equivalent": -0.1710815962793418,
    "mu2_tree_raw_glauber_equivalent_GeV2": -1381.1473719543728,
    "combo_TeV2": 6.734813171717171
  },
  "scan_parameters": {
    "T_min": 1.0,
    "T_max": 250.0,
    "phi_scan_range": [
      -10,
      1000.0
    ],
    "n_phi_scan": 1200,
    "n_T_seeds": 3,
    "deltaX_target": 0.1,
    "x_eps": 0.001,
    "T_eps": 0.01,
    "deriv_order": 4,
    "phitol": 0.0001,
    "overlapAngle": 45.0,
    "Tn_Ttol": 0.01,
    "Tn_maxiter": 160,
    "include_zeroT_loops": true,
    "include_scalar_loops": true,
    "include_thermal": true,
    "include_scalar_thermal": true,
    "include_daisy": true,
    "renormalize_zeroT_loops": true,
    "thermal_approx": "spline"
  },
  "key_temperatures": {
    "Tn": 75.45975621633256,
    "Tc": 92.3921178971973,
    "Ts_false": 42.68031425780714,
    "Ts_true": 95.12929492187467,
    "S_at_Tn": 10568.857043869544,
    "S_over_Tn": 140.05951746743136,
    "false_phase_key": 2,
    "true_phase_key": 0,
    "phi_false_Tn": -5.254545571870242e-05,
    "phi_true_Tn": 230.89069631204086,
    "vTn_over_Tn": 3.0597858764625414,
    "Tc_minus_Tn_over_Tc": 0.18326630091654572
  },
  "gw_scales": {
    "gw_T_star_GeV": 75.45975621633256,
    "gw_alpha": 0.03035741167950051,
    "gw_beta_over_H": 747.5645175443142,
    "gw_v_w": 1.0,
    "gw_g_star": 106.75
  },
  "gw_peaks": {
    "sw": {
      "f_peak_mHz": 10.881712506287604,
      "f_peak_Hz": 0.010881712506287604,
      "omega_peak": 4.875902972298457e-16
    },
    "turb": {
      "f_peak_mHz": 18.34648882945646,
      "f_peak_Hz": 0.018346488829456463,
      "omega_peak": 3.542701421144229e-20
    },
    "coll": {
      "f_peak_mHz": NaN,
      "f_peak_Hz": NaN,
      "omega_peak": NaN
    },
    "total": {
      "f_peak_mHz": 10.881712506287604,
      "f_peak_Hz": 0.010881712506287604,
      "omega_peak": 4.876214690418066e-16
    }
  },
  "gw_run_parameters": {
    "g_star": 106.75,
    "v_w": 1.0,
    "epsilon_turb": 1.0,
    "frequency_unit": "mHz"
  },
  "S3": 10559.815695910549,
  "S3_over_T": 139.9397006483434,
  "bounce_diagnostics": {
    "label": "results_eft68_c6f23p18586_c8f42_f1000_mh125_Glauber_off",
    "C": NaN,
    "Lambda_GeV": NaN,
    "finiteT": null,
    "temperature_GeV": NaN,
    "phi_metaMin": -5.254545571870242e-05,
    "phi_absMin": 230.89069631204086,
    "phi_bar": 117.56750828463787,
    "phi_top": 79.54882582706456,
    "V(phi_meta)": -83829847.62773634,
    "V(phi_true)": -100767241.56122047,
    "V(phi_top)": -82419833.15054677,
    "DeltaV_true_minus_meta": -16937393.933484122,
    "r0": 2.7349327352101143e-06,
    "phi0": 224.46043495988656,
    "dphi0": -0.054259793204884624,
    "rscale_cubic": 0.027349327352101143,
    "rscale_curv": 0.026060602348513578,
    "wall_r_hi": 0.11068975780716873,
    "wall_thickness": 0.07714193223599711,
    "S_total": 10559.815695910549,
    "S_kin": 15867.279001992054,
    "S_pot": -5307.463306081504,
    "S_interior": 0.0,
    "S3_over_T": NaN,
    "beta_rscale": 36.563970554953116,
    "beta_curvature": 38.37209694199028,
    "beta_wall": 12.963118384703426,
    "Tn_from_transitionFinder_GeV": 75.45975621633256,
    "Tc_from_transitionFinder_GeV": 92.3921178971973,
    "T_spinodal_high_GeV": NaN,
    "T_spinodal_low_GeV": NaN,
    "gw_T_star_GeV": 75.45975621633256,
    "gw_alpha": 0.03035741167950051,
    "gw_beta_over_H": 747.5645175443142,
    "gw_R_star_times_H": NaN,
    "gw_Gamma_Tstar_GeV4": NaN,
    "gw_dT_for_beta_GeV": NaN,
    "gw_f_sw_peak_Hz": NaN,
    "gw_f_turb_peak_Hz": NaN,
    "gw_f_coll_peak_Hz": NaN,
    "gw_g_star": 106.75,
    "gw_v_w": 1.0,
    "omega_sw_peak": NaN,
    "omega_turb_peak": NaN,
    "omega_coll_peak": NaN,
    "omega_tot_peak": NaN
  }
}