{
  "label": "results_eft68_c6f20_c8f40_f517p696_mh125_Glauber_C3p73121_Lambda1000",
  "model_parameters": {
    "c6_over_f2_TeV2": 0.0,
    "c8_over_f4_TeV4": 0.0,
    "f_GeV": 517.6962632057729,
    "m_h": 125.0,
    "v": 246.0,
    "m_w": 80.36,
    "m_z": 91.19,
    "m_t": 173.1,
    "use_glauber_measure": true,
    "C_glauber": 3.7312121212121214,
    "Lambda_glauber": 1000.0
  },
  "derived_tree_coefficients": {
    "glauber_scheme": "counterterm_subtracted",
    "lambda_tree": 0.12909808976138543,
    "mu2_tree_GeV2": 7812.5,
    "a0_mean_field": 0.3998252334093464,
    "glauber_t0": 0.22579803272727275,
    "glauber_lambda_shift": 0.0,
    "glauber_mu2_shift_after_lambda_GeV2": 0.0,
    "lambda_tree_raw_glauber_equivalent": -0.459246279482407,
    "mu2_tree_raw_glauber_equivalent_GeV2": 94285.83801438856,
    "combo_TeV2": 0.0
  },
  "scan_parameters": {
    "T_min": 1.0,
    "T_max": 250.0,
    "phi_scan_range": [
      -10.0,
      517.6962632057729
    ],
    "n_phi_scan": 1200,
    "n_T_seeds": 3,
    "deltaX_target": 0.1,
    "x_eps": 0.001,
    "T_eps": 0.01,
    "deriv_order": 4,
    "phitol": 0.0001,
    "overlapAngle": 45.0,
    "Tn_Ttol": 0.01,
    "Tn_maxiter": 160,
    "include_zeroT_loops": true,
    "include_scalar_loops": true,
    "include_thermal": true,
    "include_scalar_thermal": true,
    "include_daisy": false,
    "renormalize_zeroT_loops": true,
    "thermal_approx": "spline"
  },
  "key_temperatures": {
    "Tn": 64.94382790831689,
    "Tc": 81.0829993163219,
    "Ts_false": 51.41082812499586,
    "Ts_true": 91.92974218749973,
    "S_at_Tn": 9092.29141506271,
    "S_over_Tn": 140.00239449849744,
    "false_phase_key": 1,
    "true_phase_key": 0,
    "phi_false_Tn": -0.0003292924702042539,
    "phi_true_Tn": 237.42126425730714,
    "vTn_over_Tn": 3.655794120920647,
    "Tc_minus_Tn_over_Tc": 0.19904507164372023
  },
  "gw_scales": {
    "gw_T_star_GeV": 64.94382790831689,
    "gw_alpha": 0.05554190972301594,
    "gw_beta_over_H": 805.873284699274,
    "gw_v_w": 1.0,
    "gw_g_star": 106.75
  },
  "gw_peaks": {
    "sw": {
      "f_peak_mHz": 10.077112648825867,
      "f_peak_Hz": 0.010077112648825867,
      "omega_peak": 2.1953997889086904e-15
    },
    "turb": {
      "f_peak_mHz": 17.252977398036524,
      "f_peak_Hz": 0.017252977398036523,
      "omega_peak": 1.5950920934588108e-19
    },
    "coll": {
      "f_peak_mHz": NaN,
      "f_peak_Hz": NaN,
      "omega_peak": NaN
    },
    "total": {
      "f_peak_mHz": 10.077112648825867,
      "f_peak_Hz": 0.010077112648825867,
      "omega_peak": 2.195540013627243e-15
    }
  },
  "gw_run_parameters": {
    "g_star": 106.75,
    "v_w": 1.0,
    "epsilon_turb": 1.0,
    "frequency_unit": "mHz"
  },
  "S3": 9092.324209664519,
  "S3_over_T": 140.0028994672199,
  "bounce_diagnostics": {
    "label": "results_eft68_c6f20_c8f40_f517p696_mh125_Glauber_C3p73121_Lambda1000",
    "C": NaN,
    "Lambda_GeV": NaN,
    "finiteT": null,
    "temperature_GeV": NaN,
    "phi_metaMin": -0.0003292924702042539,
    "phi_absMin": 237.42126425730714,
    "phi_bar": 113.72415838079138,
    "phi_top": 78.22016161115933,
    "V(phi_meta)": -50861739.40304889,
    "V(phi_true)": -69373179.16750717,
    "V(phi_top)": -50019691.77803385,
    "DeltaV_true_minus_meta": -18511439.764458284,
    "r0": 3.4799786889977747e-06,
    "phi0": 229.2086915893561,
    "dphi0": -0.0970945725438057,
    "rscale_cubic": 0.034799786889977743,
    "rscale_curv": 0.03249722690542137,
    "wall_r_hi": 0.11371570365912294,
    "wall_thickness": 0.08510390869867576,
    "S_total": 9092.324209664519,
    "S_kin": 13623.173952776622,
    "S_pot": -4530.849743112101,
    "S_interior": 0.0,
    "S3_over_T": NaN,
    "beta_rscale": 28.735808157721724,
    "beta_curvature": 30.7718641677546,
    "beta_wall": 11.750341615220785,
    "Tn_from_transitionFinder_GeV": 64.94382790831689,
    "Tc_from_transitionFinder_GeV": 81.0829993163219,
    "T_spinodal_high_GeV": NaN,
    "T_spinodal_low_GeV": NaN,
    "gw_T_star_GeV": 64.94382790831689,
    "gw_alpha": 0.05554190972301594,
    "gw_beta_over_H": 805.873284699274,
    "gw_R_star_times_H": NaN,
    "gw_Gamma_Tstar_GeV4": NaN,
    "gw_dT_for_beta_GeV": NaN,
    "gw_f_sw_peak_Hz": NaN,
    "gw_f_turb_peak_Hz": NaN,
    "gw_f_coll_peak_Hz": NaN,
    "gw_g_star": 106.75,
    "gw_v_w": 1.0,
    "omega_sw_peak": NaN,
    "omega_turb_peak": NaN,
    "omega_coll_peak": NaN,
    "omega_tot_peak": NaN
  }
}