{
  "label": "results_eft68_c6f23p26263_c8f42_f1000_mh125_Glauber_off",
  "model_parameters": {
    "c6_over_f2_TeV2": 3.2626262626262625,
    "c8_over_f4_TeV4": 2.0,
    "f_GeV": 1000.0,
    "m_h": 125.0,
    "v": 246.0,
    "m_w": 80.36,
    "m_z": 91.19,
    "m_t": 173.1,
    "use_glauber_measure": false,
    "C_glauber": 0.0,
    "Lambda_glauber": 1000.0
  },
  "derived_tree_coefficients": {
    "glauber_scheme": "counterterm_subtracted",
    "lambda_tree": -0.17805010537025093,
    "mu2_tree_GeV2": -1592.0005200270998,
    "a0_mean_field": 0.24625113584352823,
    "glauber_t0": 0.0,
    "glauber_lambda_shift": 0.0,
    "glauber_mu2_shift_after_lambda_GeV2": 0.0,
    "lambda_tree_raw_glauber_equivalent": -0.17805010537025093,
    "mu2_tree_raw_glauber_equivalent_GeV2": -1592.0005200270998,
    "combo_TeV2": 6.888348525252525
  },
  "scan_parameters": {
    "T_min": 1.0,
    "T_max": 250.0,
    "phi_scan_range": [
      -10,
      1000.0
    ],
    "n_phi_scan": 1200,
    "n_T_seeds": 3,
    "deltaX_target": 0.1,
    "x_eps": 0.001,
    "T_eps": 0.01,
    "deriv_order": 4,
    "phitol": 0.0001,
    "overlapAngle": 45.0,
    "Tn_Ttol": 0.01,
    "Tn_maxiter": 160,
    "include_zeroT_loops": true,
    "include_scalar_loops": true,
    "include_thermal": true,
    "include_scalar_thermal": true,
    "include_daisy": false,
    "renormalize_zeroT_loops": true,
    "thermal_approx": "spline"
  },
  "key_temperatures": {
    "Tn": 69.25828782342951,
    "Tc": 89.18954852891896,
    "Ts_false": 31.952791210931327,
    "Ts_true": 93.2087851562497,
    "S_at_Tn": 9693.636303624455,
    "S_over_Tn": 139.96355682857606,
    "false_phase_key": 2,
    "true_phase_key": 0,
    "phi_false_Tn": -4.4134173529881716e-05,
    "phi_true_Tn": 234.57965581799388,
    "vTn_over_Tn": 3.38702649444703,
    "Tc_minus_Tn_over_Tc": 0.2234708105852437
  },
  "gw_scales": {
    "gw_T_star_GeV": 69.25828782342951,
    "gw_alpha": 0.04316058801698546,
    "gw_beta_over_H": 478.4449773580994,
    "gw_v_w": 1.0,
    "gw_g_star": 106.75
  },
  "gw_peaks": {
    "sw": {
      "f_peak_mHz": 6.355786610517259,
      "f_peak_Hz": 0.0063557866105172596,
      "omega_peak": 3.14426071606672e-15
    },
    "turb": {
      "f_peak_mHz": 10.881712506287604,
      "f_peak_Hz": 0.010881712506287604,
      "omega_peak": 2.284518308046814e-19
    },
    "coll": {
      "f_peak_mHz": NaN,
      "f_peak_Hz": NaN,
      "omega_peak": NaN
    },
    "total": {
      "f_peak_mHz": 6.355786610517259,
      "f_peak_Hz": 0.0063557866105172596,
      "omega_peak": 3.1444611718396236e-15
    }
  },
  "gw_run_parameters": {
    "g_star": 106.75,
    "v_w": 1.0,
    "epsilon_turb": 1.0,
    "frequency_unit": "mHz"
  },
  "S3": 9679.478906345827,
  "S3_over_T": 139.7591423429809,
  "bounce_diagnostics": {
    "label": "results_eft68_c6f23p26263_c8f42_f1000_mh125_Glauber_off",
    "C": NaN,
    "Lambda_GeV": NaN,
    "finiteT": null,
    "temperature_GeV": NaN,
    "phi_metaMin": -4.4134173529881716e-05,
    "phi_absMin": 234.57965581799388,
    "phi_bar": 116.8333822122996,
    "phi_top": 79.55413481519054,
    "V(phi_meta)": -58465707.78730045,
    "V(phi_true)": -78176214.53881042,
    "V(phi_top)": -57016147.52396497,
    "DeltaV_true_minus_meta": -19710506.751509964,
    "r0": 2.6975483345645553e-06,
    "phi0": 226.92389562731753,
    "dphi0": -0.06958697703387993,
    "rscale_cubic": 0.026975483345645552,
    "rscale_curv": 0.026148417879327618,
    "wall_r_hi": 0.10442457218425864,
    "wall_thickness": 0.07482033346154768,
    "S_total": 9679.478906345827,
    "S_kin": 14556.533336405044,
    "S_pot": -4877.054430059214,
    "S_interior": 0.0,
    "S3_over_T": NaN,
    "beta_rscale": 37.07069812935984,
    "beta_curvature": 38.24323082305501,
    "beta_wall": 13.365350750727792,
    "Tn_from_transitionFinder_GeV": 69.25828782342951,
    "Tc_from_transitionFinder_GeV": 89.18954852891896,
    "T_spinodal_high_GeV": NaN,
    "T_spinodal_low_GeV": NaN,
    "gw_T_star_GeV": 69.25828782342951,
    "gw_alpha": 0.04316058801698546,
    "gw_beta_over_H": 478.4449773580994,
    "gw_R_star_times_H": NaN,
    "gw_Gamma_Tstar_GeV4": NaN,
    "gw_dT_for_beta_GeV": NaN,
    "gw_f_sw_peak_Hz": NaN,
    "gw_f_turb_peak_Hz": NaN,
    "gw_f_coll_peak_Hz": NaN,
    "gw_g_star": 106.75,
    "gw_v_w": 1.0,
    "omega_sw_peak": NaN,
    "omega_turb_peak": NaN,
    "omega_coll_peak": NaN,
    "omega_tot_peak": NaN
  }
}