{
  "label": "results_eft68_c6f23_c8f42_f1000_mh125_Glauber_off",
  "model_parameters": {
    "c6_over_f2_TeV2": 3.0,
    "c8_over_f4_TeV4": 2.0,
    "f_GeV": 1000.0,
    "m_h": 125.0,
    "v": 246.0,
    "m_w": 80.36,
    "m_z": 91.19,
    "m_t": 173.1,
    "use_glauber_measure": false,
    "C_glauber": 0.0,
    "Lambda_glauber": 1000.0
  },
  "scan_parameters": {
    "T_min": 1.0,
    "T_max": 250.0,
    "phi_scan_range": [
      -10,
      1000.0
    ],
    "n_phi_scan": 1400,
    "n_T_seeds": 3,
    "deltaX_target": 0.1,
    "x_eps": 0.001,
    "T_eps": 0.01,
    "deriv_order": 4,
    "phitol": 1e-05,
    "overlapAngle": 45.0,
    "Tn_Ttol": 0.001,
    "Tn_maxiter": 160,
    "include_zeroT_loops": true,
    "include_scalar_loops": true,
    "include_thermal": true,
    "include_scalar_thermal": true,
    "include_daisy": false,
    "renormalize_zeroT_loops": true,
    "thermal_approx": "spline"
  },
  "key_temperatures": {
    "Tn": 82.36209228051304,
    "Tc": 94.56270967497554,
    "Ts_false": 58.970215234371125,
    "Ts_true": 95.62729492187466,
    "S_at_Tn": 11530.512968385023,
    "S_over_Tn": 139.99781512487334,
    "false_phase_key": 2,
    "true_phase_key": 0,
    "phi_false_Tn": 4.763076053475638e-05,
    "phi_true_Tn": 223.7811450526533,
    "vTn_over_Tn": 2.7170405566008204,
    "Tc_minus_Tn_over_Tc": 0.12902144446153904
  },
  "gw_scales": {
    "gw_T_star_GeV": 82.36209228051304,
    "gw_alpha": 0.021426225894447797,
    "gw_beta_over_H": 1396.1743020941788,
    "gw_v_w": 1.0,
    "gw_g_star": 106.75
  },
  "gw_peaks": {
    "sw": {
      "f_peak_mHz": 21.987258661131918,
      "f_peak_Hz": 0.02198725866113192,
      "omega_peak": 5.256258336489641e-17
    },
    "turb": {
      "f_peak_mHz": 37.52210060634075,
      "f_peak_Hz": 0.03752210060634075,
      "omega_peak": 3.819136606411658e-21
    },
    "coll": {
      "f_peak_mHz": NaN,
      "f_peak_Hz": NaN,
      "omega_peak": NaN
    },
    "total": {
      "f_peak_mHz": 21.987258661131918,
      "f_peak_Hz": 0.02198725866113192,
      "omega_peak": 5.2565929365769966e-17
    }
  },
  "gw_run_parameters": {
    "g_star": 106.75,
    "v_w": 1.0,
    "epsilon_turb": 1.0,
    "frequency_unit": "mHz"
  },
  "S3": 11536.223195072831,
  "S3_over_T": 140.0671458877243,
  "bounce_diagnostics": {
    "label": "results_eft68_c6f23_c8f42_f1000_mh125_Glauber_off",
    "C": NaN,
    "Lambda_GeV": NaN,
    "finiteT": null,
    "temperature_GeV": NaN,
    "phi_metaMin": 4.763076053475638e-05,
    "phi_absMin": 223.7811450526533,
    "phi_bar": 115.62157120703674,
    "phi_top": 76.563652529991,
    "V(phi_meta)": -117816442.6655104,
    "V(phi_true)": -130795249.93687704,
    "V(phi_top)": -116630578.34139311,
    "DeltaV_true_minus_meta": -12978807.27136664,
    "r0": 2.870312923156632e-06,
    "phi0": 218.18076393944241,
    "dphi0": -0.04085377199859892,
    "rscale_cubic": 0.028703129231566316,
    "rscale_curv": 0.027116880395253787,
    "wall_r_hi": 0.12224651743330261,
    "wall_thickness": 0.08338646760682245,
    "S_total": 11536.223195072831,
    "S_kin": 17306.786513407507,
    "S_pot": -5770.563318334678,
    "S_interior": 0.0,
    "S3_over_T": NaN,
    "beta_rscale": 34.83940694871165,
    "beta_curvature": 36.87739926418649,
    "beta_wall": 11.992353540086675,
    "Tn_from_transitionFinder_GeV": 82.36209228051304,
    "Tc_from_transitionFinder_GeV": 94.56270967497554,
    "T_spinodal_high_GeV": NaN,
    "T_spinodal_low_GeV": NaN,
    "gw_T_star_GeV": 82.36209228051304,
    "gw_alpha": 0.021426225894447797,
    "gw_beta_over_H": 1396.1743020941788,
    "gw_R_star_times_H": NaN,
    "gw_Gamma_Tstar_GeV4": NaN,
    "gw_dT_for_beta_GeV": NaN,
    "gw_f_sw_peak_Hz": NaN,
    "gw_f_turb_peak_Hz": NaN,
    "gw_f_coll_peak_Hz": NaN,
    "gw_g_star": 106.75,
    "gw_v_w": 1.0,
    "omega_sw_peak": NaN,
    "omega_turb_peak": NaN,
    "omega_coll_peak": NaN,
    "omega_tot_peak": NaN
  }
}