{
  "label": "results_eft68_c6f23p37172_c8f42_f1000_mh125_Glauber_off",
  "model_parameters": {
    "c6_over_f2_TeV2": 3.3717171717171714,
    "c8_over_f4_TeV4": 2.0,
    "f_GeV": 1000.0,
    "m_h": 125.0,
    "v": 246.0,
    "m_w": 80.36,
    "m_z": 91.19,
    "m_t": 173.1,
    "use_glauber_measure": false,
    "C_glauber": 0.0,
    "Lambda_glauber": 1000.0
  },
  "derived_tree_coefficients": {
    "glauber_scheme": "counterterm_subtracted",
    "lambda_tree": -0.18795272355206907,
    "mu2_tree_GeV2": -1891.6339409725524,
    "a0_mean_field": 0.24129982675261916,
    "glauber_t0": 0.0,
    "glauber_lambda_shift": 0.0,
    "glauber_mu2_shift_after_lambda_GeV2": 0.0,
    "lambda_tree_raw_glauber_equivalent": -0.18795272355206907,
    "mu2_tree_raw_glauber_equivalent_GeV2": -1891.6339409725524,
    "combo_TeV2": 7.1065303434343425
  },
  "scan_parameters": {
    "T_min": 1.0,
    "T_max": 250.0,
    "phi_scan_range": [
      -10,
      1000.0
    ],
    "n_phi_scan": 1200,
    "n_T_seeds": 3,
    "deltaX_target": 0.1,
    "x_eps": 0.001,
    "T_eps": 0.01,
    "deriv_order": 4,
    "phitol": 0.0001,
    "overlapAngle": 45.0,
    "Tn_Ttol": 0.01,
    "Tn_maxiter": 160,
    "include_zeroT_loops": true,
    "include_scalar_loops": true,
    "include_thermal": true,
    "include_scalar_thermal": true,
    "include_daisy": true,
    "renormalize_zeroT_loops": true,
    "thermal_approx": "spline"
  },
  "key_temperatures": {
    "Tn": 63.279862900721646,
    "Tc": 88.41607170600956,
    "Ts_false": 9.509380468744409,
    "Ts_true": 93.4621621093747,
    "S_at_Tn": 8862.980714979747,
    "S_over_Tn": 140.06004925903014,
    "false_phase_key": 2,
    "true_phase_key": 0,
    "phi_false_Tn": -3.732739075505986e-05,
    "phi_true_Tn": 238.18604299138792,
    "vTn_over_Tn": 3.764010098521747,
    "Tc_minus_Tn_over_Tc": 0.28429456681662807
  },
  "gw_scales": {
    "gw_T_star_GeV": 63.279862900721646,
    "gw_alpha": 0.06140807753646535,
    "gw_beta_over_H": 465.4583320416303,
    "gw_v_w": 1.0,
    "gw_g_star": 106.75
  },
  "gw_peaks": {
    "sw": {
      "f_peak_mHz": 5.6207140693079705,
      "f_peak_Hz": 0.0056207140693079706,
      "omega_peak": 8.609254777253348e-15
    },
    "turb": {
      "f_peak_mHz": 9.623198249142845,
      "f_peak_Hz": 0.009623198249142845,
      "omega_peak": 6.255642765353061e-19
    },
    "coll": {
      "f_peak_mHz": NaN,
      "f_peak_Hz": NaN,
      "omega_peak": NaN
    },
    "total": {
      "f_peak_mHz": 5.6207140693079705,
      "f_peak_Hz": 0.0056207140693079706,
      "omega_peak": 8.609802309816692e-15
    }
  },
  "gw_run_parameters": {
    "g_star": 106.75,
    "v_w": 1.0,
    "epsilon_turb": 1.0,
    "frequency_unit": "mHz"
  },
  "S3": 8862.981618081443,
  "S3_over_T": 140.06006353057964,
  "bounce_diagnostics": {
    "label": "results_eft68_c6f23p37172_c8f42_f1000_mh125_Glauber_off",
    "C": NaN,
    "Lambda_GeV": NaN,
    "finiteT": null,
    "temperature_GeV": NaN,
    "phi_metaMin": -3.732739075505986e-05,
    "phi_absMin": 238.18604299138792,
    "phi_bar": 115.9410150508452,
    "phi_top": 78.94683285186024,
    "V(phi_meta)": -41173669.52859608,
    "V(phi_true)": -64031246.48870862,
    "V(phi_top)": -39700976.54411348,
    "DeltaV_true_minus_meta": -22857576.960112542,
    "r0": 2.65584779990422e-06,
    "phi0": 229.06449082892908,
    "dphi0": -0.08870552453311441,
    "rscale_cubic": 0.026558477999042197,
    "rscale_curv": 0.025725743855618703,
    "wall_r_hi": 0.09881052146396933,
    "wall_thickness": 0.0729263912820103,
    "S_total": 8862.981618081443,
    "S_kin": 13320.59538288454,
    "S_pot": -4457.613764803097,
    "S_interior": 0.0,
    "S3_over_T": NaN,
    "beta_rscale": 37.65276007292526,
    "beta_curvature": 38.87156808174954,
    "beta_wall": 13.712456936652,
    "Tn_from_transitionFinder_GeV": 63.279862900721646,
    "Tc_from_transitionFinder_GeV": 88.41607170600956,
    "T_spinodal_high_GeV": NaN,
    "T_spinodal_low_GeV": NaN,
    "gw_T_star_GeV": 63.279862900721646,
    "gw_alpha": 0.06140807753646535,
    "gw_beta_over_H": 465.4583320416303,
    "gw_R_star_times_H": NaN,
    "gw_Gamma_Tstar_GeV4": NaN,
    "gw_dT_for_beta_GeV": NaN,
    "gw_f_sw_peak_Hz": NaN,
    "gw_f_turb_peak_Hz": NaN,
    "gw_f_coll_peak_Hz": NaN,
    "gw_g_star": 106.75,
    "gw_v_w": 1.0,
    "omega_sw_peak": NaN,
    "omega_turb_peak": NaN,
    "omega_coll_peak": NaN,
    "omega_tot_peak": NaN
  }
}