{
  "label": "results_eft68_c6f23p09293_c8f42_f1000_mh125_Glauber_off",
  "model_parameters": {
    "c6_over_f2_TeV2": 3.092929292929293,
    "c8_over_f4_TeV4": 2.0,
    "f_GeV": 1000.0,
    "m_h": 125.0,
    "v": 246.0,
    "m_w": 80.36,
    "m_z": 91.19,
    "m_t": 173.1,
    "use_glauber_measure": false,
    "C_glauber": 0.0,
    "Lambda_glauber": 1000.0
  },
  "derived_tree_coefficients": {
    "glauber_scheme": "counterterm_subtracted",
    "lambda_tree": -0.1626460326429782,
    "mu2_tree_GeV2": -1125.904087445283,
    "a0_mean_field": 0.25395317220716457,
    "glauber_t0": 0.0,
    "glauber_lambda_shift": 0.0,
    "glauber_mu2_shift_after_lambda_GeV2": 0.0,
    "lambda_tree_raw_glauber_equivalent": -0.1626460326429782,
    "mu2_tree_raw_glauber_equivalent_GeV2": -1125.904087445283,
    "combo_TeV2": 6.548954585858586
  },
  "scan_parameters": {
    "T_min": 1.0,
    "T_max": 250.0,
    "phi_scan_range": [
      -10,
      1000.0
    ],
    "n_phi_scan": 1200,
    "n_T_seeds": 3,
    "deltaX_target": 0.1,
    "x_eps": 0.001,
    "T_eps": 0.01,
    "deriv_order": 4,
    "phitol": 0.0001,
    "overlapAngle": 45.0,
    "Tn_Ttol": 0.01,
    "Tn_maxiter": 160,
    "include_zeroT_loops": true,
    "include_scalar_loops": true,
    "include_thermal": true,
    "include_scalar_thermal": true,
    "include_daisy": false,
    "renormalize_zeroT_loops": true,
    "thermal_approx": "spline"
  },
  "key_temperatures": {
    "Tn": 78.24103121602872,
    "Tc": 92.6836825382794,
    "Ts_false": 50.91696191405795,
    "Ts_true": 94.74460937499967,
    "S_at_Tn": 10956.044148280112,
    "S_over_Tn": 140.02939350364315,
    "false_phase_key": 2,
    "true_phase_key": 0,
    "phi_false_Tn": 4.13413641250182e-05,
    "phi_true_Tn": 227.83859259425964,
    "vTn_over_Tn": 2.9120090706011026,
    "Tc_minus_Tn_over_Tc": 0.15582733580191643
  },
  "gw_scales": {
    "gw_T_star_GeV": 78.24103121602872,
    "gw_alpha": 0.02645931049634469,
    "gw_beta_over_H": 1047.5289872213527,
    "gw_v_w": 1.0,
    "gw_g_star": 106.75
  },
  "gw_peaks": {
    "sw": {
      "f_peak_mHz": 15.733693738950372,
      "f_peak_Hz": 0.015733693738950373,
      "omega_peak": 1.6913621034883702e-16
    },
    "turb": {
      "f_peak_mHz": 26.937583405636264,
      "f_peak_Hz": 0.026937583405636265,
      "omega_peak": 1.2288827745401497e-20
    },
    "coll": {
      "f_peak_mHz": NaN,
      "f_peak_Hz": NaN,
      "omega_peak": NaN
    },
    "total": {
      "f_peak_mHz": 15.733693738950372,
      "f_peak_Hz": 0.015733693738950373,
      "omega_peak": 1.6914699764701377e-16
    }
  },
  "gw_run_parameters": {
    "g_star": 106.75,
    "v_w": 1.0,
    "epsilon_turb": 1.0,
    "frequency_unit": "mHz"
  },
  "S3": 10956.08221476537,
  "S3_over_T": 140.02988003206266,
  "bounce_diagnostics": {
    "label": "results_eft68_c6f23p09293_c8f42_f1000_mh125_Glauber_off",
    "C": NaN,
    "Lambda_GeV": NaN,
    "finiteT": null,
    "temperature_GeV": NaN,
    "phi_metaMin": 4.13413641250182e-05,
    "phi_absMin": 227.83859259425964,
    "phi_bar": 116.56325036176948,
    "phi_top": 78.13041165243952,
    "V(phi_meta)": -95729214.1342813,
    "V(phi_true)": -110860330.0633417,
    "V(phi_top)": -94419584.23831597,
    "DeltaV_true_minus_meta": -15131115.929060414,
    "r0": 2.787211769884327e-06,
    "phi0": 221.74312618427524,
    "dphi0": -0.0482099834521708,
    "rscale_cubic": 0.027872117698843266,
    "rscale_curv": 0.026520074007042576,
    "wall_r_hi": 0.11547811195222416,
    "wall_thickness": 0.07982128805751719,
    "S_total": 10956.08221476537,
    "S_kin": 16437.70168531515,
    "S_pot": -5481.619470549783,
    "S_interior": 0.0,
    "S3_over_T": NaN,
    "beta_rscale": 35.87814929618719,
    "beta_curvature": 37.70728486134195,
    "beta_wall": 12.52798625949791,
    "Tn_from_transitionFinder_GeV": 78.24103121602872,
    "Tc_from_transitionFinder_GeV": 92.6836825382794,
    "T_spinodal_high_GeV": NaN,
    "T_spinodal_low_GeV": NaN,
    "gw_T_star_GeV": 78.24103121602872,
    "gw_alpha": 0.02645931049634469,
    "gw_beta_over_H": 1047.5289872213527,
    "gw_R_star_times_H": NaN,
    "gw_Gamma_Tstar_GeV4": NaN,
    "gw_dT_for_beta_GeV": NaN,
    "gw_f_sw_peak_Hz": NaN,
    "gw_f_turb_peak_Hz": NaN,
    "gw_f_coll_peak_Hz": NaN,
    "gw_g_star": 106.75,
    "gw_v_w": 1.0,
    "omega_sw_peak": NaN,
    "omega_turb_peak": NaN,
    "omega_coll_peak": NaN,
    "omega_tot_peak": NaN
  }
}