{
  "label": "results_eft68_c6f23p20606_c8f42_f1000_mh125_Glauber_off",
  "model_parameters": {
    "c6_over_f2_TeV2": 3.206060606060606,
    "c8_over_f4_TeV4": 2.0,
    "f_GeV": 1000.0,
    "m_h": 125.0,
    "v": 246.0,
    "m_w": 80.36,
    "m_z": 91.19,
    "m_t": 173.1,
    "use_glauber_measure": false,
    "C_glauber": 0.0,
    "Lambda_glauber": 1000.0
  },
  "derived_tree_coefficients": {
    "glauber_scheme": "counterterm_subtracted",
    "lambda_tree": -0.17291541446116002,
    "mu2_tree_GeV2": -1436.6350424998282,
    "a0_mean_field": 0.24881848129807368,
    "glauber_t0": 0.0,
    "glauber_lambda_shift": 0.0,
    "glauber_mu2_shift_after_lambda_GeV2": 0.0,
    "lambda_tree_raw_glauber_equivalent": -0.17291541446116002,
    "mu2_tree_raw_glauber_equivalent_GeV2": -1436.6350424998282,
    "combo_TeV2": 6.775217212121212
  },
  "scan_parameters": {
    "T_min": 1.0,
    "T_max": 250.0,
    "phi_scan_range": [
      -10,
      1000.0
    ],
    "n_phi_scan": 1200,
    "n_T_seeds": 3,
    "deltaX_target": 0.1,
    "x_eps": 0.001,
    "T_eps": 0.01,
    "deriv_order": 4,
    "phitol": 0.0001,
    "overlapAngle": 45.0,
    "Tn_Ttol": 0.01,
    "Tn_maxiter": 160,
    "include_zeroT_loops": true,
    "include_scalar_loops": true,
    "include_thermal": true,
    "include_scalar_thermal": true,
    "include_daisy": false,
    "renormalize_zeroT_loops": true,
    "thermal_approx": "spline"
  },
  "key_temperatures": {
    "Tn": 72.55732078788263,
    "Tc": 90.36340033122165,
    "Ts_false": 39.20618066405696,
    "Ts_true": 93.71164843749969,
    "S_at_Tn": 10161.818430184632,
    "S_over_Tn": 140.05228307550323,
    "false_phase_key": 2,
    "true_phase_key": 0,
    "phi_false_Tn": -4.7671500706561646e-05,
    "phi_true_Tn": 232.39375246398967,
    "vTn_over_Tn": 3.202898755638733,
    "Tc_minus_Tn_over_Tc": 0.197049684696148
  },
  "gw_scales": {
    "gw_T_star_GeV": 72.55732078788263,
    "gw_alpha": 0.03584109991352065,
    "gw_beta_over_H": 838.6701440514321,
    "gw_v_w": 1.0,
    "gw_g_star": 106.75
  },
  "gw_peaks": {
    "sw": {
      "f_peak_mHz": 11.750555064331126,
      "f_peak_Hz": 0.011750555064331127,
      "omega_peak": 6.140761436772662e-16
    },
    "turb": {
      "f_peak_mHz": 19.81135111804306,
      "f_peak_Hz": 0.01981135111804306,
      "omega_peak": 4.4618181534294707e-20
    },
    "coll": {
      "f_peak_mHz": NaN,
      "f_peak_Hz": NaN,
      "omega_peak": NaN
    },
    "total": {
      "f_peak_mHz": 11.750555064331126,
      "f_peak_Hz": 0.011750555064331127,
      "omega_peak": 6.141154221470968e-16
    }
  },
  "gw_run_parameters": {
    "g_star": 106.75,
    "v_w": 1.0,
    "epsilon_turb": 1.0,
    "frequency_unit": "mHz"
  },
  "S3": 10163.90116771673,
  "S3_over_T": 140.08098779488205,
  "bounce_diagnostics": {
    "label": "results_eft68_c6f23p20606_c8f42_f1000_mh125_Glauber_off",
    "C": NaN,
    "Lambda_GeV": NaN,
    "finiteT": null,
    "temperature_GeV": NaN,
    "phi_metaMin": -4.7671500706561646e-05,
    "phi_absMin": 232.39375246398967,
    "phi_bar": 117.07218171117424,
    "phi_top": 79.43769024138962,
    "V(phi_meta)": -70564571.05167945,
    "V(phi_true)": -88612205.83110422,
    "V(phi_top)": -69145088.16641343,
    "DeltaV_true_minus_meta": -18047634.77942477,
    "r0": 2.72198772948498e-06,
    "phi0": 225.42887786342595,
    "dphi0": -0.06058699433666792,
    "rscale_cubic": 0.027219877294849797,
    "rscale_curv": 0.026029780044825743,
    "wall_r_hi": 0.10806592593350527,
    "wall_thickness": 0.07627931231096488,
    "S_total": 10163.90116771673,
    "S_kin": 15257.177533843014,
    "S_pot": -5093.276366126283,
    "S_interior": 0.0,
    "S3_over_T": NaN,
    "beta_rscale": 36.73785848363128,
    "beta_curvature": 38.417535445075856,
    "beta_wall": 13.109714412779958,
    "Tn_from_transitionFinder_GeV": 72.55732078788263,
    "Tc_from_transitionFinder_GeV": 90.36340033122165,
    "T_spinodal_high_GeV": NaN,
    "T_spinodal_low_GeV": NaN,
    "gw_T_star_GeV": 72.55732078788263,
    "gw_alpha": 0.03584109991352065,
    "gw_beta_over_H": 838.6701440514321,
    "gw_R_star_times_H": NaN,
    "gw_Gamma_Tstar_GeV4": NaN,
    "gw_dT_for_beta_GeV": NaN,
    "gw_f_sw_peak_Hz": NaN,
    "gw_f_turb_peak_Hz": NaN,
    "gw_f_coll_peak_Hz": NaN,
    "gw_g_star": 106.75,
    "gw_v_w": 1.0,
    "omega_sw_peak": NaN,
    "omega_turb_peak": NaN,
    "omega_coll_peak": NaN,
    "omega_tot_peak": NaN
  }
}