{
  "label": "results_eft68_c6f23p07677_c8f42_f1000_mh125_Glauber_off",
  "model_parameters": {
    "c6_over_f2_TeV2": 3.076767676767677,
    "c8_over_f4_TeV4": 2.0,
    "f_GeV": 1000.0,
    "m_h": 125.0,
    "v": 246.0,
    "m_w": 80.36,
    "m_z": 91.19,
    "m_t": 173.1,
    "use_glauber_measure": false,
    "C_glauber": 0.0,
    "Lambda_glauber": 1000.0
  },
  "derived_tree_coefficients": {
    "glauber_scheme": "counterterm_subtracted",
    "lambda_tree": -0.16117897809752366,
    "mu2_tree_GeV2": -1081.5139510089184,
    "a0_mean_field": 0.25468669947989186,
    "glauber_t0": 0.0,
    "glauber_lambda_shift": 0.0,
    "glauber_mu2_shift_after_lambda_GeV2": 0.0,
    "lambda_tree_raw_glauber_equivalent": -0.16117897809752366,
    "mu2_tree_raw_glauber_equivalent_GeV2": -1081.5139510089184,
    "combo_TeV2": 6.516631353535353
  },
  "scan_parameters": {
    "T_min": 1.0,
    "T_max": 250.0,
    "phi_scan_range": [
      -10,
      1000.0
    ],
    "n_phi_scan": 1200,
    "n_T_seeds": 3,
    "deltaX_target": 0.1,
    "x_eps": 0.001,
    "T_eps": 0.01,
    "deriv_order": 4,
    "phitol": 0.0001,
    "overlapAngle": 45.0,
    "Tn_Ttol": 0.01,
    "Tn_maxiter": 160,
    "include_zeroT_loops": true,
    "include_scalar_loops": true,
    "include_thermal": true,
    "include_scalar_thermal": true,
    "include_daisy": false,
    "renormalize_zeroT_loops": true,
    "thermal_approx": "spline"
  },
  "key_temperatures": {
    "Tn": 78.98555139982456,
    "Tc": 93.01248940445976,
    "Ts_false": 52.38275488280806,
    "Ts_true": 94.89537109374967,
    "S_at_Tn": 11058.415090466335,
    "S_over_Tn": 140.00554398219847,
    "false_phase_key": 2,
    "true_phase_key": 0,
    "phi_false_Tn": -4.0148292657094104e-05,
    "phi_true_Tn": 227.1575378964909,
    "vTn_over_Tn": 2.8759378629468615,
    "Tc_minus_Tn_over_Tc": 0.15080703779080484
  },
  "gw_scales": {
    "gw_T_star_GeV": 78.98555139982456,
    "gw_alpha": 0.025458544972012217,
    "gw_beta_over_H": 1127.1353155680827,
    "gw_v_w": 1.0,
    "gw_g_star": 106.75
  },
  "gw_peaks": {
    "sw": {
      "f_peak_mHz": 16.989939270866806,
      "f_peak_Hz": 0.016989939270866807,
      "omega_peak": 1.3110116554384412e-16
    },
    "turb": {
      "f_peak_mHz": 29.088395500712377,
      "f_peak_Hz": 0.029088395500712377,
      "omega_peak": 9.5260418321258e-21
    },
    "coll": {
      "f_peak_mHz": NaN,
      "f_peak_Hz": NaN,
      "omega_peak": NaN
    },
    "total": {
      "f_peak_mHz": 16.989939270866806,
      "f_peak_Hz": 0.016989939270866807,
      "omega_peak": 1.3110950354081718e-16
    }
  },
  "gw_run_parameters": {
    "g_star": 106.75,
    "v_w": 1.0,
    "epsilon_turb": 1.0,
    "frequency_unit": "mHz"
  },
  "S3": 11058.476796858718,
  "S3_over_T": 140.00632521865614,
  "bounce_diagnostics": {
    "label": "results_eft68_c6f23p07677_c8f42_f1000_mh125_Glauber_off",
    "C": NaN,
    "Lambda_GeV": NaN,
    "finiteT": null,
    "temperature_GeV": NaN,
    "phi_metaMin": -4.0148292657094104e-05,
    "phi_absMin": 227.1575378964909,
    "phi_bar": 116.42318897106429,
    "phi_top": 77.87646207687209,
    "V(phi_meta)": -99467307.21895984,
    "V(phi_true)": -114211737.73057146,
    "V(phi_top)": -98177326.54377131,
    "DeltaV_true_minus_meta": -14744430.511611626,
    "r0": 2.799234034445961e-06,
    "phi0": 221.16836770876952,
    "dphi0": -0.04671869396390595,
    "rscale_cubic": 0.027992340344459608,
    "rscale_curv": 0.02659939143019886,
    "wall_r_hi": 0.11657909746415282,
    "wall_thickness": 0.08035034516031733,
    "S_total": 11058.476796858718,
    "S_kin": 16608.929809953745,
    "S_pot": -5550.453013095024,
    "S_interior": 0.0,
    "S3_over_T": NaN,
    "beta_rscale": 35.7240583564827,
    "beta_curvature": 37.59484687078756,
    "beta_wall": 12.445497253369243,
    "Tn_from_transitionFinder_GeV": 78.98555139982456,
    "Tc_from_transitionFinder_GeV": 93.01248940445976,
    "T_spinodal_high_GeV": NaN,
    "T_spinodal_low_GeV": NaN,
    "gw_T_star_GeV": 78.98555139982456,
    "gw_alpha": 0.025458544972012217,
    "gw_beta_over_H": 1127.1353155680827,
    "gw_R_star_times_H": NaN,
    "gw_Gamma_Tstar_GeV4": NaN,
    "gw_dT_for_beta_GeV": NaN,
    "gw_f_sw_peak_Hz": NaN,
    "gw_f_turb_peak_Hz": NaN,
    "gw_f_coll_peak_Hz": NaN,
    "gw_g_star": 106.75,
    "gw_v_w": 1.0,
    "omega_sw_peak": NaN,
    "omega_turb_peak": NaN,
    "omega_coll_peak": NaN,
    "omega_tot_peak": NaN
  }
}