{
  "label": "results_eft68_c6f23p25667_c8f42_f1000_mh125_Glauber_off",
  "model_parameters": {
    "c6_over_f2_TeV2": 3.256666666666667,
    "c8_over_f4_TeV4": 2.0,
    "f_GeV": 1000.0,
    "m_h": 125.0,
    "v": 246.0,
    "m_w": 80.36,
    "m_z": 91.19,
    "m_t": 173.1,
    "use_glauber_measure": false,
    "C_glauber": 0.0,
    "Lambda_glauber": 1000.0
  },
  "scan_parameters": {
    "T_min": 1.0,
    "T_max": 250.0,
    "phi_scan_range": [
      -10,
      1000.0
    ],
    "n_phi_scan": 1200,
    "n_T_seeds": 3,
    "deltaX_target": 0.1,
    "x_eps": 0.001,
    "T_eps": 0.01,
    "deriv_order": 4,
    "phitol": 1e-05,
    "overlapAngle": 45.0,
    "Tn_Ttol": 0.001,
    "Tn_maxiter": 160,
    "include_zeroT_loops": true,
    "include_scalar_loops": true,
    "include_thermal": true,
    "include_scalar_thermal": true,
    "include_daisy": false,
    "renormalize_zeroT_loops": true,
    "thermal_approx": "spline"
  },
  "key_temperatures": {
    "Tn": 69.6220507267393,
    "Tc": 89.31375040110655,
    "Ts_false": 32.78348828124388,
    "Ts_true": 93.26130859374969,
    "S_at_Tn": 9746.93188125099,
    "S_over_Tn": 139.99777052685332,
    "false_phase_key": 2,
    "true_phase_key": 0,
    "phi_false_Tn": -4.5845015251713865e-05,
    "phi_true_Tn": 234.35365353262918,
    "vTn_over_Tn": 3.366083749133555,
    "Tc_minus_Tn_over_Tc": 0.220477805331566
  },
  "gw_scales": {
    "gw_T_star_GeV": 69.6220507267393,
    "gw_alpha": 0.04226936925664961,
    "gw_beta_over_H": 502.80395982809745,
    "gw_v_w": 1.0,
    "gw_g_star": 106.75
  },
  "gw_peaks": {
    "sw": {
      "f_peak_mHz": 6.758622895172531,
      "f_peak_Hz": 0.0067586228951725304,
      "omega_peak": 2.6889859047505435e-15
    },
    "turb": {
      "f_peak_mHz": 11.39498947221261,
      "f_peak_Hz": 0.011394989472212609,
      "omega_peak": 1.9537834999023473e-19
    },
    "coll": {
      "f_peak_mHz": NaN,
      "f_peak_Hz": NaN,
      "omega_peak": NaN
    },
    "total": {
      "f_peak_mHz": 6.758622895172531,
      "f_peak_Hz": 0.0067586228951725304,
      "omega_peak": 2.6891578872731107e-15
    }
  },
  "gw_run_parameters": {
    "g_star": 106.75,
    "v_w": 1.0,
    "epsilon_turb": 1.0,
    "frequency_unit": "mHz"
  },
  "S3": 9737.930136791212,
  "S3_over_T": 139.86847608111646,
  "bounce_diagnostics": {
    "label": "results_eft68_c6f23p25667_c8f42_f1000_mh125_Glauber_off",
    "C": NaN,
    "Lambda_GeV": NaN,
    "finiteT": null,
    "temperature_GeV": NaN,
    "phi_metaMin": -4.5845015251713865e-05,
    "phi_absMin": 234.35365353262918,
    "phi_bar": 116.87052410237,
    "phi_top": 79.5609470748286,
    "V(phi_meta)": -59716610.37586535,
    "V(phi_true)": -79246487.24986765,
    "V(phi_top)": -58269588.39881321,
    "DeltaV_true_minus_meta": -19529876.8740023,
    "r0": 2.7001444961369447e-06,
    "phi0": 226.76499980932962,
    "dphi0": -0.06865672940605438,
    "rscale_cubic": 0.027001444961369445,
    "rscale_curv": 0.02613983769021678,
    "wall_r_hi": 0.10482982584470989,
    "wall_thickness": 0.07501679578163226,
    "S_total": 9737.930136791212,
    "S_kin": 14612.053123558027,
    "S_pot": -4874.122986766813,
    "S_interior": 0.0,
    "S3_over_T": NaN,
    "beta_rscale": 37.03505502874697,
    "beta_curvature": 38.255782339906816,
    "beta_wall": 13.330348085126403,
    "Tn_from_transitionFinder_GeV": 69.6220507267393,
    "Tc_from_transitionFinder_GeV": 89.31375040110655,
    "T_spinodal_high_GeV": NaN,
    "T_spinodal_low_GeV": NaN,
    "gw_T_star_GeV": 69.6220507267393,
    "gw_alpha": 0.04226936925664961,
    "gw_beta_over_H": 502.80395982809745,
    "gw_R_star_times_H": NaN,
    "gw_Gamma_Tstar_GeV4": NaN,
    "gw_dT_for_beta_GeV": NaN,
    "gw_f_sw_peak_Hz": NaN,
    "gw_f_turb_peak_Hz": NaN,
    "gw_f_coll_peak_Hz": NaN,
    "gw_g_star": 106.75,
    "gw_v_w": 1.0,
    "omega_sw_peak": NaN,
    "omega_turb_peak": NaN,
    "omega_coll_peak": NaN,
    "omega_tot_peak": NaN
  }
}