{
  "label": "results_eft68_c6f20_c8f40_f524p142_mh125_Glauber_C3p64_Lambda1000",
  "model_parameters": {
    "c6_over_f2_TeV2": 0.0,
    "c8_over_f4_TeV4": 0.0,
    "f_GeV": 524.1424183609591,
    "m_h": 125.0,
    "v": 246.0,
    "m_w": 80.36,
    "m_z": 91.19,
    "m_t": 173.1,
    "use_glauber_measure": true,
    "C_glauber": 3.64,
    "Lambda_glauber": 1000.0
  },
  "scan_parameters": {
    "T_min": 1.0,
    "T_max": 250.0,
    "phi_scan_range": [
      -10.0,
      524.1424183609591
    ],
    "n_phi_scan": 1200,
    "n_T_seeds": 3,
    "deltaX_target": 0.1,
    "x_eps": 0.001,
    "T_eps": 0.01,
    "deriv_order": 4,
    "phitol": 1e-05,
    "overlapAngle": 45.0,
    "Tn_Ttol": 0.001,
    "Tn_maxiter": 160,
    "include_zeroT_loops": true,
    "include_scalar_loops": true,
    "include_thermal": true,
    "include_scalar_thermal": true,
    "include_daisy": false,
    "renormalize_zeroT_loops": true,
    "thermal_approx": "spline"
  },
  "key_temperatures": {
    "Tn": 76.21515903674123,
    "Tc": 86.75331866004383,
    "Ts_false": 66.30209804687198,
    "Ts_true": 94.66582421874969,
    "S_at_Tn": 10670.298012600724,
    "S_over_Tn": 140.00230593833527,
    "false_phase_key": 1,
    "true_phase_key": 0,
    "phi_false_Tn": -0.0003305954220011563,
    "phi_true_Tn": 230.04524839877294,
    "vTn_over_Tn": 3.018366048253924,
    "Tc_minus_Tn_over_Tc": 0.1214726973684776
  },
  "gw_scales": {
    "gw_T_star_GeV": 76.21515903674123,
    "gw_alpha": 0.03077769718125944,
    "gw_beta_over_H": 1748.6930388130636,
    "gw_v_w": 1.0,
    "gw_g_star": 106.75
  },
  "gw_peaks": {
    "sw": {
      "f_peak_mHz": 25.724204392561013,
      "f_peak_Hz": 0.025724204392561015,
      "omega_peak": 9.258697260419293e-17
    },
    "turb": {
      "f_peak_mHz": 43.370823136714556,
      "f_peak_Hz": 0.04337082313671456,
      "omega_peak": 6.7272090937141365e-21
    },
    "coll": {
      "f_peak_mHz": NaN,
      "f_peak_Hz": NaN,
      "omega_peak": NaN
    },
    "total": {
      "f_peak_mHz": 25.724204392561013,
      "f_peak_Hz": 0.025724204392561015,
      "omega_peak": 9.259289344069261e-17
    }
  },
  "gw_run_parameters": {
    "g_star": 106.75,
    "v_w": 1.0,
    "epsilon_turb": 1.0,
    "frequency_unit": "mHz"
  },
  "S3": 10662.086100379433,
  "S3_over_T": 139.8945594962222,
  "bounce_diagnostics": {
    "label": "results_eft68_c6f20_c8f40_f524p142_mh125_Glauber_C3p64_Lambda1000",
    "C": NaN,
    "Lambda_GeV": NaN,
    "finiteT": null,
    "temperature_GeV": NaN,
    "phi_metaMin": -0.0003305954220011563,
    "phi_absMin": 230.04524839877294,
    "phi_bar": 114.61613293232726,
    "phi_top": 77.58338080733137,
    "V(phi_meta)": -93918477.40399249,
    "V(phi_true)": -107349891.11251913,
    "V(phi_top)": -93166078.46821956,
    "DeltaV_true_minus_meta": -13431413.708526641,
    "r0": 3.651496088756522e-06,
    "phi0": 224.13668309965266,
    "dphi0": -0.06020326126616568,
    "rscale_cubic": 0.036514960887565215,
    "rscale_curv": 0.035024964177309485,
    "wall_r_hi": 0.1286033488745678,
    "wall_thickness": 0.09191966012447442,
    "S_total": 10662.086100379433,
    "S_kin": 15990.633145172835,
    "S_pot": -5328.5470447934,
    "S_interior": 0.0,
    "S3_over_T": NaN,
    "beta_rscale": 27.386035085157094,
    "beta_curvature": 28.55105885818375,
    "beta_wall": 10.879065464839998,
    "Tn_from_transitionFinder_GeV": 76.21515903674123,
    "Tc_from_transitionFinder_GeV": 86.75331866004383,
    "T_spinodal_high_GeV": NaN,
    "T_spinodal_low_GeV": NaN,
    "gw_T_star_GeV": 76.21515903674123,
    "gw_alpha": 0.03077769718125944,
    "gw_beta_over_H": 1748.6930388130636,
    "gw_R_star_times_H": NaN,
    "gw_Gamma_Tstar_GeV4": NaN,
    "gw_dT_for_beta_GeV": NaN,
    "gw_f_sw_peak_Hz": NaN,
    "gw_f_turb_peak_Hz": NaN,
    "gw_f_coll_peak_Hz": NaN,
    "gw_g_star": 106.75,
    "gw_v_w": 1.0,
    "omega_sw_peak": NaN,
    "omega_turb_peak": NaN,
    "omega_coll_peak": NaN,
    "omega_tot_peak": NaN
  }
}