{
  "label": "results_eft68_c6f23p09495_c8f45_f1000_mh125_Glauber_off",
  "model_parameters": {
    "c6_over_f2_TeV2": 3.094949494949495,
    "c8_over_f4_TeV4": 5.0,
    "f_GeV": 1000.0,
    "m_h": 125.0,
    "v": 246.0,
    "m_w": 80.36,
    "m_z": 91.19,
    "m_t": 173.1,
    "use_glauber_measure": false,
    "C_glauber": 0.0,
    "Lambda_glauber": 1000.0
  },
  "derived_tree_coefficients": {
    "glauber_scheme": "counterterm_subtracted",
    "lambda_tree": -0.17930925261315997,
    "mu2_tree_GeV2": -1796.315444904114,
    "a0_mean_field": 0.24562156222207368,
    "glauber_t0": 0.0,
    "glauber_lambda_shift": 0.0,
    "glauber_mu2_shift_after_lambda_GeV2": 0.0,
    "lambda_tree_raw_glauber_equivalent": -0.17930925261315997,
    "mu2_tree_raw_glauber_equivalent_GeV2": -1796.315444904114,
    "combo_TeV2": 7.097638989898989
  },
  "scan_parameters": {
    "T_min": 1.0,
    "T_max": 250.0,
    "phi_scan_range": [
      -10,
      1000.0
    ],
    "n_phi_scan": 1200,
    "n_T_seeds": 3,
    "deltaX_target": 0.1,
    "x_eps": 0.001,
    "T_eps": 0.01,
    "deriv_order": 4,
    "phitol": 0.0001,
    "overlapAngle": 45.0,
    "Tn_Ttol": 0.01,
    "Tn_maxiter": 160,
    "include_zeroT_loops": true,
    "include_scalar_loops": true,
    "include_thermal": true,
    "include_scalar_thermal": true,
    "include_daisy": false,
    "renormalize_zeroT_loops": true,
    "thermal_approx": "spline"
  },
  "key_temperatures": {
    "Tn": 64.51554047939467,
    "Tc": 87.46112319416676,
    "Ts_false": 22.98577597655688,
    "Ts_true": 92.16950195312472,
    "S_at_Tn": 9028.037305246418,
    "S_over_Tn": 139.93585480586407,
    "false_phase_key": 2,
    "true_phase_key": 0,
    "phi_false_Tn": -4.8007870694658154e-05,
    "phi_true_Tn": 237.19092616926827,
    "vTn_over_Tn": 3.6764928946851745,
    "Tc_minus_Tn_over_Tc": 0.26235179559530797
  },
  "gw_scales": {
    "gw_T_star_GeV": 64.51554047939467,
    "gw_alpha": 0.056747438747722034,
    "gw_beta_over_H": 389.40300405326883,
    "gw_v_w": 1.0,
    "gw_g_star": 106.75
  },
  "gw_peaks": {
    "sw": {
      "f_peak_mHz": 4.820246238000243,
      "f_peak_Hz": 0.004820246238000243,
      "omega_peak": 9.960615542832538e-15
    },
    "turb": {
      "f_peak_mHz": 8.252721021916784,
      "f_peak_Hz": 0.008252721021916784,
      "omega_peak": 7.237045684228677e-19
    },
    "coll": {
      "f_peak_mHz": NaN,
      "f_peak_Hz": NaN,
      "omega_peak": NaN
    },
    "total": {
      "f_peak_mHz": 4.820246238000243,
      "f_peak_Hz": 0.004820246238000243,
      "omega_peak": 9.96125065981738e-15
    }
  },
  "gw_run_parameters": {
    "g_star": 106.75,
    "v_w": 1.0,
    "epsilon_turb": 1.0,
    "frequency_unit": "mHz"
  },
  "S3": 9031.686253909109,
  "S3_over_T": 139.9924140261012,
  "bounce_diagnostics": {
    "label": "results_eft68_c6f23p09495_c8f45_f1000_mh125_Glauber_off",
    "C": NaN,
    "Lambda_GeV": NaN,
    "finiteT": null,
    "temperature_GeV": NaN,
    "phi_metaMin": -4.8007870694658154e-05,
    "phi_absMin": 237.19092616926827,
    "phi_bar": 115.8531829890854,
    "phi_top": 78.8569529118013,
    "V(phi_meta)": -43895829.82433976,
    "V(phi_true)": -65619776.09640281,
    "V(phi_top)": -42480747.078559265,
    "DeltaV_true_minus_meta": -21723946.272063047,
    "r0": 2.7062861379539347e-06,
    "phi0": 228.33429303368837,
    "dphi0": -0.08511069044358816,
    "rscale_cubic": 0.027062861379539345,
    "rscale_curv": 0.02634374006829653,
    "wall_r_hi": 0.10091869919917643,
    "wall_thickness": 0.07421032014802167,
    "S_total": 9031.686253909109,
    "S_kin": 13559.65020581005,
    "S_pot": -4527.963951900942,
    "S_interior": 0.0,
    "S3_over_T": NaN,
    "beta_rscale": 36.95100772884429,
    "beta_curvature": 37.95968277759578,
    "beta_wall": 13.475214741094987,
    "Tn_from_transitionFinder_GeV": 64.51554047939467,
    "Tc_from_transitionFinder_GeV": 87.46112319416676,
    "T_spinodal_high_GeV": NaN,
    "T_spinodal_low_GeV": NaN,
    "gw_T_star_GeV": 64.51554047939467,
    "gw_alpha": 0.056747438747722034,
    "gw_beta_over_H": 389.40300405326883,
    "gw_R_star_times_H": NaN,
    "gw_Gamma_Tstar_GeV4": NaN,
    "gw_dT_for_beta_GeV": NaN,
    "gw_f_sw_peak_Hz": NaN,
    "gw_f_turb_peak_Hz": NaN,
    "gw_f_coll_peak_Hz": NaN,
    "gw_g_star": 106.75,
    "gw_v_w": 1.0,
    "omega_sw_peak": NaN,
    "omega_turb_peak": NaN,
    "omega_coll_peak": NaN,
    "omega_tot_peak": NaN
  }
}