{
  "label": "results_eft68_c6f23p12833_c8f42_f1000_mh125_Glauber_off",
  "model_parameters": {
    "c6_over_f2_TeV2": 3.1283333333333334,
    "c8_over_f4_TeV4": 2.0,
    "f_GeV": 1000.0,
    "m_h": 125.0,
    "v": 246.0,
    "m_w": 80.36,
    "m_z": 91.19,
    "m_t": 173.1,
    "use_glauber_measure": false,
    "C_glauber": 0.0,
    "Lambda_glauber": 1000.0
  },
  "scan_parameters": {
    "T_min": 1.0,
    "T_max": 250.0,
    "phi_scan_range": [
      -10,
      1000.0
    ],
    "n_phi_scan": 1200,
    "n_T_seeds": 3,
    "deltaX_target": 0.1,
    "x_eps": 0.001,
    "T_eps": 0.01,
    "deriv_order": 4,
    "phitol": 1e-05,
    "overlapAngle": 45.0,
    "Tn_Ttol": 0.001,
    "Tn_maxiter": 160,
    "include_zeroT_loops": true,
    "include_scalar_loops": true,
    "include_thermal": true,
    "include_scalar_thermal": true,
    "include_daisy": false,
    "renormalize_zeroT_loops": true,
    "thermal_approx": "spline"
  },
  "key_temperatures": {
    "Tn": 76.56109078369745,
    "Tc": 91.96097316814101,
    "Ts_false": 47.54811835937016,
    "Ts_true": 94.41731054687467,
    "S_at_Tn": 10719.35164122794,
    "S_over_Tn": 140.01043521587948,
    "false_phase_key": 2,
    "true_phase_key": 0,
    "phi_false_Tn": -4.806275679282895e-05,
    "phi_true_Tn": 229.30009861992647,
    "vTn_over_Tn": 2.9949951897596594,
    "Tc_minus_Tn_over_Tc": 0.1674610636871631
  },
  "gw_scales": {
    "gw_T_star_GeV": 76.56109078369745,
    "gw_alpha": 0.02888969500127543,
    "gw_beta_over_H": 857.6522566190571,
    "gw_v_w": 1.0,
    "gw_g_star": 106.75
  },
  "gw_peaks": {
    "sw": {
      "f_peak_mHz": 12.688769735470949,
      "f_peak_Hz": 0.012688769735470949,
      "omega_peak": 3.226219410001779e-16
    },
    "turb": {
      "f_peak_mHz": 21.393174289143477,
      "f_peak_Hz": 0.021393174289143477,
      "omega_peak": 2.3441817406309404e-20
    },
    "coll": {
      "f_peak_mHz": NaN,
      "f_peak_Hz": NaN,
      "omega_peak": NaN
    },
    "total": {
      "f_peak_mHz": 12.688769735470949,
      "f_peak_Hz": 0.012688769735470949,
      "omega_peak": 3.2264258449925075e-16
    }
  },
  "gw_run_parameters": {
    "g_star": 106.75,
    "v_w": 1.0,
    "epsilon_turb": 1.0,
    "frequency_unit": "mHz"
  },
  "S3": 10705.125356728951,
  "S3_over_T": 139.82461910023426,
  "bounce_diagnostics": {
    "label": "results_eft68_c6f23p12833_c8f42_f1000_mh125_Glauber_off",
    "C": NaN,
    "Lambda_GeV": NaN,
    "finiteT": null,
    "temperature_GeV": NaN,
    "phi_metaMin": -4.806275679282895e-05,
    "phi_absMin": 229.30009861992647,
    "phi_bar": 116.82681671836386,
    "phi_top": 78.64749880716515,
    "V(phi_meta)": -87683565.6650097,
    "V(phi_true)": -103682695.16345906,
    "V(phi_top)": -86333813.95974706,
    "DeltaV_true_minus_meta": -15999129.498449355,
    "r0": 2.7636472760900854e-06,
    "phi0": 222.9635589210658,
    "dphi0": -0.05164902387475763,
    "rscale_cubic": 0.02763647276090085,
    "rscale_curv": 0.026311453233152135,
    "wall_r_hi": 0.11307476902635424,
    "wall_thickness": 0.07863393114102615,
    "S_total": 10705.125356728951,
    "S_kin": 16059.941480091458,
    "S_pot": -5354.816123362506,
    "S_interior": 0.0,
    "S3_over_T": NaN,
    "beta_rscale": 36.18406765044077,
    "beta_curvature": 38.006263363936455,
    "beta_wall": 12.717156391514349,
    "Tn_from_transitionFinder_GeV": 76.56109078369745,
    "Tc_from_transitionFinder_GeV": 91.96097316814101,
    "T_spinodal_high_GeV": NaN,
    "T_spinodal_low_GeV": NaN,
    "gw_T_star_GeV": 76.56109078369745,
    "gw_alpha": 0.02888969500127543,
    "gw_beta_over_H": 857.6522566190571,
    "gw_R_star_times_H": NaN,
    "gw_Gamma_Tstar_GeV4": NaN,
    "gw_dT_for_beta_GeV": NaN,
    "gw_f_sw_peak_Hz": NaN,
    "gw_f_turb_peak_Hz": NaN,
    "gw_f_coll_peak_Hz": NaN,
    "gw_g_star": 106.75,
    "gw_v_w": 1.0,
    "omega_sw_peak": NaN,
    "omega_turb_peak": NaN,
    "omega_coll_peak": NaN,
    "omega_tot_peak": NaN
  }
}