{
  "lambda_tree": -0.1542104690066146,
  "mu2_tree": -870.6608029361915,
  "a0_mean_field": 0.2581709540253464,
  "combo_TeV2": 6.363096,
  "upper_c6_over_f2_TeV2_from_Eq_2_14": 4.085029095689913,
  "passes_Eq_2_14": true,
  "passes_EFT_tree_condition_Vv_lower_than_v_to_f": true,
  "min_after_v_tree": -30058083.023881305,
  "V_tree_v": -30058135.634350784,
  "sampled_min_phi_full_zeroT": 0.0,
  "sampled_min_deltaV_full_zeroT": 0.0,
  "dV_at_v_numeric": 8.315616370580061,
  "d2V_at_v_numeric": 15625.095148553291,
  "mh2_target": 15625.0
}