{
  "label": "results_eft68_c6f20_c8f40_f511p766_mh125_Glauber_C3p81818_Lambda1000",
  "model_parameters": {
    "c6_over_f2_TeV2": 0.0,
    "c8_over_f4_TeV4": 0.0,
    "f_GeV": 511.76631571915897,
    "m_h": 125.0,
    "v": 246.0,
    "m_w": 80.36,
    "m_z": 91.19,
    "m_t": 173.1,
    "use_glauber_measure": true,
    "C_glauber": 3.8181818181818183,
    "Lambda_glauber": 1000.0
  },
  "derived_tree_coefficients": {
    "glauber_scheme": "counterterm_subtracted",
    "lambda_tree": 0.12909808976138543,
    "mu2_tree_GeV2": 7812.5,
    "a0_mean_field": 0.3998252334093464,
    "glauber_t0": 0.2310610909090909,
    "glauber_lambda_shift": 0.0,
    "glauber_mu2_shift_after_lambda_GeV2": 0.0,
    "lambda_tree_raw_glauber_equivalent": -0.49545563007868715,
    "mu2_tree_raw_glauber_equivalent_GeV2": 95795.10747176393,
    "combo_TeV2": 0.0
  },
  "scan_parameters": {
    "T_min": 1.0,
    "T_max": 250.0,
    "phi_scan_range": [
      -10.0,
      511.76631571915897
    ],
    "n_phi_scan": 1200,
    "n_T_seeds": 3,
    "deltaX_target": 0.1,
    "x_eps": 0.001,
    "T_eps": 0.01,
    "deriv_order": 4,
    "phitol": 0.0001,
    "overlapAngle": 45.0,
    "Tn_Ttol": 0.01,
    "Tn_maxiter": 160,
    "include_zeroT_loops": true,
    "include_scalar_loops": true,
    "include_thermal": true,
    "include_scalar_thermal": true,
    "include_daisy": true,
    "renormalize_zeroT_loops": true,
    "thermal_approx": "spline"
  },
  "key_temperatures": {
    "Tn": 48.23023494914196,
    "Tc": 75.94425194604413,
    "Ts_false": 26.016426953119474,
    "Ts_true": 90.56364648437477,
    "S_at_Tn": 6752.4201096035695,
    "S_over_Tn": 140.00388172945648,
    "false_phase_key": 1,
    "true_phase_key": 0,
    "phi_false_Tn": -0.0003837825760948718,
    "phi_true_Tn": 243.2599405404163,
    "vTn_over_Tn": 5.043722901141372,
    "Tc_minus_Tn_over_Tc": 0.3649258013179465
  },
  "gw_scales": {
    "gw_T_star_GeV": 48.23023494914196,
    "gw_alpha": 0.1690997485142715,
    "gw_beta_over_H": 312.67802210063894,
    "gw_v_w": 1.0,
    "gw_g_star": 106.75
  },
  "gw_peaks": {
    "sw": {
      "f_peak_mHz": 2.9032587132459153,
      "f_peak_Hz": 0.0029032587132459156,
      "omega_peak": 2.4837671928460164e-13
    },
    "turb": {
      "f_peak_mHz": 4.970655653643069,
      "f_peak_Hz": 0.004970655653643069,
      "omega_peak": 1.8046079700460675e-17
    },
    "coll": {
      "f_peak_mHz": NaN,
      "f_peak_Hz": NaN,
      "omega_peak": NaN
    },
    "total": {
      "f_peak_mHz": 2.9032587132459153,
      "f_peak_Hz": 0.0029032587132459156,
      "omega_peak": 2.4839258249613516e-13
    }
  },
  "gw_run_parameters": {
    "g_star": 106.75,
    "v_w": 1.0,
    "epsilon_turb": 1.0,
    "frequency_unit": "mHz"
  },
  "S3": 6752.419850212021,
  "S3_over_T": 140.00387635126273,
  "bounce_diagnostics": {
    "label": "results_eft68_c6f20_c8f40_f511p766_mh125_Glauber_C3p81818_Lambda1000",
    "C": NaN,
    "Lambda_GeV": NaN,
    "finiteT": null,
    "temperature_GeV": NaN,
    "phi_metaMin": -0.0003837825760948718,
    "phi_absMin": 243.2599405404163,
    "phi_bar": 103.71566059287187,
    "phi_top": 72.19847949838045,
    "V(phi_meta)": -16934570.362866826,
    "V(phi_true)": -41835665.125429496,
    "V(phi_top)": -16281924.133986969,
    "DeltaV_true_minus_meta": -24901094.76256267,
    "r0": 3.648512330408442e-06,
    "phi0": 227.29492266034572,
    "dphi0": -0.21019236405671235,
    "rscale_cubic": 0.03648512330408442,
    "rscale_curv": 0.03260322407895646,
    "wall_r_hi": 0.1027713741337549,
    "wall_thickness": 0.08649760203068796,
    "S_total": 6752.419850212021,
    "S_kin": 10119.458412991646,
    "S_pot": -3367.0385627796245,
    "S_interior": 0.0,
    "S3_over_T": NaN,
    "beta_rscale": 27.408431421911967,
    "beta_curvature": 30.671839715320466,
    "beta_wall": 11.561014138232595,
    "Tn_from_transitionFinder_GeV": 48.23023494914196,
    "Tc_from_transitionFinder_GeV": 75.94425194604413,
    "T_spinodal_high_GeV": NaN,
    "T_spinodal_low_GeV": NaN,
    "gw_T_star_GeV": 48.23023494914196,
    "gw_alpha": 0.1690997485142715,
    "gw_beta_over_H": 312.67802210063894,
    "gw_R_star_times_H": NaN,
    "gw_Gamma_Tstar_GeV4": NaN,
    "gw_dT_for_beta_GeV": NaN,
    "gw_f_sw_peak_Hz": NaN,
    "gw_f_turb_peak_Hz": NaN,
    "gw_f_coll_peak_Hz": NaN,
    "gw_g_star": 106.75,
    "gw_v_w": 1.0,
    "omega_sw_peak": NaN,
    "omega_turb_peak": NaN,
    "omega_coll_peak": NaN,
    "omega_tot_peak": NaN
  }
}