{
  "label": "results_eft68_c6f21_c8f45_f1000_mh125_Glauber_C3p30333_Lambda1000",
  "model_parameters": {
    "c6_over_f2_TeV2": 1.0,
    "c8_over_f4_TeV4": 5.0,
    "f_GeV": 1000.0,
    "m_h": 125.0,
    "v": 246.0,
    "m_w": 80.36,
    "m_z": 91.19,
    "m_t": 173.1,
    "use_glauber_measure": true,
    "C_glauber": 3.3033333333333332,
    "Lambda_glauber": 1000.0
  },
  "derived_tree_coefficients": {
    "glauber_scheme": "counterterm_subtracted",
    "lambda_tree": 0.010857692841385418,
    "mu2_tree_GeV2": 3957.7559906595197,
    "a0_mean_field": 0.3407050349493464,
    "glauber_t0": 0.19990452,
    "glauber_lambda_shift": 0.0,
    "glauber_mu2_shift_after_lambda_GeV2": 0.0,
    "lambda_tree_raw_glauber_equivalent": -0.4209212204191246,
    "mu2_tree_raw_glauber_equivalent_GeV2": 82408.75512009914,
    "combo_TeV2": 2.90774
  },
  "scan_parameters": {
    "T_min": 1.0,
    "T_max": 250.0,
    "phi_scan_range": [
      -10.0,
      550.2040718553213
    ],
    "n_phi_scan": 1200,
    "n_T_seeds": 3,
    "deltaX_target": 0.1,
    "x_eps": 0.001,
    "T_eps": 0.01,
    "deriv_order": 4,
    "phitol": 0.0001,
    "overlapAngle": 45.0,
    "Tn_Ttol": 0.01,
    "Tn_maxiter": 160,
    "include_zeroT_loops": true,
    "include_scalar_loops": true,
    "include_thermal": true,
    "include_scalar_thermal": true,
    "include_daisy": false,
    "renormalize_zeroT_loops": true,
    "thermal_approx": "spline"
  },
  "key_temperatures": {
    "Tn": 52.69109474751166,
    "Tc": 78.92514570705418,
    "Ts_false": 28.429781640619193,
    "Ts_true": 91.90056249999974,
    "S_at_Tn": 7377.84347015696,
    "S_over_Tn": 140.02069050777084,
    "false_phase_key": 1,
    "true_phase_key": 0,
    "phi_false_Tn": -0.00031859529357276405,
    "phi_true_Tn": 241.94287917462424,
    "vTn_over_Tn": 4.5917223837155134,
    "Tc_minus_Tn_over_Tc": 0.33239154295533685
  },
  "gw_scales": {
    "gw_T_star_GeV": 52.69109474751166,
    "gw_alpha": 0.12214634613941498,
    "gw_beta_over_H": 307.39089701579064,
    "gw_v_w": 1.0,
    "gw_g_star": 106.75
  },
  "gw_peaks": {
    "sw": {
      "f_peak_mHz": 3.0872702330004858,
      "f_peak_Hz": 0.0030872702330004857,
      "omega_peak": 1.165517356092373e-13
    },
    "turb": {
      "f_peak_mHz": 5.285700915310741,
      "f_peak_Hz": 0.005285700915310741,
      "omega_peak": 8.469072356472083e-18
    },
    "coll": {
      "f_peak_mHz": NaN,
      "f_peak_Hz": NaN,
      "omega_peak": NaN
    },
    "total": {
      "f_peak_mHz": 3.1350673302830963,
      "f_peak_Hz": 0.0031350673302830965,
      "omega_peak": 1.1655916884482008e-13
    }
  },
  "gw_run_parameters": {
    "g_star": 106.75,
    "v_w": 1.0,
    "epsilon_turb": 1.0,
    "frequency_unit": "mHz"
  },
  "S3": 7377.79627637379,
  "S3_over_T": 140.01979483871335,
  "bounce_diagnostics": {
    "label": "results_eft68_c6f21_c8f45_f1000_mh125_Glauber_C3p30333_Lambda1000",
    "C": NaN,
    "Lambda_GeV": NaN,
    "finiteT": null,
    "temperature_GeV": NaN,
    "phi_metaMin": -0.00031859529357276405,
    "phi_absMin": 241.94287917462424,
    "phi_bar": 108.24149124802065,
    "phi_top": 75.06117556674822,
    "V(phi_meta)": -21615221.03316282,
    "V(phi_true)": -45900424.73425081,
    "V(phi_top)": -20751666.995018642,
    "DeltaV_true_minus_meta": -24285203.701087993,
    "r0": 3.2975912365638046e-06,
    "phi0": 228.87702464117424,
    "dphi0": -0.1601994325866632,
    "rscale_cubic": 0.032975912365638044,
    "rscale_curv": 0.02973684075943597,
    "wall_r_hi": 0.1013053565778491,
    "wall_thickness": 0.08145022626236473,
    "S_total": 7377.79627637379,
    "S_kin": 11062.972435824866,
    "S_pot": -3685.176159451077,
    "S_interior": 0.0,
    "S3_over_T": NaN,
    "beta_rscale": 30.325165499955418,
    "beta_curvature": 33.62832407593872,
    "beta_wall": 12.277436735152014,
    "Tn_from_transitionFinder_GeV": 52.69109474751166,
    "Tc_from_transitionFinder_GeV": 78.92514570705418,
    "T_spinodal_high_GeV": NaN,
    "T_spinodal_low_GeV": NaN,
    "gw_T_star_GeV": 52.69109474751166,
    "gw_alpha": 0.12214634613941498,
    "gw_beta_over_H": 307.39089701579064,
    "gw_R_star_times_H": NaN,
    "gw_Gamma_Tstar_GeV4": NaN,
    "gw_dT_for_beta_GeV": NaN,
    "gw_f_sw_peak_Hz": NaN,
    "gw_f_turb_peak_Hz": NaN,
    "gw_f_coll_peak_Hz": NaN,
    "gw_g_star": 106.75,
    "gw_v_w": 1.0,
    "omega_sw_peak": NaN,
    "omega_turb_peak": NaN,
    "omega_coll_peak": NaN,
    "omega_tot_peak": NaN
  }
}