{
  "label": "results_eft68_c6f20_c8f40_f516p46_mh125_Glauber_C3p74909_Lambda1000",
  "model_parameters": {
    "c6_over_f2_TeV2": 0.0,
    "c8_over_f4_TeV4": 0.0,
    "f_GeV": 516.4603845475309,
    "m_h": 125.0,
    "v": 246.0,
    "m_w": 80.36,
    "m_z": 91.19,
    "m_t": 173.1,
    "use_glauber_measure": true,
    "C_glauber": 3.749090909090909,
    "Lambda_glauber": 1000.0
  },
  "scan_parameters": {
    "T_min": 1.0,
    "T_max": 250.0,
    "phi_scan_range": [
      -10.0,
      516.4603845475309
    ],
    "n_phi_scan": 1200,
    "n_T_seeds": 3,
    "deltaX_target": 0.1,
    "x_eps": 0.001,
    "T_eps": 0.01,
    "deriv_order": 4,
    "phitol": 1e-05,
    "overlapAngle": 45.0,
    "Tn_Ttol": 0.001,
    "Tn_maxiter": 160,
    "include_zeroT_loops": true,
    "include_scalar_loops": true,
    "include_thermal": true,
    "include_scalar_thermal": true,
    "include_daisy": true,
    "renormalize_zeroT_loops": true,
    "thermal_approx": "spline"
  },
  "key_temperatures": {
    "Tn": 63.24927513327441,
    "Tc": 80.96516751157827,
    "Ts_false": 48.72055820312055,
    "Ts_true": 92.57947656249972,
    "S_at_Tn": 8854.606568236604,
    "S_over_Tn": 139.9953841301549,
    "false_phase_key": 1,
    "true_phase_key": 0,
    "phi_false_Tn": -0.00029114675833841273,
    "phi_true_Tn": 238.6058490330659,
    "vTn_over_Tn": 3.7724677244172757,
    "Tc_minus_Tn_over_Tc": 0.21880881523243234
  },
  "gw_scales": {
    "gw_T_star_GeV": 63.24927513327441,
    "gw_alpha": 0.06077372948135809,
    "gw_beta_over_H": 700.4865933346261,
    "gw_v_w": 1.0,
    "gw_g_star": 106.75
  },
  "gw_peaks": {
    "sw": {
      "f_peak_mHz": 8.510236278416366,
      "f_peak_Hz": 0.008510236278416367,
      "omega_peak": 3.697695457584126e-15
    },
    "turb": {
      "f_peak_mHz": 14.570335698348613,
      "f_peak_Hz": 0.014570335698348614,
      "omega_peak": 2.6866053937329914e-19
    },
    "coll": {
      "f_peak_mHz": NaN,
      "f_peak_Hz": NaN,
      "omega_peak": NaN
    },
    "total": {
      "f_peak_mHz": 8.510236278416366,
      "f_peak_Hz": 0.008510236278416367,
      "omega_peak": 3.6979313594650035e-15
    }
  },
  "gw_run_parameters": {
    "g_star": 106.75,
    "v_w": 1.0,
    "epsilon_turb": 1.0,
    "frequency_unit": "mHz"
  },
  "S3": 8846.999393109889,
  "S3_over_T": 139.87511120828052,
  "bounce_diagnostics": {
    "label": "results_eft68_c6f20_c8f40_f516p46_mh125_Glauber_C3p74909_Lambda1000",
    "C": NaN,
    "Lambda_GeV": NaN,
    "finiteT": null,
    "temperature_GeV": NaN,
    "phi_metaMin": -0.00029114675833841273,
    "phi_absMin": 238.6058490330659,
    "phi_bar": 113.6006759498246,
    "phi_top": 78.39014793170661,
    "V(phi_meta)": -46586151.58324426,
    "V(phi_true)": -66026588.60929707,
    "V(phi_top)": -45735900.45313399,
    "DeltaV_true_minus_meta": -19440437.02605281,
    "r0": 3.470674323973326e-06,
    "phi0": 230.00325240738457,
    "dphi0": -0.10472957804062782,
    "rscale_cubic": 0.03470674323973326,
    "rscale_curv": 0.03206564984753282,
    "wall_r_hi": 0.11184369325276025,
    "wall_thickness": 0.084348125823314,
    "S_total": 8846.999393109889,
    "S_kin": 13263.587989050817,
    "S_pot": -4416.588595940926,
    "S_interior": 0.0,
    "S3_over_T": NaN,
    "beta_rscale": 28.81284461329612,
    "beta_curvature": 31.186011116662986,
    "beta_wall": 11.855627973225197,
    "Tn_from_transitionFinder_GeV": 63.24927513327441,
    "Tc_from_transitionFinder_GeV": 80.96516751157827,
    "T_spinodal_high_GeV": NaN,
    "T_spinodal_low_GeV": NaN,
    "gw_T_star_GeV": 63.24927513327441,
    "gw_alpha": 0.06077372948135809,
    "gw_beta_over_H": 700.4865933346261,
    "gw_R_star_times_H": NaN,
    "gw_Gamma_Tstar_GeV4": NaN,
    "gw_dT_for_beta_GeV": NaN,
    "gw_f_sw_peak_Hz": NaN,
    "gw_f_turb_peak_Hz": NaN,
    "gw_f_coll_peak_Hz": NaN,
    "gw_g_star": 106.75,
    "gw_v_w": 1.0,
    "omega_sw_peak": NaN,
    "omega_turb_peak": NaN,
    "omega_coll_peak": NaN,
    "omega_tot_peak": NaN
  }
}