{
  "label": "results_eft68_c6f23p24848_c8f40_f1000_mh125_Glauber_off",
  "model_parameters": {
    "c6_over_f2_TeV2": 3.2484848484848485,
    "c8_over_f4_TeV4": 0.0,
    "f_GeV": 1000.0,
    "m_h": 125.0,
    "v": 246.0,
    "m_w": 80.36,
    "m_z": 91.19,
    "m_t": 173.1,
    "use_glauber_measure": false,
    "C_glauber": 0.0,
    "Lambda_glauber": 1000.0
  },
  "derived_tree_coefficients": {
    "glauber_scheme": "counterterm_subtracted",
    "lambda_tree": -0.16577987387497817,
    "mu2_tree_GeV2": -1109.9174237090883,
    "a0_mean_field": 0.25238625159116457,
    "glauber_t0": 0.0,
    "glauber_lambda_shift": 0.0,
    "glauber_mu2_shift_after_lambda_GeV2": 0.0,
    "lambda_tree_raw_glauber_equivalent": -0.16577987387497817,
    "mu2_tree_raw_glauber_equivalent_GeV2": -1109.9174237090883,
    "combo_TeV2": 6.496969696969697
  },
  "scan_parameters": {
    "T_min": 1.0,
    "T_max": 250.0,
    "phi_scan_range": [
      -10,
      1000.0
    ],
    "n_phi_scan": 1200,
    "n_T_seeds": 3,
    "deltaX_target": 0.1,
    "x_eps": 0.001,
    "T_eps": 0.01,
    "deriv_order": 4,
    "phitol": 0.0001,
    "overlapAngle": 45.0,
    "Tn_Ttol": 0.01,
    "Tn_maxiter": 160,
    "include_zeroT_loops": true,
    "include_scalar_loops": true,
    "include_thermal": true,
    "include_scalar_thermal": true,
    "include_daisy": true,
    "renormalize_zeroT_loops": true,
    "thermal_approx": "spline"
  },
  "key_temperatures": {
    "Tn": 80.3310648888037,
    "Tc": 94.57531110736237,
    "Ts_false": 51.87099179687034,
    "Ts_true": 96.31739453124963,
    "S_at_Tn": 11243.77591259657,
    "S_over_Tn": 139.96796791080126,
    "false_phase_key": 2,
    "true_phase_key": 0,
    "phi_false_Tn": -5.346330497856178e-05,
    "phi_true_Tn": 226.8430716462969,
    "vTn_over_Tn": 2.8238524157534677,
    "Tc_minus_Tn_over_Tc": 0.15061273446289308
  },
  "gw_scales": {
    "gw_T_star_GeV": 80.3310648888037,
    "gw_alpha": 0.023667517145024162,
    "gw_beta_over_H": 912.0384136068699,
    "gw_v_w": 1.0,
    "gw_g_star": 106.75
  },
  "gw_peaks": {
    "sw": {
      "f_peak_mHz": 14.129445033049324,
      "f_peak_Hz": 0.014129445033049325,
      "omega_peak": 1.6310214367795845e-16
    },
    "turb": {
      "f_peak_mHz": 23.82214245372448,
      "f_peak_Hz": 0.023822142453724483,
      "omega_peak": 1.1850508655905225e-20
    },
    "coll": {
      "f_peak_mHz": NaN,
      "f_peak_Hz": NaN,
      "omega_peak": NaN
    },
    "total": {
      "f_peak_mHz": 14.129445033049324,
      "f_peak_Hz": 0.014129445033049325,
      "omega_peak": 1.6311256960593746e-16
    }
  },
  "gw_run_parameters": {
    "g_star": 106.75,
    "v_w": 1.0,
    "epsilon_turb": 1.0,
    "frequency_unit": "mHz"
  },
  "S3": 11243.81953111182,
  "S3_over_T": 139.9685108952035,
  "bounce_diagnostics": {
    "label": "results_eft68_c6f23p24848_c8f40_f1000_mh125_Glauber_off",
    "C": NaN,
    "Lambda_GeV": NaN,
    "finiteT": null,
    "temperature_GeV": NaN,
    "phi_metaMin": -5.346330497856178e-05,
    "phi_absMin": 226.8430716462969,
    "phi_bar": 117.012458173088,
    "phi_top": 78.20881382214601,
    "V(phi_meta)": -107953308.15927662,
    "V(phi_true)": -122573621.96115738,
    "V(phi_top)": -106625404.49295451,
    "DeltaV_true_minus_meta": -14620313.801880762,
    "r0": 2.7707483659138884e-06,
    "phi0": 221.1422587472626,
    "dphi0": -0.044055279803369186,
    "rscale_cubic": 0.027707483659138884,
    "rscale_curv": 0.02625020655634606,
    "wall_r_hi": 0.1169342258953844,
    "wall_thickness": 0.07993007059919285,
    "S_total": 11243.81953111182,
    "S_kin": 16888.078116014934,
    "S_pot": -5644.258584903118,
    "S_interior": 0.0,
    "S3_over_T": NaN,
    "beta_rscale": 36.09133230220874,
    "beta_curvature": 38.09493858888691,
    "beta_wall": 12.510936028249901,
    "Tn_from_transitionFinder_GeV": 80.3310648888037,
    "Tc_from_transitionFinder_GeV": 94.57531110736237,
    "T_spinodal_high_GeV": NaN,
    "T_spinodal_low_GeV": NaN,
    "gw_T_star_GeV": 80.3310648888037,
    "gw_alpha": 0.023667517145024162,
    "gw_beta_over_H": 912.0384136068699,
    "gw_R_star_times_H": NaN,
    "gw_Gamma_Tstar_GeV4": NaN,
    "gw_dT_for_beta_GeV": NaN,
    "gw_f_sw_peak_Hz": NaN,
    "gw_f_turb_peak_Hz": NaN,
    "gw_f_coll_peak_Hz": NaN,
    "gw_g_star": 106.75,
    "gw_v_w": 1.0,
    "omega_sw_peak": NaN,
    "omega_turb_peak": NaN,
    "omega_coll_peak": NaN,
    "omega_tot_peak": NaN
  }
}