{
  "label": "results_eft68_c6f23p46263_c8f40_f1000_mh125_Glauber_off",
  "model_parameters": {
    "c6_over_f2_TeV2": 3.4626262626262627,
    "c8_over_f4_TeV4": 0.0,
    "f_GeV": 1000.0,
    "m_h": 125.0,
    "v": 246.0,
    "m_w": 80.36,
    "m_z": 91.19,
    "m_t": 173.1,
    "use_glauber_measure": false,
    "C_glauber": 0.0,
    "Lambda_glauber": 1000.0
  },
  "derived_tree_coefficients": {
    "glauber_scheme": "counterterm_subtracted",
    "lambda_tree": -0.18521834660225095,
    "mu2_tree_GeV2": -1698.08673149091,
    "a0_mean_field": 0.2426670152275282,
    "glauber_t0": 0.0,
    "glauber_lambda_shift": 0.0,
    "glauber_mu2_shift_after_lambda_GeV2": 0.0,
    "lambda_tree_raw_glauber_equivalent": -0.18521834660225095,
    "mu2_tree_raw_glauber_equivalent_GeV2": -1698.08673149091,
    "combo_TeV2": 6.925252525252525
  },
  "scan_parameters": {
    "T_min": 1.0,
    "T_max": 250.0,
    "phi_scan_range": [
      -10,
      1000.0
    ],
    "n_phi_scan": 1200,
    "n_T_seeds": 3,
    "deltaX_target": 0.1,
    "x_eps": 0.001,
    "T_eps": 0.01,
    "deriv_order": 4,
    "phitol": 0.0001,
    "overlapAngle": 45.0,
    "Tn_Ttol": 0.01,
    "Tn_maxiter": 160,
    "include_zeroT_loops": true,
    "include_scalar_loops": true,
    "include_thermal": true,
    "include_scalar_thermal": true,
    "include_daisy": false,
    "renormalize_zeroT_loops": true,
    "thermal_approx": "spline"
  },
  "key_temperatures": {
    "Tn": 66.61635923566534,
    "Tc": 88.4953135953718,
    "Ts_false": 23.882078710931715,
    "Ts_true": 93.1299999999997,
    "S_at_Tn": 9327.398730456931,
    "S_over_Tn": 140.01663911802598,
    "false_phase_key": 2,
    "true_phase_key": 0,
    "phi_false_Tn": -4.479800782063775e-05,
    "phi_true_Tn": 236.15039397036736,
    "vTn_over_Tn": 3.5449309550969303,
    "Tc_minus_Tn_over_Tc": 0.2472329151772247
  },
  "gw_scales": {
    "gw_T_star_GeV": 66.61635923566534,
    "gw_alpha": 0.05067934865156414,
    "gw_beta_over_H": 519.3130719335977,
    "gw_v_w": 1.0,
    "gw_g_star": 106.75
  },
  "gw_peaks": {
    "sw": {
      "f_peak_mHz": 6.655581230677283,
      "f_peak_Hz": 0.0066555812306772835,
      "omega_peak": 4.129874945427958e-15
    },
    "turb": {
      "f_peak_mHz": 11.39498947221261,
      "f_peak_Hz": 0.011394989472212609,
      "omega_peak": 3.00060294864224e-19
    },
    "coll": {
      "f_peak_mHz": NaN,
      "f_peak_Hz": NaN,
      "omega_peak": NaN
    },
    "total": {
      "f_peak_mHz": 6.655581230677283,
      "f_peak_Hz": 0.0066555812306772835,
      "omega_peak": 4.1301386231111096e-15
    }
  },
  "gw_run_parameters": {
    "g_star": 106.75,
    "v_w": 1.0,
    "epsilon_turb": 1.0,
    "frequency_unit": "mHz"
  },
  "S3": 9327.398145768753,
  "S3_over_T": 140.01663034108012,
  "bounce_diagnostics": {
    "label": "results_eft68_c6f23p46263_c8f40_f1000_mh125_Glauber_off",
    "C": NaN,
    "Lambda_GeV": NaN,
    "finiteT": null,
    "temperature_GeV": NaN,
    "phi_metaMin": -4.479800782063775e-05,
    "phi_absMin": 236.15039397036736,
    "phi_bar": 116.48933836246594,
    "phi_top": 79.35706576576672,
    "V(phi_meta)": -49966214.594411425,
    "V(phi_true)": -71167749.13764231,
    "V(phi_top)": -48477042.27287655,
    "DeltaV_true_minus_meta": -21201534.543230884,
    "r0": 2.6548362776457404e-06,
    "phi0": 227.83064020455552,
    "dphi0": -0.07739925864927313,
    "rscale_cubic": 0.0265483627764574,
    "rscale_curv": 0.0258996049463645,
    "wall_r_hi": 0.1014321582981601,
    "wall_thickness": 0.07362615221520681,
    "S_total": 9327.398145768753,
    "S_kin": 13944.649591433097,
    "S_pot": -4617.251445664346,
    "S_interior": 0.0,
    "S3_over_T": NaN,
    "beta_rscale": 37.66710619484157,
    "beta_curvature": 38.61062824291642,
    "beta_wall": 13.582130396778485,
    "Tn_from_transitionFinder_GeV": 66.61635923566534,
    "Tc_from_transitionFinder_GeV": 88.4953135953718,
    "T_spinodal_high_GeV": NaN,
    "T_spinodal_low_GeV": NaN,
    "gw_T_star_GeV": 66.61635923566534,
    "gw_alpha": 0.05067934865156414,
    "gw_beta_over_H": 519.3130719335977,
    "gw_R_star_times_H": NaN,
    "gw_Gamma_Tstar_GeV4": NaN,
    "gw_dT_for_beta_GeV": NaN,
    "gw_f_sw_peak_Hz": NaN,
    "gw_f_turb_peak_Hz": NaN,
    "gw_f_coll_peak_Hz": NaN,
    "gw_g_star": 106.75,
    "gw_v_w": 1.0,
    "omega_sw_peak": NaN,
    "omega_turb_peak": NaN,
    "omega_coll_peak": NaN,
    "omega_tot_peak": NaN
  }
}