{
  "label": "results_eft68_c6f20_c8f40_f1221p59_mh125_Glauber_C10p7218_Lambda4000",
  "model_parameters": {
    "c6_over_f2_TeV2": 0.0,
    "c8_over_f4_TeV4": 0.0,
    "f_GeV": 1221.5908530728873,
    "m_h": 125.0,
    "v": 246.0,
    "m_w": 80.36,
    "m_z": 91.19,
    "m_t": 173.1,
    "use_glauber_measure": true,
    "C_glauber": 10.721818181818183,
    "Lambda_glauber": 4000.0
  },
  "scan_parameters": {
    "T_min": 1.0,
    "T_max": 250.0,
    "phi_scan_range": [
      -10.0,
      1221.5908530728873
    ],
    "n_phi_scan": 1200,
    "n_T_seeds": 3,
    "deltaX_target": 0.1,
    "x_eps": 0.001,
    "T_eps": 0.01,
    "deriv_order": 4,
    "phitol": 1e-05,
    "overlapAngle": 45.0,
    "Tn_Ttol": 0.001,
    "Tn_maxiter": 160,
    "include_zeroT_loops": true,
    "include_scalar_loops": true,
    "include_thermal": true,
    "include_scalar_thermal": true,
    "include_daisy": false,
    "renormalize_zeroT_loops": true,
    "thermal_approx": "spline"
  },
  "key_temperatures": {
    "Tn": 72.79495672365624,
    "Tc": 86.3845775856878,
    "Ts_false": 66.80201700982217,
    "Ts_true": 96.15593359374977,
    "S_at_Tn": 10191.356839916716,
    "S_over_Tn": 140.0008640516826,
    "false_phase_key": "5_4",
    "true_phase_key": 0,
    "phi_false_Tn": 0.0026865921605086613,
    "phi_true_Tn": 233.03665021283442,
    "vTn_over_Tn": 3.2012746583185248,
    "Tc_minus_Tn_over_Tc": 0.15731535931343238
  },
  "gw_scales": {
    "gw_T_star_GeV": 72.79495672365624,
    "gw_alpha": 0.038596911827468765,
    "gw_beta_over_H": 1191.407120602752,
    "gw_v_w": 1.0,
    "gw_g_star": 106.75
  },
  "gw_peaks": {
    "sw": {
      "f_peak_mHz": 16.73091141130181,
      "f_peak_Hz": 0.016730911411301813,
      "omega_peak": 3.732268761561414e-16
    },
    "turb": {
      "f_peak_mHz": 28.208196011125306,
      "f_peak_Hz": 0.028208196011125307,
      "omega_peak": 2.7117705425350656e-20
    },
    "coll": {
      "f_peak_mHz": NaN,
      "f_peak_Hz": NaN,
      "omega_peak": NaN
    },
    "total": {
      "f_peak_mHz": 16.73091141130181,
      "f_peak_Hz": 0.016730911411301813,
      "omega_peak": 3.7325073735685016e-16
    }
  },
  "gw_run_parameters": {
    "g_star": 106.75,
    "v_w": 1.0,
    "epsilon_turb": 1.0,
    "frequency_unit": "mHz"
  },
  "S3": 10178.26465374259,
  "S3_over_T": 139.82101387025003,
  "bounce_diagnostics": {
    "label": "results_eft68_c6f20_c8f40_f1221p59_mh125_Glauber_C10p7218_Lambda4000",
    "C": NaN,
    "Lambda_GeV": NaN,
    "finiteT": null,
    "temperature_GeV": NaN,
    "phi_metaMin": 0.0026865921605086613,
    "phi_absMin": 233.03665021283442,
    "phi_bar": 117.92832740174067,
    "phi_top": 80.23541891320427,
    "V(phi_meta)": -78701977.43899865,
    "V(phi_true)": -95769715.54859725,
    "V(phi_top)": -77597240.50375615,
    "DeltaV_true_minus_meta": -17067738.109598592,
    "r0": 3.1163520973054012e-06,
    "phi0": 226.8576722680158,
    "dphi0": -0.06222358527980341,
    "rscale_cubic": 0.031163520973054012,
    "rscale_curv": 0.029569295254063866,
    "wall_r_hi": 0.11430860701783553,
    "wall_thickness": 0.08082753353139992,
    "S_total": 10178.26465374259,
    "S_kin": 15263.059170829345,
    "S_pot": -5084.794517086756,
    "S_interior": 0.0,
    "S3_over_T": NaN,
    "beta_rscale": 32.08880026312381,
    "beta_curvature": 33.818940545400096,
    "beta_wall": 12.372021714747977,
    "Tn_from_transitionFinder_GeV": 72.79495672365624,
    "Tc_from_transitionFinder_GeV": 86.3845775856878,
    "T_spinodal_high_GeV": NaN,
    "T_spinodal_low_GeV": NaN,
    "gw_T_star_GeV": 72.79495672365624,
    "gw_alpha": 0.038596911827468765,
    "gw_beta_over_H": 1191.407120602752,
    "gw_R_star_times_H": NaN,
    "gw_Gamma_Tstar_GeV4": NaN,
    "gw_dT_for_beta_GeV": NaN,
    "gw_f_sw_peak_Hz": NaN,
    "gw_f_turb_peak_Hz": NaN,
    "gw_f_coll_peak_Hz": NaN,
    "gw_g_star": 106.75,
    "gw_v_w": 1.0,
    "omega_sw_peak": NaN,
    "omega_turb_peak": NaN,
    "omega_coll_peak": NaN,
    "omega_tot_peak": NaN
  }
}