{
  "label": "results_eft68_c6f20_c8f40_f512p193_mh125_Glauber_C3p81182_Lambda1000",
  "model_parameters": {
    "c6_over_f2_TeV2": 0.0,
    "c8_over_f4_TeV4": 0.0,
    "f_GeV": 512.1933214803212,
    "m_h": 125.0,
    "v": 246.0,
    "m_w": 80.36,
    "m_z": 91.19,
    "m_t": 173.1,
    "use_glauber_measure": true,
    "C_glauber": 3.811818181818182,
    "Lambda_glauber": 1000.0
  },
  "derived_tree_coefficients": {
    "glauber_scheme": "counterterm_subtracted",
    "lambda_tree": 0.12909808976138543,
    "mu2_tree_GeV2": 7812.5,
    "a0_mean_field": 0.3998252334093464,
    "glauber_t0": 0.2306759890909091,
    "glauber_lambda_shift": 0.0,
    "glauber_mu2_shift_after_lambda_GeV2": 0.0,
    "lambda_tree_raw_glauber_equivalent": -0.49275248986236825,
    "mu2_tree_raw_glauber_equivalent_GeV2": 95686.2045167916,
    "combo_TeV2": 0.0
  },
  "scan_parameters": {
    "T_min": 1.0,
    "T_max": 250.0,
    "phi_scan_range": [
      -10.0,
      512.1933214803212
    ],
    "n_phi_scan": 1200,
    "n_T_seeds": 3,
    "deltaX_target": 0.1,
    "x_eps": 0.001,
    "T_eps": 0.01,
    "deriv_order": 4,
    "phitol": 0.0001,
    "overlapAngle": 45.0,
    "Tn_Ttol": 0.01,
    "Tn_maxiter": 160,
    "include_zeroT_loops": true,
    "include_scalar_loops": true,
    "include_thermal": true,
    "include_scalar_thermal": true,
    "include_daisy": false,
    "renormalize_zeroT_loops": true,
    "thermal_approx": "spline"
  },
  "key_temperatures": {
    "Tn": 49.13134101765581,
    "Tc": 75.42277616707325,
    "Ts_false": 28.420103710931958,
    "Ts_true": 89.60217578124978,
    "S_at_Tn": 6878.741656073407,
    "S_over_Tn": 140.0072034183123,
    "false_phase_key": 1,
    "true_phase_key": 0,
    "phi_false_Tn": -0.0003864148435063816,
    "phi_true_Tn": 242.9163773513801,
    "vTn_over_Tn": 4.944224446552066,
    "Tc_minus_Tn_over_Tc": 0.34858747563438663
  },
  "gw_scales": {
    "gw_T_star_GeV": 49.13134101765581,
    "gw_alpha": 0.15830662206738716,
    "gw_beta_over_H": 422.40532064046,
    "gw_v_w": 1.0,
    "gw_g_star": 106.75
  },
  "gw_peaks": {
    "sw": {
      "f_peak_mHz": 4.008690271328588,
      "f_peak_Hz": 0.004008690271328588,
      "omega_peak": 1.1628489540035935e-13
    },
    "turb": {
      "f_peak_mHz": 6.758622895172531,
      "f_peak_Hz": 0.0067586228951725304,
      "omega_peak": 8.449208611155065e-18
    },
    "coll": {
      "f_peak_mHz": NaN,
      "f_peak_Hz": NaN,
      "omega_peak": NaN
    },
    "total": {
      "f_peak_mHz": 4.008690271328588,
      "f_peak_Hz": 0.004008690271328588,
      "omega_peak": 1.1629233449038282e-13
    }
  },
  "gw_run_parameters": {
    "g_star": 106.75,
    "v_w": 1.0,
    "epsilon_turb": 1.0,
    "frequency_unit": "mHz"
  },
  "S3": 6878.739410908393,
  "S3_over_T": 140.00715772110624,
  "bounce_diagnostics": {
    "label": "results_eft68_c6f20_c8f40_f512p193_mh125_Glauber_C3p81182_Lambda1000",
    "C": NaN,
    "Lambda_GeV": NaN,
    "finiteT": null,
    "temperature_GeV": NaN,
    "phi_metaMin": -0.0003864148435063816,
    "phi_absMin": 242.9163773513801,
    "phi_bar": 104.37753567094002,
    "phi_top": 72.56279073248511,
    "V(phi_meta)": -17907189.282503355,
    "V(phi_true)": -42416290.77198811,
    "V(phi_top)": -17236485.63379671,
    "DeltaV_true_minus_meta": -24509101.489484753,
    "r0": 3.617223387851899e-06,
    "phi0": 227.5258070436496,
    "dphi0": -0.20063270255156357,
    "rscale_cubic": 0.036172233878518985,
    "rscale_curv": 0.032453647024312776,
    "wall_r_hi": 0.1031004684261367,
    "wall_thickness": 0.08607131814511185,
    "S_total": 6878.739410908393,
    "S_kin": 10304.718227386858,
    "S_pot": -3425.978816478466,
    "S_interior": 0.0,
    "S3_over_T": NaN,
    "beta_rscale": 27.645514052530046,
    "beta_curvature": 30.813175741942658,
    "beta_wall": 11.618272167205005,
    "Tn_from_transitionFinder_GeV": 49.13134101765581,
    "Tc_from_transitionFinder_GeV": 75.42277616707325,
    "T_spinodal_high_GeV": NaN,
    "T_spinodal_low_GeV": NaN,
    "gw_T_star_GeV": 49.13134101765581,
    "gw_alpha": 0.15830662206738716,
    "gw_beta_over_H": 422.40532064046,
    "gw_R_star_times_H": NaN,
    "gw_Gamma_Tstar_GeV4": NaN,
    "gw_dT_for_beta_GeV": NaN,
    "gw_f_sw_peak_Hz": NaN,
    "gw_f_turb_peak_Hz": NaN,
    "gw_f_coll_peak_Hz": NaN,
    "gw_g_star": 106.75,
    "gw_v_w": 1.0,
    "omega_sw_peak": NaN,
    "omega_turb_peak": NaN,
    "omega_coll_peak": NaN,
    "omega_tot_peak": NaN
  }
}