{
  "label": "results_eft68_c6f22p98586_c8f45_f1000_mh125_Glauber_off",
  "model_parameters": {
    "c6_over_f2_TeV2": 2.985858585858586,
    "c8_over_f4_TeV4": 5.0,
    "f_GeV": 1000.0,
    "m_h": 125.0,
    "v": 246.0,
    "m_w": 80.36,
    "m_z": 91.19,
    "m_t": 173.1,
    "use_glauber_measure": false,
    "C_glauber": 0.0,
    "Lambda_glauber": 1000.0
  },
  "derived_tree_coefficients": {
    "glauber_scheme": "counterterm_subtracted",
    "lambda_tree": -0.16940663443134182,
    "mu2_tree_GeV2": -1496.6820239586596,
    "a0_mean_field": 0.2505728713129828,
    "glauber_t0": 0.0,
    "glauber_lambda_shift": 0.0,
    "glauber_mu2_shift_after_lambda_GeV2": 0.0,
    "lambda_tree_raw_glauber_equivalent": -0.16940663443134182,
    "mu2_tree_raw_glauber_equivalent_GeV2": -1496.6820239586596,
    "combo_TeV2": 6.879457171717172
  },
  "scan_parameters": {
    "T_min": 1.0,
    "T_max": 250.0,
    "phi_scan_range": [
      -10,
      1000.0
    ],
    "n_phi_scan": 1200,
    "n_T_seeds": 3,
    "deltaX_target": 0.1,
    "x_eps": 0.001,
    "T_eps": 0.01,
    "deriv_order": 4,
    "phitol": 0.0001,
    "overlapAngle": 45.0,
    "Tn_Ttol": 0.01,
    "Tn_maxiter": 160,
    "include_zeroT_loops": true,
    "include_scalar_loops": true,
    "include_thermal": true,
    "include_scalar_thermal": true,
    "include_daisy": false,
    "renormalize_zeroT_loops": true,
    "thermal_approx": "spline"
  },
  "key_temperatures": {
    "Tn": 71.46688288845618,
    "Tc": 89.74644516981172,
    "Ts_false": 38.72495898436947,
    "Ts_true": 93.1251367187497,
    "S_at_Tn": 10001.660392769772,
    "S_over_Tn": 139.94818283008266,
    "false_phase_key": 2,
    "true_phase_key": 0,
    "phi_false_Tn": -4.7747284795800084e-05,
    "phi_true_Tn": 233.08666325638657,
    "vTn_over_Tn": 3.2614639653471764,
    "Tc_minus_Tn_over_Tc": 0.20368007052277418
  },
  "gw_scales": {
    "gw_T_star_GeV": 71.46688288845618,
    "gw_alpha": 0.03777472222331412,
    "gw_beta_over_H": 590.6987043960991,
    "gw_v_w": 1.0,
    "gw_g_star": 106.75
  },
  "gw_peaks": {
    "sw": {
      "f_peak_mHz": 8.126900403737212,
      "f_peak_Hz": 0.008126900403737211,
      "omega_peak": 1.4309742417007233e-15
    },
    "turb": {
      "f_peak_mHz": 13.914028141593606,
      "f_peak_Hz": 0.013914028141593607,
      "omega_peak": 1.0396898006002855e-19
    },
    "coll": {
      "f_peak_mHz": NaN,
      "f_peak_Hz": NaN,
      "omega_peak": NaN
    },
    "total": {
      "f_peak_mHz": 8.126900403737212,
      "f_peak_Hz": 0.008126900403737211,
      "omega_peak": 1.4310656329756709e-15
    }
  },
  "gw_run_parameters": {
    "g_star": 106.75,
    "v_w": 1.0,
    "epsilon_turb": 1.0,
    "frequency_unit": "mHz"
  },
  "S3": 10001.890861549178,
  "S3_over_T": 139.9514076633214,
  "bounce_diagnostics": {
    "label": "results_eft68_c6f22p98586_c8f45_f1000_mh125_Glauber_off",
    "C": NaN,
    "Lambda_GeV": NaN,
    "finiteT": null,
    "temperature_GeV": NaN,
    "phi_metaMin": -4.7747284795800084e-05,
    "phi_absMin": 233.08666325638657,
    "phi_bar": 116.84850450059416,
    "phi_top": 79.44912577655265,
    "V(phi_meta)": -66371468.315214254,
    "V(phi_true)": -84709989.9291134,
    "V(phi_top)": -64986364.87908395,
    "DeltaV_true_minus_meta": -18338521.61389915,
    "r0": 2.7559583839191335e-06,
    "phi0": 225.85839512930863,
    "dphi0": -0.06428078508072102,
    "rscale_cubic": 0.027559583839191333,
    "rscale_curv": 0.026558504207197676,
    "wall_r_hi": 0.1076806147106153,
    "wall_thickness": 0.07658192428200306,
    "S_total": 10001.890861549178,
    "S_kin": 15009.134585513655,
    "S_pot": -5007.243723964477,
    "S_interior": 0.0,
    "S3_over_T": NaN,
    "beta_rscale": 36.28501815683958,
    "beta_curvature": 37.65272224549371,
    "beta_wall": 13.057911633528938,
    "Tn_from_transitionFinder_GeV": 71.46688288845618,
    "Tc_from_transitionFinder_GeV": 89.74644516981172,
    "T_spinodal_high_GeV": NaN,
    "T_spinodal_low_GeV": NaN,
    "gw_T_star_GeV": 71.46688288845618,
    "gw_alpha": 0.03777472222331412,
    "gw_beta_over_H": 590.6987043960991,
    "gw_R_star_times_H": NaN,
    "gw_Gamma_Tstar_GeV4": NaN,
    "gw_dT_for_beta_GeV": NaN,
    "gw_f_sw_peak_Hz": NaN,
    "gw_f_turb_peak_Hz": NaN,
    "gw_f_coll_peak_Hz": NaN,
    "gw_g_star": 106.75,
    "gw_v_w": 1.0,
    "omega_sw_peak": NaN,
    "omega_turb_peak": NaN,
    "omega_coll_peak": NaN,
    "omega_tot_peak": NaN
  }
}