{
  "label": "results_eft68_c6f23p0404_c8f42_f1000_mh125_Glauber_off",
  "model_parameters": {
    "c6_over_f2_TeV2": 3.04040404040404,
    "c8_over_f4_TeV4": 2.0,
    "f_GeV": 1000.0,
    "m_h": 125.0,
    "v": 246.0,
    "m_w": 80.36,
    "m_z": 91.19,
    "m_t": 173.1,
    "use_glauber_measure": false,
    "C_glauber": 0.0,
    "Lambda_glauber": 1000.0
  },
  "derived_tree_coefficients": {
    "glauber_scheme": "counterterm_subtracted",
    "lambda_tree": -0.1578781053702509,
    "mu2_tree_GeV2": -981.6361440270986,
    "a0_mean_field": 0.25633713584352824,
    "glauber_t0": 0.0,
    "glauber_lambda_shift": 0.0,
    "glauber_mu2_shift_after_lambda_GeV2": 0.0,
    "lambda_tree_raw_glauber_equivalent": -0.1578781053702509,
    "mu2_tree_raw_glauber_equivalent_GeV2": -981.6361440270986,
    "combo_TeV2": 6.44390408080808
  },
  "scan_parameters": {
    "T_min": 1.0,
    "T_max": 250.0,
    "phi_scan_range": [
      -10,
      1000.0
    ],
    "n_phi_scan": 1200,
    "n_T_seeds": 3,
    "deltaX_target": 0.1,
    "x_eps": 0.001,
    "T_eps": 0.01,
    "deriv_order": 4,
    "phitol": 0.0001,
    "overlapAngle": 45.0,
    "Tn_Ttol": 0.01,
    "Tn_maxiter": 160,
    "include_zeroT_loops": true,
    "include_scalar_loops": true,
    "include_thermal": true,
    "include_scalar_thermal": true,
    "include_daisy": true,
    "renormalize_zeroT_loops": true,
    "thermal_approx": "spline"
  },
  "key_temperatures": {
    "Tn": 82.47748350349092,
    "Tc": 95.43037119804815,
    "Ts_false": 57.18300800780835,
    "Ts_true": 96.50560351562464,
    "S_at_Tn": 11537.362613299312,
    "S_over_Tn": 139.88499798021826,
    "false_phase_key": 2,
    "true_phase_key": 0,
    "phi_false_Tn": -5.439845769207612e-05,
    "phi_true_Tn": 224.66471250041243,
    "vTn_over_Tn": 2.723952077064807,
    "Tc_minus_Tn_over_Tc": 0.135731293213519
  },
  "gw_scales": {
    "gw_T_star_GeV": 82.47748350349092,
    "gw_alpha": 0.02112152905467711,
    "gw_beta_over_H": 1284.5244299980436,
    "gw_v_w": 1.0,
    "gw_g_star": 106.75
  },
  "gw_peaks": {
    "sw": {
      "f_peak_mHz": 20.42953815613841,
      "f_peak_Hz": 0.020429538156138412,
      "omega_peak": 5.963258330991217e-17
    },
    "turb": {
      "f_peak_mHz": 34.4440540361618,
      "f_peak_Hz": 0.034444054036161804,
      "omega_peak": 4.332713573119447e-21
    },
    "coll": {
      "f_peak_mHz": NaN,
      "f_peak_Hz": NaN,
      "omega_peak": NaN
    },
    "total": {
      "f_peak_mHz": 20.42953815613841,
      "f_peak_Hz": 0.020429538156138412,
      "omega_peak": 5.963639497781128e-17
    }
  },
  "gw_run_parameters": {
    "g_star": 106.75,
    "v_w": 1.0,
    "epsilon_turb": 1.0,
    "frequency_unit": "mHz"
  },
  "S3": 11541.088890013267,
  "S3_over_T": 139.93017730135745,
  "bounce_diagnostics": {
    "label": "results_eft68_c6f23p0404_c8f42_f1000_mh125_Glauber_off",
    "C": NaN,
    "Lambda_GeV": NaN,
    "finiteT": null,
    "temperature_GeV": NaN,
    "phi_metaMin": -5.439845769207612e-05,
    "phi_absMin": 224.66471250041243,
    "phi_bar": 116.28871527591139,
    "phi_top": 77.38068494219256,
    "V(phi_meta)": -120096176.89749102,
    "V(phi_true)": -133464584.22726738,
    "V(phi_top)": -118863164.45755608,
    "DeltaV_true_minus_meta": -13368407.329776362,
    "r0": 2.844942679711252e-06,
    "phi0": 219.1411270450257,
    "dphi0": -0.04103002001710149,
    "rscale_cubic": 0.028449426797112518,
    "rscale_curv": 0.026900830151140958,
    "wall_r_hi": 0.12105277274611867,
    "wall_thickness": 0.08241244710113954,
    "S_total": 11541.088890013267,
    "S_kin": 17313.65963090599,
    "S_pot": -5772.570740892725,
    "S_interior": 0.0,
    "S3_over_T": NaN,
    "beta_rscale": 35.15009308031103,
    "beta_curvature": 37.17357218233278,
    "beta_wall": 12.13408939031702,
    "Tn_from_transitionFinder_GeV": 82.47748350349092,
    "Tc_from_transitionFinder_GeV": 95.43037119804815,
    "T_spinodal_high_GeV": NaN,
    "T_spinodal_low_GeV": NaN,
    "gw_T_star_GeV": 82.47748350349092,
    "gw_alpha": 0.02112152905467711,
    "gw_beta_over_H": 1284.5244299980436,
    "gw_R_star_times_H": NaN,
    "gw_Gamma_Tstar_GeV4": NaN,
    "gw_dT_for_beta_GeV": NaN,
    "gw_f_sw_peak_Hz": NaN,
    "gw_f_turb_peak_Hz": NaN,
    "gw_f_coll_peak_Hz": NaN,
    "gw_g_star": 106.75,
    "gw_v_w": 1.0,
    "omega_sw_peak": NaN,
    "omega_turb_peak": NaN,
    "omega_coll_peak": NaN,
    "omega_tot_peak": NaN
  }
}