{
  "label": "results_eft68_c6f23p49899_c8f40_f1000_mh125_Glauber_off",
  "model_parameters": {
    "c6_over_f2_TeV2": 3.4989898989898993,
    "c8_over_f4_TeV4": 0.0,
    "f_GeV": 1000.0,
    "m_h": 125.0,
    "v": 246.0,
    "m_w": 80.36,
    "m_z": 91.19,
    "m_t": 173.1,
    "use_glauber_measure": false,
    "C_glauber": 0.0,
    "Lambda_glauber": 1000.0
  },
  "derived_tree_coefficients": {
    "glauber_scheme": "counterterm_subtracted",
    "lambda_tree": -0.1885192193295237,
    "mu2_tree_GeV2": -1797.9645384727282,
    "a0_mean_field": 0.24101657886389183,
    "glauber_t0": 0.0,
    "glauber_lambda_shift": 0.0,
    "glauber_mu2_shift_after_lambda_GeV2": 0.0,
    "lambda_tree_raw_glauber_equivalent": -0.1885192193295237,
    "mu2_tree_raw_glauber_equivalent_GeV2": -1797.9645384727282,
    "combo_TeV2": 6.997979797979799
  },
  "scan_parameters": {
    "T_min": 1.0,
    "T_max": 250.0,
    "phi_scan_range": [
      -10,
      1000.0
    ],
    "n_phi_scan": 1200,
    "n_T_seeds": 3,
    "deltaX_target": 0.1,
    "x_eps": 0.001,
    "T_eps": 0.01,
    "deriv_order": 4,
    "phitol": 0.0001,
    "overlapAngle": 45.0,
    "Tn_Ttol": 0.01,
    "Tn_maxiter": 160,
    "include_zeroT_loops": true,
    "include_scalar_loops": true,
    "include_thermal": true,
    "include_scalar_thermal": true,
    "include_daisy": false,
    "renormalize_zeroT_loops": true,
    "thermal_approx": "spline"
  },
  "key_temperatures": {
    "Tn": 64.05811884111039,
    "Tc": 87.72878041475144,
    "Ts_false": 16.152719921869632,
    "Ts_true": 92.81340039062471,
    "S_at_Tn": 8967.409422990268,
    "S_over_Tn": 139.98864757850617,
    "false_phase_key": 2,
    "true_phase_key": 0,
    "phi_false_Tn": -5.082744458003412e-05,
    "phi_true_Tn": 237.47853450719927,
    "vTn_over_Tn": 3.7072355355336066,
    "Tc_minus_Tn_over_Tc": 0.26981637567209216
  },
  "gw_scales": {
    "gw_T_star_GeV": 64.05811884111039,
    "gw_alpha": 0.059199050240435376,
    "gw_beta_over_H": 386.50216145908684,
    "gw_v_w": 1.0,
    "gw_g_star": 106.75
  },
  "gw_peaks": {
    "sw": {
      "f_peak_mHz": 4.74675697793289,
      "f_peak_Hz": 0.00474675697793289,
      "omega_peak": 1.132325815757796e-14
    },
    "turb": {
      "f_peak_mHz": 8.126900403737212,
      "f_peak_Hz": 0.008126900403737211,
      "omega_peak": 8.227142326576463e-19
    },
    "coll": {
      "f_peak_mHz": NaN,
      "f_peak_Hz": NaN,
      "omega_peak": NaN
    },
    "total": {
      "f_peak_mHz": 4.74675697793289,
      "f_peak_Hz": 0.00474675697793289,
      "omega_peak": 1.1323979892498872e-14
    }
  },
  "gw_run_parameters": {
    "g_star": 106.75,
    "v_w": 1.0,
    "epsilon_turb": 1.0,
    "frequency_unit": "mHz"
  },
  "S3": 8967.413247352431,
  "S3_over_T": 139.9887072799497,
  "bounce_diagnostics": {
    "label": "results_eft68_c6f23p49899_c8f40_f1000_mh125_Glauber_off",
    "C": NaN,
    "Lambda_GeV": NaN,
    "finiteT": null,
    "temperature_GeV": NaN,
    "phi_metaMin": -5.082744458003412e-05,
    "phi_absMin": 237.47853450719927,
    "phi_bar": 116.01205572789101,
    "phi_top": 79.00910664107926,
    "V(phi_meta)": -42656808.200640194,
    "V(phi_true)": -65069861.92745297,
    "V(phi_top)": -41164346.30386571,
    "DeltaV_true_minus_meta": -22413053.726812772,
    "r0": 2.6402811755695902e-06,
    "phi0": 228.50462809637636,
    "dphi0": -0.08543088679818422,
    "rscale_cubic": 0.0264028117556959,
    "rscale_curv": 0.025626605234462325,
    "wall_r_hi": 0.0992326869197425,
    "wall_thickness": 0.07294054126389082,
    "S_total": 8967.413247352431,
    "S_kin": 13440.147611393979,
    "S_pot": -4472.734364041547,
    "S_interior": 0.0,
    "S3_over_T": NaN,
    "beta_rscale": 37.874753994118414,
    "beta_curvature": 39.02194350676278,
    "beta_wall": 13.70979681083131,
    "Tn_from_transitionFinder_GeV": 64.05811884111039,
    "Tc_from_transitionFinder_GeV": 87.72878041475144,
    "T_spinodal_high_GeV": NaN,
    "T_spinodal_low_GeV": NaN,
    "gw_T_star_GeV": 64.05811884111039,
    "gw_alpha": 0.059199050240435376,
    "gw_beta_over_H": 386.50216145908684,
    "gw_R_star_times_H": NaN,
    "gw_Gamma_Tstar_GeV4": NaN,
    "gw_dT_for_beta_GeV": NaN,
    "gw_f_sw_peak_Hz": NaN,
    "gw_f_turb_peak_Hz": NaN,
    "gw_f_coll_peak_Hz": NaN,
    "gw_g_star": 106.75,
    "gw_v_w": 1.0,
    "omega_sw_peak": NaN,
    "omega_turb_peak": NaN,
    "omega_coll_peak": NaN,
    "omega_tot_peak": NaN
  }
}