{
  "label": "results_eft68_c6f20_c8f40_f781p32_mh125_Glauber_C6p55242_Lambda2000",
  "model_parameters": {
    "c6_over_f2_TeV2": 0.0,
    "c8_over_f4_TeV4": 0.0,
    "f_GeV": 781.3200900437362,
    "m_h": 125.0,
    "v": 246.0,
    "m_w": 80.36,
    "m_z": 91.19,
    "m_t": 173.1,
    "use_glauber_measure": true,
    "C_glauber": 6.552424242424243,
    "Lambda_glauber": 2000.0
  },
  "derived_tree_coefficients": {
    "glauber_scheme": "counterterm_subtracted",
    "lambda_tree": 0.12909808976138543,
    "mu2_tree_GeV2": 7812.5,
    "a0_mean_field": 0.3998252334093464,
    "glauber_t0": 0.09913162636363637,
    "glauber_lambda_shift": 0.0,
    "glauber_mu2_shift_after_lambda_GeV2": 0.0,
    "lambda_tree_raw_glauber_equivalent": -1.2109537487882196,
    "mu2_tree_raw_glauber_equivalent_GeV2": 663672.8426557783,
    "combo_TeV2": 0.0
  },
  "scan_parameters": {
    "T_min": 1.0,
    "T_max": 250.0,
    "phi_scan_range": [
      -10.0,
      781.3200900437362
    ],
    "n_phi_scan": 1200,
    "n_T_seeds": 3,
    "deltaX_target": 0.1,
    "x_eps": 0.001,
    "T_eps": 0.01,
    "deriv_order": 4,
    "phitol": 0.0001,
    "overlapAngle": 45.0,
    "Tn_Ttol": 0.01,
    "Tn_maxiter": 160,
    "include_zeroT_loops": true,
    "include_scalar_loops": true,
    "include_thermal": true,
    "include_scalar_thermal": true,
    "include_daisy": true,
    "renormalize_zeroT_loops": true,
    "thermal_approx": "spline"
  },
  "key_temperatures": {
    "Tn": 68.44687391115104,
    "Tc": 84.46327783462701,
    "Ts_false": 54.03479119198974,
    "Ts_true": 95.45513476562468,
    "S_at_Tn": 9583.995261616858,
    "S_over_Tn": 140.0209346895458,
    "false_phase_key": 1,
    "true_phase_key": 0,
    "phi_false_Tn": -0.0010834717367560246,
    "phi_true_Tn": 236.16622987361905,
    "vTn_over_Tn": 3.4503581592371884,
    "Tc_minus_Tn_over_Tc": 0.18962564956139785
  },
  "gw_scales": {
    "gw_T_star_GeV": 68.44687391115104,
    "gw_alpha": 0.04740112448742633,
    "gw_beta_over_H": 951.394841304366,
    "gw_v_w": 1.0,
    "gw_g_star": 106.75
  },
  "gw_peaks": {
    "sw": {
      "f_peak_mHz": 12.495317315618713,
      "f_peak_Hz": 0.012495317315618714,
      "omega_peak": 1.0264997355465892e-15
    },
    "turb": {
      "f_peak_mHz": 21.393174289143477,
      "f_peak_Hz": 0.021393174289143477,
      "omega_peak": 7.45819646182564e-20
    },
    "coll": {
      "f_peak_mHz": NaN,
      "f_peak_Hz": NaN,
      "omega_peak": NaN
    },
    "total": {
      "f_peak_mHz": 12.495317315618713,
      "f_peak_Hz": 0.012495317315618714,
      "omega_peak": 1.026565190058847e-15
    }
  },
  "gw_run_parameters": {
    "g_star": 106.75,
    "v_w": 1.0,
    "epsilon_turb": 1.0,
    "frequency_unit": "mHz"
  },
  "S3": 9583.946984920225,
  "S3_over_T": 140.02022937323443,
  "bounce_diagnostics": {
    "label": "results_eft68_c6f20_c8f40_f781p32_mh125_Glauber_C6p55242_Lambda2000",
    "C": NaN,
    "Lambda_GeV": NaN,
    "finiteT": null,
    "temperature_GeV": NaN,
    "phi_metaMin": -0.0010834717367560246,
    "phi_absMin": 236.16622987361905,
    "phi_bar": 117.19000183563723,
    "phi_top": 80.32009629626441,
    "V(phi_meta)": -62954531.33934797,
    "V(phi_true)": -81742719.9638418,
    "V(phi_top)": -61886676.58984001,
    "DeltaV_true_minus_meta": -18788188.624493822,
    "r0": 3.1732066943505055e-06,
    "phi0": 229.09704875199276,
    "dphi0": -0.07727796314774937,
    "rscale_cubic": 0.031732066943505055,
    "rscale_curv": 0.02976209023388181,
    "wall_r_hi": 0.11104517457603935,
    "wall_thickness": 0.080428349563624,
    "S_total": 9583.946984920225,
    "S_kin": 14362.413411685471,
    "S_pot": -4778.4664267652415,
    "S_interior": 0.0,
    "S3_over_T": NaN,
    "beta_rscale": 31.513862673376238,
    "beta_curvature": 33.59981888671438,
    "beta_wall": 12.433426837994924,
    "Tn_from_transitionFinder_GeV": 68.44687391115104,
    "Tc_from_transitionFinder_GeV": 84.46327783462701,
    "T_spinodal_high_GeV": NaN,
    "T_spinodal_low_GeV": NaN,
    "gw_T_star_GeV": 68.44687391115104,
    "gw_alpha": 0.04740112448742633,
    "gw_beta_over_H": 951.394841304366,
    "gw_R_star_times_H": NaN,
    "gw_Gamma_Tstar_GeV4": NaN,
    "gw_dT_for_beta_GeV": NaN,
    "gw_f_sw_peak_Hz": NaN,
    "gw_f_turb_peak_Hz": NaN,
    "gw_f_coll_peak_Hz": NaN,
    "gw_g_star": 106.75,
    "gw_v_w": 1.0,
    "omega_sw_peak": NaN,
    "omega_turb_peak": NaN,
    "omega_coll_peak": NaN,
    "omega_tot_peak": NaN
  }
}