{
  "label": "results_eft68_c6f22p88485_c8f45_f1000_mh125_Glauber_off",
  "model_parameters": {
    "c6_over_f2_TeV2": 2.8848484848484848,
    "c8_over_f4_TeV4": 5.0,
    "f_GeV": 1000.0,
    "m_h": 125.0,
    "v": 246.0,
    "m_w": 80.36,
    "m_z": 91.19,
    "m_t": 173.1,
    "use_glauber_measure": false,
    "C_glauber": 0.0,
    "Lambda_glauber": 1000.0
  },
  "derived_tree_coefficients": {
    "glauber_scheme": "counterterm_subtracted",
    "lambda_tree": -0.16023754352225097,
    "mu2_tree_GeV2": -1219.243671231391,
    "a0_mean_field": 0.25515741676752823,
    "glauber_t0": 0.0,
    "glauber_lambda_shift": 0.0,
    "glauber_mu2_shift_after_lambda_GeV2": 0.0,
    "lambda_tree_raw_glauber_equivalent": -0.16023754352225097,
    "mu2_tree_raw_glauber_equivalent_GeV2": -1219.243671231391,
    "combo_TeV2": 6.67743696969697
  },
  "scan_parameters": {
    "T_min": 1.0,
    "T_max": 250.0,
    "phi_scan_range": [
      -10,
      1000.0
    ],
    "n_phi_scan": 1200,
    "n_T_seeds": 3,
    "deltaX_target": 0.1,
    "x_eps": 0.001,
    "T_eps": 0.01,
    "deriv_order": 4,
    "phitol": 0.0001,
    "overlapAngle": 45.0,
    "Tn_Ttol": 0.01,
    "Tn_maxiter": 160,
    "include_zeroT_loops": true,
    "include_scalar_loops": true,
    "include_thermal": true,
    "include_scalar_thermal": true,
    "include_daisy": true,
    "renormalize_zeroT_loops": true,
    "thermal_approx": "spline"
  },
  "key_temperatures": {
    "Tn": 78.50727123760097,
    "Tc": 93.46538596750173,
    "Ts_false": 50.70074042968286,
    "Ts_true": 95.28151562499966,
    "S_at_Tn": 10989.935471084189,
    "S_over_Tn": 139.98621144050884,
    "false_phase_key": 2,
    "true_phase_key": 0,
    "phi_false_Tn": -4.9709256730430725e-05,
    "phi_true_Tn": 228.30560036453656,
    "vTn_over_Tn": 2.9080822293972415,
    "Tc_minus_Tn_over_Tc": 0.16003908372134418
  },
  "gw_scales": {
    "gw_T_star_GeV": 78.50727123760097,
    "gw_alpha": 0.025674196337054506,
    "gw_beta_over_H": 895.3181286037313,
    "gw_v_w": 1.0,
    "gw_g_star": 106.75
  },
  "gw_peaks": {
    "sw": {
      "f_peak_mHz": 13.49299699644052,
      "f_peak_Hz": 0.013492996996440519,
      "omega_peak": 2.127742605738151e-16
    },
    "turb": {
      "f_peak_mHz": 23.10129700083158,
      "f_peak_Hz": 0.02310129700083158,
      "omega_peak": 1.5459412846129478e-20
    },
    "coll": {
      "f_peak_mHz": NaN,
      "f_peak_Hz": NaN,
      "omega_peak": NaN
    },
    "total": {
      "f_peak_mHz": 13.49299699644052,
      "f_peak_Hz": 0.013492996996440519,
      "omega_peak": 2.127878309179423e-16
    }
  },
  "gw_run_parameters": {
    "g_star": 106.75,
    "v_w": 1.0,
    "epsilon_turb": 1.0,
    "frequency_unit": "mHz"
  },
  "S3": 10989.82423585552,
  "S3_over_T": 139.98479456246793,
  "bounce_diagnostics": {
    "label": "results_eft68_c6f22p88485_c8f45_f1000_mh125_Glauber_off",
    "C": NaN,
    "Lambda_GeV": NaN,
    "finiteT": null,
    "temperature_GeV": NaN,
    "phi_metaMin": -4.9709256730430725e-05,
    "phi_absMin": 228.30560036453656,
    "phi_bar": 116.89876793073122,
    "phi_top": 78.71332386238075,
    "V(phi_meta)": -98378984.48157965,
    "V(phi_true)": -113545816.85816069,
    "V(phi_top)": -97080094.17852896,
    "DeltaV_true_minus_meta": -15166832.376581043,
    "r0": 2.819594558285629e-06,
    "phi0": 222.23896894532032,
    "dphi0": -0.04885800244299177,
    "rscale_cubic": 0.028195945582856288,
    "rscale_curv": 0.026893082647774392,
    "wall_r_hi": 0.11580042212529498,
    "wall_thickness": 0.0801266678310956,
    "S_total": 10989.82423585552,
    "S_kin": 16475.518583496065,
    "S_pot": -5485.694347640546,
    "S_interior": 0.0,
    "S3_over_T": NaN,
    "beta_rscale": 35.46609199756792,
    "beta_curvature": 37.18428107278435,
    "beta_wall": 12.480239439233483,
    "Tn_from_transitionFinder_GeV": 78.50727123760097,
    "Tc_from_transitionFinder_GeV": 93.46538596750173,
    "T_spinodal_high_GeV": NaN,
    "T_spinodal_low_GeV": NaN,
    "gw_T_star_GeV": 78.50727123760097,
    "gw_alpha": 0.025674196337054506,
    "gw_beta_over_H": 895.3181286037313,
    "gw_R_star_times_H": NaN,
    "gw_Gamma_Tstar_GeV4": NaN,
    "gw_dT_for_beta_GeV": NaN,
    "gw_f_sw_peak_Hz": NaN,
    "gw_f_turb_peak_Hz": NaN,
    "gw_f_coll_peak_Hz": NaN,
    "gw_g_star": 106.75,
    "gw_v_w": 1.0,
    "omega_sw_peak": NaN,
    "omega_turb_peak": NaN,
    "omega_coll_peak": NaN,
    "omega_tot_peak": NaN
  }
}