{
  "label": "results_eft68_c6f21_c8f45_f1000_mh125_Glauber_C3p25667_Lambda1000",
  "model_parameters": {
    "c6_over_f2_TeV2": 1.0,
    "c8_over_f4_TeV4": 5.0,
    "f_GeV": 1000.0,
    "m_h": 125.0,
    "v": 246.0,
    "m_w": 80.36,
    "m_z": 91.19,
    "m_t": 173.1,
    "use_glauber_measure": true,
    "C_glauber": 3.256666666666667,
    "Lambda_glauber": 1000.0
  },
  "derived_tree_coefficients": {
    "glauber_scheme": "counterterm_subtracted",
    "lambda_tree": 0.010857692841385418,
    "mu2_tree_GeV2": 3957.7559906595197,
    "a0_mean_field": 0.3407050349493464,
    "glauber_t0": 0.19708044,
    "glauber_lambda_shift": 0.0,
    "glauber_mu2_shift_after_lambda_GeV2": 0.0,
    "lambda_tree_raw_glauber_equivalent": -0.40586083042989946,
    "mu2_tree_raw_glauber_equivalent_GeV2": 81480.08457603559,
    "combo_TeV2": 2.90774
  },
  "scan_parameters": {
    "T_min": 1.0,
    "T_max": 250.0,
    "phi_scan_range": [
      -10.0,
      554.1321467201295
    ],
    "n_phi_scan": 1200,
    "n_T_seeds": 3,
    "deltaX_target": 0.1,
    "x_eps": 0.001,
    "T_eps": 0.01,
    "deriv_order": 4,
    "phitol": 0.0001,
    "overlapAngle": 45.0,
    "Tn_Ttol": 0.01,
    "Tn_maxiter": 160,
    "include_zeroT_loops": true,
    "include_scalar_loops": true,
    "include_thermal": true,
    "include_scalar_thermal": true,
    "include_daisy": false,
    "renormalize_zeroT_loops": true,
    "thermal_approx": "spline"
  },
  "key_temperatures": {
    "Tn": 60.27175653651373,
    "Tc": 81.28229662903584,
    "Ts_false": 39.45007421874463,
    "Ts_true": 92.87030078124972,
    "S_at_Tn": 8441.626579467536,
    "S_over_Tn": 140.05940866106076,
    "false_phase_key": 1,
    "true_phase_key": 0,
    "phi_false_Tn": -0.00028486685501953195,
    "phi_true_Tn": 239.37325644863637,
    "vTn_over_Tn": 3.971565957325629,
    "Tc_minus_Tn_over_Tc": 0.25848851427528047
  },
  "gw_scales": {
    "gw_T_star_GeV": 60.27175653651373,
    "gw_alpha": 0.07295077277727788,
    "gw_beta_over_H": 559.1019935451271,
    "gw_v_w": 1.0,
    "gw_g_star": 106.75
  },
  "gw_peaks": {
    "sw": {
      "f_peak_mHz": 6.454186856690455,
      "f_peak_Hz": 0.006454186856690455,
      "omega_peak": 9.414566749357093e-15
    },
    "turb": {
      "f_peak_mHz": 11.050183107177936,
      "f_peak_Hz": 0.011050183107177937,
      "omega_peak": 6.840409698431602e-19
    },
    "coll": {
      "f_peak_mHz": NaN,
      "f_peak_Hz": NaN,
      "omega_peak": NaN
    },
    "total": {
      "f_peak_mHz": 6.454186856690455,
      "f_peak_Hz": 0.006454186856690455,
      "omega_peak": 9.415166538280544e-15
    }
  },
  "gw_run_parameters": {
    "g_star": 106.75,
    "v_w": 1.0,
    "epsilon_turb": 1.0,
    "frequency_unit": "mHz"
  },
  "S3": 8441.631126815559,
  "S3_over_T": 140.05948410847233,
  "bounce_diagnostics": {
    "label": "results_eft68_c6f21_c8f45_f1000_mh125_Glauber_C3p25667_Lambda1000",
    "C": NaN,
    "Lambda_GeV": NaN,
    "finiteT": null,
    "temperature_GeV": NaN,
    "phi_metaMin": -0.00028486685501953195,
    "phi_absMin": 239.37325644863637,
    "phi_bar": 112.62759090785013,
    "phi_top": 77.76975009075547,
    "V(phi_meta)": -36296689.009277426,
    "V(phi_true)": -57656636.75265098,
    "V(phi_top)": -35326682.67248168,
    "DeltaV_true_minus_meta": -21359947.743373558,
    "r0": 3.2236611345221094e-06,
    "phi0": 229.71922033012277,
    "dphi0": -0.11307207426948729,
    "rscale_cubic": 0.03223661134522109,
    "rscale_curv": 0.029565900711896864,
    "wall_r_hi": 0.10596484446837355,
    "wall_thickness": 0.08078384002120045,
    "S_total": 8441.631126815559,
    "S_kin": 12651.583215388777,
    "S_pot": -4209.952088573217,
    "S_interior": 0.0,
    "S3_over_T": NaN,
    "beta_rscale": 31.02063021733346,
    "beta_curvature": 33.82275784830822,
    "beta_wall": 12.378713363187064,
    "Tn_from_transitionFinder_GeV": 60.27175653651373,
    "Tc_from_transitionFinder_GeV": 81.28229662903584,
    "T_spinodal_high_GeV": NaN,
    "T_spinodal_low_GeV": NaN,
    "gw_T_star_GeV": 60.27175653651373,
    "gw_alpha": 0.07295077277727788,
    "gw_beta_over_H": 559.1019935451271,
    "gw_R_star_times_H": NaN,
    "gw_Gamma_Tstar_GeV4": NaN,
    "gw_dT_for_beta_GeV": NaN,
    "gw_f_sw_peak_Hz": NaN,
    "gw_f_turb_peak_Hz": NaN,
    "gw_f_coll_peak_Hz": NaN,
    "gw_g_star": 106.75,
    "gw_v_w": 1.0,
    "omega_sw_peak": NaN,
    "omega_turb_peak": NaN,
    "omega_coll_peak": NaN,
    "omega_tot_peak": NaN
  }
}