{
  "label": "Glauber_Paper_",
  "C": 3.83,
  "Lambda_GeV": 1000.0,
  "finiteT": true,
  "temperature_GeV": 31.327492816899817,
  "phi_metaMin": 2.852578813751701e-11,
  "phi_absMin": 245.89161021610312,
  "phi_bar": 67.63478376474322,
  "phi_top": 40.66134037628611,
  "V(phi_meta)": 116100325.23837107,
  "V(phi_true)": 85413451.43093762,
  "V(phi_top)": 116302219.46400806,
  "DeltaV_true_minus_meta": -30686873.807433456,
  "r0": 3.694401710507312e-06,
  "phi0": 196.91412274431352,
  "dphi0": -0.3727716748448026,
  "rscale_cubic": 0.03694401710507312,
  "rscale_curv": 0.0513989573910555,
  "wall_r_hi": 0.0955331772615725,
  "wall_thickness": 0.0955331772615725,
  "S_total": 4382.605336293421,
  "S_kin": 6553.15718986733,
  "S_pot": -2170.551853573909,
  "S_interior": 0.0,
  "S3_over_T": 139.896459697828,
  "beta_rscale": 27.067982270468388,
  "beta_curvature": 19.455643170631802,
  "beta_wall": 10.46756769391195,
  "Tn_from_transitionFinder_GeV": 31.327492816899817,
  "Tc_from_transitionFinder_GeV": 88.97828687317286,
  "T_spinodal_high_GeV": 5.0,
  "T_spinodal_low_GeV": 122.75585937500038,
  "gw_T_star_GeV": 31.327492816899817,
  "gw_alpha": 0.930834571747365,
  "gw_beta_over_H": 120.4082328184717,
  "gw_R_star_times_H": 0.02432710543588082,
  "gw_Gamma_Tstar_GeV4": 1.5991193128080026e-53,
  "gw_dT_for_beta_GeV": 0.026327492816899816,
  "gw_f_sw_peak_Hz": 0.7245417289958466,
  "gw_f_turb_peak_Hz": 1.0296119306783083,
  "gw_f_coll_peak_Hz": 0.1444846371857214,
  "gw_g_star": 106.75,
  "gw_v_w": 1.0,
  "omega_sw_peak": 4.706123088404886e-11,
  "omega_turb_peak": 3.420745535956679e-15,
  "omega_coll_peak": 0.0,
  "omega_tot_peak": 4.7064258203916325e-11
}