{
  "label": "results_eft68_c6f20_c8f40_f516p085_mh125_Glauber_C3p75455_Lambda1000",
  "model_parameters": {
    "c6_over_f2_TeV2": 0.0,
    "c8_over_f4_TeV4": 0.0,
    "f_GeV": 516.0850953727104,
    "m_h": 125.0,
    "v": 246.0,
    "m_w": 80.36,
    "m_z": 91.19,
    "m_t": 173.1,
    "use_glauber_measure": true,
    "C_glauber": 3.754545454545455,
    "Lambda_glauber": 1000.0
  },
  "derived_tree_coefficients": {
    "glauber_scheme": "counterterm_subtracted",
    "lambda_tree": 0.12909808976138543,
    "mu2_tree_GeV2": 7812.5,
    "a0_mean_field": 0.3998252334093464,
    "glauber_t0": 0.22721007272727275,
    "glauber_lambda_shift": 0.0,
    "glauber_mu2_shift_after_lambda_GeV2": 0.0,
    "lambda_tree_raw_glauber_equivalent": -0.46880678020544525,
    "mu2_tree_raw_glauber_equivalent_GeV2": 94695.1482293885,
    "combo_TeV2": 0.0
  },
  "scan_parameters": {
    "T_min": 1.0,
    "T_max": 250.0,
    "phi_scan_range": [
      -10.0,
      516.0850953727104
    ],
    "n_phi_scan": 1200,
    "n_T_seeds": 3,
    "deltaX_target": 0.1,
    "x_eps": 0.001,
    "T_eps": 0.01,
    "deriv_order": 4,
    "phitol": 0.0001,
    "overlapAngle": 45.0,
    "Tn_Ttol": 0.01,
    "Tn_maxiter": 160,
    "include_zeroT_loops": true,
    "include_scalar_loops": true,
    "include_thermal": true,
    "include_scalar_thermal": true,
    "include_daisy": true,
    "renormalize_zeroT_loops": true,
    "thermal_approx": "spline"
  },
  "key_temperatures": {
    "Tn": 62.336682446095026,
    "Tc": 80.58854204641493,
    "Ts_false": 47.498804687495436,
    "Ts_true": 92.41801562499973,
    "S_at_Tn": 8730.609024409452,
    "S_over_Tn": 140.0557213156018,
    "false_phase_key": 1,
    "true_phase_key": 0,
    "phi_false_Tn": -0.0003255833556522354,
    "phi_true_Tn": 238.99818792134477,
    "vTn_over_Tn": 3.833989531412999,
    "Tc_minus_Tn_over_Tc": 0.22648206726221395
  },
  "gw_scales": {
    "gw_T_star_GeV": 62.336682446095026,
    "gw_alpha": 0.06414941166733061,
    "gw_beta_over_H": 619.8361372123576,
    "gw_v_w": 1.0,
    "gw_g_star": 106.75
  },
  "gw_peaks": {
    "sw": {
      "f_peak_mHz": 7.411251927676268,
      "f_peak_Hz": 0.007411251927676268,
      "omega_peak": 5.4536143235391825e-15
    },
    "turb": {
      "f_peak_mHz": 12.688769735470949,
      "f_peak_Hz": 0.012688769735470949,
      "omega_peak": 3.9624197513084653e-19
    },
    "coll": {
      "f_peak_mHz": NaN,
      "f_peak_Hz": NaN,
      "omega_peak": NaN
    },
    "total": {
      "f_peak_mHz": 7.411251927676268,
      "f_peak_Hz": 0.007411251927676268,
      "omega_peak": 5.453962009431631e-15
    }
  },
  "gw_run_parameters": {
    "g_star": 106.75,
    "v_w": 1.0,
    "epsilon_turb": 1.0,
    "frequency_unit": "mHz"
  },
  "S3": 8733.543680329953,
  "S3_over_T": 140.10279882767566,
  "bounce_diagnostics": {
    "label": "results_eft68_c6f20_c8f40_f516p085_mh125_Glauber_C3p75455_Lambda1000",
    "C": NaN,
    "Lambda_GeV": NaN,
    "finiteT": null,
    "temperature_GeV": NaN,
    "phi_metaMin": -0.0003255833556522354,
    "phi_absMin": 238.99818792134477,
    "phi_bar": 113.21572045300937,
    "phi_top": 78.1888807509039,
    "V(phi_meta)": -44085971.755194634,
    "V(phi_true)": -63900446.97556473,
    "V(phi_top)": -43239740.20262505,
    "DeltaV_true_minus_meta": -19814475.2203701,
    "r0": 3.469976810255448e-06,
    "phi0": 230.11138494067083,
    "dphi0": -0.10906360077403655,
    "rscale_cubic": 0.03469976810255448,
    "rscale_curv": 0.031968611152405436,
    "wall_r_hi": 0.11102939583004694,
    "wall_thickness": 0.08414618960001333,
    "S_total": 8733.543680329953,
    "S_kin": 13092.4358175386,
    "S_pot": -4358.89213720865,
    "S_interior": 0.0,
    "S3_over_T": NaN,
    "beta_rscale": 28.818636396777055,
    "beta_curvature": 31.280689482905057,
    "beta_wall": 11.884079418848,
    "Tn_from_transitionFinder_GeV": 62.336682446095026,
    "Tc_from_transitionFinder_GeV": 80.58854204641493,
    "T_spinodal_high_GeV": NaN,
    "T_spinodal_low_GeV": NaN,
    "gw_T_star_GeV": 62.336682446095026,
    "gw_alpha": 0.06414941166733061,
    "gw_beta_over_H": 619.8361372123576,
    "gw_R_star_times_H": NaN,
    "gw_Gamma_Tstar_GeV4": NaN,
    "gw_dT_for_beta_GeV": NaN,
    "gw_f_sw_peak_Hz": NaN,
    "gw_f_turb_peak_Hz": NaN,
    "gw_f_coll_peak_Hz": NaN,
    "gw_g_star": 106.75,
    "gw_v_w": 1.0,
    "omega_sw_peak": NaN,
    "omega_turb_peak": NaN,
    "omega_coll_peak": NaN,
    "omega_tot_peak": NaN
  }
}