{
  "label": "results_eft68_c6f23p32121_c8f40_f1000_mh125_Glauber_off",
  "model_parameters": {
    "c6_over_f2_TeV2": 3.3212121212121213,
    "c8_over_f4_TeV4": 0.0,
    "f_GeV": 1000.0,
    "m_h": 125.0,
    "v": 246.0,
    "m_w": 80.36,
    "m_z": 91.19,
    "m_t": 173.1,
    "use_glauber_measure": false,
    "C_glauber": 0.0,
    "Lambda_glauber": 1000.0
  },
  "derived_tree_coefficients": {
    "glauber_scheme": "counterterm_subtracted",
    "lambda_tree": -0.17238161932952362,
    "mu2_tree_GeV2": -1309.6730376727246,
    "a0_mean_field": 0.24908537886389187,
    "glauber_t0": 0.0,
    "glauber_lambda_shift": 0.0,
    "glauber_mu2_shift_after_lambda_GeV2": 0.0,
    "lambda_tree_raw_glauber_equivalent": -0.17238161932952362,
    "mu2_tree_raw_glauber_equivalent_GeV2": -1309.6730376727246,
    "combo_TeV2": 6.642424242424243
  },
  "scan_parameters": {
    "T_min": 1.0,
    "T_max": 250.0,
    "phi_scan_range": [
      -10,
      1000.0
    ],
    "n_phi_scan": 1200,
    "n_T_seeds": 3,
    "deltaX_target": 0.1,
    "x_eps": 0.001,
    "T_eps": 0.01,
    "deriv_order": 4,
    "phitol": 0.0001,
    "overlapAngle": 45.0,
    "Tn_Ttol": 0.01,
    "Tn_maxiter": 160,
    "include_zeroT_loops": true,
    "include_scalar_loops": true,
    "include_thermal": true,
    "include_scalar_thermal": true,
    "include_daisy": false,
    "renormalize_zeroT_loops": true,
    "thermal_approx": "spline"
  },
  "key_temperatures": {
    "Tn": 74.93565397584196,
    "Tc": 91.42803626268461,
    "Ts_false": 43.11883632811974,
    "Ts_true": 94.38764453124968,
    "S_at_Tn": 10494.250200245551,
    "S_over_Tn": 140.04348589029098,
    "false_phase_key": 2,
    "true_phase_key": 0,
    "phi_false_Tn": -3.539508529164041e-05,
    "phi_true_Tn": 230.67363267637722,
    "vTn_over_Tn": 3.078289444844809,
    "Tc_minus_Tn_over_Tc": 0.18038648713243605
  },
  "gw_scales": {
    "gw_T_star_GeV": 74.93565397584196,
    "gw_alpha": 0.031662114042247204,
    "gw_beta_over_H": 661.2498962602706,
    "gw_v_w": 1.0,
    "gw_g_star": 106.75
  },
  "gw_peaks": {
    "sw": {
      "f_peak_mHz": 9.47648339602273,
      "f_peak_Hz": 0.00947648339602273,
      "omega_peak": 7.006106244492272e-16
    },
    "turb": {
      "f_peak_mHz": 16.22464286568221,
      "f_peak_Hz": 0.01622464286568221,
      "omega_peak": 5.090573131113364e-20
    },
    "coll": {
      "f_peak_mHz": NaN,
      "f_peak_Hz": NaN,
      "omega_peak": NaN
    },
    "total": {
      "f_peak_mHz": 9.47648339602273,
      "f_peak_Hz": 0.00947648339602273,
      "omega_peak": 7.00655227880109e-16
    }
  },
  "gw_run_parameters": {
    "g_star": 106.75,
    "v_w": 1.0,
    "epsilon_turb": 1.0,
    "frequency_unit": "mHz"
  },
  "S3": 10479.20935134674,
  "S3_over_T": 139.8427690338843,
  "bounce_diagnostics": {
    "label": "results_eft68_c6f23p32121_c8f40_f1000_mh125_Glauber_off",
    "C": NaN,
    "Lambda_GeV": NaN,
    "finiteT": null,
    "temperature_GeV": NaN,
    "phi_metaMin": -3.539508529164041e-05,
    "phi_absMin": 230.67363267637722,
    "phi_bar": 117.11720752401678,
    "phi_top": 79.05979746404051,
    "V(phi_meta)": -80396340.27808572,
    "V(phi_true)": -97401039.0095498,
    "V(phi_top)": -78984078.97398469,
    "DeltaV_true_minus_meta": -17004698.731464073,
    "r0": 2.7159560438091763e-06,
    "phi0": 224.1185881351199,
    "dphi0": -0.054719909178982666,
    "rscale_cubic": 0.027159560438091764,
    "rscale_curv": 0.02582124499736502,
    "wall_r_hi": 0.11030050464903829,
    "wall_thickness": 0.07702794391179524,
    "S_total": 10479.20935134674,
    "S_kin": 15731.337564246369,
    "S_pot": -5252.128212899627,
    "S_interior": 0.0,
    "S3_over_T": NaN,
    "beta_rscale": 36.819447143830885,
    "beta_curvature": 38.72780034630352,
    "beta_wall": 12.982301606610463,
    "Tn_from_transitionFinder_GeV": 74.93565397584196,
    "Tc_from_transitionFinder_GeV": 91.42803626268461,
    "T_spinodal_high_GeV": NaN,
    "T_spinodal_low_GeV": NaN,
    "gw_T_star_GeV": 74.93565397584196,
    "gw_alpha": 0.031662114042247204,
    "gw_beta_over_H": 661.2498962602706,
    "gw_R_star_times_H": NaN,
    "gw_Gamma_Tstar_GeV4": NaN,
    "gw_dT_for_beta_GeV": NaN,
    "gw_f_sw_peak_Hz": NaN,
    "gw_f_turb_peak_Hz": NaN,
    "gw_f_coll_peak_Hz": NaN,
    "gw_g_star": 106.75,
    "gw_v_w": 1.0,
    "omega_sw_peak": NaN,
    "omega_turb_peak": NaN,
    "omega_coll_peak": NaN,
    "omega_tot_peak": NaN
  }
}