{
  "label": "results_eft68_c6f21p2_c8f40_f1000_mh125_Glauber_C3p2_Lambda1000",
  "model_parameters": {
    "c6_over_f2_TeV2": 1.2,
    "c8_over_f4_TeV4": 0.0,
    "f_GeV": 1000.0,
    "m_h": 125.0,
    "v": 246.0,
    "m_w": 80.36,
    "m_z": 91.19,
    "m_t": 173.1,
    "use_glauber_measure": true,
    "C_glauber": 3.2,
    "Lambda_glauber": 1000.0
  },
  "derived_tree_coefficients": {
    "glauber_scheme": "counterterm_subtracted",
    "lambda_tree": 0.020169289761385434,
    "mu2_tree_GeV2": 4516.532369600001,
    "a0_mean_field": 0.3453608334093464,
    "glauber_t0": 0.19365120000000002,
    "glauber_lambda_shift": 0.0,
    "glauber_mu2_shift_after_lambda_GeV2": 0.0,
    "lambda_tree_raw_glauber_equivalent": -0.37875853781578306,
    "mu2_tree_raw_glauber_equivalent_GeV2": 80898.44566014528,
    "combo_TeV2": 2.4
  },
  "scan_parameters": {
    "T_min": 1.0,
    "T_max": 250.0,
    "phi_scan_range": [
      -10.0,
      559.0169943749474
    ],
    "n_phi_scan": 1200,
    "n_T_seeds": 3,
    "deltaX_target": 0.1,
    "x_eps": 0.001,
    "T_eps": 0.01,
    "deriv_order": 4,
    "phitol": 0.0001,
    "overlapAngle": 45.0,
    "Tn_Ttol": 0.01,
    "Tn_maxiter": 160,
    "include_zeroT_loops": true,
    "include_scalar_loops": true,
    "include_thermal": true,
    "include_scalar_thermal": true,
    "include_daisy": false,
    "renormalize_zeroT_loops": true,
    "thermal_approx": "spline"
  },
  "key_temperatures": {
    "Tn": 75.7037934525605,
    "Tc": 88.10270499910796,
    "Ts_false": 61.11501953124631,
    "Ts_true": 96.24249999999967,
    "S_at_Tn": 10599.081561268742,
    "S_over_Tn": 140.00727147062474,
    "false_phase_key": 1,
    "true_phase_key": 0,
    "phi_false_Tn": -0.00026029593418196774,
    "phi_true_Tn": 230.45204139640745,
    "vTn_over_Tn": 3.0441280533824155,
    "Tc_minus_Tn_over_Tc": 0.1407324729322782
  },
  "gw_scales": {
    "gw_T_star_GeV": 75.7037934525605,
    "gw_alpha": 0.0312079154745529,
    "gw_beta_over_H": 1406.127237450318,
    "gw_v_w": 1.0,
    "gw_g_star": 106.75
  },
  "gw_peaks": {
    "sw": {
      "f_peak_mHz": 20.42953815613841,
      "f_peak_Hz": 0.020429538156138412,
      "omega_peak": 1.488406569318296e-16
    },
    "turb": {
      "f_peak_mHz": 34.97731665242908,
      "f_peak_Hz": 0.034977316652429084,
      "omega_peak": 1.0814241367398044e-20
    },
    "coll": {
      "f_peak_mHz": NaN,
      "f_peak_Hz": NaN,
      "omega_peak": NaN
    },
    "total": {
      "f_peak_mHz": 20.42953815613841,
      "f_peak_Hz": 0.020429538156138412,
      "omega_peak": 1.4885014860178437e-16
    }
  },
  "gw_run_parameters": {
    "g_star": 106.75,
    "v_w": 1.0,
    "epsilon_turb": 1.0,
    "frequency_unit": "mHz"
  },
  "S3": 10599.157077926666,
  "S3_over_T": 140.00826899868085,
  "bounce_diagnostics": {
    "label": "results_eft68_c6f21p2_c8f40_f1000_mh125_Glauber_C3p2_Lambda1000",
    "C": NaN,
    "Lambda_GeV": NaN,
    "finiteT": null,
    "temperature_GeV": NaN,
    "phi_metaMin": -0.00026029593418196774,
    "phi_absMin": 230.45204139640745,
    "phi_bar": 115.77359110811213,
    "phi_top": 78.5555855325916,
    "V(phi_meta)": -88758724.1860909,
    "V(phi_true)": -103531796.89590105,
    "V(phi_top)": -87793665.35148768,
    "DeltaV_true_minus_meta": -14773072.709810153,
    "r0": 3.264570024051094e-06,
    "phi0": 224.5342307920951,
    "dphi0": -0.057169862107027125,
    "rscale_cubic": 0.03264570024051094,
    "rscale_curv": 0.03104089255181439,
    "wall_r_hi": 0.1212528733585609,
    "wall_thickness": 0.08567494538281559,
    "S_total": 10599.157077926666,
    "S_kin": 15880.605004627154,
    "S_pot": -5281.447926700487,
    "S_interior": 0.0,
    "S3_over_T": NaN,
    "beta_rscale": 30.631905354539548,
    "beta_curvature": 32.21557483142913,
    "beta_wall": 11.67202378165247,
    "Tn_from_transitionFinder_GeV": 75.7037934525605,
    "Tc_from_transitionFinder_GeV": 88.10270499910796,
    "T_spinodal_high_GeV": NaN,
    "T_spinodal_low_GeV": NaN,
    "gw_T_star_GeV": 75.7037934525605,
    "gw_alpha": 0.0312079154745529,
    "gw_beta_over_H": 1406.127237450318,
    "gw_R_star_times_H": NaN,
    "gw_Gamma_Tstar_GeV4": NaN,
    "gw_dT_for_beta_GeV": NaN,
    "gw_f_sw_peak_Hz": NaN,
    "gw_f_turb_peak_Hz": NaN,
    "gw_f_coll_peak_Hz": NaN,
    "gw_g_star": 106.75,
    "gw_v_w": 1.0,
    "omega_sw_peak": NaN,
    "omega_turb_peak": NaN,
    "omega_coll_peak": NaN,
    "omega_tot_peak": NaN
  }
}