{
  "label": "results_eft68_c6f20_c8f40_f792p693_mh125_Glauber_C6p36576_Lambda2000",
  "model_parameters": {
    "c6_over_f2_TeV2": 0.0,
    "c8_over_f4_TeV4": 0.0,
    "f_GeV": 792.6928627027633,
    "m_h": 125.0,
    "v": 246.0,
    "m_w": 80.36,
    "m_z": 91.19,
    "m_t": 173.1,
    "use_glauber_measure": true,
    "C_glauber": 6.365757575757576,
    "Lambda_glauber": 2000.0
  },
  "derived_tree_coefficients": {
    "glauber_scheme": "counterterm_subtracted",
    "lambda_tree": 0.12909808976138543,
    "mu2_tree_GeV2": 7812.5,
    "a0_mean_field": 0.3998252334093464,
    "glauber_t0": 0.09630754636363636,
    "glauber_lambda_shift": 0.0,
    "glauber_mu2_shift_after_lambda_GeV2": 0.0,
    "lambda_tree_raw_glauber_equivalent": -1.1277973283062606,
    "mu2_tree_raw_glauber_equivalent_GeV2": 645473.2204978539,
    "combo_TeV2": 0.0
  },
  "scan_parameters": {
    "T_min": 1.0,
    "T_max": 250.0,
    "phi_scan_range": [
      -10.0,
      792.6928627027633
    ],
    "n_phi_scan": 1200,
    "n_T_seeds": 3,
    "deltaX_target": 0.1,
    "x_eps": 0.001,
    "T_eps": 0.01,
    "deriv_order": 4,
    "phitol": 0.0001,
    "overlapAngle": 45.0,
    "Tn_Ttol": 0.01,
    "Tn_maxiter": 160,
    "include_zeroT_loops": true,
    "include_scalar_loops": true,
    "include_thermal": true,
    "include_scalar_thermal": true,
    "include_daisy": false,
    "renormalize_zeroT_loops": true,
    "thermal_approx": "spline"
  },
  "key_temperatures": {
    "Tn": 78.34450150148251,
    "Tc": 88.90045354086602,
    "Ts_false": 67.32932031249692,
    "Ts_true": 96.91703710937465,
    "S_at_Tn": 10970.0328211517,
    "S_over_Tn": 140.02300877419094,
    "false_phase_key": 1,
    "true_phase_key": 0,
    "phi_false_Tn": -0.0010928027661241786,
    "phi_true_Tn": 228.6053488790854,
    "vTn_over_Tn": 2.9179501368677356,
    "Tc_minus_Tn_over_Tc": 0.1187390122203496
  },
  "gw_scales": {
    "gw_T_star_GeV": 78.34450150148251,
    "gw_alpha": 0.02884418863122553,
    "gw_beta_over_H": 1747.8712462069336,
    "gw_v_w": 1.0,
    "gw_g_star": 106.75
  },
  "gw_peaks": {
    "sw": {
      "f_peak_mHz": 26.122466354447656,
      "f_peak_Hz": 0.026122466354447656,
      "omega_peak": 7.733529562886456e-17
    },
    "turb": {
      "f_peak_mHz": 44.72415237382179,
      "f_peak_Hz": 0.04472415237382179,
      "omega_peak": 5.619364412021965e-21
    },
    "coll": {
      "f_peak_mHz": NaN,
      "f_peak_Hz": NaN,
      "omega_peak": NaN
    },
    "total": {
      "f_peak_mHz": 26.122466354447656,
      "f_peak_Hz": 0.026122466354447656,
      "omega_peak": 7.734021321968876e-17
    }
  },
  "gw_run_parameters": {
    "g_star": 106.75,
    "v_w": 1.0,
    "epsilon_turb": 1.0,
    "frequency_unit": "mHz"
  },
  "S3": 10970.049001091229,
  "S3_over_T": 140.023215297166,
  "bounce_diagnostics": {
    "label": "results_eft68_c6f20_c8f40_f792p693_mh125_Glauber_C6p36576_Lambda2000",
    "C": NaN,
    "Lambda_GeV": NaN,
    "finiteT": null,
    "temperature_GeV": NaN,
    "phi_metaMin": -0.0010928027661241786,
    "phi_absMin": 228.6053488790854,
    "phi_bar": 116.63694736644949,
    "phi_top": 78.81194941571805,
    "V(phi_meta)": -104457797.49445844,
    "V(phi_true)": -118228191.64534092,
    "V(phi_top)": -103542850.16150808,
    "DeltaV_true_minus_meta": -13770394.150882483,
    "r0": 3.3637554841900515e-06,
    "phi0": 223.2727643344184,
    "dphi0": -0.05074802696296195,
    "rscale_cubic": 0.033637554841900515,
    "rscale_curv": 0.03220874393311041,
    "wall_r_hi": 0.12519192417570194,
    "wall_thickness": 0.08728528906504565,
    "S_total": 10970.049001091229,
    "S_kin": 16466.92351035723,
    "S_pot": -5496.874509266003,
    "S_interior": 0.0,
    "S3_over_T": NaN,
    "beta_rscale": 29.728676911864984,
    "beta_curvature": 31.047517503497176,
    "beta_wall": 11.456684290233518,
    "Tn_from_transitionFinder_GeV": 78.34450150148251,
    "Tc_from_transitionFinder_GeV": 88.90045354086602,
    "T_spinodal_high_GeV": NaN,
    "T_spinodal_low_GeV": NaN,
    "gw_T_star_GeV": 78.34450150148251,
    "gw_alpha": 0.02884418863122553,
    "gw_beta_over_H": 1747.8712462069336,
    "gw_R_star_times_H": NaN,
    "gw_Gamma_Tstar_GeV4": NaN,
    "gw_dT_for_beta_GeV": NaN,
    "gw_f_sw_peak_Hz": NaN,
    "gw_f_turb_peak_Hz": NaN,
    "gw_f_coll_peak_Hz": NaN,
    "gw_g_star": 106.75,
    "gw_v_w": 1.0,
    "omega_sw_peak": NaN,
    "omega_turb_peak": NaN,
    "omega_coll_peak": NaN,
    "omega_tot_peak": NaN
  }
}