{
  "label": "results_eft68_c6f23p06465_c8f42_f1000_mh125_Glauber_off",
  "model_parameters": {
    "c6_over_f2_TeV2": 3.0646464646464646,
    "c8_over_f4_TeV4": 2.0,
    "f_GeV": 1000.0,
    "m_h": 125.0,
    "v": 246.0,
    "m_w": 80.36,
    "m_z": 91.19,
    "m_t": 173.1,
    "use_glauber_measure": false,
    "C_glauber": 0.0,
    "Lambda_glauber": 1000.0
  },
  "derived_tree_coefficients": {
    "glauber_scheme": "counterterm_subtracted",
    "lambda_tree": -0.16007868718843274,
    "mu2_tree_GeV2": -1048.2213486816463,
    "a0_mean_field": 0.2552368449344373,
    "glauber_t0": 0.0,
    "glauber_lambda_shift": 0.0,
    "glauber_mu2_shift_after_lambda_GeV2": 0.0,
    "lambda_tree_raw_glauber_equivalent": -0.16007868718843274,
    "mu2_tree_raw_glauber_equivalent_GeV2": -1048.2213486816463,
    "combo_TeV2": 6.492388929292929
  },
  "scan_parameters": {
    "T_min": 1.0,
    "T_max": 250.0,
    "phi_scan_range": [
      -10,
      1000.0
    ],
    "n_phi_scan": 1200,
    "n_T_seeds": 3,
    "deltaX_target": 0.1,
    "x_eps": 0.001,
    "T_eps": 0.01,
    "deriv_order": 4,
    "phitol": 0.0001,
    "overlapAngle": 45.0,
    "Tn_Ttol": 0.01,
    "Tn_maxiter": 160,
    "include_zeroT_loops": true,
    "include_scalar_loops": true,
    "include_thermal": true,
    "include_scalar_thermal": true,
    "include_daisy": true,
    "renormalize_zeroT_loops": true,
    "thermal_approx": "spline"
  },
  "key_temperatures": {
    "Tn": 81.39980287230975,
    "Tc": 94.92847344148227,
    "Ts_false": 54.991856640620654,
    "Ts_true": 96.27070703124964,
    "S_at_Tn": 11394.155790514575,
    "S_over_Tn": 139.97768285002311,
    "false_phase_key": 2,
    "true_phase_key": 0,
    "phi_false_Tn": -4.49569967131183e-05,
    "phi_true_Tn": 225.74282054182106,
    "vTn_over_Tn": 2.773260039658073,
    "Tc_minus_Tn_over_Tc": 0.14251435927190104
  },
  "gw_scales": {
    "gw_T_star_GeV": 81.39980287230975,
    "gw_alpha": 0.022299454252424585,
    "gw_beta_over_H": 1136.824022025787,
    "gw_v_w": 1.0,
    "gw_g_star": 106.75
  },
  "gw_peaks": {
    "sw": {
      "f_peak_mHz": 17.791333764165667,
      "f_peak_Hz": 0.017791333764165668,
      "omega_peak": 8.875588224903135e-17
    },
    "turb": {
      "f_peak_mHz": 30.460459261596025,
      "f_peak_Hz": 0.030460459261596025,
      "omega_peak": 6.4486514921185655e-21
    },
    "coll": {
      "f_peak_mHz": NaN,
      "f_peak_Hz": NaN,
      "omega_peak": NaN
    },
    "total": {
      "f_peak_mHz": 17.791333764165667,
      "f_peak_Hz": 0.017791333764165668,
      "omega_peak": 8.876154718320108e-17
    }
  },
  "gw_run_parameters": {
    "g_star": 106.75,
    "v_w": 1.0,
    "epsilon_turb": 1.0,
    "frequency_unit": "mHz"
  },
  "S3": 11394.157054737325,
  "S3_over_T": 139.97769838105273,
  "bounce_diagnostics": {
    "label": "results_eft68_c6f23p06465_c8f42_f1000_mh125_Glauber_off",
    "C": NaN,
    "Lambda_GeV": NaN,
    "finiteT": null,
    "temperature_GeV": NaN,
    "phi_metaMin": -4.49569967131183e-05,
    "phi_absMin": 225.74282054182106,
    "phi_bar": 116.62390057459915,
    "phi_top": 77.82950665262672,
    "V(phi_meta)": -113876840.64933337,
    "V(phi_true)": -127791637.2021606,
    "V(phi_top)": -112607995.86983362,
    "DeltaV_true_minus_meta": -13914796.552827224,
    "r0": 2.820750375507782e-06,
    "phi0": 220.10418683211694,
    "dphi0": -0.042770686707417085,
    "rscale_cubic": 0.028207503755077818,
    "rscale_curv": 0.026715181005258763,
    "wall_r_hi": 0.11926096817847143,
    "wall_thickness": 0.08145495902212654,
    "S_total": 11394.157054737325,
    "S_kin": 17077.366740696103,
    "S_pot": -5683.209685958778,
    "S_interior": 0.0,
    "S3_over_T": NaN,
    "beta_rscale": 35.45155958084322,
    "beta_curvature": 37.43189901698021,
    "beta_wall": 12.276723381916607,
    "Tn_from_transitionFinder_GeV": 81.39980287230975,
    "Tc_from_transitionFinder_GeV": 94.92847344148227,
    "T_spinodal_high_GeV": NaN,
    "T_spinodal_low_GeV": NaN,
    "gw_T_star_GeV": 81.39980287230975,
    "gw_alpha": 0.022299454252424585,
    "gw_beta_over_H": 1136.824022025787,
    "gw_R_star_times_H": NaN,
    "gw_Gamma_Tstar_GeV4": NaN,
    "gw_dT_for_beta_GeV": NaN,
    "gw_f_sw_peak_Hz": NaN,
    "gw_f_turb_peak_Hz": NaN,
    "gw_f_coll_peak_Hz": NaN,
    "gw_g_star": 106.75,
    "gw_v_w": 1.0,
    "omega_sw_peak": NaN,
    "omega_turb_peak": NaN,
    "omega_coll_peak": NaN,
    "omega_tot_peak": NaN
  }
}