{
  "label": "results_eft68_c6f20_c8f40_f776p558_mh125_Glauber_C6p63303_Lambda2000",
  "model_parameters": {
    "c6_over_f2_TeV2": 0.0,
    "c8_over_f4_TeV4": 0.0,
    "f_GeV": 776.558191090092,
    "m_h": 125.0,
    "v": 246.0,
    "m_w": 80.36,
    "m_z": 91.19,
    "m_t": 173.1,
    "use_glauber_measure": true,
    "C_glauber": 6.633030303030304,
    "Lambda_glauber": 2000.0
  },
  "derived_tree_coefficients": {
    "glauber_scheme": "counterterm_subtracted",
    "lambda_tree": 0.12909808976138543,
    "mu2_tree_GeV2": 7812.5,
    "a0_mean_field": 0.3998252334093464,
    "glauber_t0": 0.10035111545454546,
    "glauber_lambda_shift": 0.0,
    "glauber_mu2_shift_after_lambda_GeV2": 0.0,
    "lambda_tree_raw_glauber_equivalent": -1.2478517961621929,
    "mu2_tree_raw_glauber_equivalent_GeV2": 671516.9739360781,
    "combo_TeV2": 0.0
  },
  "scan_parameters": {
    "T_min": 1.0,
    "T_max": 250.0,
    "phi_scan_range": [
      -10.0,
      776.558191090092
    ],
    "n_phi_scan": 1200,
    "n_T_seeds": 3,
    "deltaX_target": 0.1,
    "x_eps": 0.001,
    "T_eps": 0.01,
    "deriv_order": 4,
    "phitol": 0.0001,
    "overlapAngle": 45.0,
    "Tn_Ttol": 0.01,
    "Tn_maxiter": 160,
    "include_zeroT_loops": true,
    "include_scalar_loops": true,
    "include_thermal": true,
    "include_scalar_thermal": true,
    "include_daisy": true,
    "renormalize_zeroT_loops": true,
    "thermal_approx": "spline"
  },
  "key_temperatures": {
    "Tn": 62.117614753371726,
    "Tc": 81.81606883257666,
    "Ts_false": 42.937192773432336,
    "Ts_true": 94.3108046874997,
    "S_at_Tn": 8693.947161031885,
    "S_over_Tn": 139.95944943394628,
    "false_phase_key": 2,
    "true_phase_key": 0,
    "phi_false_Tn": -0.0007077213073486585,
    "phi_true_Tn": 239.16153085905117,
    "vTn_over_Tn": 3.850140283212815,
    "Tc_minus_Tn_over_Tc": 0.24076510104041582
  },
  "gw_scales": {
    "gw_T_star_GeV": 62.117614753371726,
    "gw_alpha": 0.06821109613122109,
    "gw_beta_over_H": 771.7119762866959,
    "gw_v_w": 1.0,
    "gw_g_star": 106.75
  },
  "gw_peaks": {
    "sw": {
      "f_peak_mHz": 9.189730011909294,
      "f_peak_Hz": 0.009189730011909295,
      "omega_peak": 4.1398351262853265e-15
    },
    "turb": {
      "f_peak_mHz": 15.733693738950372,
      "f_peak_Hz": 0.015733693738950373,
      "omega_peak": 3.007883285754272e-19
    },
    "coll": {
      "f_peak_mHz": NaN,
      "f_peak_Hz": NaN,
      "omega_peak": NaN
    },
    "total": {
      "f_peak_mHz": 9.189730011909294,
      "f_peak_Hz": 0.009189730011909295,
      "omega_peak": 4.1400989847544755e-15
    }
  },
  "gw_run_parameters": {
    "g_star": 106.75,
    "v_w": 1.0,
    "epsilon_turb": 1.0,
    "frequency_unit": "mHz"
  },
  "S3": 8693.94215442121,
  "S3_over_T": 139.95936883505826,
  "bounce_diagnostics": {
    "label": "results_eft68_c6f20_c8f40_f776p558_mh125_Glauber_C6p63303_Lambda2000",
    "C": NaN,
    "Lambda_GeV": NaN,
    "finiteT": null,
    "temperature_GeV": NaN,
    "phi_metaMin": -0.0007077213073486585,
    "phi_absMin": 239.16153085905117,
    "phi_bar": 115.15693297360592,
    "phi_top": 79.38321301979128,
    "V(phi_meta)": -43501373.070461914,
    "V(phi_true)": -65080353.55546467,
    "V(phi_top)": -42436336.90055049,
    "DeltaV_true_minus_meta": -21578980.485002756,
    "r0": 3.1403260437155564e-06,
    "phi0": 230.35507048921187,
    "dphi0": -0.10166063872904528,
    "rscale_cubic": 0.031403260437155564,
    "rscale_curv": 0.028876307534922693,
    "wall_r_hi": 0.10520073649874616,
    "wall_thickness": 0.07874467900642139,
    "S_total": 8693.94215442121,
    "S_kin": 13028.600729390015,
    "S_pot": -4334.658574968806,
    "S_interior": 0.0,
    "S3_over_T": NaN,
    "beta_rscale": 31.843827235748574,
    "beta_curvature": 34.630511792918135,
    "beta_wall": 12.699270764929437,
    "Tn_from_transitionFinder_GeV": 62.117614753371726,
    "Tc_from_transitionFinder_GeV": 81.81606883257666,
    "T_spinodal_high_GeV": NaN,
    "T_spinodal_low_GeV": NaN,
    "gw_T_star_GeV": 62.117614753371726,
    "gw_alpha": 0.06821109613122109,
    "gw_beta_over_H": 771.7119762866959,
    "gw_R_star_times_H": NaN,
    "gw_Gamma_Tstar_GeV4": NaN,
    "gw_dT_for_beta_GeV": NaN,
    "gw_f_sw_peak_Hz": NaN,
    "gw_f_turb_peak_Hz": NaN,
    "gw_f_coll_peak_Hz": NaN,
    "gw_g_star": 106.75,
    "gw_v_w": 1.0,
    "omega_sw_peak": NaN,
    "omega_turb_peak": NaN,
    "omega_coll_peak": NaN,
    "omega_tot_peak": NaN
  }
}