{
  "label": "results_eft68_c6f22p88081_c8f45_f1000_mh125_Glauber_off",
  "model_parameters": {
    "c6_over_f2_TeV2": 2.8808080808080807,
    "c8_over_f4_TeV4": 5.0,
    "f_GeV": 1000.0,
    "m_h": 125.0,
    "v": 246.0,
    "m_w": 80.36,
    "m_z": 91.19,
    "m_t": 173.1,
    "use_glauber_measure": false,
    "C_glauber": 0.0,
    "Lambda_glauber": 1000.0
  },
  "derived_tree_coefficients": {
    "glauber_scheme": "counterterm_subtracted",
    "lambda_tree": -0.15987077988588724,
    "mu2_tree_GeV2": -1208.1461371222958,
    "a0_mean_field": 0.25534079858571007,
    "glauber_t0": 0.0,
    "glauber_lambda_shift": 0.0,
    "glauber_mu2_shift_after_lambda_GeV2": 0.0,
    "lambda_tree_raw_glauber_equivalent": -0.15987077988588724,
    "mu2_tree_raw_glauber_equivalent_GeV2": -1208.1461371222958,
    "combo_TeV2": 6.669356161616161
  },
  "scan_parameters": {
    "T_min": 1.0,
    "T_max": 250.0,
    "phi_scan_range": [
      -10,
      1000.0
    ],
    "n_phi_scan": 1200,
    "n_T_seeds": 3,
    "deltaX_target": 0.1,
    "x_eps": 0.001,
    "T_eps": 0.01,
    "deriv_order": 4,
    "phitol": 0.0001,
    "overlapAngle": 45.0,
    "Tn_Ttol": 0.01,
    "Tn_maxiter": 160,
    "include_zeroT_loops": true,
    "include_scalar_loops": true,
    "include_thermal": true,
    "include_scalar_thermal": true,
    "include_daisy": false,
    "renormalize_zeroT_loops": true,
    "thermal_approx": "spline"
  },
  "key_temperatures": {
    "Tn": 76.90817475760343,
    "Tc": 91.9099589859832,
    "Ts_false": 49.69481933593291,
    "Ts_true": 94.07688085937468,
    "S_at_Tn": 10767.272640390413,
    "S_over_Tn": 140.00166658910234,
    "false_phase_key": 2,
    "true_phase_key": 0,
    "phi_false_Tn": -5.62687836351714e-05,
    "phi_true_Tn": 228.90928237155853,
    "vTn_over_Tn": 2.9763972827729566,
    "Tc_minus_Tn_over_Tc": 0.16322261911429664
  },
  "gw_scales": {
    "gw_T_star_GeV": 76.90817475760343,
    "gw_alpha": 0.028146302745244028,
    "gw_beta_over_H": 1077.140334273397,
    "gw_v_w": 1.0,
    "gw_g_star": 106.75
  },
  "gw_peaks": {
    "sw": {
      "f_peak_mHz": 15.977282681122281,
      "f_peak_Hz": 0.015977282681122282,
      "omega_peak": 1.901759661477946e-16
    },
    "turb": {
      "f_peak_mHz": 26.937583405636264,
      "f_peak_Hz": 0.026937583405636265,
      "omega_peak": 1.381763020669032e-20
    },
    "coll": {
      "f_peak_mHz": NaN,
      "f_peak_Hz": NaN,
      "omega_peak": NaN
    },
    "total": {
      "f_peak_mHz": 15.977282681122281,
      "f_peak_Hz": 0.015977282681122282,
      "omega_peak": 1.9018812311931385e-16
    }
  },
  "gw_run_parameters": {
    "g_star": 106.75,
    "v_w": 1.0,
    "epsilon_turb": 1.0,
    "frequency_unit": "mHz"
  },
  "S3": 10767.496527392601,
  "S3_over_T": 140.00457768409183,
  "bounce_diagnostics": {
    "label": "results_eft68_c6f22p88081_c8f45_f1000_mh125_Glauber_off",
    "C": NaN,
    "Lambda_GeV": NaN,
    "finiteT": null,
    "temperature_GeV": NaN,
    "phi_metaMin": -5.62687836351714e-05,
    "phi_absMin": 228.90928237155853,
    "phi_bar": 116.57123429620944,
    "phi_top": 78.52997881040262,
    "V(phi_meta)": -89299644.24849778,
    "V(phi_true)": -104872936.64054142,
    "V(phi_top)": -88001345.47807147,
    "DeltaV_true_minus_meta": -15573292.392043635,
    "r0": 2.8136679482454672e-06,
    "phi0": 222.57507302102437,
    "dphi0": -0.0515787479380324,
    "rscale_cubic": 0.02813667948245467,
    "rscale_curv": 0.02685435737959027,
    "wall_r_hi": 0.11450843806160632,
    "wall_thickness": 0.07974420261244151,
    "S_total": 10767.496527392601,
    "S_kin": 16149.745421403726,
    "S_pot": -5382.248894011122,
    "S_interior": 0.0,
    "S3_over_T": NaN,
    "beta_rscale": 35.54079651166993,
    "beta_curvature": 37.23790761688592,
    "beta_wall": 12.540096549212748,
    "Tn_from_transitionFinder_GeV": 76.90817475760343,
    "Tc_from_transitionFinder_GeV": 91.9099589859832,
    "T_spinodal_high_GeV": NaN,
    "T_spinodal_low_GeV": NaN,
    "gw_T_star_GeV": 76.90817475760343,
    "gw_alpha": 0.028146302745244028,
    "gw_beta_over_H": 1077.140334273397,
    "gw_R_star_times_H": NaN,
    "gw_Gamma_Tstar_GeV4": NaN,
    "gw_dT_for_beta_GeV": NaN,
    "gw_f_sw_peak_Hz": NaN,
    "gw_f_turb_peak_Hz": NaN,
    "gw_f_coll_peak_Hz": NaN,
    "gw_g_star": 106.75,
    "gw_v_w": 1.0,
    "omega_sw_peak": NaN,
    "omega_turb_peak": NaN,
    "omega_coll_peak": NaN,
    "omega_tot_peak": NaN
  }
}