{
  "label": "results_eft68_c6f23p22167_c8f42_f1000_mh125_Glauber_off",
  "model_parameters": {
    "c6_over_f2_TeV2": 3.2216666666666667,
    "c8_over_f4_TeV4": 2.0,
    "f_GeV": 1000.0,
    "m_h": 125.0,
    "v": 246.0,
    "m_w": 80.36,
    "m_z": 91.19,
    "m_t": 173.1,
    "use_glauber_measure": false,
    "C_glauber": 0.0,
    "Lambda_glauber": 1000.0
  },
  "scan_parameters": {
    "T_min": 1.0,
    "T_max": 250.0,
    "phi_scan_range": [
      -10,
      1000.0
    ],
    "n_phi_scan": 1200,
    "n_T_seeds": 3,
    "deltaX_target": 0.1,
    "x_eps": 0.001,
    "T_eps": 0.01,
    "deriv_order": 4,
    "phitol": 1e-05,
    "overlapAngle": 45.0,
    "Tn_Ttol": 0.001,
    "Tn_maxiter": 160,
    "include_zeroT_loops": true,
    "include_scalar_loops": true,
    "include_thermal": true,
    "include_scalar_thermal": true,
    "include_daisy": false,
    "renormalize_zeroT_loops": true,
    "thermal_approx": "spline"
  },
  "key_temperatures": {
    "Tn": 71.70698305968435,
    "Tc": 90.04061221623212,
    "Ts_false": 37.330996679681796,
    "Ts_true": 93.5720722656247,
    "S_at_Tn": 10037.817201425536,
    "S_over_Tn": 139.98381710008206,
    "false_phase_key": 2,
    "true_phase_key": 0,
    "phi_false_Tn": -4.082405145280213e-05,
    "phi_true_Tn": 232.98610786844142,
    "vTn_over_Tn": 3.2491411286194896,
    "Tc_minus_Tn_over_Tc": 0.2036151099519364
  },
  "gw_scales": {
    "gw_T_star_GeV": 71.70698305968435,
    "gw_alpha": 0.037560402580177614,
    "gw_beta_over_H": 449.9236605012532,
    "gw_v_w": 1.0,
    "gw_g_star": 106.75
  },
  "gw_peaks": {
    "sw": {
      "f_peak_mHz": 6.163463863449122,
      "f_peak_Hz": 0.006163463863449122,
      "omega_peak": 2.428069971343905e-15
    },
    "turb": {
      "f_peak_mHz": 10.55243763123881,
      "f_peak_Hz": 0.01055243763123881,
      "omega_peak": 1.7642438849424665e-19
    },
    "coll": {
      "f_peak_mHz": NaN,
      "f_peak_Hz": NaN,
      "omega_peak": NaN
    },
    "total": {
      "f_peak_mHz": 6.163463863449122,
      "f_peak_Hz": 0.006163463863449122,
      "omega_peak": 2.4282244722664946e-15
    }
  },
  "gw_run_parameters": {
    "g_star": 106.75,
    "v_w": 1.0,
    "epsilon_turb": 1.0,
    "frequency_unit": "mHz"
  },
  "S3": 10046.427795976713,
  "S3_over_T": 140.10389737934872,
  "bounce_diagnostics": {
    "label": "results_eft68_c6f23p22167_c8f42_f1000_mh125_Glauber_off",
    "C": NaN,
    "Lambda_GeV": NaN,
    "finiteT": null,
    "temperature_GeV": NaN,
    "phi_metaMin": -4.082405145280213e-05,
    "phi_absMin": 232.98610786844142,
    "phi_bar": 117.10774461404272,
    "phi_top": 79.55537462499913,
    "V(phi_meta)": -67279968.81669158,
    "V(phi_true)": -85750109.66704576,
    "V(phi_top)": -65847783.723836266,
    "DeltaV_true_minus_meta": -18470140.85035418,
    "r0": 2.713904420031994e-06,
    "phi0": 225.8632577732099,
    "dphi0": -0.06269765808031899,
    "rscale_cubic": 0.02713904420031994,
    "rscale_curv": 0.026021642588632432,
    "wall_r_hi": 0.1071099233255516,
    "wall_thickness": 0.07587631893666957,
    "S_total": 10046.427795976713,
    "S_kin": 15070.726151232813,
    "S_pot": -5024.298355256097,
    "S_interior": 0.0,
    "S3_over_T": NaN,
    "beta_rscale": 36.84728145246218,
    "beta_curvature": 38.42954876741879,
    "beta_wall": 13.179342567140788,
    "Tn_from_transitionFinder_GeV": 71.70698305968435,
    "Tc_from_transitionFinder_GeV": 90.04061221623212,
    "T_spinodal_high_GeV": NaN,
    "T_spinodal_low_GeV": NaN,
    "gw_T_star_GeV": 71.70698305968435,
    "gw_alpha": 0.037560402580177614,
    "gw_beta_over_H": 449.9236605012532,
    "gw_R_star_times_H": NaN,
    "gw_Gamma_Tstar_GeV4": NaN,
    "gw_dT_for_beta_GeV": NaN,
    "gw_f_sw_peak_Hz": NaN,
    "gw_f_turb_peak_Hz": NaN,
    "gw_f_coll_peak_Hz": NaN,
    "gw_g_star": 106.75,
    "gw_v_w": 1.0,
    "omega_sw_peak": NaN,
    "omega_turb_peak": NaN,
    "omega_coll_peak": NaN,
    "omega_tot_peak": NaN
  }
}