{
  "label": "results_eft68_c6f23p15167_c8f42_f1000_mh125_Glauber_off",
  "model_parameters": {
    "c6_over_f2_TeV2": 3.151666666666667,
    "c8_over_f4_TeV4": 2.0,
    "f_GeV": 1000.0,
    "m_h": 125.0,
    "v": 246.0,
    "m_w": 80.36,
    "m_z": 91.19,
    "m_t": 173.1,
    "use_glauber_measure": false,
    "C_glauber": 0.0,
    "Lambda_glauber": 1000.0
  },
  "scan_parameters": {
    "T_min": 1.0,
    "T_max": 250.0,
    "phi_scan_range": [
      -10,
      1000.0
    ],
    "n_phi_scan": 1200,
    "n_T_seeds": 3,
    "deltaX_target": 0.1,
    "x_eps": 0.001,
    "T_eps": 0.01,
    "deriv_order": 4,
    "phitol": 1e-05,
    "overlapAngle": 45.0,
    "Tn_Ttol": 0.001,
    "Tn_maxiter": 160,
    "include_zeroT_loops": true,
    "include_scalar_loops": true,
    "include_thermal": true,
    "include_scalar_thermal": true,
    "include_daisy": false,
    "renormalize_zeroT_loops": true,
    "thermal_approx": "spline"
  },
  "key_temperatures": {
    "Tn": 75.41845201632671,
    "Tc": 91.48299710101657,
    "Ts_false": 45.18991328124498,
    "Ts_true": 94.20381249999969,
    "S_at_Tn": 10558.519052257287,
    "S_over_Tn": 139.99914835127564,
    "false_phase_key": 2,
    "true_phase_key": 0,
    "phi_false_Tn": -5.4303947214994616e-05,
    "phi_true_Tn": 230.23594214879316,
    "vTn_over_Tn": 3.052780002683578,
    "Tc_minus_Tn_over_Tc": 0.17560142970557907
  },
  "gw_scales": {
    "gw_T_star_GeV": 75.41845201632671,
    "gw_alpha": 0.03069006310885009,
    "gw_beta_over_H": 809.1065462533654,
    "gw_v_w": 1.0,
    "gw_g_star": 106.75
  },
  "gw_peaks": {
    "sw": {
      "f_peak_mHz": 11.750555064331126,
      "f_peak_Hz": 0.011750555064331127,
      "omega_peak": 4.2907269924035105e-16
    },
    "turb": {
      "f_peak_mHz": 20.118070324728365,
      "f_peak_Hz": 0.020118070324728364,
      "omega_peak": 3.117476148410521e-20
    },
    "coll": {
      "f_peak_mHz": NaN,
      "f_peak_Hz": NaN,
      "omega_peak": NaN
    },
    "total": {
      "f_peak_mHz": 11.750555064331126,
      "f_peak_Hz": 0.011750555064331127,
      "omega_peak": 4.2910010635229745e-16
    }
  },
  "gw_run_parameters": {
    "g_star": 106.75,
    "v_w": 1.0,
    "epsilon_turb": 1.0,
    "frequency_unit": "mHz"
  },
  "S3": 10555.766778457222,
  "S3_over_T": 139.96265497695566,
  "bounce_diagnostics": {
    "label": "results_eft68_c6f23p15167_c8f42_f1000_mh125_Glauber_off",
    "C": NaN,
    "Lambda_GeV": NaN,
    "finiteT": null,
    "temperature_GeV": NaN,
    "phi_metaMin": -5.4303947214994616e-05,
    "phi_absMin": 230.23594214879316,
    "phi_bar": 116.98216943396025,
    "phi_top": 78.95845524397693,
    "V(phi_meta)": -82509689.71780744,
    "V(phi_true)": -99092539.97243668,
    "V(phi_top)": -81135111.5448149,
    "DeltaV_true_minus_meta": -16582850.25462924,
    "r0": 2.7494042199417436e-06,
    "phi0": 223.7425294739489,
    "dphi0": -0.05397918965310981,
    "rscale_cubic": 0.027494042199417434,
    "rscale_curv": 0.026179474356578202,
    "wall_r_hi": 0.11157650524200924,
    "wall_thickness": 0.07789423104044058,
    "S_total": 10555.766778457222,
    "S_kin": 15834.058911083212,
    "S_pot": -5278.29213262599,
    "S_interior": 0.0,
    "S3_over_T": NaN,
    "beta_rscale": 36.37151615418663,
    "beta_curvature": 38.197862433533636,
    "beta_wall": 12.837921199592138,
    "Tn_from_transitionFinder_GeV": 75.41845201632671,
    "Tc_from_transitionFinder_GeV": 91.48299710101657,
    "T_spinodal_high_GeV": NaN,
    "T_spinodal_low_GeV": NaN,
    "gw_T_star_GeV": 75.41845201632671,
    "gw_alpha": 0.03069006310885009,
    "gw_beta_over_H": 809.1065462533654,
    "gw_R_star_times_H": NaN,
    "gw_Gamma_Tstar_GeV4": NaN,
    "gw_dT_for_beta_GeV": NaN,
    "gw_f_sw_peak_Hz": NaN,
    "gw_f_turb_peak_Hz": NaN,
    "gw_f_coll_peak_Hz": NaN,
    "gw_g_star": 106.75,
    "gw_v_w": 1.0,
    "omega_sw_peak": NaN,
    "omega_turb_peak": NaN,
    "omega_coll_peak": NaN,
    "omega_tot_peak": NaN
  }
}