{
  "label": "results_eft68_c6f20_c8f40_f522p773_mh125_Glauber_C3p65909_Lambda1000",
  "model_parameters": {
    "c6_over_f2_TeV2": 0.0,
    "c8_over_f4_TeV4": 0.0,
    "f_GeV": 522.7733021739333,
    "m_h": 125.0,
    "v": 246.0,
    "m_w": 80.36,
    "m_z": 91.19,
    "m_t": 173.1,
    "use_glauber_measure": true,
    "C_glauber": 3.659090909090909,
    "Lambda_glauber": 1000.0
  },
  "derived_tree_coefficients": {
    "glauber_scheme": "counterterm_subtracted",
    "lambda_tree": 0.12909808976138543,
    "mu2_tree_GeV2": 7812.5,
    "a0_mean_field": 0.3998252334093464,
    "glauber_t0": 0.22143354545454547,
    "glauber_lambda_shift": 0.0,
    "glauber_mu2_shift_after_lambda_GeV2": 0.0,
    "lambda_tree_raw_glauber_equivalent": -0.43039572145279664,
    "mu2_tree_raw_glauber_equivalent_GeV2": 93000.98599406928,
    "combo_TeV2": 0.0
  },
  "scan_parameters": {
    "T_min": 1.0,
    "T_max": 250.0,
    "phi_scan_range": [
      -10.0,
      522.7733021739333
    ],
    "n_phi_scan": 1200,
    "n_T_seeds": 3,
    "deltaX_target": 0.1,
    "x_eps": 0.001,
    "T_eps": 0.01,
    "deriv_order": 4,
    "phitol": 0.0001,
    "overlapAngle": 45.0,
    "Tn_Ttol": 0.01,
    "Tn_maxiter": 160,
    "include_zeroT_loops": true,
    "include_scalar_loops": true,
    "include_thermal": true,
    "include_scalar_thermal": true,
    "include_daisy": false,
    "renormalize_zeroT_loops": true,
    "thermal_approx": "spline"
  },
  "key_temperatures": {
    "Tn": 74.13523112763207,
    "Tc": 85.61889344442685,
    "Ts_false": 63.60098300780928,
    "Ts_true": 94.0851484374997,
    "S_at_Tn": 10380.519282022153,
    "S_over_Tn": 140.0214058030106,
    "false_phase_key": 1,
    "true_phase_key": 0,
    "phi_false_Tn": -0.00034457441388757514,
    "phi_true_Tn": 231.70688397268037,
    "vTn_over_Tn": 3.125462488594271,
    "Tc_minus_Tn_over_Tc": 0.13412532975853683
  },
  "gw_scales": {
    "gw_T_star_GeV": 74.13523112763207,
    "gw_alpha": 0.03410191233930945,
    "gw_beta_over_H": 1673.8349156173483,
    "gw_v_w": 1.0,
    "gw_g_star": 106.75
  },
  "gw_peaks": {
    "sw": {
      "f_peak_mHz": 23.82214245372448,
      "f_peak_Hz": 0.023822142453724483,
      "omega_peak": 1.3435408651845283e-16
    },
    "turb": {
      "f_peak_mHz": 40.78577859053731,
      "f_peak_Hz": 0.040785778590537315,
      "omega_peak": 9.761682467398555e-21
    },
    "coll": {
      "f_peak_mHz": NaN,
      "f_peak_Hz": NaN,
      "omega_peak": NaN
    },
    "total": {
      "f_peak_mHz": 23.82214245372448,
      "f_peak_Hz": 0.023822142453724483,
      "omega_peak": 1.3436265558459538e-16
    }
  },
  "gw_run_parameters": {
    "g_star": 106.75,
    "v_w": 1.0,
    "epsilon_turb": 1.0,
    "frequency_unit": "mHz"
  },
  "S3": 10380.308141070416,
  "S3_over_T": 140.01855775157102,
  "bounce_diagnostics": {
    "label": "results_eft68_c6f20_c8f40_f522p773_mh125_Glauber_C3p65909_Lambda1000",
    "C": NaN,
    "Lambda_GeV": NaN,
    "finiteT": null,
    "temperature_GeV": NaN,
    "phi_metaMin": -0.00034457441388757514,
    "phi_absMin": 231.70688397268037,
    "phi_bar": 114.79009574840917,
    "phi_top": 77.94077354729373,
    "V(phi_meta)": -84422531.66178785,
    "V(phi_true)": -98827736.06565838,
    "V(phi_top)": -83642581.89365026,
    "DeltaV_true_minus_meta": -14405204.403870523,
    "r0": 3.6029454760715265e-06,
    "phi0": 225.45946042319204,
    "dphi0": -0.06578610776571409,
    "rscale_cubic": 0.036029454760715264,
    "rscale_curv": 0.03441493833125133,
    "wall_r_hi": 0.1252017188081664,
    "wall_thickness": 0.09014834930242052,
    "S_total": 10380.308141070416,
    "S_kin": 15564.820198076535,
    "S_pot": -5184.512057006122,
    "S_interior": 0.0,
    "S3_over_T": NaN,
    "beta_rscale": 27.75506891906537,
    "beta_curvature": 29.05715837639953,
    "beta_wall": 11.092826521374247,
    "Tn_from_transitionFinder_GeV": 74.13523112763207,
    "Tc_from_transitionFinder_GeV": 85.61889344442685,
    "T_spinodal_high_GeV": NaN,
    "T_spinodal_low_GeV": NaN,
    "gw_T_star_GeV": 74.13523112763207,
    "gw_alpha": 0.03410191233930945,
    "gw_beta_over_H": 1673.8349156173483,
    "gw_R_star_times_H": NaN,
    "gw_Gamma_Tstar_GeV4": NaN,
    "gw_dT_for_beta_GeV": NaN,
    "gw_f_sw_peak_Hz": NaN,
    "gw_f_turb_peak_Hz": NaN,
    "gw_f_coll_peak_Hz": NaN,
    "gw_g_star": 106.75,
    "gw_v_w": 1.0,
    "omega_sw_peak": NaN,
    "omega_turb_peak": NaN,
    "omega_coll_peak": NaN,
    "omega_tot_peak": NaN
  }
}