{
  "label": "results_eft68_c6f23p21414_c8f42_f1000_mh125_Glauber_off",
  "model_parameters": {
    "c6_over_f2_TeV2": 3.214141414141414,
    "c8_over_f4_TeV4": 2.0,
    "f_GeV": 1000.0,
    "m_h": 125.0,
    "v": 246.0,
    "m_w": 80.36,
    "m_z": 91.19,
    "m_t": 173.1,
    "use_glauber_measure": false,
    "C_glauber": 0.0,
    "Lambda_glauber": 1000.0
  },
  "derived_tree_coefficients": {
    "glauber_scheme": "counterterm_subtracted",
    "lambda_tree": -0.1736489417338873,
    "mu2_tree_GeV2": -1458.8301107180096,
    "a0_mean_field": 0.24845171766171006,
    "glauber_t0": 0.0,
    "glauber_lambda_shift": 0.0,
    "glauber_mu2_shift_after_lambda_GeV2": 0.0,
    "lambda_tree_raw_glauber_equivalent": -0.1736489417338873,
    "mu2_tree_raw_glauber_equivalent_GeV2": -1458.8301107180096,
    "combo_TeV2": 6.791378828282828
  },
  "scan_parameters": {
    "T_min": 1.0,
    "T_max": 250.0,
    "phi_scan_range": [
      -10,
      1000.0
    ],
    "n_phi_scan": 1200,
    "n_T_seeds": 3,
    "deltaX_target": 0.1,
    "x_eps": 0.001,
    "T_eps": 0.01,
    "deriv_order": 4,
    "phitol": 0.0001,
    "overlapAngle": 45.0,
    "Tn_Ttol": 0.01,
    "Tn_maxiter": 160,
    "include_zeroT_loops": true,
    "include_scalar_loops": true,
    "include_thermal": true,
    "include_scalar_thermal": true,
    "include_daisy": true,
    "renormalize_zeroT_loops": true,
    "thermal_approx": "spline"
  },
  "key_temperatures": {
    "Tn": 73.91844518815991,
    "Tc": 91.79469313158168,
    "Ts_false": 39.30514843749433,
    "Ts_true": 94.86959570312467,
    "S_at_Tn": 10355.604364584271,
    "S_over_Tn": 140.09499710422762,
    "false_phase_key": 2,
    "true_phase_key": 0,
    "phi_false_Tn": -4.127407318332016e-05,
    "phi_true_Tn": 232.03247289449178,
    "vTn_over_Tn": 3.139033461862618,
    "Tc_minus_Tn_over_Tc": 0.19474162757750432
  },
  "gw_scales": {
    "gw_T_star_GeV": 73.91844518815991,
    "gw_alpha": 0.03298418357651832,
    "gw_beta_over_H": 778.5081095841591,
    "gw_v_w": 1.0,
    "gw_g_star": 106.75
  },
  "gw_peaks": {
    "sw": {
      "f_peak_mHz": 11.050183107177936,
      "f_peak_Hz": 0.011050183107177937,
      "omega_peak": 5.662822870392021e-16
    },
    "turb": {
      "f_peak_mHz": 18.918966775122765,
      "f_peak_Hz": 0.018918966775122767,
      "omega_peak": 4.114397534476711e-20
    },
    "coll": {
      "f_peak_mHz": NaN,
      "f_peak_Hz": NaN,
      "omega_peak": NaN
    },
    "total": {
      "f_peak_mHz": 11.050183107177936,
      "f_peak_Hz": 0.011050183107177937,
      "omega_peak": 5.663184087949104e-16
    }
  },
  "gw_run_parameters": {
    "g_star": 106.75,
    "v_w": 1.0,
    "epsilon_turb": 1.0,
    "frequency_unit": "mHz"
  },
  "S3": 10356.782603439573,
  "S3_over_T": 140.1109368179527,
  "bounce_diagnostics": {
    "label": "results_eft68_c6f23p21414_c8f42_f1000_mh125_Glauber_off",
    "C": NaN,
    "Lambda_GeV": NaN,
    "finiteT": null,
    "temperature_GeV": NaN,
    "phi_metaMin": -4.127407318332016e-05,
    "phi_absMin": 232.03247289449178,
    "phi_bar": 117.6336712615404,
    "phi_top": 79.7946269426448,
    "V(phi_meta)": -77120908.895316,
    "V(phi_true)": -94832173.57488714,
    "V(phi_top)": -75686389.59665021,
    "DeltaV_true_minus_meta": -17711264.679571137,
    "r0": 2.719850608616238e-06,
    "phi0": 225.37543923310815,
    "dphi0": -0.05754669619347041,
    "rscale_cubic": 0.02719850608616238,
    "rscale_curv": 0.02598363971609413,
    "wall_r_hi": 0.108984434644852,
    "wall_thickness": 0.07640688669155188,
    "S_total": 10356.782603439573,
    "S_kin": 15528.73951692885,
    "S_pot": -5171.956913489277,
    "S_interior": 0.0,
    "S3_over_T": NaN,
    "beta_rscale": 36.76672523233781,
    "beta_curvature": 38.48575706422622,
    "beta_wall": 13.087825499773537,
    "Tn_from_transitionFinder_GeV": 73.91844518815991,
    "Tc_from_transitionFinder_GeV": 91.79469313158168,
    "T_spinodal_high_GeV": NaN,
    "T_spinodal_low_GeV": NaN,
    "gw_T_star_GeV": 73.91844518815991,
    "gw_alpha": 0.03298418357651832,
    "gw_beta_over_H": 778.5081095841591,
    "gw_R_star_times_H": NaN,
    "gw_Gamma_Tstar_GeV4": NaN,
    "gw_dT_for_beta_GeV": NaN,
    "gw_f_sw_peak_Hz": NaN,
    "gw_f_turb_peak_Hz": NaN,
    "gw_f_coll_peak_Hz": NaN,
    "gw_g_star": 106.75,
    "gw_v_w": 1.0,
    "omega_sw_peak": NaN,
    "omega_turb_peak": NaN,
    "omega_coll_peak": NaN,
    "omega_tot_peak": NaN
  }
}