{
  "label": "results_eft68_c6f20_c8f40_f518p286_mh125_Glauber_C3p72273_Lambda1000",
  "model_parameters": {
    "c6_over_f2_TeV2": 0.0,
    "c8_over_f4_TeV4": 0.0,
    "f_GeV": 518.285894676161,
    "m_h": 125.0,
    "v": 246.0,
    "m_w": 80.36,
    "m_z": 91.19,
    "m_t": 173.1,
    "use_glauber_measure": true,
    "C_glauber": 3.7227272727272727,
    "Lambda_glauber": 1000.0
  },
  "derived_tree_coefficients": {
    "glauber_scheme": "counterterm_subtracted",
    "lambda_tree": 0.12909808976138543,
    "mu2_tree_GeV2": 7812.5,
    "a0_mean_field": 0.3998252334093464,
    "glauber_t0": 0.22528456363636362,
    "glauber_lambda_shift": 0.0,
    "glauber_mu2_shift_after_lambda_GeV2": 0.0,
    "lambda_tree_raw_glauber_equivalent": -0.45579741857367123,
    "mu2_tree_raw_glauber_equivalent_GeV2": 94136.2153989429,
    "combo_TeV2": 0.0
  },
  "scan_parameters": {
    "T_min": 1.0,
    "T_max": 250.0,
    "phi_scan_range": [
      -10.0,
      518.285894676161
    ],
    "n_phi_scan": 1200,
    "n_T_seeds": 3,
    "deltaX_target": 0.1,
    "x_eps": 0.001,
    "T_eps": 0.01,
    "deriv_order": 4,
    "phitol": 0.0001,
    "overlapAngle": 45.0,
    "Tn_Ttol": 0.01,
    "Tn_maxiter": 160,
    "include_zeroT_loops": true,
    "include_scalar_loops": true,
    "include_thermal": true,
    "include_scalar_thermal": true,
    "include_daisy": true,
    "renormalize_zeroT_loops": true,
    "thermal_approx": "spline"
  },
  "key_temperatures": {
    "Tn": 67.2785575867756,
    "Tc": 82.74402552052564,
    "Ts_false": 54.096526562495974,
    "Ts_true": 93.36684179687472,
    "S_at_Tn": 9414.166895089542,
    "S_over_Tn": 139.92819157793608,
    "false_phase_key": 1,
    "true_phase_key": 0,
    "phi_false_Tn": -0.00031426701691876377,
    "phi_true_Tn": 236.65768954712783,
    "vTn_over_Tn": 3.517579716864288,
    "Tc_minus_Tn_over_Tc": 0.18690736686377002
  },
  "gw_scales": {
    "gw_T_star_GeV": 67.2785575867756,
    "gw_alpha": 0.0483557187364497,
    "gw_beta_over_H": 1036.8436607106328,
    "gw_v_w": 1.0,
    "gw_g_star": 106.75
  },
  "gw_peaks": {
    "sw": {
      "f_peak_mHz": 13.49299699644052,
      "f_peak_Hz": 0.013492996996440519,
      "omega_peak": 9.12273422178446e-16
    },
    "turb": {
      "f_peak_mHz": 22.749095652733732,
      "f_peak_Hz": 0.022749095652733732,
      "omega_peak": 6.628779857394312e-20
    },
    "coll": {
      "f_peak_mHz": NaN,
      "f_peak_Hz": NaN,
      "omega_peak": NaN
    },
    "total": {
      "f_peak_mHz": 13.49299699644052,
      "f_peak_Hz": 0.013492996996440519,
      "omega_peak": 9.123318237390688e-16
    }
  },
  "gw_run_parameters": {
    "g_star": 106.75,
    "v_w": 1.0,
    "epsilon_turb": 1.0,
    "frequency_unit": "mHz"
  },
  "S3": 9419.494195016336,
  "S3_over_T": 140.00737430892616,
  "bounce_diagnostics": {
    "label": "results_eft68_c6f20_c8f40_f518p286_mh125_Glauber_C3p72273_Lambda1000",
    "C": NaN,
    "Lambda_GeV": NaN,
    "finiteT": null,
    "temperature_GeV": NaN,
    "phi_metaMin": -0.00031426701691876377,
    "phi_absMin": 236.65768954712783,
    "phi_bar": 114.83004515121489,
    "phi_top": 78.89280592785931,
    "V(phi_meta)": -58943832.88361142,
    "V(phi_true)": -76693421.92908646,
    "V(phi_top)": -58093585.042933196,
    "DeltaV_true_minus_meta": -17749589.045475043,
    "r0": 3.492936887180615e-06,
    "phi0": 229.13063286125723,
    "dphi0": -0.08807827829102274,
    "rscale_cubic": 0.03492936887180615,
    "rscale_curv": 0.03278054180810315,
    "wall_r_hi": 0.1157708629704809,
    "wall_thickness": 0.08560100593971198,
    "S_total": 9419.494195016336,
    "S_kin": 14117.737327828465,
    "S_pot": -4698.243132812128,
    "S_interior": 0.0,
    "S3_over_T": NaN,
    "beta_rscale": 28.629203226376283,
    "beta_curvature": 30.505898104833495,
    "beta_wall": 11.68210570684521,
    "Tn_from_transitionFinder_GeV": 67.2785575867756,
    "Tc_from_transitionFinder_GeV": 82.74402552052564,
    "T_spinodal_high_GeV": NaN,
    "T_spinodal_low_GeV": NaN,
    "gw_T_star_GeV": 67.2785575867756,
    "gw_alpha": 0.0483557187364497,
    "gw_beta_over_H": 1036.8436607106328,
    "gw_R_star_times_H": NaN,
    "gw_Gamma_Tstar_GeV4": NaN,
    "gw_dT_for_beta_GeV": NaN,
    "gw_f_sw_peak_Hz": NaN,
    "gw_f_turb_peak_Hz": NaN,
    "gw_f_coll_peak_Hz": NaN,
    "gw_g_star": 106.75,
    "gw_v_w": 1.0,
    "omega_sw_peak": NaN,
    "omega_turb_peak": NaN,
    "omega_coll_peak": NaN,
    "omega_tot_peak": NaN
  }
}