{
  "lambda_tree": -0.15860509251381458,
  "mu2_tree": -1047.9574937106677,
  "a0_mean_field": 0.2559736422717464,
  "combo_TeV2": 6.5083344,
  "upper_c6_over_f2_TeV2_from_Eq_2_14": 4.012409895689914,
  "passes_Eq_2_14": true,
  "passes_EFT_tree_condition_Vv_lower_than_v_to_f": true,
  "min_after_v_tree": -28046341.79703992,
  "V_tree_v": -28046394.408305474,
  "sampled_min_phi_full_zeroT": 246.08202734244747,
  "sampled_min_deltaV_full_zeroT": -28046341.79703992,
  "dV_at_v_numeric": 4.929875894411793,
  "d2V_at_v_numeric": 15625.04182955102,
  "mh2_target": 15625.0
}