{
  "label": "results_eft68_c6f23p26833_c8f42_f1000_mh125_Glauber_off",
  "model_parameters": {
    "c6_over_f2_TeV2": 3.2683333333333335,
    "c8_over_f4_TeV4": 2.0,
    "f_GeV": 1000.0,
    "m_h": 125.0,
    "v": 246.0,
    "m_w": 80.36,
    "m_z": 91.19,
    "m_t": 173.1,
    "use_glauber_measure": false,
    "C_glauber": 0.0,
    "Lambda_glauber": 1000.0
  },
  "scan_parameters": {
    "T_min": 1.0,
    "T_max": 250.0,
    "phi_scan_range": [
      -10,
      1000.0
    ],
    "n_phi_scan": 1200,
    "n_T_seeds": 3,
    "deltaX_target": 0.1,
    "x_eps": 0.001,
    "T_eps": 0.01,
    "deriv_order": 4,
    "phitol": 1e-05,
    "overlapAngle": 45.0,
    "Tn_Ttol": 0.001,
    "Tn_maxiter": 160,
    "include_zeroT_loops": true,
    "include_scalar_loops": true,
    "include_thermal": true,
    "include_scalar_thermal": true,
    "include_daisy": false,
    "renormalize_zeroT_loops": true,
    "thermal_approx": "spline"
  },
  "key_temperatures": {
    "Tn": 68.89934490210551,
    "Tc": 89.0704833948764,
    "Ts_false": 31.13896972655638,
    "Ts_true": 93.1586933593747,
    "S_at_Tn": 9655.591911033138,
    "S_over_Tn": 140.14054741379798,
    "false_phase_key": 2,
    "true_phase_key": 0,
    "phi_false_Tn": -4.5655676390344256e-05,
    "phi_true_Tn": 234.79957161103664,
    "vTn_over_Tn": 3.407863629830555,
    "Tc_minus_Tn_over_Tc": 0.2264626588288079
  },
  "gw_scales": {
    "gw_T_star_GeV": 68.89934490210551,
    "gw_alpha": 0.0440659910125853,
    "gw_beta_over_H": 569.1413675598274,
    "gw_v_w": 1.0,
    "gw_g_star": 106.75
  },
  "gw_peaks": {
    "sw": {
      "f_peak_mHz": 7.525992880893312,
      "f_peak_Hz": 0.007525992880893312,
      "omega_peak": 2.351613921405167e-15
    },
    "turb": {
      "f_peak_mHz": 12.885217184405017,
      "f_peak_Hz": 0.012885217184405016,
      "omega_peak": 1.708600084629503e-19
    },
    "coll": {
      "f_peak_mHz": NaN,
      "f_peak_Hz": NaN,
      "omega_peak": NaN
    },
    "total": {
      "f_peak_mHz": 7.525992880893312,
      "f_peak_Hz": 0.007525992880893312,
      "omega_peak": 2.351763887467845e-15
    }
  },
  "gw_run_parameters": {
    "g_star": 106.75,
    "v_w": 1.0,
    "epsilon_turb": 1.0,
    "frequency_unit": "mHz"
  },
  "S3": 9636.446877287985,
  "S3_over_T": 139.86267780890762,
  "bounce_diagnostics": {
    "label": "results_eft68_c6f23p26833_c8f42_f1000_mh125_Glauber_off",
    "C": NaN,
    "Lambda_GeV": NaN,
    "finiteT": null,
    "temperature_GeV": NaN,
    "phi_metaMin": -4.5655676390344256e-05,
    "phi_absMin": 234.79957161103664,
    "phi_bar": 116.77767641305468,
    "phi_top": 79.53062416271537,
    "V(phi_meta)": -57250978.9985563,
    "V(phi_true)": -77141503.49782321,
    "V(phi_top)": -55799853.349898055,
    "DeltaV_true_minus_meta": -19890524.499266908,
    "r0": 2.6952962421512818e-06,
    "phi0": 227.04807462417614,
    "dphi0": -0.07074514940225149,
    "rscale_cubic": 0.026952962421512815,
    "rscale_curv": 0.026163674935142406,
    "wall_r_hi": 0.10410291626639229,
    "wall_thickness": 0.07475569120270492,
    "S_total": 9636.446877287985,
    "S_kin": 14457.777964068888,
    "S_pot": -4821.331086780899,
    "S_interior": 0.0,
    "S3_over_T": NaN,
    "beta_rscale": 37.101673068851184,
    "beta_curvature": 38.22093251843818,
    "beta_wall": 13.376907950572418,
    "Tn_from_transitionFinder_GeV": 68.89934490210551,
    "Tc_from_transitionFinder_GeV": 89.0704833948764,
    "T_spinodal_high_GeV": NaN,
    "T_spinodal_low_GeV": NaN,
    "gw_T_star_GeV": 68.89934490210551,
    "gw_alpha": 0.0440659910125853,
    "gw_beta_over_H": 569.1413675598274,
    "gw_R_star_times_H": NaN,
    "gw_Gamma_Tstar_GeV4": NaN,
    "gw_dT_for_beta_GeV": NaN,
    "gw_f_sw_peak_Hz": NaN,
    "gw_f_turb_peak_Hz": NaN,
    "gw_f_coll_peak_Hz": NaN,
    "gw_g_star": 106.75,
    "gw_v_w": 1.0,
    "omega_sw_peak": NaN,
    "omega_turb_peak": NaN,
    "omega_coll_peak": NaN,
    "omega_tot_peak": NaN
  }
}