{
  "label": "results_eft68_c6f22p99394_c8f45_f1000_mh125_Glauber_off",
  "model_parameters": {
    "c6_over_f2_TeV2": 2.993939393939394,
    "c8_over_f4_TeV4": 5.0,
    "f_GeV": 1000.0,
    "m_h": 125.0,
    "v": 246.0,
    "m_w": 80.36,
    "m_z": 91.19,
    "m_t": 173.1,
    "use_glauber_measure": false,
    "C_glauber": 0.0,
    "Lambda_glauber": 1000.0
  },
  "derived_tree_coefficients": {
    "glauber_scheme": "counterterm_subtracted",
    "lambda_tree": -0.17014016170406912,
    "mu2_tree_GeV2": -1518.8770921768446,
    "a0_mean_field": 0.2502061076766191,
    "glauber_t0": 0.0,
    "glauber_lambda_shift": 0.0,
    "glauber_mu2_shift_after_lambda_GeV2": 0.0,
    "lambda_tree_raw_glauber_equivalent": -0.17014016170406912,
    "mu2_tree_raw_glauber_equivalent_GeV2": -1518.8770921768446,
    "combo_TeV2": 6.895618787878789
  },
  "scan_parameters": {
    "T_min": 1.0,
    "T_max": 250.0,
    "phi_scan_range": [
      -10,
      1000.0
    ],
    "n_phi_scan": 1200,
    "n_T_seeds": 3,
    "deltaX_target": 0.1,
    "x_eps": 0.001,
    "T_eps": 0.01,
    "deriv_order": 4,
    "phitol": 0.0001,
    "overlapAngle": 45.0,
    "Tn_Ttol": 0.01,
    "Tn_maxiter": 160,
    "include_zeroT_loops": true,
    "include_scalar_loops": true,
    "include_thermal": true,
    "include_scalar_thermal": true,
    "include_daisy": true,
    "renormalize_zeroT_loops": true,
    "thermal_approx": "spline"
  },
  "key_temperatures": {
    "Tn": 72.80507845942265,
    "Tc": 91.16437833479455,
    "Ts_false": 38.80053437499434,
    "Ts_true": 94.27287109374967,
    "S_at_Tn": 10179.492449376427,
    "S_over_Tn": 139.81843938331704,
    "false_phase_key": 2,
    "true_phase_key": 0,
    "phi_false_Tn": -4.1582484356053694e-05,
    "phi_true_Tn": 232.74599918718684,
    "vTn_over_Tn": 3.1968374200284124,
    "Tc_minus_Tn_over_Tc": 0.20138677201251468
  },
  "gw_scales": {
    "gw_T_star_GeV": 72.80507845942265,
    "gw_alpha": 0.03477677557458959,
    "gw_beta_over_H": 713.3882719262108,
    "gw_v_w": 1.0,
    "gw_g_star": 106.75
  },
  "gw_peaks": {
    "sw": {
      "f_peak_mHz": 9.923477436927469,
      "f_peak_Hz": 0.009923477436927468,
      "omega_peak": 7.808383091674309e-16
    },
    "turb": {
      "f_peak_mHz": 16.989939270866806,
      "f_peak_Hz": 0.016989939270866807,
      "omega_peak": 5.673586185738503e-20
    },
    "coll": {
      "f_peak_mHz": NaN,
      "f_peak_Hz": NaN,
      "omega_peak": NaN
    },
    "total": {
      "f_peak_mHz": 9.923477436927469,
      "f_peak_Hz": 0.009923477436927468,
      "omega_peak": 7.80887997610545e-16
    }
  },
  "gw_run_parameters": {
    "g_star": 106.75,
    "v_w": 1.0,
    "epsilon_turb": 1.0,
    "frequency_unit": "mHz"
  },
  "S3": 10200.587358704897,
  "S3_over_T": 140.10818440900545,
  "bounce_diagnostics": {
    "label": "results_eft68_c6f22p99394_c8f45_f1000_mh125_Glauber_off",
    "C": NaN,
    "Lambda_GeV": NaN,
    "finiteT": null,
    "temperature_GeV": NaN,
    "phi_metaMin": -4.1582484356053694e-05,
    "phi_absMin": 232.74599918718684,
    "phi_bar": 117.45497295536015,
    "phi_top": 79.84066430711313,
    "V(phi_meta)": -72529945.03763099,
    "V(phi_true)": -90539188.64629796,
    "V(phi_top)": -71127765.91769817,
    "DeltaV_true_minus_meta": -18009243.60866697,
    "r0": 2.752624651631404e-06,
    "phi0": 225.8642182819829,
    "dphi0": -0.06086868665325094,
    "rscale_cubic": 0.02752624651631404,
    "rscale_curv": 0.026483379794880184,
    "wall_r_hi": 0.10853543385806706,
    "wall_thickness": 0.07660164041027231,
    "S_total": 10200.587358704897,
    "S_kin": 15320.549167800871,
    "S_pot": -5119.961809095974,
    "S_interior": 0.0,
    "S3_over_T": NaN,
    "beta_rscale": 36.32896331896642,
    "beta_curvature": 37.759530330544955,
    "beta_wall": 13.054550720377256,
    "Tn_from_transitionFinder_GeV": 72.80507845942265,
    "Tc_from_transitionFinder_GeV": 91.16437833479455,
    "T_spinodal_high_GeV": NaN,
    "T_spinodal_low_GeV": NaN,
    "gw_T_star_GeV": 72.80507845942265,
    "gw_alpha": 0.03477677557458959,
    "gw_beta_over_H": 713.3882719262108,
    "gw_R_star_times_H": NaN,
    "gw_Gamma_Tstar_GeV4": NaN,
    "gw_dT_for_beta_GeV": NaN,
    "gw_f_sw_peak_Hz": NaN,
    "gw_f_turb_peak_Hz": NaN,
    "gw_f_coll_peak_Hz": NaN,
    "gw_g_star": 106.75,
    "gw_v_w": 1.0,
    "omega_sw_peak": NaN,
    "omega_turb_peak": NaN,
    "omega_coll_peak": NaN,
    "omega_tot_peak": NaN
  }
}