{
  "interpretation": "Combined EFT68 + Gl\u00e1uber zero-temperature consistency check. The local electroweak conditions are safe when dV_at_v_numeric is close to zero and d2V_at_v_numeric is close to mh2_target.",
  "parameters": {
    "c6_over_f2_TeV2": 0.5,
    "c8_over_f4_TeV4": 0.0,
    "f_GeV": 1000.0,
    "m_h": 125.0,
    "v": 246.0,
    "m_w": 80.36,
    "m_z": 91.19,
    "m_t": 173.1,
    "use_glauber_measure": true,
    "C_glauber": 3.65,
    "Lambda_glauber": 1000.0
  },
  "limits": {
    "f_GeV": 1000.0,
    "Lambda_glauber_GeV": 1000.0,
    "C_glauber": 3.65,
    "phi_branch_GeV": 523.4239225902137,
    "phi_scan_upper_GeV": 523.4239225902137,
    "branch_over_v": 2.127739522724446,
    "scan_upper_over_v": 2.127739522724446
  },
  "tree_level_report": {
    "lambda_tree": 0.08371108976138542,
    "mu2_tree": 6439.180154,
    "a0_mean_field": 0.3771317334093464,
    "combo_TeV2": 1.0,
    "upper_c6_over_f2_TeV2_from_Eq_2_14": 4.266577095689914,
    "passes_Eq_2_14": true,
    "passes_EFT_tree_condition_Vv_lower_than_v_to_f": true,
    "min_after_v_tree": -104343955.94531597,
    "V_tree_v": -104344008.53324398,
    "sampled_min_phi_full_zeroT": 246.08202734244747,
    "sampled_min_deltaV_full_zeroT": -24842855.58356388,
    "dV_at_v_numeric": 5.500753387445357,
    "d2V_at_v_numeric": 15625.058402278954,
    "mh2_target": 15625.0
  },
  "loop_renormalized_report": {
    "lambda_tree": 0.08371108976138542,
    "mu2_tree": 6439.180154,
    "a0_mean_field": 0.3771317334093464,
    "combo_TeV2": 1.0,
    "upper_c6_over_f2_TeV2_from_Eq_2_14": 4.266577095689914,
    "passes_Eq_2_14": true,
    "passes_EFT_tree_condition_Vv_lower_than_v_to_f": true,
    "min_after_v_tree": -104343955.94531597,
    "V_tree_v": -104344008.53324398,
    "sampled_min_phi_full_zeroT": 246.08202734244747,
    "sampled_min_deltaV_full_zeroT": -35184136.622259274,
    "dV_at_v_numeric": 5.411150797111232,
    "d2V_at_v_numeric": 15625.058220311239,
    "mh2_target": 15625.0
  }
}