{
  "interpretation": "Combined EFT68 + Gl\u00e1uber zero-temperature consistency check. The local electroweak conditions are safe when dV_at_v_numeric is close to zero and d2V_at_v_numeric is close to mh2_target.",
  "parameters": {
    "c6_over_f2_TeV2": 3.0,
    "c8_over_f4_TeV4": 2.0,
    "f_GeV": 1000.0,
    "m_h": 125.0,
    "v": 246.0,
    "m_w": 80.36,
    "m_z": 91.19,
    "m_t": 173.1,
    "use_glauber_measure": true,
    "C_glauber": 2.0,
    "Lambda_glauber": 1000.0
  },
  "limits": {
    "f_GeV": 1000.0,
    "Lambda_glauber_GeV": 1000.0,
    "C_glauber": 2.0,
    "phi_branch_GeV": 707.1067811865474,
    "phi_scan_upper_GeV": 707.1067811865474,
    "branch_over_v": 2.8744178097014124,
    "scan_upper_over_v": 2.8744178097014124
  },
  "tree_level_report": {
    "lambda_tree": -0.1542104690066146,
    "mu2_tree": -870.6608029361915,
    "a0_mean_field": 0.2581709540253464,
    "combo_TeV2": 6.363096,
    "upper_c6_over_f2_TeV2_from_Eq_2_14": 4.085029095689913,
    "passes_Eq_2_14": true,
    "passes_EFT_tree_condition_Vv_lower_than_v_to_f": true,
    "min_after_v_tree": -30058083.023881305,
    "V_tree_v": -30058135.634350784,
    "sampled_min_phi_full_zeroT": 246.08202734244747,
    "sampled_min_deltaV_full_zeroT": -20061612.709403794,
    "dV_at_v_numeric": 5.201096972072028,
    "d2V_at_v_numeric": 15625.045378167659,
    "mh2_target": 15625.0
  },
  "loop_renormalized_report": {
    "lambda_tree": -0.1542104690066146,
    "mu2_tree": -870.6608029361915,
    "a0_mean_field": 0.2581709540253464,
    "combo_TeV2": 6.363096,
    "upper_c6_over_f2_TeV2_from_Eq_2_14": 4.085029095689913,
    "passes_Eq_2_14": true,
    "passes_EFT_tree_condition_Vv_lower_than_v_to_f": true,
    "min_after_v_tree": -30058083.023881305,
    "V_tree_v": -30058135.634350784,
    "sampled_min_phi_full_zeroT": 246.08202734244747,
    "sampled_min_deltaV_full_zeroT": -38071525.87247289,
    "dV_at_v_numeric": 5.277715941391341,
    "d2V_at_v_numeric": 15625.045533911338,
    "mh2_target": 15625.0
  }
}