{
  "label": "results_eft68_c6f20_c8f40_f784p245_mh125_Glauber_C6p50364_Lambda2000",
  "model_parameters": {
    "c6_over_f2_TeV2": 0.0,
    "c8_over_f4_TeV4": 0.0,
    "f_GeV": 784.2452019379208,
    "m_h": 125.0,
    "v": 246.0,
    "m_w": 80.36,
    "m_z": 91.19,
    "m_t": 173.1,
    "use_glauber_measure": true,
    "C_glauber": 6.503636363636364,
    "Lambda_glauber": 2000.0
  },
  "scan_parameters": {
    "T_min": 1.0,
    "T_max": 250.0,
    "phi_scan_range": [
      -10.0,
      784.2452019379208
    ],
    "n_phi_scan": 1200,
    "n_T_seeds": 3,
    "deltaX_target": 0.1,
    "x_eps": 0.001,
    "T_eps": 0.01,
    "deriv_order": 4,
    "phitol": 1e-05,
    "overlapAngle": 45.0,
    "Tn_Ttol": 0.001,
    "Tn_maxiter": 160,
    "include_zeroT_loops": true,
    "include_scalar_loops": true,
    "include_thermal": true,
    "include_scalar_thermal": true,
    "include_daisy": false,
    "renormalize_zeroT_loops": true,
    "thermal_approx": "spline"
  },
  "key_temperatures": {
    "Tn": 70.55279441780986,
    "Tc": 84.84535098337217,
    "Ts_false": 56.44121171874602,
    "Ts_true": 94.9269824218747,
    "S_at_Tn": 9877.173751484721,
    "S_over_Tn": 139.9969176698038,
    "false_phase_key": 1,
    "true_phase_key": 0,
    "phi_false_Tn": -0.0009580368088629537,
    "phi_true_Tn": 234.42152344449073,
    "vTn_over_Tn": 3.3226398100727104,
    "Tc_minus_Tn_over_Tc": 0.1684542099232206
  },
  "gw_scales": {
    "gw_T_star_GeV": 70.55279441780986,
    "gw_alpha": 0.04267211311068394,
    "gw_beta_over_H": 1112.8944436185864,
    "gw_v_w": 1.0,
    "gw_g_star": 106.75
  },
  "gw_peaks": {
    "sw": {
      "f_peak_mHz": 15.024983774380862,
      "f_peak_Hz": 0.015024983774380862,
      "omega_peak": 5.633165332456614e-16
    },
    "turb": {
      "f_peak_mHz": 25.724204392561013,
      "f_peak_Hz": 0.025724204392561015,
      "omega_peak": 4.0929738041428794e-20
    },
    "coll": {
      "f_peak_mHz": NaN,
      "f_peak_Hz": NaN,
      "omega_peak": NaN
    },
    "total": {
      "f_peak_mHz": 15.024983774380862,
      "f_peak_Hz": 0.015024983774380862,
      "omega_peak": 5.633524059529681e-16
    }
  },
  "gw_run_parameters": {
    "g_star": 106.75,
    "v_w": 1.0,
    "epsilon_turb": 1.0,
    "frequency_unit": "mHz"
  },
  "S3": 9859.844875393319,
  "S3_over_T": 139.75130193998902,
  "bounce_diagnostics": {
    "label": "results_eft68_c6f20_c8f40_f784p245_mh125_Glauber_C6p50364_Lambda2000",
    "C": NaN,
    "Lambda_GeV": NaN,
    "finiteT": null,
    "temperature_GeV": NaN,
    "phi_metaMin": -0.0009580368088629537,
    "phi_absMin": 234.42152344449073,
    "phi_bar": 116.96673403062073,
    "phi_top": 79.83524649936477,
    "V(phi_meta)": -69795858.72761975,
    "V(phi_true)": -87329761.64129733,
    "V(phi_top)": -68762809.12155214,
    "DeltaV_true_minus_meta": -17533902.913677573,
    "r0": 3.206739406580347e-06,
    "phi0": 227.73450996177183,
    "dphi0": -0.07053715220076717,
    "rscale_cubic": 0.032067394065803466,
    "rscale_curv": 0.030400239413407963,
    "wall_r_hi": 0.11391358504508912,
    "wall_thickness": 0.08182754891051794,
    "S_total": 9859.844875393319,
    "S_kin": 14785.66841536184,
    "S_pot": -4925.823539968524,
    "S_interior": 0.0,
    "S3_over_T": NaN,
    "beta_rscale": 31.184323800928862,
    "beta_curvature": 32.89448993894495,
    "beta_wall": 12.22082310070835,
    "Tn_from_transitionFinder_GeV": 70.55279441780986,
    "Tc_from_transitionFinder_GeV": 84.84535098337217,
    "T_spinodal_high_GeV": NaN,
    "T_spinodal_low_GeV": NaN,
    "gw_T_star_GeV": 70.55279441780986,
    "gw_alpha": 0.04267211311068394,
    "gw_beta_over_H": 1112.8944436185864,
    "gw_R_star_times_H": NaN,
    "gw_Gamma_Tstar_GeV4": NaN,
    "gw_dT_for_beta_GeV": NaN,
    "gw_f_sw_peak_Hz": NaN,
    "gw_f_turb_peak_Hz": NaN,
    "gw_f_coll_peak_Hz": NaN,
    "gw_g_star": 106.75,
    "gw_v_w": 1.0,
    "omega_sw_peak": NaN,
    "omega_turb_peak": NaN,
    "omega_coll_peak": NaN,
    "omega_tot_peak": NaN
  }
}