{
  "label": "results_eft68_c6f23p24646_c8f42_f1000_mh125_Glauber_off",
  "model_parameters": {
    "c6_over_f2_TeV2": 3.2464646464646463,
    "c8_over_f4_TeV4": 2.0,
    "f_GeV": 1000.0,
    "m_h": 125.0,
    "v": 246.0,
    "m_w": 80.36,
    "m_z": 91.19,
    "m_t": 173.1,
    "use_glauber_measure": false,
    "C_glauber": 0.0,
    "Lambda_glauber": 1000.0
  },
  "derived_tree_coefficients": {
    "glauber_scheme": "counterterm_subtracted",
    "lambda_tree": -0.1765830508247964,
    "mu2_tree_GeV2": -1547.610383590737,
    "a0_mean_field": 0.24698466311625547,
    "glauber_t0": 0.0,
    "glauber_lambda_shift": 0.0,
    "glauber_mu2_shift_after_lambda_GeV2": 0.0,
    "lambda_tree_raw_glauber_equivalent": -0.1765830508247964,
    "mu2_tree_raw_glauber_equivalent_GeV2": -1547.610383590737,
    "combo_TeV2": 6.856025292929292
  },
  "scan_parameters": {
    "T_min": 1.0,
    "T_max": 250.0,
    "phi_scan_range": [
      -10,
      1000.0
    ],
    "n_phi_scan": 1200,
    "n_T_seeds": 3,
    "deltaX_target": 0.1,
    "x_eps": 0.001,
    "T_eps": 0.01,
    "deriv_order": 4,
    "phitol": 0.0001,
    "overlapAngle": 45.0,
    "Tn_Ttol": 0.01,
    "Tn_maxiter": 160,
    "include_zeroT_loops": true,
    "include_scalar_loops": true,
    "include_thermal": true,
    "include_scalar_thermal": true,
    "include_daisy": true,
    "renormalize_zeroT_loops": true,
    "thermal_approx": "spline"
  },
  "key_temperatures": {
    "Tn": 72.05709420531889,
    "Tc": 91.10913320895045,
    "Ts_false": 35.09913964843146,
    "Ts_true": 94.57536718749967,
    "S_at_Tn": 10088.630419793299,
    "S_over_Tn": 140.00884341862078,
    "false_phase_key": 2,
    "true_phase_key": 0,
    "phi_false_Tn": 3.286853402030393e-05,
    "phi_true_Tn": 233.31764350466057,
    "vTn_over_Tn": 3.2379552086828145,
    "Tc_minus_Tn_over_Tc": 0.2091122847139535
  },
  "gw_scales": {
    "gw_T_star_GeV": 72.05709420531889,
    "gw_alpha": 0.03653457639477003,
    "gw_beta_over_H": 787.9567837158465,
    "gw_v_w": 1.0,
    "gw_g_star": 106.75
  },
  "gw_peaks": {
    "sw": {
      "f_peak_mHz": 10.881712506287604,
      "f_peak_Hz": 0.010881712506287604,
      "omega_peak": 7.334895992192222e-16
    },
    "turb": {
      "f_peak_mHz": 18.630529047900055,
      "f_peak_Hz": 0.018630529047900055,
      "omega_peak": 5.329333697249428e-20
    },
    "coll": {
      "f_peak_mHz": NaN,
      "f_peak_Hz": NaN,
      "omega_peak": NaN
    },
    "total": {
      "f_peak_mHz": 10.881712506287604,
      "f_peak_Hz": 0.010881712506287604,
      "omega_peak": 7.335363433301374e-16
    }
  },
  "gw_run_parameters": {
    "g_star": 106.75,
    "v_w": 1.0,
    "epsilon_turb": 1.0,
    "frequency_unit": "mHz"
  },
  "S3": 10089.112026282537,
  "S3_over_T": 140.0155270976471,
  "bounce_diagnostics": {
    "label": "results_eft68_c6f23p24646_c8f42_f1000_mh125_Glauber_off",
    "C": NaN,
    "Lambda_GeV": NaN,
    "finiteT": null,
    "temperature_GeV": NaN,
    "phi_metaMin": 3.286853402030393e-05,
    "phi_absMin": 233.31764350466057,
    "phi_bar": 117.61047331879664,
    "phi_top": 79.96371609868656,
    "V(phi_meta)": -69568354.47585168,
    "V(phi_true)": -88206639.24513716,
    "V(phi_top)": -68110684.22005318,
    "DeltaV_true_minus_meta": -18638284.76928547,
    "r0": 2.7038806566968627e-06,
    "phi0": 226.2787820545613,
    "dphi0": -0.06241713124819657,
    "rscale_cubic": 0.027038806566968627,
    "rscale_curv": 0.025983900391063,
    "wall_r_hi": 0.10678473023149188,
    "wall_thickness": 0.07551046139570844,
    "S_total": 10089.112026282537,
    "S_kin": 15116.811681303085,
    "S_pot": -5027.699655020548,
    "S_interior": 0.0,
    "S3_over_T": NaN,
    "beta_rscale": 36.98388083524472,
    "beta_curvature": 38.48536951123094,
    "beta_wall": 13.243198114755977,
    "Tn_from_transitionFinder_GeV": 72.05709420531889,
    "Tc_from_transitionFinder_GeV": 91.10913320895045,
    "T_spinodal_high_GeV": NaN,
    "T_spinodal_low_GeV": NaN,
    "gw_T_star_GeV": 72.05709420531889,
    "gw_alpha": 0.03653457639477003,
    "gw_beta_over_H": 787.9567837158465,
    "gw_R_star_times_H": NaN,
    "gw_Gamma_Tstar_GeV4": NaN,
    "gw_dT_for_beta_GeV": NaN,
    "gw_f_sw_peak_Hz": NaN,
    "gw_f_turb_peak_Hz": NaN,
    "gw_f_coll_peak_Hz": NaN,
    "gw_g_star": 106.75,
    "gw_v_w": 1.0,
    "omega_sw_peak": NaN,
    "omega_turb_peak": NaN,
    "omega_coll_peak": NaN,
    "omega_tot_peak": NaN
  }
}