{
  "label": "results_eft68_c6f20_c8f40_f517p991_mh125_Glauber_C3p72697_Lambda1000",
  "model_parameters": {
    "c6_over_f2_TeV2": 0.0,
    "c8_over_f4_TeV4": 0.0,
    "f_GeV": 517.9908272485011,
    "m_h": 125.0,
    "v": 246.0,
    "m_w": 80.36,
    "m_z": 91.19,
    "m_t": 173.1,
    "use_glauber_measure": true,
    "C_glauber": 3.726969696969697,
    "Lambda_glauber": 1000.0
  },
  "derived_tree_coefficients": {
    "glauber_scheme": "counterterm_subtracted",
    "lambda_tree": 0.12909808976138543,
    "mu2_tree_GeV2": 7812.5,
    "a0_mean_field": 0.3998252334093464,
    "glauber_t0": 0.2255412981818182,
    "glauber_lambda_shift": 0.0,
    "glauber_mu2_shift_after_lambda_GeV2": 0.0,
    "lambda_tree_raw_glauber_equivalent": -0.45752001008767157,
    "mu2_tree_raw_glauber_equivalent_GeV2": 94211.07859779632,
    "combo_TeV2": 0.0
  },
  "scan_parameters": {
    "T_min": 1.0,
    "T_max": 250.0,
    "phi_scan_range": [
      -10.0,
      517.9908272485011
    ],
    "n_phi_scan": 1200,
    "n_T_seeds": 3,
    "deltaX_target": 0.1,
    "x_eps": 0.001,
    "T_eps": 0.01,
    "deriv_order": 4,
    "phitol": 0.0001,
    "overlapAngle": 45.0,
    "Tn_Ttol": 0.01,
    "Tn_maxiter": 160,
    "include_zeroT_loops": true,
    "include_scalar_loops": true,
    "include_thermal": true,
    "include_scalar_thermal": true,
    "include_daisy": false,
    "renormalize_zeroT_loops": true,
    "thermal_approx": "spline"
  },
  "key_temperatures": {
    "Tn": 65.57721612676686,
    "Tc": 81.36204146288142,
    "Ts_false": 52.23272265624592,
    "Ts_true": 92.05424218749972,
    "S_at_Tn": 9181.278286024492,
    "S_over_Tn": 140.007137056203,
    "false_phase_key": 1,
    "true_phase_key": 0,
    "phi_false_Tn": -0.0002949324869135733,
    "phi_true_Tn": 237.10037470782933,
    "vTn_over_Tn": 3.6155907297054553,
    "Tc_minus_Tn_over_Tc": 0.19400724284082568
  },
  "gw_scales": {
    "gw_T_star_GeV": 65.57721612676686,
    "gw_alpha": 0.05357520611707336,
    "gw_beta_over_H": 989.6685722678646,
    "gw_v_w": 1.0,
    "gw_g_star": 106.75
  },
  "gw_peaks": {
    "sw": {
      "f_peak_mHz": 12.495317315618713,
      "f_peak_Hz": 0.012495317315618714,
      "omega_peak": 1.3211371445466595e-15
    },
    "turb": {
      "f_peak_mHz": 21.393174289143477,
      "f_peak_Hz": 0.021393174289143477,
      "omega_peak": 9.598867243701447e-20
    },
    "coll": {
      "f_peak_mHz": NaN,
      "f_peak_Hz": NaN,
      "omega_peak": NaN
    },
    "total": {
      "f_peak_mHz": 12.495317315618713,
      "f_peak_Hz": 0.012495317315618714,
      "omega_peak": 1.3212215257324149e-15
    }
  },
  "gw_run_parameters": {
    "g_star": 106.75,
    "v_w": 1.0,
    "epsilon_turb": 1.0,
    "frequency_unit": "mHz"
  },
  "S3": 9181.282994374664,
  "S3_over_T": 140.00720885477037,
  "bounce_diagnostics": {
    "label": "results_eft68_c6f20_c8f40_f517p991_mh125_Glauber_C3p72697_Lambda1000",
    "C": NaN,
    "Lambda_GeV": NaN,
    "finiteT": null,
    "temperature_GeV": NaN,
    "phi_metaMin": -0.0002949324869135733,
    "phi_absMin": 237.10037470782933,
    "phi_bar": 113.97471398801639,
    "phi_top": 78.33600036500671,
    "V(phi_meta)": -52776487.12458046,
    "V(phi_true)": -71008724.32097512,
    "V(phi_top)": -51932888.66121742,
    "DeltaV_true_minus_meta": -18232237.196394667,
    "r0": 3.4819258135306424e-06,
    "phi0": 229.06702627354613,
    "dphi0": -0.09431662096955266,
    "rscale_cubic": 0.034819258135306425,
    "rscale_curv": 0.03259651090908358,
    "wall_r_hi": 0.11435048736688519,
    "wall_thickness": 0.08529530696555417,
    "S_total": 9181.282994374664,
    "S_kin": 13751.48917578522,
    "S_pot": -4570.206181410554,
    "S_interior": 0.0,
    "S3_over_T": NaN,
    "beta_rscale": 28.719738832861825,
    "beta_curvature": 30.678134537337208,
    "beta_wall": 11.723974455052282,
    "Tn_from_transitionFinder_GeV": 65.57721612676686,
    "Tc_from_transitionFinder_GeV": 81.36204146288142,
    "T_spinodal_high_GeV": NaN,
    "T_spinodal_low_GeV": NaN,
    "gw_T_star_GeV": 65.57721612676686,
    "gw_alpha": 0.05357520611707336,
    "gw_beta_over_H": 989.6685722678646,
    "gw_R_star_times_H": NaN,
    "gw_Gamma_Tstar_GeV4": NaN,
    "gw_dT_for_beta_GeV": NaN,
    "gw_f_sw_peak_Hz": NaN,
    "gw_f_turb_peak_Hz": NaN,
    "gw_f_coll_peak_Hz": NaN,
    "gw_g_star": 106.75,
    "gw_v_w": 1.0,
    "omega_sw_peak": NaN,
    "omega_turb_peak": NaN,
    "omega_coll_peak": NaN,
    "omega_tot_peak": NaN
  }
}