{
  "label": "results_eft68_c6f22p85253_c8f45_f1000_mh125_Glauber_off",
  "model_parameters": {
    "c6_over_f2_TeV2": 2.8525252525252522,
    "c8_over_f4_TeV4": 5.0,
    "f_GeV": 1000.0,
    "m_h": 125.0,
    "v": 246.0,
    "m_w": 80.36,
    "m_z": 91.19,
    "m_t": 173.1,
    "use_glauber_measure": false,
    "C_glauber": 0.0,
    "Lambda_glauber": 1000.0
  },
  "derived_tree_coefficients": {
    "glauber_scheme": "counterterm_subtracted",
    "lambda_tree": -0.15730343443134184,
    "mu2_tree_GeV2": -1130.4633983586627,
    "a0_mean_field": 0.25662447131298277,
    "glauber_t0": 0.0,
    "glauber_lambda_shift": 0.0,
    "glauber_mu2_shift_after_lambda_GeV2": 0.0,
    "lambda_tree_raw_glauber_equivalent": -0.15730343443134184,
    "mu2_tree_raw_glauber_equivalent_GeV2": -1130.4633983586627,
    "combo_TeV2": 6.612790505050505
  },
  "scan_parameters": {
    "T_min": 1.0,
    "T_max": 250.0,
    "phi_scan_range": [
      -10,
      1000.0
    ],
    "n_phi_scan": 1200,
    "n_T_seeds": 3,
    "deltaX_target": 0.1,
    "x_eps": 0.001,
    "T_eps": 0.01,
    "deriv_order": 4,
    "phitol": 0.0001,
    "overlapAngle": 45.0,
    "Tn_Ttol": 0.01,
    "Tn_maxiter": 160,
    "include_zeroT_loops": true,
    "include_scalar_loops": true,
    "include_thermal": true,
    "include_scalar_thermal": true,
    "include_daisy": true,
    "renormalize_zeroT_loops": true,
    "thermal_approx": "spline"
  },
  "key_temperatures": {
    "Tn": 80.0773434081525,
    "Tc": 94.140904168945,
    "Ts_false": 53.7371300781206,
    "Ts_true": 95.58790234374965,
    "S_at_Tn": 11211.442085951694,
    "S_over_Tn": 140.00766769705652,
    "false_phase_key": 2,
    "true_phase_key": 0,
    "phi_false_Tn": 4.59550377255536e-05,
    "phi_true_Tn": 226.88466747576535,
    "vTn_over_Tn": 2.8333191114912375,
    "Tc_minus_Tn_over_Tc": 0.14938841819018514
  },
  "gw_scales": {
    "gw_T_star_GeV": 80.0773434081525,
    "gw_alpha": 0.0236692393119392,
    "gw_beta_over_H": 1036.1756315142188,
    "gw_v_w": 1.0,
    "gw_g_star": 106.75
  },
  "gw_peaks": {
    "sw": {
      "f_peak_mHz": 15.977282681122281,
      "f_peak_Hz": 0.015977282681122282,
      "omega_peak": 1.2639085119017813e-16
    },
    "turb": {
      "f_peak_mHz": 27.35463089336022,
      "f_peak_Hz": 0.02735463089336022,
      "omega_peak": 9.183069211368075e-21
    },
    "coll": {
      "f_peak_mHz": NaN,
      "f_peak_Hz": NaN,
      "omega_peak": NaN
    },
    "total": {
      "f_peak_mHz": 15.977282681122281,
      "f_peak_Hz": 0.015977282681122282,
      "omega_peak": 1.263989242946927e-16
    }
  },
  "gw_run_parameters": {
    "g_star": 106.75,
    "v_w": 1.0,
    "epsilon_turb": 1.0,
    "frequency_unit": "mHz"
  },
  "S3": 11213.619874682852,
  "S3_over_T": 140.0348637632404,
  "bounce_diagnostics": {
    "label": "results_eft68_c6f22p85253_c8f45_f1000_mh125_Glauber_off",
    "C": NaN,
    "Lambda_GeV": NaN,
    "finiteT": null,
    "temperature_GeV": NaN,
    "phi_metaMin": 4.59550377255536e-05,
    "phi_absMin": 226.88466747576535,
    "phi_bar": 116.71296631860326,
    "phi_top": 78.29828454832952,
    "V(phi_meta)": -106577724.0932695,
    "V(phi_true)": -120932970.81534319,
    "V(phi_top)": -105313095.61339732,
    "DeltaV_true_minus_meta": -14355246.72207369,
    "r0": 2.8424634435700734e-06,
    "phi0": 221.05350528169868,
    "dphi0": -0.04557460950470935,
    "rscale_cubic": 0.028424634435700733,
    "rscale_curv": 0.027028424955203103,
    "wall_r_hi": 0.11821507544743812,
    "wall_thickness": 0.08128921407287056,
    "S_total": 11213.619874682852,
    "S_kin": 16809.459207617518,
    "S_pot": -5595.8393329346645,
    "S_interior": 0.0,
    "S3_over_T": NaN,
    "beta_rscale": 35.18075148027309,
    "beta_curvature": 36.99808921064049,
    "beta_wall": 12.301755053303435,
    "Tn_from_transitionFinder_GeV": 80.0773434081525,
    "Tc_from_transitionFinder_GeV": 94.140904168945,
    "T_spinodal_high_GeV": NaN,
    "T_spinodal_low_GeV": NaN,
    "gw_T_star_GeV": 80.0773434081525,
    "gw_alpha": 0.0236692393119392,
    "gw_beta_over_H": 1036.1756315142188,
    "gw_R_star_times_H": NaN,
    "gw_Gamma_Tstar_GeV4": NaN,
    "gw_dT_for_beta_GeV": NaN,
    "gw_f_sw_peak_Hz": NaN,
    "gw_f_turb_peak_Hz": NaN,
    "gw_f_coll_peak_Hz": NaN,
    "gw_g_star": 106.75,
    "gw_v_w": 1.0,
    "omega_sw_peak": NaN,
    "omega_turb_peak": NaN,
    "omega_coll_peak": NaN,
    "omega_tot_peak": NaN
  }
}