{
  "label": "results_eft68_c6f23p1596_c8f45_f1000_mh125_Glauber_off",
  "model_parameters": {
    "c6_over_f2_TeV2": 3.1595959595959595,
    "c8_over_f4_TeV4": 5.0,
    "f_GeV": 1000.0,
    "m_h": 125.0,
    "v": 246.0,
    "m_w": 80.36,
    "m_z": 91.19,
    "m_t": 173.1,
    "use_glauber_measure": false,
    "C_glauber": 0.0,
    "Lambda_glauber": 1000.0
  },
  "derived_tree_coefficients": {
    "glauber_scheme": "counterterm_subtracted",
    "lambda_tree": -0.18517747079497818,
    "mu2_tree_GeV2": -1973.8759906495707,
    "a0_mean_field": 0.24268745313116455,
    "glauber_t0": 0.0,
    "glauber_lambda_shift": 0.0,
    "glauber_mu2_shift_after_lambda_GeV2": 0.0,
    "lambda_tree_raw_glauber_equivalent": -0.18517747079497818,
    "mu2_tree_raw_glauber_equivalent_GeV2": -1973.8759906495707,
    "combo_TeV2": 7.2269319191919195
  },
  "scan_parameters": {
    "T_min": 1.0,
    "T_max": 250.0,
    "phi_scan_range": [
      -10,
      1000.0
    ],
    "n_phi_scan": 1200,
    "n_T_seeds": 3,
    "deltaX_target": 0.1,
    "x_eps": 0.001,
    "T_eps": 0.01,
    "deriv_order": 4,
    "phitol": 0.0001,
    "overlapAngle": 45.0,
    "Tn_Ttol": 0.01,
    "Tn_maxiter": 160,
    "include_zeroT_loops": true,
    "include_scalar_loops": true,
    "include_thermal": true,
    "include_scalar_thermal": true,
    "include_daisy": false,
    "renormalize_zeroT_loops": true,
    "thermal_approx": "spline"
  },
  "key_temperatures": {
    "Tn": 59.19844150109014,
    "Tc": 86.08183090100397,
    "Ts_false": 1.0676482421821145,
    "Ts_true": 91.61751953124971,
    "S_at_Tn": 8288.677653281187,
    "S_over_Tn": 140.0151328836681,
    "false_phase_key": 2,
    "true_phase_key": 0,
    "phi_false_Tn": -4.740978730128292e-05,
    "phi_true_Tn": 239.58249790954608,
    "vTn_over_Tn": 4.047108198028054,
    "Tc_minus_Tn_over_Tc": 0.3123003904369823
  },
  "gw_scales": {
    "gw_T_star_GeV": 59.19844150109014,
    "gw_alpha": 0.07989298373390138,
    "gw_beta_over_H": 464.62733235813874,
    "gw_v_w": 1.0,
    "gw_g_star": 106.75
  },
  "gw_peaks": {
    "sw": {
      "f_peak_mHz": 5.285700915310741,
      "f_peak_Hz": 0.005285700915310741,
      "omega_peak": 1.729383431531064e-14
    },
    "turb": {
      "f_peak_mHz": 9.049623796282821,
      "f_peak_Hz": 0.009049623796282822,
      "omega_peak": 1.2565026863507275e-18
    },
    "coll": {
      "f_peak_mHz": NaN,
      "f_peak_Hz": NaN,
      "omega_peak": NaN
    },
    "total": {
      "f_peak_mHz": 5.285700915310741,
      "f_peak_Hz": 0.005285700915310741,
      "omega_peak": 1.729493785869939e-14
    }
  },
  "gw_run_parameters": {
    "g_star": 106.75,
    "v_w": 1.0,
    "epsilon_turb": 1.0,
    "frequency_unit": "mHz"
  },
  "S3": 8288.680879908745,
  "S3_over_T": 140.01518738894688,
  "bounce_diagnostics": {
    "label": "results_eft68_c6f23p1596_c8f45_f1000_mh125_Glauber_off",
    "C": NaN,
    "Lambda_GeV": NaN,
    "finiteT": null,
    "temperature_GeV": NaN,
    "phi_metaMin": -4.740978730128292e-05,
    "phi_absMin": 239.58249790954608,
    "phi_bar": 114.03954064556574,
    "phi_top": 77.65976519183576,
    "V(phi_meta)": -31021123.40946161,
    "V(phi_true)": -55178419.48213786,
    "V(phi_top)": -29646822.679908138,
    "DeltaV_true_minus_meta": -24157296.07267625,
    "r0": 2.704455404744433e-06,
    "phi0": 228.92213960289203,
    "dphi0": -0.10680669424448894,
    "rscale_cubic": 0.027044554047444328,
    "rscale_curv": 0.025986023574379846,
    "wall_r_hi": 0.09694739353314115,
    "wall_thickness": 0.07366864025340195,
    "S_total": 8288.680879908745,
    "S_kin": 12431.233583708601,
    "S_pot": -4142.552703799858,
    "S_interior": 0.0,
    "S3_over_T": NaN,
    "beta_rscale": 36.976021059385836,
    "beta_curvature": 38.482223947323966,
    "beta_wall": 13.574296967613991,
    "Tn_from_transitionFinder_GeV": 59.19844150109014,
    "Tc_from_transitionFinder_GeV": 86.08183090100397,
    "T_spinodal_high_GeV": NaN,
    "T_spinodal_low_GeV": NaN,
    "gw_T_star_GeV": 59.19844150109014,
    "gw_alpha": 0.07989298373390138,
    "gw_beta_over_H": 464.62733235813874,
    "gw_R_star_times_H": NaN,
    "gw_Gamma_Tstar_GeV4": NaN,
    "gw_dT_for_beta_GeV": NaN,
    "gw_f_sw_peak_Hz": NaN,
    "gw_f_turb_peak_Hz": NaN,
    "gw_f_coll_peak_Hz": NaN,
    "gw_g_star": 106.75,
    "gw_v_w": 1.0,
    "omega_sw_peak": NaN,
    "omega_turb_peak": NaN,
    "omega_coll_peak": NaN,
    "omega_tot_peak": NaN
  }
}