{
  "label": "results_eft68_c6f23p35556_c8f42_f1000_mh125_Glauber_off",
  "model_parameters": {
    "c6_over_f2_TeV2": 3.3555555555555556,
    "c8_over_f4_TeV4": 2.0,
    "f_GeV": 1000.0,
    "m_h": 125.0,
    "v": 246.0,
    "m_w": 80.36,
    "m_z": 91.19,
    "m_t": 173.1,
    "use_glauber_measure": false,
    "C_glauber": 0.0,
    "Lambda_glauber": 1000.0
  },
  "derived_tree_coefficients": {
    "glauber_scheme": "counterterm_subtracted",
    "lambda_tree": -0.1864856690066146,
    "mu2_tree_GeV2": -1847.2438045361932,
    "a0_mean_field": 0.2420333540253464,
    "glauber_t0": 0.0,
    "glauber_lambda_shift": 0.0,
    "glauber_mu2_shift_after_lambda_GeV2": 0.0,
    "lambda_tree_raw_glauber_equivalent": -0.1864856690066146,
    "mu2_tree_raw_glauber_equivalent_GeV2": -1847.2438045361932,
    "combo_TeV2": 7.074207111111111
  },
  "scan_parameters": {
    "T_min": 1.0,
    "T_max": 250.0,
    "phi_scan_range": [
      -10,
      1000.0
    ],
    "n_phi_scan": 1200,
    "n_T_seeds": 3,
    "deltaX_target": 0.1,
    "x_eps": 0.001,
    "T_eps": 0.01,
    "deriv_order": 4,
    "phitol": 0.0001,
    "overlapAngle": 45.0,
    "Tn_Ttol": 0.01,
    "Tn_maxiter": 160,
    "include_zeroT_loops": true,
    "include_scalar_loops": true,
    "include_thermal": true,
    "include_scalar_thermal": true,
    "include_daisy": false,
    "renormalize_zeroT_loops": true,
    "thermal_approx": "spline"
  },
  "key_temperatures": {
    "Tn": 62.83328042749172,
    "Tc": 87.23380151258958,
    "Ts_false": 14.681869140619648,
    "Ts_true": 92.40050781249971,
    "S_at_Tn": 8796.8348483018,
    "S_over_Tn": 140.00279451354066,
    "false_phase_key": 2,
    "true_phase_key": 0,
    "phi_false_Tn": -4.8210076895162615e-05,
    "phi_true_Tn": 238.04236467246744,
    "vTn_over_Tn": 3.788475837214377,
    "Tc_minus_Tn_over_Tc": 0.2797140633791636
  },
  "gw_scales": {
    "gw_T_star_GeV": 62.83328042749172,
    "gw_alpha": 0.06357105653291648,
    "gw_beta_over_H": 281.27515819315363,
    "gw_v_w": 1.0,
    "gw_g_star": 106.75
  },
  "gw_peaks": {
    "sw": {
      "f_peak_mHz": 3.385384540676955,
      "f_peak_Hz": 0.003385384540676955,
      "omega_peak": 2.5853397094995945e-14
    },
    "turb": {
      "f_peak_mHz": 5.796101026097705,
      "f_peak_Hz": 0.005796101026097704,
      "omega_peak": 1.8784465341173444e-18
    },
    "coll": {
      "f_peak_mHz": NaN,
      "f_peak_Hz": NaN,
      "omega_peak": NaN
    },
    "total": {
      "f_peak_mHz": 3.385384540676955,
      "f_peak_Hz": 0.003385384540676955,
      "omega_peak": 2.585504426995274e-14
    }
  },
  "gw_run_parameters": {
    "g_star": 106.75,
    "v_w": 1.0,
    "epsilon_turb": 1.0,
    "frequency_unit": "mHz"
  },
  "S3": 8796.900833950254,
  "S3_over_T": 140.00384468389632,
  "bounce_diagnostics": {
    "label": "results_eft68_c6f23p35556_c8f42_f1000_mh125_Glauber_off",
    "C": NaN,
    "Lambda_GeV": NaN,
    "finiteT": null,
    "temperature_GeV": NaN,
    "phi_metaMin": -4.8210076895162615e-05,
    "phi_absMin": 238.04236467246744,
    "phi_bar": 115.54038795368452,
    "phi_top": 78.6709271248583,
    "V(phi_meta)": -39456685.77806226,
    "V(phi_true)": -62255283.24561399,
    "V(phi_top)": -38001625.594552666,
    "DeltaV_true_minus_meta": -22798597.46755173,
    "r0": 2.662554038431041e-06,
    "phi0": 228.68815140272469,
    "dphi0": -0.09045098752179485,
    "rscale_cubic": 0.02662554038431041,
    "rscale_curv": 0.025796676615940716,
    "wall_r_hi": 0.09879189239614433,
    "wall_thickness": 0.07322042882506413,
    "S_total": 8796.900833950254,
    "S_kin": 13194.519376249846,
    "S_pot": -4397.618542299592,
    "S_interior": 0.0,
    "S3_over_T": NaN,
    "beta_rscale": 37.55792316573107,
    "beta_curvature": 38.76468250768131,
    "beta_wall": 13.657390649666468,
    "Tn_from_transitionFinder_GeV": 62.83328042749172,
    "Tc_from_transitionFinder_GeV": 87.23380151258958,
    "T_spinodal_high_GeV": NaN,
    "T_spinodal_low_GeV": NaN,
    "gw_T_star_GeV": 62.83328042749172,
    "gw_alpha": 0.06357105653291648,
    "gw_beta_over_H": 281.27515819315363,
    "gw_R_star_times_H": NaN,
    "gw_Gamma_Tstar_GeV4": NaN,
    "gw_dT_for_beta_GeV": NaN,
    "gw_f_sw_peak_Hz": NaN,
    "gw_f_turb_peak_Hz": NaN,
    "gw_f_coll_peak_Hz": NaN,
    "gw_g_star": 106.75,
    "gw_v_w": 1.0,
    "omega_sw_peak": NaN,
    "omega_turb_peak": NaN,
    "omega_coll_peak": NaN,
    "omega_tot_peak": NaN
  }
}