{
  "label": "results_eft68_c6f23p05859_c8f45_f1000_mh125_Glauber_off",
  "model_parameters": {
    "c6_over_f2_TeV2": 3.0585858585858587,
    "c8_over_f4_TeV4": 5.0,
    "f_GeV": 1000.0,
    "m_h": 125.0,
    "v": 246.0,
    "m_w": 80.36,
    "m_z": 91.19,
    "m_t": 173.1,
    "use_glauber_measure": false,
    "C_glauber": 0.0,
    "Lambda_glauber": 1000.0
  },
  "derived_tree_coefficients": {
    "glauber_scheme": "counterterm_subtracted",
    "lambda_tree": -0.17600837988588733,
    "mu2_tree_GeV2": -1696.4376379222995,
    "a0_mean_field": 0.24727199858571,
    "glauber_t0": 0.0,
    "glauber_lambda_shift": 0.0,
    "glauber_mu2_shift_after_lambda_GeV2": 0.0,
    "lambda_tree_raw_glauber_equivalent": -0.17600837988588733,
    "mu2_tree_raw_glauber_equivalent_GeV2": -1696.4376379222995,
    "combo_TeV2": 7.024911717171717
  },
  "scan_parameters": {
    "T_min": 1.0,
    "T_max": 250.0,
    "phi_scan_range": [
      -10,
      1000.0
    ],
    "n_phi_scan": 1200,
    "n_T_seeds": 3,
    "deltaX_target": 0.1,
    "x_eps": 0.001,
    "T_eps": 0.01,
    "deriv_order": 4,
    "phitol": 0.0001,
    "overlapAngle": 45.0,
    "Tn_Ttol": 0.01,
    "Tn_maxiter": 160,
    "include_zeroT_loops": true,
    "include_scalar_loops": true,
    "include_thermal": true,
    "include_scalar_thermal": true,
    "include_daisy": false,
    "renormalize_zeroT_loops": true,
    "thermal_approx": "spline"
  },
  "key_temperatures": {
    "Tn": 67.01899858970253,
    "Tc": 88.2282910951019,
    "Ts_false": 29.07100527343156,
    "Ts_true": 92.48464257812472,
    "S_at_Tn": 9383.7505891065,
    "S_over_Tn": 140.01627578106354,
    "false_phase_key": 2,
    "true_phase_key": 0,
    "phi_false_Tn": -4.4200534377773704e-05,
    "phi_true_Tn": 235.85307539257226,
    "vTn_over_Tn": 3.5191972478802613,
    "Tc_minus_Tn_over_Tc": 0.2403910609867499
  },
  "gw_scales": {
    "gw_T_star_GeV": 67.01899858970253,
    "gw_alpha": 0.0487903064422756,
    "gw_beta_over_H": 424.6092941835447,
    "gw_v_w": 1.0,
    "gw_g_star": 106.75
  },
  "gw_peaks": {
    "sw": {
      "f_peak_mHz": 5.450634229228843,
      "f_peak_Hz": 0.005450634229228843,
      "omega_peak": 5.573671229530904e-15
    },
    "turb": {
      "f_peak_mHz": 9.33200535103738,
      "f_peak_Hz": 0.009332005351037379,
      "omega_peak": 4.049700168582797e-19
    },
    "coll": {
      "f_peak_mHz": NaN,
      "f_peak_Hz": NaN,
      "omega_peak": NaN
    },
    "total": {
      "f_peak_mHz": 5.450634229228843,
      "f_peak_Hz": 0.005450634229228843,
      "omega_peak": 5.574026329328586e-15
    }
  },
  "gw_run_parameters": {
    "g_star": 106.75,
    "v_w": 1.0,
    "epsilon_turb": 1.0,
    "frequency_unit": "mHz"
  },
  "S3": 9383.679979922616,
  "S3_over_T": 140.01522221139868,
  "bounce_diagnostics": {
    "label": "results_eft68_c6f23p05859_c8f45_f1000_mh125_Glauber_off",
    "C": NaN,
    "Lambda_GeV": NaN,
    "finiteT": null,
    "temperature_GeV": NaN,
    "phi_metaMin": -4.4200534377773704e-05,
    "phi_absMin": 235.85307539257226,
    "phi_bar": 116.34065462919253,
    "phi_top": 79.21073985259093,
    "V(phi_meta)": -51192445.863926575,
    "V(phi_true)": -71728067.2777003,
    "V(phi_top)": -49780086.770812705,
    "DeltaV_true_minus_meta": -20535621.41377373,
    "r0": 2.721047491228651e-06,
    "phi0": 227.6567898778937,
    "dphi0": -0.07691284567095266,
    "rscale_cubic": 0.02721047491228651,
    "rscale_curv": 0.026628014724528987,
    "wall_r_hi": 0.10314640680581699,
    "wall_thickness": 0.07487442258611396,
    "S_total": 9383.679979922616,
    "S_kin": 14091.126515275162,
    "S_pot": -4707.446535352546,
    "S_interior": 0.0,
    "S3_over_T": NaN,
    "beta_rscale": 36.7505529845958,
    "beta_curvature": 37.554429537794455,
    "beta_wall": 13.355695649604352,
    "Tn_from_transitionFinder_GeV": 67.01899858970253,
    "Tc_from_transitionFinder_GeV": 88.2282910951019,
    "T_spinodal_high_GeV": NaN,
    "T_spinodal_low_GeV": NaN,
    "gw_T_star_GeV": 67.01899858970253,
    "gw_alpha": 0.0487903064422756,
    "gw_beta_over_H": 424.6092941835447,
    "gw_R_star_times_H": NaN,
    "gw_Gamma_Tstar_GeV4": NaN,
    "gw_dT_for_beta_GeV": NaN,
    "gw_f_sw_peak_Hz": NaN,
    "gw_f_turb_peak_Hz": NaN,
    "gw_f_coll_peak_Hz": NaN,
    "gw_g_star": 106.75,
    "gw_v_w": 1.0,
    "omega_sw_peak": NaN,
    "omega_turb_peak": NaN,
    "omega_coll_peak": NaN,
    "omega_tot_peak": NaN
  }
}