{
  "label": "Glauber_Paper_",
  "C": 3.83,
  "Lambda_GeV": 1000.0,
  "finiteT": true,
  "temperature_GeV": 41.070963543600286,
  "phi_metaMin": -0.00047336540675037357,
  "phi_absMin": 245.35125692528464,
  "phi_bar": 96.50545478653791,
  "phi_top": 67.36175047053662,
  "V(phi_meta)": 112006342.21975315,
  "V(phi_true)": 84518051.66931859,
  "V(phi_top)": 112518078.85607465,
  "DeltaV_true_minus_meta": -27488290.55043456,
  "r0": 3.8443023390223006e-06,
  "phi0": 221.81453475236006,
  "dphi0": -0.2974358636585789,
  "rscale_cubic": 0.038443023390223006,
  "rscale_curv": 0.034226172248681824,
  "wall_r_hi": 0.10023161497138633,
  "wall_thickness": 0.09517262442212614,
  "S_total": 5745.4244549561,
  "S_kin": 8618.217271003732,
  "S_pot": -2872.7928160476313,
  "S_interior": 0.0,
  "S3_over_T": 139.890179319919,
  "beta_rscale": 26.012522216302173,
  "beta_curvature": 29.217407763144877,
  "beta_wall": 10.507223122950004,
  "Tn_from_transitionFinder_GeV": 41.070963543600286,
  "Tc_from_transitionFinder_GeV": 80.20413882147166,
  "T_spinodal_high_GeV": 13.83673730469543,
  "T_spinodal_low_GeV": 97.19386718749894,
  "S_at_Tn_from_transitionFinder": 5749.929083496374,
  "S_over_Tn_from_transitionFinder": 139.999858474037,
  "T_star_from_obs_GeV": 41.070963543600286,
  "S_obs": 5749.929083496374,
  "S_over_T_obs": 139.999858474037,
  "alpha_strength": 0.41452668218669836,
  "beta_eff_geom": 26.012721835802807,
  "beta_over_H_eff_geom": 1.0977515962606462e+16
}