{
  "label": "results_eft68_c6f20_c8f40_f519p62_mh125_Glauber_C3p70364_Lambda1000",
  "model_parameters": {
    "c6_over_f2_TeV2": 0.0,
    "c8_over_f4_TeV4": 0.0,
    "f_GeV": 519.619966110009,
    "m_h": 125.0,
    "v": 246.0,
    "m_w": 80.36,
    "m_z": 91.19,
    "m_t": 173.1,
    "use_glauber_measure": true,
    "C_glauber": 3.7036363636363636,
    "Lambda_glauber": 1000.0
  },
  "scan_parameters": {
    "T_min": 1.0,
    "T_max": 250.0,
    "phi_scan_range": [
      -10.0,
      519.619966110009
    ],
    "n_phi_scan": 1200,
    "n_T_seeds": 3,
    "deltaX_target": 0.1,
    "x_eps": 0.001,
    "T_eps": 0.01,
    "deriv_order": 4,
    "phitol": 1e-05,
    "overlapAngle": 45.0,
    "Tn_Ttol": 0.001,
    "Tn_maxiter": 160,
    "include_zeroT_loops": true,
    "include_scalar_loops": true,
    "include_thermal": true,
    "include_scalar_thermal": true,
    "include_daisy": true,
    "renormalize_zeroT_loops": true,
    "thermal_approx": "spline"
  },
  "key_temperatures": {
    "Tn": 69.91006280024416,
    "Tc": 83.99211257778492,
    "Ts_false": 57.62138417968374,
    "Ts_true": 93.94265429687471,
    "S_at_Tn": 9787.436325979192,
    "S_over_Tn": 140.00039384809435,
    "false_phase_key": 1,
    "true_phase_key": 0,
    "phi_false_Tn": -0.0002848878879009277,
    "phi_true_Tn": 235.17603320807655,
    "vTn_over_Tn": 3.3639797160539127,
    "Tc_minus_Tn_over_Tc": 0.16765919257596246
  },
  "gw_scales": {
    "gw_T_star_GeV": 69.91006280024416,
    "gw_alpha": 0.041966319841538396,
    "gw_beta_over_H": 1175.4344052666258,
    "gw_v_w": 1.0,
    "gw_g_star": 106.75
  },
  "gw_peaks": {
    "sw": {
      "f_peak_mHz": 15.733693738950372,
      "f_peak_Hz": 0.015733693738950373,
      "omega_peak": 4.824463350884983e-16
    },
    "turb": {
      "f_peak_mHz": 26.937583405636264,
      "f_peak_Hz": 0.026937583405636265,
      "omega_peak": 3.505358320069944e-20
    },
    "coll": {
      "f_peak_mHz": NaN,
      "f_peak_Hz": NaN,
      "omega_peak": NaN
    },
    "total": {
      "f_peak_mHz": 15.733693738950372,
      "f_peak_Hz": 0.015733693738950373,
      "omega_peak": 4.824770662024133e-16
    }
  },
  "gw_run_parameters": {
    "g_star": 106.75,
    "v_w": 1.0,
    "epsilon_turb": 1.0,
    "frequency_unit": "mHz"
  },
  "S3": 9776.193979149482,
  "S3_over_T": 139.83958227992522,
  "bounce_diagnostics": {
    "label": "results_eft68_c6f20_c8f40_f519p62_mh125_Glauber_C3p70364_Lambda1000",
    "C": NaN,
    "Lambda_GeV": NaN,
    "finiteT": null,
    "temperature_GeV": NaN,
    "phi_metaMin": -0.0002848878879009277,
    "phi_absMin": 235.17603320807655,
    "phi_bar": 115.35681449821818,
    "phi_top": 78.96618577764633,
    "V(phi_meta)": -68266567.74731907,
    "V(phi_true)": -84866003.74444799,
    "V(phi_top)": -67427617.06610148,
    "DeltaV_true_minus_meta": -16599435.997128919,
    "r0": 3.5196452079725627e-06,
    "phi0": 228.2505408563895,
    "dphi0": -0.07860790049829304,
    "rscale_cubic": 0.035196452079725625,
    "rscale_curv": 0.03332552326872629,
    "wall_r_hi": 0.11880488282468245,
    "wall_thickness": 0.08681717375558023,
    "S_total": 9776.193979149482,
    "S_kin": 14661.880110453421,
    "S_pot": -4885.686131303938,
    "S_interior": 0.0,
    "S3_over_T": NaN,
    "beta_rscale": 28.411954640622277,
    "beta_curvature": 30.00700716161521,
    "beta_wall": 11.518458350364398,
    "Tn_from_transitionFinder_GeV": 69.91006280024416,
    "Tc_from_transitionFinder_GeV": 83.99211257778492,
    "T_spinodal_high_GeV": NaN,
    "T_spinodal_low_GeV": NaN,
    "gw_T_star_GeV": 69.91006280024416,
    "gw_alpha": 0.041966319841538396,
    "gw_beta_over_H": 1175.4344052666258,
    "gw_R_star_times_H": NaN,
    "gw_Gamma_Tstar_GeV4": NaN,
    "gw_dT_for_beta_GeV": NaN,
    "gw_f_sw_peak_Hz": NaN,
    "gw_f_turb_peak_Hz": NaN,
    "gw_f_coll_peak_Hz": NaN,
    "gw_g_star": 106.75,
    "gw_v_w": 1.0,
    "omega_sw_peak": NaN,
    "omega_turb_peak": NaN,
    "omega_coll_peak": NaN,
    "omega_tot_peak": NaN
  }
}