{
  "label": "Glauber_Paper_",
  "C": NaN,
  "Lambda_GeV": NaN,
  "finiteT": true,
  "temperature_GeV": 85.67310991828124,
  "phi_metaMin": 4.997565943542173e-07,
  "phi_absMin": 20.32655486239729,
  "phi_bar": 16.490846249164754,
  "phi_top": 9.343794625253459,
  "V(phi_meta)": -139742295.84814817,
  "V(phi_true)": -139743751.7119571,
  "V(phi_top)": -139739416.50535744,
  "DeltaV_true_minus_meta": -1455.8638089299202,
  "r0": 1.0005045931831915,
  "phi0": 20.324522206961028,
  "dphi0": -0.03267646161765191,
  "rscale_cubic": 0.07108876181891385,
  "rscale_curv": 0.08523663413126525,
  "wall_r_hi": 1.700067294550922,
  "wall_thickness": 0.26568610766863743,
  "S_total": 11756.220756584995,
  "S_kin": 17628.7737550145,
  "S_pot": -5872.552998429505,
  "S_interior": 0.0,
  "S3_over_T": 137.22182803680866,
  "beta_rscale": 14.066921049311908,
  "beta_curvature": 11.73204698556987,
  "beta_wall": 3.7638400019288767,
  "Tn_from_transitionFinder_GeV": 85.67310991828124,
  "Tc_from_transitionFinder_GeV": 85.69286781954307,
  "T_spinodal_high_GeV": 84.98397265624963,
  "T_spinodal_low_GeV": 85.78217773437433,
  "gw_T_star_GeV": 85.67310991828124,
  "gw_alpha": 0.0008555914993988732,
  "gw_beta_over_H": 1096812.3077595048,
  "gw_R_star_times_H": 2.670633575498973e-06,
  "gw_Gamma_Tstar_GeV4": 1.3693252763523362e-50,
  "gw_dT_for_beta_GeV": 0.0001090678160930878,
  "gw_f_sw_peak_Hz": 18049.21959368799,
  "gw_f_turb_peak_Hz": 25648.891001556614,
  "gw_f_coll_peak_Hz": 3599.288819560002,
  "gw_g_star": 106.75,
  "gw_v_w": 1.0,
  "omega_sw_peak": 6.949229880123186e-27,
  "omega_turb_peak": 5.04810365881429e-31,
  "omega_coll_peak": 0.0,
  "omega_tot_peak": 6.949674063238748e-27
}