{
  "label": "results_eft68_c6f23p31313_c8f40_f1000_mh125_Glauber_off",
  "model_parameters": {
    "c6_over_f2_TeV2": 3.313131313131313,
    "c8_over_f4_TeV4": 0.0,
    "f_GeV": 1000.0,
    "m_h": 125.0,
    "v": 246.0,
    "m_w": 80.36,
    "m_z": 91.19,
    "m_t": 173.1,
    "use_glauber_measure": false,
    "C_glauber": 0.0,
    "Lambda_glauber": 1000.0
  },
  "derived_tree_coefficients": {
    "glauber_scheme": "counterterm_subtracted",
    "lambda_tree": -0.17164809205679638,
    "mu2_tree_GeV2": -1287.477969454545,
    "a0_mean_field": 0.2494521425002555,
    "glauber_t0": 0.0,
    "glauber_lambda_shift": 0.0,
    "glauber_mu2_shift_after_lambda_GeV2": 0.0,
    "lambda_tree_raw_glauber_equivalent": -0.17164809205679638,
    "mu2_tree_raw_glauber_equivalent_GeV2": -1287.477969454545,
    "combo_TeV2": 6.626262626262626
  },
  "scan_parameters": {
    "T_min": 1.0,
    "T_max": 250.0,
    "phi_scan_range": [
      -10,
      1000.0
    ],
    "n_phi_scan": 1200,
    "n_T_seeds": 3,
    "deltaX_target": 0.1,
    "x_eps": 0.001,
    "T_eps": 0.01,
    "deriv_order": 4,
    "phitol": 0.0001,
    "overlapAngle": 45.0,
    "Tn_Ttol": 0.01,
    "Tn_maxiter": 160,
    "include_zeroT_loops": true,
    "include_scalar_loops": true,
    "include_thermal": true,
    "include_scalar_thermal": true,
    "include_daisy": false,
    "renormalize_zeroT_loops": true,
    "thermal_approx": "spline"
  },
  "key_temperatures": {
    "Tn": 75.3644827005945,
    "Tc": 91.59377158092677,
    "Ts_false": 43.98771015624482,
    "Ts_true": 94.46156640624967,
    "S_at_Tn": 10547.174797935695,
    "S_over_Tn": 139.94887803897174,
    "false_phase_key": 2,
    "true_phase_key": 0,
    "phi_false_Tn": -3.436853045494454e-05,
    "phi_true_Tn": 230.3358608774648,
    "vTn_over_Tn": 3.056291937842066,
    "Tc_minus_Tn_over_Tc": 0.17718769082451255
  },
  "gw_scales": {
    "gw_T_star_GeV": 75.3644827005945,
    "gw_alpha": 0.030936266725478324,
    "gw_beta_over_H": 903.8453018164934,
    "gw_v_w": 1.0,
    "gw_g_star": 106.75
  },
  "gw_peaks": {
    "sw": {
      "f_peak_mHz": 13.084706031441257,
      "f_peak_Hz": 0.013084706031441257,
      "omega_peak": 3.5157531479750107e-16
    },
    "turb": {
      "f_peak_mHz": 22.402263950746985,
      "f_peak_Hz": 0.022402263950746987,
      "omega_peak": 2.5544126691109762e-20
    },
    "coll": {
      "f_peak_mHz": NaN,
      "f_peak_Hz": NaN,
      "omega_peak": NaN
    },
    "total": {
      "f_peak_mHz": 13.084706031441257,
      "f_peak_Hz": 0.013084706031441257,
      "omega_peak": 3.5159774467241747e-16
    }
  },
  "gw_run_parameters": {
    "g_star": 106.75,
    "v_w": 1.0,
    "epsilon_turb": 1.0,
    "frequency_unit": "mHz"
  },
  "S3": 10547.689769774084,
  "S3_over_T": 139.9557111229383,
  "bounce_diagnostics": {
    "label": "results_eft68_c6f23p31313_c8f40_f1000_mh125_Glauber_off",
    "C": NaN,
    "Lambda_GeV": NaN,
    "finiteT": null,
    "temperature_GeV": NaN,
    "phi_metaMin": -3.436853045494454e-05,
    "phi_absMin": 230.3358608774648,
    "phi_bar": 117.1419904515232,
    "phi_top": 79.00019854081275,
    "V(phi_meta)": -82272642.6986488,
    "V(phi_true)": -99048307.95667791,
    "V(phi_top)": -80866085.72321643,
    "DeltaV_true_minus_meta": -16775665.258029118,
    "r0": 2.719406191918473e-06,
    "phi0": 223.86049351101335,
    "dphi0": -0.05366264564303283,
    "rscale_cubic": 0.027194061919184727,
    "rscale_curv": 0.025848900965561722,
    "wall_r_hi": 0.11090541212095537,
    "wall_thickness": 0.07731464817240702,
    "S_total": 10547.689769774084,
    "S_kin": 15826.423264358396,
    "S_pot": -5278.733494584312,
    "S_interior": 0.0,
    "S3_over_T": NaN,
    "beta_rscale": 36.772733803864924,
    "beta_curvature": 38.68636655087734,
    "beta_wall": 12.934159614489355,
    "Tn_from_transitionFinder_GeV": 75.3644827005945,
    "Tc_from_transitionFinder_GeV": 91.59377158092677,
    "T_spinodal_high_GeV": NaN,
    "T_spinodal_low_GeV": NaN,
    "gw_T_star_GeV": 75.3644827005945,
    "gw_alpha": 0.030936266725478324,
    "gw_beta_over_H": 903.8453018164934,
    "gw_R_star_times_H": NaN,
    "gw_Gamma_Tstar_GeV4": NaN,
    "gw_dT_for_beta_GeV": NaN,
    "gw_f_sw_peak_Hz": NaN,
    "gw_f_turb_peak_Hz": NaN,
    "gw_f_coll_peak_Hz": NaN,
    "gw_g_star": 106.75,
    "gw_v_w": 1.0,
    "omega_sw_peak": NaN,
    "omega_turb_peak": NaN,
    "omega_coll_peak": NaN,
    "omega_tot_peak": NaN
  }
}