{
  "label": "results_eft68_c6f20_c8f40_f781p573_mh125_Glauber_C6p54818_Lambda2000",
  "model_parameters": {
    "c6_over_f2_TeV2": 0.0,
    "c8_over_f4_TeV4": 0.0,
    "f_GeV": 781.5731491888474,
    "m_h": 125.0,
    "v": 246.0,
    "m_w": 80.36,
    "m_z": 91.19,
    "m_t": 173.1,
    "use_glauber_measure": true,
    "C_glauber": 6.548181818181819,
    "Lambda_glauber": 2000.0
  },
  "derived_tree_coefficients": {
    "glauber_scheme": "counterterm_subtracted",
    "lambda_tree": 0.12909808976138543,
    "mu2_tree_GeV2": 7812.5,
    "a0_mean_field": 0.3998252334093464,
    "glauber_t0": 0.09906744272727273,
    "glauber_lambda_shift": 0.0,
    "glauber_mu2_shift_after_lambda_GeV2": 0.0,
    "lambda_tree_raw_glauber_equivalent": -1.2090283738310597,
    "mu2_tree_raw_glauber_equivalent_GeV2": 663259.7430961243,
    "combo_TeV2": 0.0
  },
  "scan_parameters": {
    "T_min": 1.0,
    "T_max": 250.0,
    "phi_scan_range": [
      -10.0,
      781.5731491888474
    ],
    "n_phi_scan": 1200,
    "n_T_seeds": 3,
    "deltaX_target": 0.1,
    "x_eps": 0.001,
    "T_eps": 0.01,
    "deriv_order": 4,
    "phitol": 0.0001,
    "overlapAngle": 45.0,
    "Tn_Ttol": 0.01,
    "Tn_maxiter": 160,
    "include_zeroT_loops": true,
    "include_scalar_loops": true,
    "include_thermal": true,
    "include_scalar_thermal": true,
    "include_daisy": true,
    "renormalize_zeroT_loops": true,
    "thermal_approx": "spline"
  },
  "key_temperatures": {
    "Tn": 68.74418642266795,
    "Tc": 84.59882567846724,
    "Ts_false": 54.39361937186019,
    "Ts_true": 95.51543945312469,
    "S_at_Tn": 9622.196098110944,
    "S_over_Tn": 139.9710520821305,
    "false_phase_key": 1,
    "true_phase_key": 0,
    "phi_false_Tn": -0.0011045550750318903,
    "phi_true_Tn": 236.00390516101254,
    "vTn_over_Tn": 3.4330743797004453,
    "Tc_minus_Tn_over_Tc": 0.18740968481120102
  },
  "gw_scales": {
    "gw_T_star_GeV": 68.74418642266795,
    "gw_alpha": 0.046640692851833435,
    "gw_beta_over_H": 871.742894592721,
    "gw_v_w": 1.0,
    "gw_g_star": 106.75
  },
  "gw_peaks": {
    "sw": {
      "f_peak_mHz": 11.571406623687016,
      "f_peak_Hz": 0.011571406623687016,
      "omega_peak": 1.1700228439840334e-15
    },
    "turb": {
      "f_peak_mHz": 19.50930813876084,
      "f_peak_Hz": 0.01950930813876084,
      "omega_peak": 8.50126217384579e-20
    },
    "coll": {
      "f_peak_mHz": NaN,
      "f_peak_Hz": NaN,
      "omega_peak": NaN
    },
    "total": {
      "f_peak_mHz": 11.571406623687016,
      "f_peak_Hz": 0.011571406623687016,
      "omega_peak": 1.1700976806796767e-15
    }
  },
  "gw_run_parameters": {
    "g_star": 106.75,
    "v_w": 1.0,
    "epsilon_turb": 1.0,
    "frequency_unit": "mHz"
  },
  "S3": 9622.159162137235,
  "S3_over_T": 139.97051478616947,
  "bounce_diagnostics": {
    "label": "results_eft68_c6f20_c8f40_f781p573_mh125_Glauber_C6p54818_Lambda2000",
    "C": NaN,
    "Lambda_GeV": NaN,
    "finiteT": null,
    "temperature_GeV": NaN,
    "phi_metaMin": -0.0011045550750318903,
    "phi_absMin": 236.00390516101254,
    "phi_bar": 117.2443761169016,
    "phi_top": 80.330253302718,
    "V(phi_meta)": -64007522.397454254,
    "V(phi_true)": -82661033.16799071,
    "V(phi_top)": -62941461.35821329,
    "DeltaV_true_minus_meta": -18653510.77053646,
    "r0": 3.176277564213885e-06,
    "phi0": 228.99962642349743,
    "dphi0": -0.07633817076355305,
    "rscale_cubic": 0.03176277564213885,
    "rscale_curv": 0.029826567111353394,
    "wall_r_hi": 0.11135675249875716,
    "wall_thickness": 0.08054713462368392,
    "S_total": 9622.159162137235,
    "S_kin": 14421.144644203287,
    "S_pot": -4798.985482066051,
    "S_interior": 0.0,
    "S3_over_T": NaN,
    "beta_rscale": 31.483394627304737,
    "beta_curvature": 33.527164500512924,
    "beta_wall": 12.415090923742953,
    "Tn_from_transitionFinder_GeV": 68.74418642266795,
    "Tc_from_transitionFinder_GeV": 84.59882567846724,
    "T_spinodal_high_GeV": NaN,
    "T_spinodal_low_GeV": NaN,
    "gw_T_star_GeV": 68.74418642266795,
    "gw_alpha": 0.046640692851833435,
    "gw_beta_over_H": 871.742894592721,
    "gw_R_star_times_H": NaN,
    "gw_Gamma_Tstar_GeV4": NaN,
    "gw_dT_for_beta_GeV": NaN,
    "gw_f_sw_peak_Hz": NaN,
    "gw_f_turb_peak_Hz": NaN,
    "gw_f_coll_peak_Hz": NaN,
    "gw_g_star": 106.75,
    "gw_v_w": 1.0,
    "omega_sw_peak": NaN,
    "omega_turb_peak": NaN,
    "omega_coll_peak": NaN,
    "omega_tot_peak": NaN
  }
}