{
  "label": "results_eft68_c6f20_c8f40_f517p255_mh125_Glauber_C3p73758_Lambda1000",
  "model_parameters": {
    "c6_over_f2_TeV2": 0.0,
    "c8_over_f4_TeV4": 0.0,
    "f_GeV": 517.2553578625888,
    "m_h": 125.0,
    "v": 246.0,
    "m_w": 80.36,
    "m_z": 91.19,
    "m_t": 173.1,
    "use_glauber_measure": true,
    "C_glauber": 3.7375757575757578,
    "Lambda_glauber": 1000.0
  },
  "derived_tree_coefficients": {
    "glauber_scheme": "counterterm_subtracted",
    "lambda_tree": 0.12909808976138543,
    "mu2_tree_GeV2": 7812.5,
    "a0_mean_field": 0.3998252334093464,
    "glauber_t0": 0.22618313454545455,
    "glauber_lambda_shift": 0.0,
    "glauber_mu2_shift_after_lambda_GeV2": 0.0,
    "lambda_tree_raw_glauber_equivalent": -0.4618425931317612,
    "mu2_tree_raw_glauber_equivalent_GeV2": 94397.78198733917,
    "combo_TeV2": 0.0
  },
  "scan_parameters": {
    "T_min": 1.0,
    "T_max": 250.0,
    "phi_scan_range": [
      -10.0,
      517.2553578625888
    ],
    "n_phi_scan": 1200,
    "n_T_seeds": 3,
    "deltaX_target": 0.1,
    "x_eps": 0.001,
    "T_eps": 0.01,
    "deriv_order": 4,
    "phitol": 0.0001,
    "overlapAngle": 45.0,
    "Tn_Ttol": 0.01,
    "Tn_maxiter": 160,
    "include_zeroT_loops": true,
    "include_scalar_loops": true,
    "include_thermal": true,
    "include_scalar_thermal": true,
    "include_daisy": false,
    "renormalize_zeroT_loops": true,
    "thermal_approx": "spline"
  },
  "key_temperatures": {
    "Tn": 63.98075963508044,
    "Tc": 80.66126447714444,
    "Ts_false": 50.11019218749577,
    "Ts_true": 91.74250585937475,
    "S_at_Tn": 8956.795930898094,
    "S_over_Tn": 139.99202232020878,
    "false_phase_key": 1,
    "true_phase_key": 0,
    "phi_false_Tn": -0.00030201090932975675,
    "phi_true_Tn": 237.89148543293794,
    "vTn_over_Tn": 3.718172256624831,
    "Tc_minus_Tn_over_Tc": 0.20679696692320593
  },
  "gw_scales": {
    "gw_T_star_GeV": 63.98075963508044,
    "gw_alpha": 0.058702360982929525,
    "gw_beta_over_H": 927.2444720141235,
    "gw_v_w": 1.0,
    "gw_g_star": 106.75
  },
  "gw_peaks": {
    "sw": {
      "f_peak_mHz": 11.39498947221261,
      "f_peak_Hz": 0.011394989472212609,
      "omega_peak": 1.9235453863112315e-15
    },
    "turb": {
      "f_peak_mHz": 19.50930813876084,
      "f_peak_Hz": 0.01950930813876084,
      "omega_peak": 1.3975753815485807e-19
    },
    "coll": {
      "f_peak_mHz": NaN,
      "f_peak_Hz": NaN,
      "omega_peak": NaN
    },
    "total": {
      "f_peak_mHz": 11.39498947221261,
      "f_peak_Hz": 0.011394989472212609,
      "omega_peak": 1.9236681005510567e-15
    }
  },
  "gw_run_parameters": {
    "g_star": 106.75,
    "v_w": 1.0,
    "epsilon_turb": 1.0,
    "frequency_unit": "mHz"
  },
  "S3": 8956.794400272369,
  "S3_over_T": 139.99199839698977,
  "bounce_diagnostics": {
    "label": "results_eft68_c6f20_c8f40_f517p255_mh125_Glauber_C3p73758_Lambda1000",
    "C": NaN,
    "Lambda_GeV": NaN,
    "finiteT": null,
    "temperature_GeV": NaN,
    "phi_metaMin": -0.00030201090932975675,
    "phi_absMin": 237.89148543293794,
    "phi_bar": 113.38056164774842,
    "phi_top": 78.06501978137719,
    "V(phi_meta)": -48052445.178144656,
    "V(phi_true)": -66977298.5143877,
    "V(phi_top)": -47212035.553256854,
    "DeltaV_true_minus_meta": -18924853.33624304,
    "r0": 3.476458266927553e-06,
    "phi0": 229.4074431313566,
    "dphi0": -0.1012973267865982,
    "rscale_cubic": 0.034764582669275526,
    "rscale_curv": 0.032346708179648846,
    "wall_r_hi": 0.1127685976236366,
    "wall_thickness": 0.0848068235767375,
    "S_total": 8956.794400272369,
    "S_kin": 13432.587928238065,
    "S_pot": -4475.793527965696,
    "S_interior": 0.0,
    "S3_over_T": NaN,
    "beta_rscale": 28.764907363141933,
    "beta_curvature": 30.915042122675267,
    "beta_wall": 11.791504006692923,
    "Tn_from_transitionFinder_GeV": 63.98075963508044,
    "Tc_from_transitionFinder_GeV": 80.66126447714444,
    "T_spinodal_high_GeV": NaN,
    "T_spinodal_low_GeV": NaN,
    "gw_T_star_GeV": 63.98075963508044,
    "gw_alpha": 0.058702360982929525,
    "gw_beta_over_H": 927.2444720141235,
    "gw_R_star_times_H": NaN,
    "gw_Gamma_Tstar_GeV4": NaN,
    "gw_dT_for_beta_GeV": NaN,
    "gw_f_sw_peak_Hz": NaN,
    "gw_f_turb_peak_Hz": NaN,
    "gw_f_coll_peak_Hz": NaN,
    "gw_g_star": 106.75,
    "gw_v_w": 1.0,
    "omega_sw_peak": NaN,
    "omega_turb_peak": NaN,
    "omega_coll_peak": NaN,
    "omega_tot_peak": NaN
  }
}