{
  "mean_field": {
    "v_c": null,
    "T_c": null,
    "v_c_over_T_c": null
  },
  "physicality": {
    "lambda_tree": 0.1285487618229854,
    "mu2_tree": 7790.337913653189,
    "a0_mean_field": 0.3995505694401464,
    "combo_TeV2": 0.0181548,
    "upper_c6_over_f2_TeV2_from_Eq_2_14": 4.257499695689914,
    "passes_Eq_2_14": true,
    "passes_EFT_tree_condition_Vv_lower_than_v_to_f": true,
    "min_after_v_tree": -117943792.26282705,
    "V_tree_v": -117943844.8467443,
    "sampled_min_phi_full_zeroT": 246.08202734244747,
    "sampled_min_deltaV_full_zeroT": -38442691.90107496,
    "dV_at_v_numeric": 5.061207899475486,
    "d2V_at_v_numeric": 15625.0530860639,
    "mh2_target": 15625.0
  }
}