{
  "interpretation": "Combined EFT68 + Gl\u00e1uber zero-temperature consistency check. The local electroweak conditions are safe when dV_at_v_numeric is close to zero and d2V_at_v_numeric is close to mh2_target.",
  "parameters": {
    "c6_over_f2_TeV2": 0.0,
    "c8_over_f4_TeV4": 0.1,
    "f_GeV": 1000.0,
    "m_h": 125.0,
    "v": 246.0,
    "m_w": 80.36,
    "m_z": 91.19,
    "m_t": 173.1,
    "use_glauber_measure": true,
    "C_glauber": 3.65,
    "Lambda_glauber": 1000.0
  },
  "limits": {
    "f_GeV": 1000.0,
    "Lambda_glauber_GeV": 1000.0,
    "C_glauber": 3.65,
    "phi_branch_GeV": 523.4239225902137,
    "phi_scan_upper_GeV": 523.4239225902137,
    "branch_over_v": 2.127739522724446,
    "scan_upper_over_v": 2.127739522724446
  },
  "tree_level_report": {
    "lambda_tree": 0.1285487618229854,
    "mu2_tree": 7790.337913653189,
    "a0_mean_field": 0.3995505694401464,
    "combo_TeV2": 0.0181548,
    "upper_c6_over_f2_TeV2_from_Eq_2_14": 4.257499695689914,
    "passes_Eq_2_14": true,
    "passes_EFT_tree_condition_Vv_lower_than_v_to_f": true,
    "min_after_v_tree": -117943792.26282705,
    "V_tree_v": -117943844.8467443,
    "sampled_min_phi_full_zeroT": 246.08202734244747,
    "sampled_min_deltaV_full_zeroT": -38442691.90107496,
    "dV_at_v_numeric": 5.061207899475486,
    "d2V_at_v_numeric": 15625.0530860639,
    "mh2_target": 15625.0
  },
  "loop_renormalized_report": {
    "lambda_tree": 0.1285487618229854,
    "mu2_tree": 7790.337913653189,
    "a0_mean_field": 0.3995505694401464,
    "combo_TeV2": 0.0181548,
    "upper_c6_over_f2_TeV2_from_Eq_2_14": 4.257499695689914,
    "passes_Eq_2_14": true,
    "passes_EFT_tree_condition_Vv_lower_than_v_to_f": true,
    "min_after_v_tree": -117943792.26282705,
    "V_tree_v": -117943844.8467443,
    "sampled_min_phi_full_zeroT": 246.08202734244747,
    "sampled_min_deltaV_full_zeroT": -47650179.75025519,
    "dV_at_v_numeric": 4.949233547701099,
    "d2V_at_v_numeric": 15625.0528585427,
    "mh2_target": 15625.0
  }
}