{
  "label": "results_eft68_c6f20_c8f40p1_f1000_mh125_Glauber_C3p65_Lambda1000_first_combined_test",
  "model_parameters": {
    "c6_over_f2_TeV2": 0.0,
    "c8_over_f4_TeV4": 0.1,
    "f_GeV": 1000.0,
    "m_h": 125.0,
    "v": 246.0,
    "m_w": 80.36,
    "m_z": 91.19,
    "m_t": 173.1,
    "use_glauber_measure": true,
    "C_glauber": 3.65,
    "Lambda_glauber": 1000.0
  },
  "scan_parameters": {
    "T_min": 1.0,
    "T_max": 250.0,
    "phi_scan_range": [
      -10.0,
      523.4239225902137
    ],
    "n_phi_scan": 1600,
    "n_T_seeds": 3,
    "deltaX_target": 0.1,
    "x_eps": 0.001,
    "T_eps": 0.01,
    "deriv_order": 4,
    "phitol": 1e-05,
    "overlapAngle": 45.0,
    "Tn_Ttol": 0.001,
    "Tn_maxiter": 160,
    "include_zeroT_loops": true,
    "include_scalar_loops": true,
    "include_thermal": true,
    "include_scalar_thermal": true,
    "include_daisy": false,
    "renormalize_zeroT_loops": true,
    "thermal_approx": "spline"
  },
  "key_temperatures": {
    "Tn": 74.86034338195516,
    "Tc": 86.01039865979419,
    "Ts_false": 64.53974218749687,
    "Ts_true": 94.2835703124997,
    "S_at_Tn": 10480.475703668442,
    "S_over_Tn": 140.00036908987417,
    "false_phase_key": 1,
    "true_phase_key": 0,
    "phi_false_Tn": -0.0003234828025534812,
    "phi_true_Tn": 231.14303248436988,
    "vTn_over_Tn": 3.0876565888166385,
    "Tc_minus_Tn_over_Tc": 0.12963613064906251
  },
  "gw_scales": {
    "gw_T_star_GeV": 74.86034338195516,
    "gw_alpha": 0.032880520238078415,
    "gw_beta_over_H": 1665.4668228765008,
    "gw_v_w": 1.0,
    "gw_g_star": 106.75
  },
  "gw_peaks": {
    "sw": {
      "f_peak_mHz": 23.888511773267183,
      "f_peak_Hz": 0.023888511773267184,
      "omega_peak": 1.2265631559417038e-16
    },
    "turb": {
      "f_peak_mHz": 40.7666619976054,
      "f_peak_Hz": 0.0407666619976054,
      "omega_peak": 8.911890572353e-21
    },
    "coll": {
      "f_peak_mHz": NaN,
      "f_peak_Hz": NaN,
      "omega_peak": NaN
    },
    "total": {
      "f_peak_mHz": 23.888511773267183,
      "f_peak_Hz": 0.023888511773267184,
      "omega_peak": 1.2266413127569648e-16
    }
  },
  "gw_run_parameters": {
    "g_star": 106.75,
    "v_w": 1.0,
    "epsilon_turb": 1.0,
    "frequency_unit": "mHz"
  },
  "S3": 10471.256091985306,
  "S3_over_T": 139.87721160399283,
  "bounce_diagnostics": {
    "label": "results_eft68_c6f20_c8f40p1_f1000_mh125_Glauber_C3p65_Lambda1000_first_combined_test",
    "C": NaN,
    "Lambda_GeV": NaN,
    "finiteT": null,
    "temperature_GeV": NaN,
    "phi_metaMin": -0.0003234828025534812,
    "phi_absMin": 231.14303248436988,
    "phi_bar": 114.7802188852073,
    "phi_top": 77.85318644460523,
    "V(phi_meta)": -87628686.42651412,
    "V(phi_true)": -101689525.59430481,
    "V(phi_top)": -86856983.82522519,
    "DeltaV_true_minus_meta": -14060839.167790696,
    "r0": 3.6180752037690293e-06,
    "phi0": 225.02569902901496,
    "dphi0": -0.06369589825532963,
    "rscale_cubic": 0.03618075203769029,
    "rscale_curv": 0.034608508198445784,
    "wall_r_hi": 0.12634733852393948,
    "wall_thickness": 0.09071510950329917,
    "S_total": 10471.256091985306,
    "S_kin": 15710.627683629265,
    "S_pot": -5239.3715916439605,
    "S_interior": 0.0,
    "S3_over_T": NaN,
    "beta_rscale": 27.6390053738595,
    "beta_curvature": 28.894615875732196,
    "beta_wall": 11.023521941112044,
    "Tn_from_transitionFinder_GeV": 74.86034338195516,
    "Tc_from_transitionFinder_GeV": 86.01039865979419,
    "T_spinodal_high_GeV": NaN,
    "T_spinodal_low_GeV": NaN,
    "gw_T_star_GeV": 74.86034338195516,
    "gw_alpha": 0.032880520238078415,
    "gw_beta_over_H": 1665.4668228765008,
    "gw_R_star_times_H": NaN,
    "gw_Gamma_Tstar_GeV4": NaN,
    "gw_dT_for_beta_GeV": NaN,
    "gw_f_sw_peak_Hz": NaN,
    "gw_f_turb_peak_Hz": NaN,
    "gw_f_coll_peak_Hz": NaN,
    "gw_g_star": 106.75,
    "gw_v_w": 1.0,
    "omega_sw_peak": NaN,
    "omega_turb_peak": NaN,
    "omega_coll_peak": NaN,
    "omega_tot_peak": NaN
  }
}