{
  "label": "results_eft68_c6f20_c8f40_f515p648_mh125_Glauber_C3p76091_Lambda1000",
  "model_parameters": {
    "c6_over_f2_TeV2": 0.0,
    "c8_over_f4_TeV4": 0.0,
    "f_GeV": 515.6482903047139,
    "m_h": 125.0,
    "v": 246.0,
    "m_w": 80.36,
    "m_z": 91.19,
    "m_t": 173.1,
    "use_glauber_measure": true,
    "C_glauber": 3.760909090909091,
    "Lambda_glauber": 1000.0
  },
  "derived_tree_coefficients": {
    "glauber_scheme": "counterterm_subtracted",
    "lambda_tree": 0.12909808976138543,
    "mu2_tree_GeV2": 7812.5,
    "a0_mean_field": 0.3998252334093464,
    "glauber_t0": 0.22759517454545455,
    "glauber_lambda_shift": 0.0,
    "glauber_mu2_shift_after_lambda_GeV2": 0.0,
    "lambda_tree_raw_glauber_equivalent": -0.47143366682992977,
    "mu2_tree_raw_glauber_equivalent_GeV2": 94806.22645278496,
    "combo_TeV2": 0.0
  },
  "scan_parameters": {
    "T_min": 1.0,
    "T_max": 250.0,
    "phi_scan_range": [
      -10.0,
      515.6482903047139
    ],
    "n_phi_scan": 1200,
    "n_T_seeds": 3,
    "deltaX_target": 0.1,
    "x_eps": 0.001,
    "T_eps": 0.01,
    "deriv_order": 4,
    "phitol": 0.0001,
    "overlapAngle": 45.0,
    "Tn_Ttol": 0.01,
    "Tn_maxiter": 160,
    "include_zeroT_loops": true,
    "include_scalar_loops": true,
    "include_thermal": true,
    "include_scalar_thermal": true,
    "include_daisy": true,
    "renormalize_zeroT_loops": true,
    "thermal_approx": "spline"
  },
  "key_temperatures": {
    "Tn": 61.24133899044387,
    "Tc": 80.14522113276205,
    "Ts_false": 46.03456796874534,
    "Ts_true": 92.22980664062474,
    "S_at_Tn": 8561.54966384232,
    "S_over_Tn": 139.80017101158202,
    "false_phase_key": 1,
    "true_phase_key": 0,
    "phi_false_Tn": -0.0003384994138637971,
    "phi_true_Tn": 239.44798507834287,
    "vTn_over_Tn": 3.9099077359446115,
    "Tc_minus_Tn_over_Tc": 0.23587035976859486
  },
  "gw_scales": {
    "gw_T_star_GeV": 61.24133899044387,
    "gw_alpha": 0.06852156711285304,
    "gw_beta_over_H": 790.6756777092336,
    "gw_v_w": 1.0,
    "gw_g_star": 106.75
  },
  "gw_peaks": {
    "sw": {
      "f_peak_mHz": 9.33200535103738,
      "f_peak_Hz": 0.009332005351037379,
      "omega_peak": 3.991199434853005e-15
    },
    "turb": {
      "f_peak_mHz": 15.977282681122281,
      "f_peak_Hz": 0.015977282681122282,
      "omega_peak": 2.8998599531200147e-19
    },
    "coll": {
      "f_peak_mHz": NaN,
      "f_peak_Hz": NaN,
      "omega_peak": NaN
    },
    "total": {
      "f_peak_mHz": 9.33200535103738,
      "f_peak_Hz": 0.009332005351037379,
      "omega_peak": 3.99145447687241e-15
    }
  },
  "gw_run_parameters": {
    "g_star": 106.75,
    "v_w": 1.0,
    "epsilon_turb": 1.0,
    "frequency_unit": "mHz"
  },
  "S3": 8561.575409583666,
  "S3_over_T": 139.80059140966233,
  "bounce_diagnostics": {
    "label": "results_eft68_c6f20_c8f40_f515p648_mh125_Glauber_C3p76091_Lambda1000",
    "C": NaN,
    "Lambda_GeV": NaN,
    "finiteT": null,
    "temperature_GeV": NaN,
    "phi_metaMin": -0.0003384994138637971,
    "phi_absMin": 239.44798507834287,
    "phi_bar": 112.7500711217815,
    "phi_top": 77.93926509873435,
    "V(phi_meta)": -41221991.05842605,
    "V(phi_true)": -61475211.856027886,
    "V(phi_top)": -40381143.40177317,
    "DeltaV_true_minus_meta": -20253220.797601834,
    "r0": 3.4699555245716874e-06,
    "phi0": 230.20646419630924,
    "dphi0": -0.11442875161280369,
    "rscale_cubic": 0.03469955524571687,
    "rscale_curv": 0.031860397720446194,
    "wall_r_hi": 0.11023515027012393,
    "wall_thickness": 0.08407770743711918,
    "S_total": 8561.575409583666,
    "S_kin": 12823.559882366035,
    "S_pot": -4261.984472782369,
    "S_interior": 0.0,
    "S3_over_T": NaN,
    "beta_rscale": 28.81881317840334,
    "beta_curvature": 31.38691588024193,
    "beta_wall": 11.893759124532378,
    "Tn_from_transitionFinder_GeV": 61.24133899044387,
    "Tc_from_transitionFinder_GeV": 80.14522113276205,
    "T_spinodal_high_GeV": NaN,
    "T_spinodal_low_GeV": NaN,
    "gw_T_star_GeV": 61.24133899044387,
    "gw_alpha": 0.06852156711285304,
    "gw_beta_over_H": 790.6756777092336,
    "gw_R_star_times_H": NaN,
    "gw_Gamma_Tstar_GeV4": NaN,
    "gw_dT_for_beta_GeV": NaN,
    "gw_f_sw_peak_Hz": NaN,
    "gw_f_turb_peak_Hz": NaN,
    "gw_f_coll_peak_Hz": NaN,
    "gw_g_star": 106.75,
    "gw_v_w": 1.0,
    "omega_sw_peak": NaN,
    "omega_turb_peak": NaN,
    "omega_coll_peak": NaN,
    "omega_tot_peak": NaN
  }
}