{
  "label": "results_eft68_c6f22p85657_c8f45_f1000_mh125_Glauber_off",
  "model_parameters": {
    "c6_over_f2_TeV2": 2.8565656565656563,
    "c8_over_f4_TeV4": 5.0,
    "f_GeV": 1000.0,
    "m_h": 125.0,
    "v": 246.0,
    "m_w": 80.36,
    "m_z": 91.19,
    "m_t": 173.1,
    "use_glauber_measure": false,
    "C_glauber": 0.0,
    "Lambda_glauber": 1000.0
  },
  "derived_tree_coefficients": {
    "glauber_scheme": "counterterm_subtracted",
    "lambda_tree": -0.1576701980677054,
    "mu2_tree_GeV2": -1141.560932467749,
    "a0_mean_field": 0.256441089494801,
    "glauber_t0": 0.0,
    "glauber_lambda_shift": 0.0,
    "glauber_mu2_shift_after_lambda_GeV2": 0.0,
    "lambda_tree_raw_glauber_equivalent": -0.1576701980677054,
    "mu2_tree_raw_glauber_equivalent_GeV2": -1141.560932467749,
    "combo_TeV2": 6.620871313131312
  },
  "scan_parameters": {
    "T_min": 1.0,
    "T_max": 250.0,
    "phi_scan_range": [
      -10,
      1000.0
    ],
    "n_phi_scan": 1200,
    "n_T_seeds": 3,
    "deltaX_target": 0.1,
    "x_eps": 0.001,
    "T_eps": 0.01,
    "deriv_order": 4,
    "phitol": 0.0001,
    "overlapAngle": 45.0,
    "Tn_Ttol": 0.01,
    "Tn_maxiter": 160,
    "include_zeroT_loops": true,
    "include_scalar_loops": true,
    "include_thermal": true,
    "include_scalar_thermal": true,
    "include_daisy": true,
    "renormalize_zeroT_loops": true,
    "thermal_approx": "spline"
  },
  "key_temperatures": {
    "Tn": 79.89902493704248,
    "Tc": 94.05663255905203,
    "Ts_false": 53.3659644531206,
    "Ts_true": 95.54948242187466,
    "S_at_Tn": 11181.06687279883,
    "S_over_Tn": 139.93996649657618,
    "false_phase_key": 2,
    "true_phase_key": 0,
    "phi_false_Tn": 4.098184202492062e-05,
    "phi_true_Tn": 227.0503003823535,
    "vTn_over_Tn": 2.8417155348423946,
    "Tc_minus_Tn_over_Tc": 0.1505221613491309
  },
  "gw_scales": {
    "gw_T_star_GeV": 79.89902493704248,
    "gw_alpha": 0.02388253074682331,
    "gw_beta_over_H": 1096.1808245089321,
    "gw_v_w": 1.0,
    "gw_g_star": 106.75
  },
  "gw_peaks": {
    "sw": {
      "f_peak_mHz": 16.73091141130181,
      "f_peak_Hz": 0.016730911411301813,
      "omega_peak": 1.1581660915631772e-16
    },
    "turb": {
      "f_peak_mHz": 28.64491511478483,
      "f_peak_Hz": 0.02864491511478483,
      "omega_peak": 8.41528401426882e-21
    },
    "coll": {
      "f_peak_mHz": NaN,
      "f_peak_Hz": NaN,
      "omega_peak": NaN
    },
    "total": {
      "f_peak_mHz": 16.73091141130181,
      "f_peak_Hz": 0.016730911411301813,
      "omega_peak": 1.1582397847319034e-16
    }
  },
  "gw_run_parameters": {
    "g_star": 106.75,
    "v_w": 1.0,
    "epsilon_turb": 1.0,
    "frequency_unit": "mHz"
  },
  "S3": 11180.55131336624,
  "S3_over_T": 139.93351385922554,
  "bounce_diagnostics": {
    "label": "results_eft68_c6f22p85657_c8f45_f1000_mh125_Glauber_off",
    "C": NaN,
    "Lambda_GeV": NaN,
    "finiteT": null,
    "temperature_GeV": NaN,
    "phi_metaMin": 4.098184202492062e-05,
    "phi_absMin": 227.0503003823535,
    "phi_bar": 116.79162600131284,
    "phi_top": 78.38343367154579,
    "V(phi_meta)": -105621027.5375156,
    "V(phi_true)": -120061736.27594408,
    "V(phi_top)": -104350154.01225878,
    "DeltaV_true_minus_meta": -14440708.738428488,
    "r0": 2.838554687479486e-06,
    "phi0": 221.2015337653632,
    "dphi0": -0.04585838571752248,
    "rscale_cubic": 0.02838554687479486,
    "rscale_curv": 0.027000889310020957,
    "wall_r_hi": 0.11791618737497449,
    "wall_thickness": 0.08111340939005071,
    "S_total": 11180.55131336624,
    "S_kin": 16767.484259004574,
    "S_pot": -5586.932945638332,
    "S_interior": 0.0,
    "S3_over_T": NaN,
    "beta_rscale": 35.229196196602324,
    "beta_curvature": 37.03581545748418,
    "beta_wall": 12.32841779823718,
    "Tn_from_transitionFinder_GeV": 79.89902493704248,
    "Tc_from_transitionFinder_GeV": 94.05663255905203,
    "T_spinodal_high_GeV": NaN,
    "T_spinodal_low_GeV": NaN,
    "gw_T_star_GeV": 79.89902493704248,
    "gw_alpha": 0.02388253074682331,
    "gw_beta_over_H": 1096.1808245089321,
    "gw_R_star_times_H": NaN,
    "gw_Gamma_Tstar_GeV4": NaN,
    "gw_dT_for_beta_GeV": NaN,
    "gw_f_sw_peak_Hz": NaN,
    "gw_f_turb_peak_Hz": NaN,
    "gw_f_coll_peak_Hz": NaN,
    "gw_g_star": 106.75,
    "gw_v_w": 1.0,
    "omega_sw_peak": NaN,
    "omega_turb_peak": NaN,
    "omega_coll_peak": NaN,
    "omega_tot_peak": NaN
  }
}