{
  "label": "results_eft68_c6f20_c8f40_f801p283_mh125_Glauber_C6p23_Lambda2000",
  "model_parameters": {
    "c6_over_f2_TeV2": 0.0,
    "c8_over_f4_TeV4": 0.0,
    "f_GeV": 801.2830802150039,
    "m_h": 125.0,
    "v": 246.0,
    "m_w": 80.36,
    "m_z": 91.19,
    "m_t": 173.1,
    "use_glauber_measure": true,
    "C_glauber": 6.23,
    "Lambda_glauber": 2000.0
  },
  "scan_parameters": {
    "T_min": 1.0,
    "T_max": 250.0,
    "phi_scan_range": [
      -10.0,
      801.2830802150039
    ],
    "n_phi_scan": 1200,
    "n_T_seeds": 3,
    "deltaX_target": 0.1,
    "x_eps": 0.001,
    "T_eps": 0.01,
    "deriv_order": 4,
    "phitol": 1e-05,
    "overlapAngle": 45.0,
    "Tn_Ttol": 0.001,
    "Tn_maxiter": 160,
    "include_zeroT_loops": true,
    "include_scalar_loops": true,
    "include_thermal": true,
    "include_scalar_thermal": true,
    "include_daisy": false,
    "renormalize_zeroT_loops": true,
    "thermal_approx": "spline"
  },
  "key_temperatures": {
    "Tn": 84.70164446479868,
    "Tc": 92.6273095561167,
    "Ts_false": 75.86865859374743,
    "Ts_true": 98.92946289062462,
    "S_at_Tn": 11855.851858516315,
    "S_over_Tn": 139.9719206566705,
    "false_phase_key": 1,
    "true_phase_key": 0,
    "phi_false_Tn": -0.0011674997970183504,
    "phi_true_Tn": 222.14359416526014,
    "vTn_over_Tn": 2.622659755532624,
    "Tc_minus_Tn_over_Tc": 0.08556510093296398
  },
  "gw_scales": {
    "gw_T_star_GeV": 84.70164446479868,
    "gw_alpha": 0.021423292840150335,
    "gw_beta_over_H": 2789.636573266833,
    "gw_v_w": 1.0,
    "gw_g_star": 106.75
  },
  "gw_peaks": {
    "sw": {
      "f_peak_mHz": 45.41657140440864,
      "f_peak_Hz": 0.04541657140440864,
      "omega_peak": 1.3161570550731074e-17
    },
    "turb": {
      "f_peak_mHz": 77.75749931979493,
      "f_peak_Hz": 0.07775749931979493,
      "omega_peak": 9.562681001183958e-22
    },
    "coll": {
      "f_peak_mHz": NaN,
      "f_peak_Hz": NaN,
      "omega_peak": NaN
    },
    "total": {
      "f_peak_mHz": 45.41657140440864,
      "f_peak_Hz": 0.04541657140440864,
      "omega_peak": 1.3162410490961217e-17
    }
  },
  "gw_run_parameters": {
    "g_star": 106.75,
    "v_w": 1.0,
    "epsilon_turb": 1.0,
    "frequency_unit": "mHz"
  },
  "S3": 11845.031492265092,
  "S3_over_T": 139.84417383050683,
  "bounce_diagnostics": {
    "label": "results_eft68_c6f20_c8f40_f801p283_mh125_Glauber_C6p23_Lambda2000",
    "C": NaN,
    "Lambda_GeV": NaN,
    "finiteT": null,
    "temperature_GeV": NaN,
    "phi_metaMin": -0.0011674997970183504,
    "phi_absMin": 222.14359416526014,
    "phi_bar": 114.32425863273731,
    "phi_top": 76.7667804825815,
    "V(phi_meta)": -141305278.3546602,
    "V(phi_true)": -151966979.64340633,
    "V(phi_top)": -140543300.15706566,
    "DeltaV_true_minus_meta": -10661701.288746119,
    "r0": 3.59031897434835e-06,
    "phi0": 217.55166843419534,
    "dphi0": -0.03921036841855635,
    "rscale_cubic": 0.0359031897434835,
    "rscale_curv": 0.03416482582011307,
    "wall_r_hi": 0.13802853132802187,
    "wall_thickness": 0.0945823917670004,
    "S_total": 11845.031492265092,
    "S_kin": 17763.82105006812,
    "S_pot": -5918.789557803026,
    "S_interior": 0.0,
    "S3_over_T": NaN,
    "beta_rscale": 27.852678470761834,
    "beta_curvature": 29.269865325295292,
    "beta_wall": 10.572792475616989,
    "Tn_from_transitionFinder_GeV": 84.70164446479868,
    "Tc_from_transitionFinder_GeV": 92.6273095561167,
    "T_spinodal_high_GeV": NaN,
    "T_spinodal_low_GeV": NaN,
    "gw_T_star_GeV": 84.70164446479868,
    "gw_alpha": 0.021423292840150335,
    "gw_beta_over_H": 2789.636573266833,
    "gw_R_star_times_H": NaN,
    "gw_Gamma_Tstar_GeV4": NaN,
    "gw_dT_for_beta_GeV": NaN,
    "gw_f_sw_peak_Hz": NaN,
    "gw_f_turb_peak_Hz": NaN,
    "gw_f_coll_peak_Hz": NaN,
    "gw_g_star": 106.75,
    "gw_v_w": 1.0,
    "omega_sw_peak": NaN,
    "omega_turb_peak": NaN,
    "omega_coll_peak": NaN,
    "omega_tot_peak": NaN
  }
}