{
  "label": "results_eft68_c6f23p14141_c8f42_f1000_mh125_Glauber_off",
  "model_parameters": {
    "c6_over_f2_TeV2": 3.1414141414141414,
    "c8_over_f4_TeV4": 2.0,
    "f_GeV": 1000.0,
    "m_h": 125.0,
    "v": 246.0,
    "m_w": 80.36,
    "m_z": 91.19,
    "m_t": 173.1,
    "use_glauber_measure": false,
    "C_glauber": 0.0,
    "Lambda_glauber": 1000.0
  },
  "derived_tree_coefficients": {
    "glauber_scheme": "counterterm_subtracted",
    "lambda_tree": -0.1670471962793418,
    "mu2_tree_GeV2": -1259.0744967543715,
    "a0_mean_field": 0.2517525903889828,
    "glauber_t0": 0.0,
    "glauber_lambda_shift": 0.0,
    "glauber_mu2_shift_after_lambda_GeV2": 0.0,
    "lambda_tree_raw_glauber_equivalent": -0.1670471962793418,
    "mu2_tree_raw_glauber_equivalent_GeV2": -1259.0744967543715,
    "combo_TeV2": 6.6459242828282825
  },
  "scan_parameters": {
    "T_min": 1.0,
    "T_max": 250.0,
    "phi_scan_range": [
      -10,
      1000.0
    ],
    "n_phi_scan": 1200,
    "n_T_seeds": 3,
    "deltaX_target": 0.1,
    "x_eps": 0.001,
    "T_eps": 0.01,
    "deriv_order": 4,
    "phitol": 0.0001,
    "overlapAngle": 45.0,
    "Tn_Ttol": 0.01,
    "Tn_maxiter": 160,
    "include_zeroT_loops": true,
    "include_scalar_loops": true,
    "include_thermal": true,
    "include_scalar_thermal": true,
    "include_daisy": true,
    "renormalize_zeroT_loops": true,
    "thermal_approx": "spline"
  },
  "key_temperatures": {
    "Tn": 77.74616563619817,
    "Tc": 93.32671070381878,
    "Ts_false": 47.54485996093254,
    "Ts_true": 95.54218749999966,
    "S_at_Tn": 10878.132690911136,
    "S_over_Tn": 139.91857478623152,
    "false_phase_key": 2,
    "true_phase_key": 0,
    "phi_false_Tn": 3.593344840869413e-05,
    "phi_true_Tn": 229.05800170667482,
    "vTn_over_Tn": 2.9462289211601544,
    "Tc_minus_Tn_over_Tc": 0.16694625740177377
  },
  "gw_scales": {
    "gw_T_star_GeV": 77.74616563619817,
    "gw_alpha": 0.026907523148140485,
    "gw_beta_over_H": 779.400595718189,
    "gw_v_w": 1.0,
    "gw_g_star": 106.75
  },
  "gw_peaks": {
    "sw": {
      "f_peak_mHz": 11.571406623687016,
      "f_peak_Hz": 0.011571406623687016,
      "omega_peak": 3.202319864893744e-16
    },
    "turb": {
      "f_peak_mHz": 19.81135111804306,
      "f_peak_Hz": 0.01981135111804306,
      "omega_peak": 2.326833527469779e-20
    },
    "coll": {
      "f_peak_mHz": NaN,
      "f_peak_Hz": NaN,
      "omega_peak": NaN
    },
    "total": {
      "f_peak_mHz": 11.571406623687016,
      "f_peak_Hz": 0.011571406623687016,
      "omega_peak": 3.2025235928674465e-16
    }
  },
  "gw_run_parameters": {
    "g_star": 106.75,
    "v_w": 1.0,
    "epsilon_turb": 1.0,
    "frequency_unit": "mHz"
  },
  "S3": 10879.053576084982,
  "S3_over_T": 139.9304195526751,
  "bounce_diagnostics": {
    "label": "results_eft68_c6f23p14141_c8f42_f1000_mh125_Glauber_off",
    "C": NaN,
    "Lambda_GeV": NaN,
    "finiteT": null,
    "temperature_GeV": NaN,
    "phi_metaMin": 3.593344840869413e-05,
    "phi_absMin": 229.05800170667482,
    "phi_bar": 117.32600273956633,
    "phi_top": 79.01568002733879,
    "V(phi_meta)": -94581155.56766915,
    "V(phi_true)": -110362258.57795042,
    "V(phi_top)": -93216781.0201448,
    "DeltaV_true_minus_meta": -15781103.010281265,
    "r0": 2.7616628312824767e-06,
    "phi0": 222.97526158903707,
    "dphi0": -0.049403330043193396,
    "rscale_cubic": 0.027616628312824767,
    "rscale_curv": 0.026289653565412456,
    "wall_r_hi": 0.1138063477109404,
    "wall_thickness": 0.07866020654692674,
    "S_total": 10879.053576084982,
    "S_kin": 16320.127173517121,
    "S_pot": -5441.073597432138,
    "S_interior": 0.0,
    "S3_over_T": NaN,
    "beta_rscale": 36.210068393309776,
    "beta_curvature": 38.03777990431309,
    "beta_wall": 12.71290839292959,
    "Tn_from_transitionFinder_GeV": 77.74616563619817,
    "Tc_from_transitionFinder_GeV": 93.32671070381878,
    "T_spinodal_high_GeV": NaN,
    "T_spinodal_low_GeV": NaN,
    "gw_T_star_GeV": 77.74616563619817,
    "gw_alpha": 0.026907523148140485,
    "gw_beta_over_H": 779.400595718189,
    "gw_R_star_times_H": NaN,
    "gw_Gamma_Tstar_GeV4": NaN,
    "gw_dT_for_beta_GeV": NaN,
    "gw_f_sw_peak_Hz": NaN,
    "gw_f_turb_peak_Hz": NaN,
    "gw_f_coll_peak_Hz": NaN,
    "gw_g_star": 106.75,
    "gw_v_w": 1.0,
    "omega_sw_peak": NaN,
    "omega_turb_peak": NaN,
    "omega_coll_peak": NaN,
    "omega_tot_peak": NaN
  }
}