{
  "label": "results_eft68_c6f23p33131_c8f42_f1000_mh125_Glauber_off",
  "model_parameters": {
    "c6_over_f2_TeV2": 3.3313131313131312,
    "c8_over_f4_TeV4": 2.0,
    "f_GeV": 1000.0,
    "m_h": 125.0,
    "v": 246.0,
    "m_w": 80.36,
    "m_z": 91.19,
    "m_t": 173.1,
    "use_glauber_measure": false,
    "C_glauber": 0.0,
    "Lambda_glauber": 1000.0
  },
  "derived_tree_coefficients": {
    "glauber_scheme": "counterterm_subtracted",
    "lambda_tree": -0.18428508718843276,
    "mu2_tree_GeV2": -1780.6585998816472,
    "a0_mean_field": 0.24313364493443732,
    "glauber_t0": 0.0,
    "glauber_lambda_shift": 0.0,
    "glauber_mu2_shift_after_lambda_GeV2": 0.0,
    "lambda_tree_raw_glauber_equivalent": -0.18428508718843276,
    "mu2_tree_raw_glauber_equivalent_GeV2": -1780.6585998816472,
    "combo_TeV2": 7.025722262626262
  },
  "scan_parameters": {
    "T_min": 1.0,
    "T_max": 250.0,
    "phi_scan_range": [
      -10,
      1000.0
    ],
    "n_phi_scan": 1200,
    "n_T_seeds": 3,
    "deltaX_target": 0.1,
    "x_eps": 0.001,
    "T_eps": 0.01,
    "deriv_order": 4,
    "phitol": 0.0001,
    "overlapAngle": 45.0,
    "Tn_Ttol": 0.01,
    "Tn_maxiter": 160,
    "include_zeroT_loops": true,
    "include_scalar_loops": true,
    "include_thermal": true,
    "include_scalar_thermal": true,
    "include_daisy": true,
    "renormalize_zeroT_loops": true,
    "thermal_approx": "spline"
  },
  "key_temperatures": {
    "Tn": 66.47392871172207,
    "Tc": 89.29208903784709,
    "Ts_false": 20.95501562499428,
    "Ts_true": 93.81669531249969,
    "S_at_Tn": 9299.369425885856,
    "S_over_Tn": 139.89498749524034,
    "false_phase_key": 2,
    "true_phase_key": 0,
    "phi_false_Tn": -5.495402200728299e-05,
    "phi_true_Tn": 236.62209418006773,
    "vTn_over_Tn": 3.55962252819791,
    "Tc_minus_Tn_over_Tc": 0.2555451504382811
  },
  "gw_scales": {
    "gw_T_star_GeV": 66.47392871172207,
    "gw_alpha": 0.05043444332293509,
    "gw_beta_over_H": 104.28010548906505,
    "gw_v_w": 1.0,
    "gw_g_star": 106.75
  },
  "gw_peaks": {
    "sw": {
      "f_peak_mHz": 1.3261790668192919,
      "f_peak_Hz": 0.0013261790668192919,
      "omega_peak": 1.010863338235885e-13
    },
    "turb": {
      "f_peak_mHz": 2.2705449728448093,
      "f_peak_Hz": 0.0022705449728448093,
      "omega_peak": 7.344802613002436e-18
    },
    "coll": {
      "f_peak_mHz": NaN,
      "f_peak_Hz": NaN,
      "omega_peak": NaN
    },
    "total": {
      "f_peak_mHz": 1.3261790668192919,
      "f_peak_Hz": 0.0013261790668192919,
      "omega_peak": 1.0109277044683274e-13
    }
  },
  "gw_run_parameters": {
    "g_star": 106.75,
    "v_w": 1.0,
    "epsilon_turb": 1.0,
    "frequency_unit": "mHz"
  },
  "S3": 9302.753934712764,
  "S3_over_T": 139.94590232594916,
  "bounce_diagnostics": {
    "label": "results_eft68_c6f23p33131_c8f42_f1000_mh125_Glauber_off",
    "C": NaN,
    "Lambda_GeV": NaN,
    "finiteT": null,
    "temperature_GeV": NaN,
    "phi_metaMin": -5.495402200728299e-05,
    "phi_absMin": 236.62209418006773,
    "phi_bar": 116.85238172533056,
    "phi_top": 79.57272127560391,
    "V(phi_meta)": -50227606.74404331,
    "V(phi_true)": -71583198.23790078,
    "V(phi_top)": -48741980.065358534,
    "DeltaV_true_minus_meta": -21355591.493857466,
    "r0": 2.665225994704388e-06,
    "phi0": 228.36737074837342,
    "dphi0": -0.07798542217431616,
    "rscale_cubic": 0.02665225994704388,
    "rscale_curv": 0.025988594702093862,
    "wall_r_hi": 0.10136558747297489,
    "wall_thickness": 0.07355264157468737,
    "S_total": 9302.753934712764,
    "S_kin": 13964.609671221608,
    "S_pot": -4661.855736508843,
    "S_interior": 0.0,
    "S3_over_T": NaN,
    "beta_rscale": 37.52027040059372,
    "beta_curvature": 38.478416332620355,
    "beta_wall": 13.595704771317731,
    "Tn_from_transitionFinder_GeV": 66.47392871172207,
    "Tc_from_transitionFinder_GeV": 89.29208903784709,
    "T_spinodal_high_GeV": NaN,
    "T_spinodal_low_GeV": NaN,
    "gw_T_star_GeV": 66.47392871172207,
    "gw_alpha": 0.05043444332293509,
    "gw_beta_over_H": 104.28010548906505,
    "gw_R_star_times_H": NaN,
    "gw_Gamma_Tstar_GeV4": NaN,
    "gw_dT_for_beta_GeV": NaN,
    "gw_f_sw_peak_Hz": NaN,
    "gw_f_turb_peak_Hz": NaN,
    "gw_f_coll_peak_Hz": NaN,
    "gw_g_star": 106.75,
    "gw_v_w": 1.0,
    "omega_sw_peak": NaN,
    "omega_turb_peak": NaN,
    "omega_coll_peak": NaN,
    "omega_tot_peak": NaN
  }
}