{
  "label": "results_eft68_c6f22p8404_c8f45_f1000_mh125_Glauber_off",
  "model_parameters": {
    "c6_over_f2_TeV2": 2.8404040404040405,
    "c8_over_f4_TeV4": 5.0,
    "f_GeV": 1000.0,
    "m_h": 125.0,
    "v": 246.0,
    "m_w": 80.36,
    "m_z": 91.19,
    "m_t": 173.1,
    "use_glauber_measure": false,
    "C_glauber": 0.0,
    "Lambda_glauber": 1000.0
  },
  "derived_tree_coefficients": {
    "glauber_scheme": "counterterm_subtracted",
    "lambda_tree": -0.15620314352225093,
    "mu2_tree_GeV2": -1097.1707960313897,
    "a0_mean_field": 0.25717461676752823,
    "glauber_t0": 0.0,
    "glauber_lambda_shift": 0.0,
    "glauber_mu2_shift_after_lambda_GeV2": 0.0,
    "lambda_tree_raw_glauber_equivalent": -0.15620314352225093,
    "mu2_tree_raw_glauber_equivalent_GeV2": -1097.1707960313897,
    "combo_TeV2": 6.588548080808081
  },
  "scan_parameters": {
    "T_min": 1.0,
    "T_max": 250.0,
    "phi_scan_range": [
      -10,
      1000.0
    ],
    "n_phi_scan": 1200,
    "n_T_seeds": 3,
    "deltaX_target": 0.1,
    "x_eps": 0.001,
    "T_eps": 0.01,
    "deriv_order": 4,
    "phitol": 0.0001,
    "overlapAngle": 45.0,
    "Tn_Ttol": 0.01,
    "Tn_maxiter": 160,
    "include_zeroT_loops": true,
    "include_scalar_loops": true,
    "include_thermal": true,
    "include_scalar_thermal": true,
    "include_daisy": true,
    "renormalize_zeroT_loops": true,
    "thermal_approx": "spline"
  },
  "key_temperatures": {
    "Tn": 80.63602939015803,
    "Tc": 94.39341010167334,
    "Ts_false": 54.842894335933224,
    "Ts_true": 95.70364843749965,
    "S_at_Tn": 11289.480908810876,
    "S_over_Tn": 140.00541686132186,
    "false_phase_key": 2,
    "true_phase_key": 0,
    "phi_false_Tn": -5.4159840001409604e-05,
    "phi_true_Tn": 226.35651837150448,
    "vTn_over_Tn": 2.8071386957345923,
    "Tc_minus_Tn_over_Tc": 0.1457451393767522
  },
  "gw_scales": {
    "gw_T_star_GeV": 80.63602939015803,
    "gw_alpha": 0.02300461103704202,
    "gw_beta_over_H": 1214.4738201075663,
    "gw_v_w": 1.0,
    "gw_g_star": 106.75
  },
  "gw_peaks": {
    "sw": {
      "f_peak_mHz": 18.918966775122765,
      "f_peak_Hz": 0.018918966775122767,
      "omega_peak": 8.490421460805813e-17
    },
    "turb": {
      "f_peak_mHz": 31.89724157884989,
      "f_peak_Hz": 0.03189724157884989,
      "omega_peak": 6.1691255209653175e-21
    },
    "coll": {
      "f_peak_mHz": NaN,
      "f_peak_Hz": NaN,
      "omega_peak": NaN
    },
    "total": {
      "f_peak_mHz": 18.918966775122765,
      "f_peak_Hz": 0.018918966775122767,
      "omega_peak": 8.490964659334761e-17
    }
  },
  "gw_run_parameters": {
    "g_star": 106.75,
    "v_w": 1.0,
    "epsilon_turb": 1.0,
    "frequency_unit": "mHz"
  },
  "S3": 11286.262761333212,
  "S3_over_T": 139.96550731341873,
  "bounce_diagnostics": {
    "label": "results_eft68_c6f22p8404_c8f45_f1000_mh125_Glauber_off",
    "C": NaN,
    "Lambda_GeV": NaN,
    "finiteT": null,
    "temperature_GeV": NaN,
    "phi_metaMin": -5.4159840001409604e-05,
    "phi_absMin": 226.35651837150448,
    "phi_bar": 116.57465782129348,
    "phi_top": 78.09959733590689,
    "V(phi_meta)": -109616197.10398723,
    "V(phi_true)": -123688971.85653277,
    "V(phi_top)": -108367154.19610366,
    "DeltaV_true_minus_meta": -14072774.752545536,
    "r0": 2.8528884571335836e-06,
    "phi0": 220.58037363378537,
    "dphi0": -0.04464941430229892,
    "rscale_cubic": 0.028528884571335834,
    "rscale_curv": 0.027101213897650422,
    "wall_r_hi": 0.1190692950854122,
    "wall_thickness": 0.08174841342438507,
    "S_total": 11286.262761333212,
    "S_kin": 16925.743883312385,
    "S_pot": -5639.481121979173,
    "S_interior": 0.0,
    "S3_over_T": NaN,
    "beta_rscale": 35.052194119245094,
    "beta_curvature": 36.89871524893213,
    "beta_wall": 12.2326533092287,
    "Tn_from_transitionFinder_GeV": 80.63602939015803,
    "Tc_from_transitionFinder_GeV": 94.39341010167334,
    "T_spinodal_high_GeV": NaN,
    "T_spinodal_low_GeV": NaN,
    "gw_T_star_GeV": 80.63602939015803,
    "gw_alpha": 0.02300461103704202,
    "gw_beta_over_H": 1214.4738201075663,
    "gw_R_star_times_H": NaN,
    "gw_Gamma_Tstar_GeV4": NaN,
    "gw_dT_for_beta_GeV": NaN,
    "gw_f_sw_peak_Hz": NaN,
    "gw_f_turb_peak_Hz": NaN,
    "gw_f_coll_peak_Hz": NaN,
    "gw_g_star": 106.75,
    "gw_v_w": 1.0,
    "omega_sw_peak": NaN,
    "omega_turb_peak": NaN,
    "omega_coll_peak": NaN,
    "omega_tot_peak": NaN
  }
}