{
  "label": "results_eft68_c6f20_c8f40_f515p503_mh125_Glauber_C3p76303_Lambda1000",
  "model_parameters": {
    "c6_over_f2_TeV2": 0.0,
    "c8_over_f4_TeV4": 0.0,
    "f_GeV": 515.502934899344,
    "m_h": 125.0,
    "v": 246.0,
    "m_w": 80.36,
    "m_z": 91.19,
    "m_t": 173.1,
    "use_glauber_measure": true,
    "C_glauber": 3.763030303030303,
    "Lambda_glauber": 1000.0
  },
  "derived_tree_coefficients": {
    "glauber_scheme": "counterterm_subtracted",
    "lambda_tree": 0.12909808976138543,
    "mu2_tree_GeV2": 7812.5,
    "a0_mean_field": 0.3998252334093464,
    "glauber_t0": 0.22772354181818183,
    "glauber_lambda_shift": 0.0,
    "glauber_mu2_shift_after_lambda_GeV2": 0.0,
    "lambda_tree_raw_glauber_equivalent": -0.4723111584991769,
    "mu2_tree_raw_glauber_equivalent_GeV2": 94843.19964773391,
    "combo_TeV2": 0.0
  },
  "scan_parameters": {
    "T_min": 1.0,
    "T_max": 250.0,
    "phi_scan_range": [
      -10.0,
      515.502934899344
    ],
    "n_phi_scan": 1200,
    "n_T_seeds": 3,
    "deltaX_target": 0.1,
    "x_eps": 0.001,
    "T_eps": 0.01,
    "deriv_order": 4,
    "phitol": 0.0001,
    "overlapAngle": 45.0,
    "Tn_Ttol": 0.01,
    "Tn_maxiter": 160,
    "include_zeroT_loops": true,
    "include_scalar_loops": true,
    "include_thermal": true,
    "include_scalar_thermal": true,
    "include_daisy": false,
    "renormalize_zeroT_loops": true,
    "thermal_approx": "spline"
  },
  "key_temperatures": {
    "Tn": 59.808443955485785,
    "Tc": 78.9343005445951,
    "Ts_false": 44.481819531245335,
    "Ts_true": 91.00036914062477,
    "S_at_Tn": 8370.961563693683,
    "S_over_Tn": 139.96287162936426,
    "false_phase_key": 1,
    "true_phase_key": 0,
    "phi_false_Tn": -0.0003095054285418311,
    "phi_true_Tn": 239.69706120147893,
    "vTn_over_Tn": 4.0077461533672505,
    "Tc_minus_Tn_over_Tc": 0.2423009573424152
  },
  "gw_scales": {
    "gw_T_star_GeV": 59.808443955485785,
    "gw_alpha": 0.07539027708873179,
    "gw_beta_over_H": 656.9362730507584,
    "gw_v_w": 1.0,
    "gw_g_star": 106.75
  },
  "gw_peaks": {
    "sw": {
      "f_peak_mHz": 7.525992880893312,
      "f_peak_Hz": 0.007525992880893312,
      "omega_peak": 7.433954166142974e-15
    },
    "turb": {
      "f_peak_mHz": 12.885217184405017,
      "f_peak_Hz": 0.012885217184405016,
      "omega_peak": 5.401336222846878e-19
    },
    "coll": {
      "f_peak_mHz": NaN,
      "f_peak_Hz": NaN,
      "omega_peak": NaN
    },
    "total": {
      "f_peak_mHz": 7.525992880893312,
      "f_peak_Hz": 0.007525992880893312,
      "omega_peak": 7.434427794607368e-15
    }
  },
  "gw_run_parameters": {
    "g_star": 106.75,
    "v_w": 1.0,
    "epsilon_turb": 1.0,
    "frequency_unit": "mHz"
  },
  "S3": 8371.29189596351,
  "S3_over_T": 139.96839480047487,
  "bounce_diagnostics": {
    "label": "results_eft68_c6f20_c8f40_f515p503_mh125_Glauber_C3p76303_Lambda1000",
    "C": NaN,
    "Lambda_GeV": NaN,
    "finiteT": null,
    "temperature_GeV": NaN,
    "phi_metaMin": -0.0003095054285418311,
    "phi_absMin": 239.69706120147893,
    "phi_bar": 111.68038717401684,
    "phi_top": 77.18527361817569,
    "V(phi_meta)": -37223466.96316771,
    "V(phi_true)": -57859811.01495151,
    "V(phi_top)": -36400706.22671531,
    "DeltaV_true_minus_meta": -20636344.0517838,
    "r0": 3.4739517740829426e-06,
    "phi0": 229.85151680515003,
    "dphi0": -0.12185433467613246,
    "rscale_cubic": 0.03473951774082942,
    "rscale_curv": 0.03188646608384551,
    "wall_r_hi": 0.10921381022655972,
    "wall_thickness": 0.08406873678396505,
    "S_total": 8371.29189596351,
    "S_kin": 12546.705904218903,
    "S_pot": -4175.414008255391,
    "S_interior": 0.0,
    "S3_over_T": NaN,
    "beta_rscale": 28.785661547186592,
    "beta_curvature": 31.361268318530275,
    "beta_wall": 11.895028262048731,
    "Tn_from_transitionFinder_GeV": 59.808443955485785,
    "Tc_from_transitionFinder_GeV": 78.9343005445951,
    "T_spinodal_high_GeV": NaN,
    "T_spinodal_low_GeV": NaN,
    "gw_T_star_GeV": 59.808443955485785,
    "gw_alpha": 0.07539027708873179,
    "gw_beta_over_H": 656.9362730507584,
    "gw_R_star_times_H": NaN,
    "gw_Gamma_Tstar_GeV4": NaN,
    "gw_dT_for_beta_GeV": NaN,
    "gw_f_sw_peak_Hz": NaN,
    "gw_f_turb_peak_Hz": NaN,
    "gw_f_coll_peak_Hz": NaN,
    "gw_g_star": 106.75,
    "gw_v_w": 1.0,
    "omega_sw_peak": NaN,
    "omega_turb_peak": NaN,
    "omega_coll_peak": NaN,
    "omega_tot_peak": NaN
  }
}