{
  "label": "results_eft68_c6f20_c8f40_f518p138_mh125_Glauber_C3p72485_Lambda1000",
  "model_parameters": {
    "c6_over_f2_TeV2": 0.0,
    "c8_over_f4_TeV4": 0.0,
    "f_GeV": 518.138297949638,
    "m_h": 125.0,
    "v": 246.0,
    "m_w": 80.36,
    "m_z": 91.19,
    "m_t": 173.1,
    "use_glauber_measure": true,
    "C_glauber": 3.724848484848485,
    "Lambda_glauber": 1000.0
  },
  "derived_tree_coefficients": {
    "glauber_scheme": "counterterm_subtracted",
    "lambda_tree": 0.12909808976138543,
    "mu2_tree_GeV2": 7812.5,
    "a0_mean_field": 0.3998252334093464,
    "glauber_t0": 0.22541293090909093,
    "glauber_lambda_shift": 0.0,
    "glauber_mu2_shift_after_lambda_GeV2": 0.0,
    "lambda_tree_raw_glauber_equivalent": -0.45665825498163476,
    "mu2_tree_raw_glauber_equivalent_GeV2": 94173.659955172,
    "combo_TeV2": 0.0
  },
  "scan_parameters": {
    "T_min": 1.0,
    "T_max": 250.0,
    "phi_scan_range": [
      -10.0,
      518.138297949638
    ],
    "n_phi_scan": 1200,
    "n_T_seeds": 3,
    "deltaX_target": 0.1,
    "x_eps": 0.001,
    "T_eps": 0.01,
    "deriv_order": 4,
    "phitol": 0.0001,
    "overlapAngle": 45.0,
    "Tn_Ttol": 0.01,
    "Tn_maxiter": 160,
    "include_zeroT_loops": true,
    "include_scalar_loops": true,
    "include_thermal": true,
    "include_scalar_thermal": true,
    "include_daisy": true,
    "renormalize_zeroT_loops": true,
    "thermal_approx": "spline"
  },
  "key_temperatures": {
    "Tn": 66.97032184035494,
    "Tc": 82.60334025833042,
    "Ts_false": 53.70629687499593,
    "Ts_true": 93.30313281249971,
    "S_at_Tn": 9369.60351394744,
    "S_over_Tn": 139.90680134825797,
    "false_phase_key": 1,
    "true_phase_key": 0,
    "phi_false_Tn": -0.0003194583048508356,
    "phi_true_Tn": 236.81975518351283,
    "vTn_over_Tn": 3.536189593773314,
    "Tc_minus_Tn_over_Tc": 0.189254070950223
  },
  "gw_scales": {
    "gw_T_star_GeV": 66.97032184035494,
    "gw_alpha": 0.049185269784127426,
    "gw_beta_over_H": 1044.7835351405388,
    "gw_v_w": 1.0,
    "gw_g_star": 106.75
  },
  "gw_peaks": {
    "sw": {
      "f_peak_mHz": 13.49299699644052,
      "f_peak_Hz": 0.013492996996440519,
      "omega_peak": 9.409202089994675e-16
    },
    "turb": {
      "f_peak_mHz": 22.749095652733732,
      "f_peak_Hz": 0.022749095652733732,
      "omega_peak": 6.836432568198982e-20
    },
    "coll": {
      "f_peak_mHz": NaN,
      "f_peak_Hz": NaN,
      "omega_peak": NaN
    },
    "total": {
      "f_peak_mHz": 13.49299699644052,
      "f_peak_Hz": 0.013492996996440519,
      "omega_peak": 9.409803531796038e-16
    }
  },
  "gw_run_parameters": {
    "g_star": 106.75,
    "v_w": 1.0,
    "epsilon_turb": 1.0,
    "frequency_unit": "mHz"
  },
  "S3": 9369.604134220925,
  "S3_over_T": 139.9068106101738,
  "bounce_diagnostics": {
    "label": "results_eft68_c6f20_c8f40_f518p138_mh125_Glauber_C3p72485_Lambda1000",
    "C": NaN,
    "Lambda_GeV": NaN,
    "finiteT": null,
    "temperature_GeV": NaN,
    "phi_metaMin": -0.0003194583048508356,
    "phi_absMin": 236.81975518351283,
    "phi_bar": 114.74098530758445,
    "phi_top": 78.861805159303,
    "V(phi_meta)": -57918911.405903235,
    "V(phi_true)": -75802387.58137222,
    "V(phi_top)": -57068282.1333988,
    "DeltaV_true_minus_meta": -17883476.17546898,
    "r0": 3.4907816636197687e-06,
    "phi0": 229.2116934941161,
    "dphi0": -0.08932361029506619,
    "rscale_cubic": 0.034907816636197686,
    "rscale_curv": 0.03271520396661405,
    "wall_r_hi": 0.11543937737449797,
    "wall_thickness": 0.08548870457913244,
    "S_total": 9369.604134220925,
    "S_kin": 14044.760756868718,
    "S_pot": -4675.156622647793,
    "S_interior": 0.0,
    "S3_over_T": NaN,
    "beta_rscale": 28.646879019154962,
    "beta_curvature": 30.566840761089118,
    "beta_wall": 11.697451785274769,
    "Tn_from_transitionFinder_GeV": 66.97032184035494,
    "Tc_from_transitionFinder_GeV": 82.60334025833042,
    "T_spinodal_high_GeV": NaN,
    "T_spinodal_low_GeV": NaN,
    "gw_T_star_GeV": 66.97032184035494,
    "gw_alpha": 0.049185269784127426,
    "gw_beta_over_H": 1044.7835351405388,
    "gw_R_star_times_H": NaN,
    "gw_Gamma_Tstar_GeV4": NaN,
    "gw_dT_for_beta_GeV": NaN,
    "gw_f_sw_peak_Hz": NaN,
    "gw_f_turb_peak_Hz": NaN,
    "gw_f_coll_peak_Hz": NaN,
    "gw_g_star": 106.75,
    "gw_v_w": 1.0,
    "omega_sw_peak": NaN,
    "omega_turb_peak": NaN,
    "omega_coll_peak": NaN,
    "omega_tot_peak": NaN
  }
}