{
  "label": "results_eft68_c6f21_c8f45_f1000_mh125_Glauber_C3p04667_Lambda1000",
  "model_parameters": {
    "c6_over_f2_TeV2": 1.0,
    "c8_over_f4_TeV4": 5.0,
    "f_GeV": 1000.0,
    "m_h": 125.0,
    "v": 246.0,
    "m_w": 80.36,
    "m_z": 91.19,
    "m_t": 173.1,
    "use_glauber_measure": true,
    "C_glauber": 3.046666666666667,
    "Lambda_glauber": 1000.0
  },
  "derived_tree_coefficients": {
    "glauber_scheme": "counterterm_subtracted",
    "lambda_tree": 0.010857692841385418,
    "mu2_tree_GeV2": 3957.7559906595197,
    "a0_mean_field": 0.3407050349493464,
    "glauber_t0": 0.18437208000000002,
    "glauber_lambda_shift": 0.0,
    "glauber_mu2_shift_after_lambda_GeV2": 0.0,
    "lambda_tree_raw_glauber_equivalent": -0.34257439616048957,
    "mu2_tree_raw_glauber_equivalent_GeV2": 77187.31952211467,
    "combo_TeV2": 2.90774
  },
  "scan_parameters": {
    "T_min": 1.0,
    "T_max": 250.0,
    "phi_scan_range": [
      -10.0,
      572.9114862838532
    ],
    "n_phi_scan": 1200,
    "n_T_seeds": 3,
    "deltaX_target": 0.1,
    "x_eps": 0.001,
    "T_eps": 0.01,
    "deriv_order": 4,
    "phitol": 0.0001,
    "overlapAngle": 45.0,
    "Tn_Ttol": 0.01,
    "Tn_maxiter": 160,
    "include_zeroT_loops": true,
    "include_scalar_loops": true,
    "include_thermal": true,
    "include_scalar_thermal": true,
    "include_daisy": false,
    "renormalize_zeroT_loops": true,
    "thermal_approx": "spline"
  },
  "key_temperatures": {
    "Tn": 80.08177865115097,
    "Tc": 90.39742503393853,
    "Ts_false": 67.7314164062468,
    "Ts_true": 97.30123632812465,
    "S_at_Tn": 11213.545214854288,
    "S_over_Tn": 140.02617578840605,
    "false_phase_key": 1,
    "true_phase_key": 0,
    "phi_false_Tn": -0.0002660942669254143,
    "phi_true_Tn": 226.39602783834746,
    "vTn_over_Tn": 2.8270604331175604,
    "Tc_minus_Tn_over_Tc": 0.11411438300277567
  },
  "gw_scales": {
    "gw_T_star_GeV": 80.08177865115097,
    "gw_alpha": 0.024723032723557976,
    "gw_beta_over_H": 1763.8426246937013,
    "gw_v_w": 1.0,
    "gw_g_star": 106.75
  },
  "gw_peaks": {
    "sw": {
      "f_peak_mHz": 26.937583405636264,
      "f_peak_Hz": 0.026937583405636265,
      "omega_peak": 4.930151532504724e-17
    },
    "turb": {
      "f_peak_mHz": 46.11971046183719,
      "f_peak_Hz": 0.04611971046183719,
      "omega_peak": 3.582387071816172e-21
    },
    "coll": {
      "f_peak_mHz": NaN,
      "f_peak_Hz": NaN,
      "omega_peak": NaN
    },
    "total": {
      "f_peak_mHz": 26.937583405636264,
      "f_peak_Hz": 0.026937583405636265,
      "omega_peak": 4.9304649863338824e-17
    }
  },
  "gw_run_parameters": {
    "g_star": 106.75,
    "v_w": 1.0,
    "epsilon_turb": 1.0,
    "frequency_unit": "mHz"
  },
  "S3": 11213.547503186277,
  "S3_over_T": 140.02620436334567,
  "bounce_diagnostics": {
    "label": "results_eft68_c6f21_c8f45_f1000_mh125_Glauber_C3p04667_Lambda1000",
    "C": NaN,
    "Lambda_GeV": NaN,
    "finiteT": null,
    "temperature_GeV": NaN,
    "phi_metaMin": -0.0002660942669254143,
    "phi_absMin": 226.39602783834746,
    "phi_bar": 114.55762632025323,
    "phi_top": 77.4196942250365,
    "V(phi_meta)": -110054695.67274277,
    "V(phi_true)": -122457698.01297005,
    "V(phi_top)": -109202473.5858644,
    "DeltaV_true_minus_meta": -12403002.340227276,
    "r0": 3.4237411797228167e-06,
    "phi0": 221.04262275182325,
    "dphi0": -0.0482906001617125,
    "rscale_cubic": 0.03423741179722817,
    "rscale_curv": 0.03250904945328716,
    "wall_r_hi": 0.1299617574083069,
    "wall_thickness": 0.0908375046136351,
    "S_total": 11213.547503186277,
    "S_kin": 16799.30036529394,
    "S_pot": -5585.7528621076635,
    "S_interior": 0.0,
    "S3_over_T": NaN,
    "beta_rscale": 29.207815296393377,
    "beta_curvature": 30.76065006738068,
    "beta_wall": 11.008668767964986,
    "Tn_from_transitionFinder_GeV": 80.08177865115097,
    "Tc_from_transitionFinder_GeV": 90.39742503393853,
    "T_spinodal_high_GeV": NaN,
    "T_spinodal_low_GeV": NaN,
    "gw_T_star_GeV": 80.08177865115097,
    "gw_alpha": 0.024723032723557976,
    "gw_beta_over_H": 1763.8426246937013,
    "gw_R_star_times_H": NaN,
    "gw_Gamma_Tstar_GeV4": NaN,
    "gw_dT_for_beta_GeV": NaN,
    "gw_f_sw_peak_Hz": NaN,
    "gw_f_turb_peak_Hz": NaN,
    "gw_f_coll_peak_Hz": NaN,
    "gw_g_star": 106.75,
    "gw_v_w": 1.0,
    "omega_sw_peak": NaN,
    "omega_turb_peak": NaN,
    "omega_coll_peak": NaN,
    "omega_tot_peak": NaN
  }
}