{
  "label": "results_eft68_c6f20_c8f40_f1235p6_mh125_Glauber_C10p48_Lambda4000",
  "model_parameters": {
    "c6_over_f2_TeV2": 0.0,
    "c8_over_f4_TeV4": 0.0,
    "f_GeV": 1235.604126430431,
    "m_h": 125.0,
    "v": 246.0,
    "m_w": 80.36,
    "m_z": 91.19,
    "m_t": 173.1,
    "use_glauber_measure": true,
    "C_glauber": 10.48,
    "Lambda_glauber": 4000.0
  },
  "scan_parameters": {
    "T_min": 1.0,
    "T_max": 250.0,
    "phi_scan_range": [
      -10.0,
      1235.604126430431
    ],
    "n_phi_scan": 1200,
    "n_T_seeds": 3,
    "deltaX_target": 0.1,
    "x_eps": 0.001,
    "T_eps": 0.01,
    "deriv_order": 4,
    "phitol": 1e-05,
    "overlapAngle": 45.0,
    "Tn_Ttol": 0.001,
    "Tn_maxiter": 160,
    "include_zeroT_loops": true,
    "include_scalar_loops": true,
    "include_thermal": true,
    "include_scalar_thermal": true,
    "include_daisy": true,
    "renormalize_zeroT_loops": true,
    "thermal_approx": "spline"
  },
  "key_temperatures": {
    "Tn": 81.5395339577705,
    "Tc": 91.60077603630486,
    "Ts_false": 81.3800333975479,
    "Ts_true": 99.41287304687467,
    "S_at_Tn": 11419.098114447832,
    "S_over_Tn": 140.0437010145509,
    "false_phase_key": "6_5_4_3_2",
    "true_phase_key": 0,
    "phi_false_Tn": 0.0019197357929417805,
    "phi_true_Tn": 226.7696499851857,
    "vTn_over_Tn": 2.781100638895363,
    "Tc_minus_Tn_over_Tc": 0.10983795677174953
  },
  "gw_scales": {
    "gw_T_star_GeV": 81.5395339577705,
    "gw_alpha": 0.024958949572557135,
    "gw_beta_over_H": 1885.7294135516418,
    "gw_v_w": 1.0,
    "gw_g_star": 106.75
  },
  "gw_peaks": {
    "sw": {
      "f_peak_mHz": 29.538741847035077,
      "f_peak_Hz": 0.029538741847035078,
      "omega_peak": 4.43050017641594e-17
    },
    "turb": {
      "f_peak_mHz": 50.57314165409389,
      "f_peak_Hz": 0.05057314165409389,
      "omega_peak": 3.2190321085559894e-21
    },
    "coll": {
      "f_peak_mHz": NaN,
      "f_peak_Hz": NaN,
      "omega_peak": NaN
    },
    "total": {
      "f_peak_mHz": 29.538741847035077,
      "f_peak_Hz": 0.029538741847035078,
      "omega_peak": 4.430782847433234e-17
    }
  },
  "gw_run_parameters": {
    "g_star": 106.75,
    "v_w": 1.0,
    "epsilon_turb": 1.0,
    "frequency_unit": "mHz"
  },
  "S3": 11406.593847878377,
  "S3_over_T": 139.8903488188426,
  "bounce_diagnostics": {
    "label": "results_eft68_c6f20_c8f40_f1235p6_mh125_Glauber_C10p48_Lambda4000",
    "C": NaN,
    "Lambda_GeV": NaN,
    "finiteT": null,
    "temperature_GeV": NaN,
    "phi_metaMin": 0.0019197357929417805,
    "phi_absMin": 226.7696499851857,
    "phi_bar": 117.64875178387007,
    "phi_top": 79.36404720317569,
    "V(phi_meta)": -123546170.61227398,
    "V(phi_true)": -136661245.39973336,
    "V(phi_top)": -122584582.20177588,
    "DeltaV_true_minus_meta": -13115074.787459388,
    "r0": 3.304023032090617e-06,
    "phi0": 221.99309488865,
    "dphi0": -0.04349542905625048,
    "rscale_cubic": 0.033040230320906167,
    "rscale_curv": 0.03142233805028794,
    "wall_r_hi": 0.1269863857875479,
    "wall_thickness": 0.08695884468017324,
    "S_total": 11406.593847878377,
    "S_kin": 17102.283830843106,
    "S_pot": -5695.6899829647255,
    "S_interior": 0.0,
    "S3_over_T": NaN,
    "beta_rscale": 30.266132841309258,
    "beta_curvature": 31.82432197018836,
    "beta_wall": 11.499692799253594,
    "Tn_from_transitionFinder_GeV": 81.5395339577705,
    "Tc_from_transitionFinder_GeV": 91.60077603630486,
    "T_spinodal_high_GeV": NaN,
    "T_spinodal_low_GeV": NaN,
    "gw_T_star_GeV": 81.5395339577705,
    "gw_alpha": 0.024958949572557135,
    "gw_beta_over_H": 1885.7294135516418,
    "gw_R_star_times_H": NaN,
    "gw_Gamma_Tstar_GeV4": NaN,
    "gw_dT_for_beta_GeV": NaN,
    "gw_f_sw_peak_Hz": NaN,
    "gw_f_turb_peak_Hz": NaN,
    "gw_f_coll_peak_Hz": NaN,
    "gw_g_star": 106.75,
    "gw_v_w": 1.0,
    "omega_sw_peak": NaN,
    "omega_turb_peak": NaN,
    "omega_coll_peak": NaN,
    "omega_tot_peak": NaN
  }
}