{
  "label": "results_eft68_c6f20_c8f40_f524p142_mh125_Glauber_C3p64_Lambda1000",
  "model_parameters": {
    "c6_over_f2_TeV2": 0.0,
    "c8_over_f4_TeV4": 0.0,
    "f_GeV": 524.1424183609591,
    "m_h": 125.0,
    "v": 246.0,
    "m_w": 80.36,
    "m_z": 91.19,
    "m_t": 173.1,
    "use_glauber_measure": true,
    "C_glauber": 3.64,
    "Lambda_glauber": 1000.0
  },
  "derived_tree_coefficients": {
    "glauber_scheme": "counterterm_subtracted",
    "lambda_tree": 0.12909808976138543,
    "mu2_tree_GeV2": 7812.5,
    "a0_mean_field": 0.3998252334093464,
    "glauber_t0": 0.22027824000000001,
    "glauber_lambda_shift": 0.0,
    "glauber_mu2_shift_after_lambda_GeV2": 0.0,
    "lambda_tree_raw_glauber_equivalent": -0.42293323434308766,
    "mu2_tree_raw_glauber_equivalent_GeV2": 92656.00195254592,
    "combo_TeV2": 0.0
  },
  "scan_parameters": {
    "T_min": 1.0,
    "T_max": 250.0,
    "phi_scan_range": [
      -10.0,
      524.1424183609591
    ],
    "n_phi_scan": 1200,
    "n_T_seeds": 3,
    "deltaX_target": 0.1,
    "x_eps": 0.001,
    "T_eps": 0.01,
    "deriv_order": 4,
    "phitol": 0.0001,
    "overlapAngle": 45.0,
    "Tn_Ttol": 0.01,
    "Tn_maxiter": 160,
    "include_zeroT_loops": true,
    "include_scalar_loops": true,
    "include_thermal": true,
    "include_scalar_thermal": true,
    "include_daisy": true,
    "renormalize_zeroT_loops": true,
    "thermal_approx": "spline"
  },
  "key_temperatures": {
    "Tn": 77.43514597316603,
    "Tc": 87.94130962195518,
    "Ts_false": 67.63843046874696,
    "Ts_true": 95.89331640624967,
    "S_at_Tn": 10840.129873609289,
    "S_over_Tn": 139.9897906483675,
    "false_phase_key": 1,
    "true_phase_key": 0,
    "phi_false_Tn": -0.0003595331890513611,
    "phi_true_Tn": 229.82357715619005,
    "vTn_over_Tn": 2.967949169177416,
    "Tc_minus_Tn_over_Tc": 0.11946790073917907
  },
  "gw_scales": {
    "gw_T_star_GeV": 77.43514597316603,
    "gw_alpha": 0.028757929838672307,
    "gw_beta_over_H": 1913.8827302108486,
    "gw_v_w": 1.0,
    "gw_g_star": 106.75
  },
  "gw_peaks": {
    "sw": {
      "f_peak_mHz": 28.64491511478483,
      "f_peak_Hz": 0.02864491511478483,
      "omega_peak": 6.396461200421059e-17
    },
    "turb": {
      "f_peak_mHz": 48.29512035632884,
      "f_peak_Hz": 0.04829512035632884,
      "omega_peak": 4.647715965865509e-21
    },
    "coll": {
      "f_peak_mHz": NaN,
      "f_peak_Hz": NaN,
      "omega_peak": NaN
    },
    "total": {
      "f_peak_mHz": 28.64491511478483,
      "f_peak_Hz": 0.02864491511478483,
      "omega_peak": 6.396870532950123e-17
    }
  },
  "gw_run_parameters": {
    "g_star": 106.75,
    "v_w": 1.0,
    "epsilon_turb": 1.0,
    "frequency_unit": "mHz"
  },
  "S3": 10840.174313385181,
  "S3_over_T": 139.9903645450824,
  "bounce_diagnostics": {
    "label": "results_eft68_c6f20_c8f40_f524p142_mh125_Glauber_C3p64_Lambda1000",
    "C": NaN,
    "Lambda_GeV": NaN,
    "finiteT": null,
    "temperature_GeV": NaN,
    "phi_metaMin": -0.0003595331890513611,
    "phi_absMin": 229.82357715619005,
    "phi_bar": 115.21622688450951,
    "phi_top": 78.03201702923293,
    "V(phi_meta)": -101171718.78469096,
    "V(phi_true)": -114365037.51292275,
    "V(phi_top)": -100419061.61101282,
    "DeltaV_true_minus_meta": -13193318.728231788,
    "r0": 3.6719825289601676e-06,
    "phi0": 224.1827077483434,
    "dphi0": -0.0575856384046857,
    "rscale_cubic": 0.036719825289601674,
    "rscale_curv": 0.03513129262022961,
    "wall_r_hi": 0.12981956326142852,
    "wall_thickness": 0.09231497673223185,
    "S_total": 10840.174313385181,
    "S_kin": 16260.094390200986,
    "S_pot": -5419.920076815804,
    "S_interior": 0.0,
    "S3_over_T": NaN,
    "beta_rscale": 27.23324504169632,
    "beta_curvature": 28.46464079171448,
    "beta_wall": 10.832478492634978,
    "Tn_from_transitionFinder_GeV": 77.43514597316603,
    "Tc_from_transitionFinder_GeV": 87.94130962195518,
    "T_spinodal_high_GeV": NaN,
    "T_spinodal_low_GeV": NaN,
    "gw_T_star_GeV": 77.43514597316603,
    "gw_alpha": 0.028757929838672307,
    "gw_beta_over_H": 1913.8827302108486,
    "gw_R_star_times_H": NaN,
    "gw_Gamma_Tstar_GeV4": NaN,
    "gw_dT_for_beta_GeV": NaN,
    "gw_f_sw_peak_Hz": NaN,
    "gw_f_turb_peak_Hz": NaN,
    "gw_f_coll_peak_Hz": NaN,
    "gw_g_star": 106.75,
    "gw_v_w": 1.0,
    "omega_sw_peak": NaN,
    "omega_turb_peak": NaN,
    "omega_coll_peak": NaN,
    "omega_tot_peak": NaN
  }
}