{
  "label": "results_eft68_c6f20_c8f40_f512p132_mh125_Glauber_C3p81273_Lambda1000",
  "model_parameters": {
    "c6_over_f2_TeV2": 0.0,
    "c8_over_f4_TeV4": 0.0,
    "f_GeV": 512.1322552122675,
    "m_h": 125.0,
    "v": 246.0,
    "m_w": 80.36,
    "m_z": 91.19,
    "m_t": 173.1,
    "use_glauber_measure": true,
    "C_glauber": 3.8127272727272725,
    "Lambda_glauber": 1000.0
  },
  "scan_parameters": {
    "T_min": 1.0,
    "T_max": 250.0,
    "phi_scan_range": [
      -10.0,
      512.1322552122675
    ],
    "n_phi_scan": 1200,
    "n_T_seeds": 3,
    "deltaX_target": 0.1,
    "x_eps": 0.001,
    "T_eps": 0.01,
    "deriv_order": 4,
    "phitol": 1e-05,
    "overlapAngle": 45.0,
    "Tn_Ttol": 0.001,
    "Tn_maxiter": 160,
    "include_zeroT_loops": true,
    "include_scalar_loops": true,
    "include_thermal": true,
    "include_scalar_thermal": true,
    "include_daisy": false,
    "renormalize_zeroT_loops": true,
    "thermal_approx": "spline"
  },
  "key_temperatures": {
    "Tn": 48.86285628497284,
    "Tc": 75.35453027851081,
    "Ts_false": 27.901677929681988,
    "Ts_true": 89.57640039062478,
    "S_at_Tn": 6840.713327048576,
    "S_over_Tn": 139.9982286576307,
    "false_phase_key": 1,
    "true_phase_key": 0,
    "phi_false_Tn": -0.0004016866924768216,
    "phi_true_Tn": 242.97610739687755,
    "vTn_over_Tn": 4.972613675709371,
    "Tc_minus_Tn_over_Tc": 0.3515604688347811
  },
  "gw_scales": {
    "gw_T_star_GeV": 48.86285628497284,
    "gw_alpha": 0.16167331275880095,
    "gw_beta_over_H": 331.57449194925215,
    "gw_v_w": 1.0,
    "gw_g_star": 106.75
  },
  "gw_peaks": {
    "sw": {
      "f_peak_mHz": 3.1350673302830963,
      "f_peak_Hz": 0.0031350673302830965,
      "omega_peak": 1.98459863418648e-13
    },
    "turb": {
      "f_peak_mHz": 5.285700915310741,
      "f_peak_Hz": 0.005285700915310741,
      "omega_peak": 1.4420689905076168e-17
    },
    "coll": {
      "f_peak_mHz": NaN,
      "f_peak_Hz": NaN,
      "omega_peak": NaN
    },
    "total": {
      "f_peak_mHz": 3.1350673302830963,
      "f_peak_Hz": 0.0031350673302830965,
      "omega_peak": 1.9847257082569194e-13
    }
  },
  "gw_run_parameters": {
    "g_star": 106.75,
    "v_w": 1.0,
    "epsilon_turb": 1.0,
    "frequency_unit": "mHz"
  },
  "S3": 6837.002181582758,
  "S3_over_T": 139.92227842164422,
  "bounce_diagnostics": {
    "label": "results_eft68_c6f20_c8f40_f512p132_mh125_Glauber_C3p81273_Lambda1000",
    "C": NaN,
    "Lambda_GeV": NaN,
    "finiteT": null,
    "temperature_GeV": NaN,
    "phi_metaMin": -0.0004016866924768216,
    "phi_absMin": 242.97610739687755,
    "phi_bar": 104.11019238932752,
    "phi_top": 72.38543499999321,
    "V(phi_meta)": -17551764.236549415,
    "V(phi_true)": -42150962.2676245,
    "V(phi_top)": -16887211.59797916,
    "DeltaV_true_minus_meta": -24599198.031075083,
    "r0": 3.6250439816514164e-06,
    "phi0": 227.4402816456821,
    "dphi0": -0.20285803742224184,
    "rscale_cubic": 0.036250439816514164,
    "rscale_curv": 0.03251218105968089,
    "wall_r_hi": 0.10305156080989446,
    "wall_thickness": 0.08620988080607696,
    "S_total": 6837.002181582758,
    "S_kin": 10255.149052979008,
    "S_pot": -3418.146871396249,
    "S_interior": 0.0,
    "S3_over_T": NaN,
    "beta_rscale": 27.585872200768232,
    "beta_curvature": 30.757702992637423,
    "beta_wall": 11.59959845263479,
    "Tn_from_transitionFinder_GeV": 48.86285628497284,
    "Tc_from_transitionFinder_GeV": 75.35453027851081,
    "T_spinodal_high_GeV": NaN,
    "T_spinodal_low_GeV": NaN,
    "gw_T_star_GeV": 48.86285628497284,
    "gw_alpha": 0.16167331275880095,
    "gw_beta_over_H": 331.57449194925215,
    "gw_R_star_times_H": NaN,
    "gw_Gamma_Tstar_GeV4": NaN,
    "gw_dT_for_beta_GeV": NaN,
    "gw_f_sw_peak_Hz": NaN,
    "gw_f_turb_peak_Hz": NaN,
    "gw_f_coll_peak_Hz": NaN,
    "gw_g_star": 106.75,
    "gw_v_w": 1.0,
    "omega_sw_peak": NaN,
    "omega_turb_peak": NaN,
    "omega_coll_peak": NaN,
    "omega_tot_peak": NaN
  }
}