{
  "label": "results_eft68_c6f20_c8f40_f514p923_mh125_Glauber_C3p77152_Lambda1000",
  "model_parameters": {
    "c6_over_f2_TeV2": 0.0,
    "c8_over_f4_TeV4": 0.0,
    "f_GeV": 514.9227400785871,
    "m_h": 125.0,
    "v": 246.0,
    "m_w": 80.36,
    "m_z": 91.19,
    "m_t": 173.1,
    "use_glauber_measure": true,
    "C_glauber": 3.7715151515151515,
    "Lambda_glauber": 1000.0
  },
  "derived_tree_coefficients": {
    "glauber_scheme": "counterterm_subtracted",
    "lambda_tree": 0.12909808976138543,
    "mu2_tree_GeV2": 7812.5,
    "a0_mean_field": 0.3998252334093464,
    "glauber_t0": 0.2282370109090909,
    "glauber_lambda_shift": 0.0,
    "glauber_mu2_shift_after_lambda_GeV2": 0.0,
    "lambda_tree_raw_glauber_equivalent": -0.4758304600676074,
    "mu2_tree_raw_glauber_equivalent_GeV2": 94990.82716218138,
    "combo_TeV2": 0.0
  },
  "scan_parameters": {
    "T_min": 1.0,
    "T_max": 250.0,
    "phi_scan_range": [
      -10.0,
      514.9227400785871
    ],
    "n_phi_scan": 1200,
    "n_T_seeds": 3,
    "deltaX_target": 0.1,
    "x_eps": 0.001,
    "T_eps": 0.01,
    "deriv_order": 4,
    "phitol": 0.0001,
    "overlapAngle": 45.0,
    "Tn_Ttol": 0.01,
    "Tn_maxiter": 160,
    "include_zeroT_loops": true,
    "include_scalar_loops": true,
    "include_thermal": true,
    "include_scalar_thermal": true,
    "include_daisy": false,
    "renormalize_zeroT_loops": true,
    "thermal_approx": "spline"
  },
  "key_temperatures": {
    "Tn": 58.249501472621965,
    "Tc": 78.34357959409438,
    "Ts_false": 42.144137499995125,
    "Ts_true": 90.75477343749976,
    "S_at_Tn": 8156.3310179803075,
    "S_over_Tn": 140.02404847728852,
    "false_phase_key": 1,
    "true_phase_key": 0,
    "phi_false_Tn": -0.00030292551328878426,
    "phi_true_Tn": 240.28369929629014,
    "vTn_over_Tn": 4.125077352107926,
    "Tc_minus_Tn_over_Tc": 0.25648659693087505
  },
  "gw_scales": {
    "gw_T_star_GeV": 58.249501472621965,
    "gw_alpha": 0.08321106405395956,
    "gw_beta_over_H": 648.4695727450572,
    "gw_v_w": 1.0,
    "gw_g_star": 106.75
  },
  "gw_peaks": {
    "sw": {
      "f_peak_mHz": 7.298260309936079,
      "f_peak_Hz": 0.007298260309936079,
      "omega_peak": 9.8686425001823e-15
    },
    "turb": {
      "f_peak_mHz": 12.30481426276792,
      "f_peak_Hz": 0.01230481426276792,
      "omega_peak": 7.170562142586688e-19
    },
    "coll": {
      "f_peak_mHz": NaN,
      "f_peak_Hz": NaN,
      "omega_peak": NaN
    },
    "total": {
      "f_peak_mHz": 7.298260309936079,
      "f_peak_Hz": 0.007298260309936079,
      "omega_peak": 9.869273916010755e-15
    }
  },
  "gw_run_parameters": {
    "g_star": 106.75,
    "v_w": 1.0,
    "epsilon_turb": 1.0,
    "frequency_unit": "mHz"
  },
  "S3": 8156.245633948271,
  "S3_over_T": 140.02258264445084,
  "bounce_diagnostics": {
    "label": "results_eft68_c6f20_c8f40_f514p923_mh125_Glauber_C3p77152_Lambda1000",
    "C": NaN,
    "Lambda_GeV": NaN,
    "finiteT": null,
    "temperature_GeV": NaN,
    "phi_metaMin": -0.00030292551328878426,
    "phi_absMin": 240.28369929629014,
    "phi_bar": 110.82814546707527,
    "phi_top": 76.68406143826283,
    "V(phi_meta)": -33698847.20767166,
    "V(phi_true)": -54954131.479341805,
    "V(phi_top)": -32890638.78217975,
    "DeltaV_true_minus_meta": -21255284.271670148,
    "r0": 3.482326678738943e-06,
    "phi0": 229.8173976695317,
    "dphi0": -0.13101430604269507,
    "rscale_cubic": 0.03482326678738943,
    "rscale_curv": 0.03182311922606414,
    "wall_r_hi": 0.10804110167914861,
    "wall_thickness": 0.08399722318871722,
    "S_total": 8156.245633948271,
    "S_kin": 12221.64894696791,
    "S_pot": -4065.4033130196403,
    "S_interior": 0.0,
    "S3_over_T": NaN,
    "beta_rscale": 28.716432783443814,
    "beta_curvature": 31.423687884840557,
    "beta_wall": 11.905155456785662,
    "Tn_from_transitionFinder_GeV": 58.249501472621965,
    "Tc_from_transitionFinder_GeV": 78.34357959409438,
    "T_spinodal_high_GeV": NaN,
    "T_spinodal_low_GeV": NaN,
    "gw_T_star_GeV": 58.249501472621965,
    "gw_alpha": 0.08321106405395956,
    "gw_beta_over_H": 648.4695727450572,
    "gw_R_star_times_H": NaN,
    "gw_Gamma_Tstar_GeV4": NaN,
    "gw_dT_for_beta_GeV": NaN,
    "gw_f_sw_peak_Hz": NaN,
    "gw_f_turb_peak_Hz": NaN,
    "gw_f_coll_peak_Hz": NaN,
    "gw_g_star": 106.75,
    "gw_v_w": 1.0,
    "omega_sw_peak": NaN,
    "omega_turb_peak": NaN,
    "omega_coll_peak": NaN,
    "omega_tot_peak": NaN
  }
}