{
  "label": "results_eft68_c6f23p09167_c8f45_f1000_mh125_Glauber_off",
  "model_parameters": {
    "c6_over_f2_TeV2": 3.091666666666667,
    "c8_over_f4_TeV4": 5.0,
    "f_GeV": 1000.0,
    "m_h": 125.0,
    "v": 246.0,
    "m_w": 80.36,
    "m_z": 91.19,
    "m_t": 173.1,
    "use_glauber_measure": false,
    "C_glauber": 0.0,
    "Lambda_glauber": 1000.0
  },
  "scan_parameters": {
    "T_min": 1.0,
    "T_max": 250.0,
    "phi_scan_range": [
      -10,
      1000.0
    ],
    "n_phi_scan": 1200,
    "n_T_seeds": 3,
    "deltaX_target": 0.1,
    "x_eps": 0.001,
    "T_eps": 0.01,
    "deriv_order": 4,
    "phitol": 1e-05,
    "overlapAngle": 45.0,
    "Tn_Ttol": 0.001,
    "Tn_maxiter": 160,
    "include_zeroT_loops": true,
    "include_scalar_loops": true,
    "include_thermal": true,
    "include_scalar_thermal": true,
    "include_daisy": false,
    "renormalize_zeroT_loops": true,
    "thermal_approx": "spline"
  },
  "key_temperatures": {
    "Tn": 64.76113127877895,
    "Tc": 87.53062588764959,
    "Ts_false": 23.590719531244343,
    "Ts_true": 92.19770898437473,
    "S_at_Tn": 9066.75877932189,
    "S_over_Tn": 140.00309445324504,
    "false_phase_key": 2,
    "true_phase_key": 0,
    "phi_false_Tn": -4.885915624868863e-05,
    "phi_true_Tn": 237.06600003181526,
    "vTn_over_Tn": 3.660621662263913,
    "Tc_minus_Tn_over_Tc": 0.26013174677965345
  },
  "gw_scales": {
    "gw_T_star_GeV": 64.76113127877895,
    "gw_alpha": 0.05589327848902964,
    "gw_beta_over_H": 390.8021614089729,
    "gw_v_w": 1.0,
    "gw_g_star": 106.75
  },
  "gw_peaks": {
    "sw": {
      "f_peak_mHz": 4.894873258304822,
      "f_peak_Hz": 0.004894873258304822,
      "omega_peak": 9.49420647241647e-15
    },
    "turb": {
      "f_peak_mHz": 8.252721021916784,
      "f_peak_Hz": 0.008252721021916784,
      "omega_peak": 6.898678160168656e-19
    },
    "coll": {
      "f_peak_mHz": NaN,
      "f_peak_Hz": NaN,
      "omega_peak": NaN
    },
    "total": {
      "f_peak_mHz": 4.894873258304822,
      "f_peak_Hz": 0.004894873258304822,
      "omega_peak": 9.494814234668408e-15
    }
  },
  "gw_run_parameters": {
    "g_star": 106.75,
    "v_w": 1.0,
    "epsilon_turb": 1.0,
    "frequency_unit": "mHz"
  },
  "S3": 9079.543978155774,
  "S3_over_T": 140.20051532254467,
  "bounce_diagnostics": {
    "label": "results_eft68_c6f23p09167_c8f45_f1000_mh125_Glauber_off",
    "C": NaN,
    "Lambda_GeV": NaN,
    "finiteT": null,
    "temperature_GeV": NaN,
    "phi_metaMin": -4.885915624868863e-05,
    "phi_absMin": 237.06600003181526,
    "phi_bar": 115.92905317175209,
    "phi_top": 78.90977236246529,
    "V(phi_meta)": -44574468.66185703,
    "V(phi_true)": -66180221.91093832,
    "V(phi_top)": -43158229.062133014,
    "DeltaV_true_minus_meta": -21605753.24908129,
    "r0": 2.706992593091407e-06,
    "phi0": 228.28455080292335,
    "dphi0": -0.08419822365295236,
    "rscale_cubic": 0.027069925930914066,
    "rscale_curv": 0.0263637035953426,
    "wall_r_hi": 0.10115173370014545,
    "wall_thickness": 0.07428015993365604,
    "S_total": 9079.543978155774,
    "S_kin": 13620.495023714098,
    "S_pot": -4540.951045558325,
    "S_interior": 0.0,
    "S3_over_T": NaN,
    "beta_rscale": 36.94136447037678,
    "beta_curvature": 37.93093695313339,
    "beta_wall": 13.46254505769991,
    "Tn_from_transitionFinder_GeV": 64.76113127877895,
    "Tc_from_transitionFinder_GeV": 87.53062588764959,
    "T_spinodal_high_GeV": NaN,
    "T_spinodal_low_GeV": NaN,
    "gw_T_star_GeV": 64.76113127877895,
    "gw_alpha": 0.05589327848902964,
    "gw_beta_over_H": 390.8021614089729,
    "gw_R_star_times_H": NaN,
    "gw_Gamma_Tstar_GeV4": NaN,
    "gw_dT_for_beta_GeV": NaN,
    "gw_f_sw_peak_Hz": NaN,
    "gw_f_turb_peak_Hz": NaN,
    "gw_f_coll_peak_Hz": NaN,
    "gw_g_star": 106.75,
    "gw_v_w": 1.0,
    "omega_sw_peak": NaN,
    "omega_turb_peak": NaN,
    "omega_coll_peak": NaN,
    "omega_tot_peak": NaN
  }
}