{
  "label": "results_eft68_c6f20_c8f40_f515p358_mh125_Glauber_C3p76515_Lambda1000",
  "model_parameters": {
    "c6_over_f2_TeV2": 0.0,
    "c8_over_f4_TeV4": 0.0,
    "f_GeV": 515.3577023468353,
    "m_h": 125.0,
    "v": 246.0,
    "m_w": 80.36,
    "m_z": 91.19,
    "m_t": 173.1,
    "use_glauber_measure": true,
    "C_glauber": 3.765151515151515,
    "Lambda_glauber": 1000.0
  },
  "derived_tree_coefficients": {
    "glauber_scheme": "counterterm_subtracted",
    "lambda_tree": 0.12909808976138543,
    "mu2_tree_GeV2": 7812.5,
    "a0_mean_field": 0.3998252334093464,
    "glauber_t0": 0.22785190909090908,
    "glauber_lambda_shift": 0.0,
    "glauber_mu2_shift_after_lambda_GeV2": 0.0,
    "lambda_tree_raw_glauber_equivalent": -0.4731895828721749,
    "mu2_tree_raw_glauber_equivalent_GeV2": 94880.14634873238,
    "combo_TeV2": 0.0
  },
  "scan_parameters": {
    "T_min": 1.0,
    "T_max": 250.0,
    "phi_scan_range": [
      -10.0,
      515.3577023468353
    ],
    "n_phi_scan": 1200,
    "n_T_seeds": 3,
    "deltaX_target": 0.1,
    "x_eps": 0.001,
    "T_eps": 0.01,
    "deriv_order": 4,
    "phitol": 0.0001,
    "overlapAngle": 45.0,
    "Tn_Ttol": 0.01,
    "Tn_maxiter": 160,
    "include_zeroT_loops": true,
    "include_scalar_loops": true,
    "include_thermal": true,
    "include_scalar_thermal": true,
    "include_daisy": false,
    "renormalize_zeroT_loops": true,
    "thermal_approx": "spline"
  },
  "key_temperatures": {
    "Tn": 59.43296730339199,
    "Tc": 78.7873547764356,
    "Ts_false": 43.90255410155777,
    "Ts_true": 90.93860546874976,
    "S_at_Tn": 8321.356800102532,
    "S_over_Tn": 140.01247418160816,
    "false_phase_key": 1,
    "true_phase_key": 0,
    "phi_false_Tn": -0.0003381020835687744,
    "phi_true_Tn": 239.84246698980547,
    "vTn_over_Tn": 4.035512239620536,
    "Tc_minus_Tn_over_Tc": 0.24565347482426572
  },
  "gw_scales": {
    "gw_T_star_GeV": 59.43296730339199,
    "gw_alpha": 0.07717731343535938,
    "gw_beta_over_H": 676.8177456546074,
    "gw_v_w": 1.0,
    "gw_g_star": 106.75
  },
  "gw_peaks": {
    "sw": {
      "f_peak_mHz": 7.760831545860945,
      "f_peak_Hz": 0.007760831545860945,
      "omega_peak": 7.446321703028663e-15
    },
    "turb": {
      "f_peak_mHz": 13.084706031441257,
      "f_peak_Hz": 0.013084706031441257,
      "omega_peak": 5.410319447221314e-19
    },
    "coll": {
      "f_peak_mHz": NaN,
      "f_peak_Hz": NaN,
      "omega_peak": NaN
    },
    "total": {
      "f_peak_mHz": 7.760831545860945,
      "f_peak_Hz": 0.007760831545860945,
      "omega_peak": 7.446797790215283e-15
    }
  },
  "gw_run_parameters": {
    "g_star": 106.75,
    "v_w": 1.0,
    "epsilon_turb": 1.0,
    "frequency_unit": "mHz"
  },
  "S3": 8321.312829480967,
  "S3_over_T": 140.01173434606636,
  "bounce_diagnostics": {
    "label": "results_eft68_c6f20_c8f40_f515p358_mh125_Glauber_C3p76515_Lambda1000",
    "C": NaN,
    "Lambda_GeV": NaN,
    "finiteT": null,
    "temperature_GeV": NaN,
    "phi_metaMin": -0.0003381020835687744,
    "phi_absMin": 239.84246698980547,
    "phi_bar": 111.50670226443313,
    "phi_top": 77.08723438284947,
    "V(phi_meta)": -36349867.6726806,
    "V(phi_true)": -57133987.20127882,
    "V(phi_top)": -35529630.898791306,
    "DeltaV_true_minus_meta": -20784119.52859822,
    "r0": 3.4748745195488883e-06,
    "phi0": 229.86281012416464,
    "dphi0": -0.12386313581213283,
    "rscale_cubic": 0.03474874519548888,
    "rscale_curv": 0.03185896833762567,
    "wall_r_hi": 0.1089259107913756,
    "wall_thickness": 0.08402991267129568,
    "S_total": 8321.312829480967,
    "S_kin": 12471.212412963527,
    "S_pot": -4149.89958348256,
    "S_interior": 0.0,
    "S3_over_T": NaN,
    "beta_rscale": 28.778017576583487,
    "beta_curvature": 31.388348030399506,
    "beta_wall": 11.900524089698315,
    "Tn_from_transitionFinder_GeV": 59.43296730339199,
    "Tc_from_transitionFinder_GeV": 78.7873547764356,
    "T_spinodal_high_GeV": NaN,
    "T_spinodal_low_GeV": NaN,
    "gw_T_star_GeV": 59.43296730339199,
    "gw_alpha": 0.07717731343535938,
    "gw_beta_over_H": 676.8177456546074,
    "gw_R_star_times_H": NaN,
    "gw_Gamma_Tstar_GeV4": NaN,
    "gw_dT_for_beta_GeV": NaN,
    "gw_f_sw_peak_Hz": NaN,
    "gw_f_turb_peak_Hz": NaN,
    "gw_f_coll_peak_Hz": NaN,
    "gw_g_star": 106.75,
    "gw_v_w": 1.0,
    "omega_sw_peak": NaN,
    "omega_turb_peak": NaN,
    "omega_coll_peak": NaN,
    "omega_tot_peak": NaN
  }
}