{
  "label": "results_eft68_c6f20_c8f40_f791p902_mh125_Glauber_C6p37848_Lambda2000",
  "model_parameters": {
    "c6_over_f2_TeV2": 0.0,
    "c8_over_f4_TeV4": 0.0,
    "f_GeV": 791.9016202536699,
    "m_h": 125.0,
    "v": 246.0,
    "m_w": 80.36,
    "m_z": 91.19,
    "m_t": 173.1,
    "use_glauber_measure": true,
    "C_glauber": 6.378484848484849,
    "Lambda_glauber": 2000.0
  },
  "derived_tree_coefficients": {
    "glauber_scheme": "counterterm_subtracted",
    "lambda_tree": 0.12909808976138543,
    "mu2_tree_GeV2": 7812.5,
    "a0_mean_field": 0.3998252334093464,
    "glauber_t0": 0.09650009727272728,
    "glauber_lambda_shift": 0.0,
    "glauber_mu2_shift_after_lambda_GeV2": 0.0,
    "lambda_tree_raw_glauber_equivalent": -1.1333661913571575,
    "mu2_tree_raw_glauber_equivalent_GeV2": 646715.5959275449,
    "combo_TeV2": 0.0
  },
  "scan_parameters": {
    "T_min": 1.0,
    "T_max": 250.0,
    "phi_scan_range": [
      -10.0,
      791.9016202536699
    ],
    "n_phi_scan": 1200,
    "n_T_seeds": 3,
    "deltaX_target": 0.1,
    "x_eps": 0.001,
    "T_eps": 0.01,
    "deriv_order": 4,
    "phitol": 0.0001,
    "overlapAngle": 45.0,
    "Tn_Ttol": 0.01,
    "Tn_maxiter": 160,
    "include_zeroT_loops": true,
    "include_scalar_loops": true,
    "include_thermal": true,
    "include_scalar_thermal": true,
    "include_daisy": false,
    "renormalize_zeroT_loops": true,
    "thermal_approx": "spline"
  },
  "key_temperatures": {
    "Tn": 77.69831662434345,
    "Tc": 88.53849686365861,
    "Ts_false": 66.03889726562174,
    "Ts_true": 96.73077343749966,
    "S_at_Tn": 10888.512142663076,
    "S_over_Tn": 140.13832751753114,
    "false_phase_key": 1,
    "true_phase_key": 0,
    "phi_false_Tn": -0.0012522890120608594,
    "phi_true_Tn": 229.16618276691085,
    "vTn_over_Tn": 2.9494356213003385,
    "Tc_minus_Tn_over_Tc": 0.12243465411444776
  },
  "gw_scales": {
    "gw_T_star_GeV": 77.69831662434345,
    "gw_alpha": 0.02975292546279179,
    "gw_beta_over_H": 1666.912023863091,
    "gw_v_w": 1.0,
    "gw_g_star": 106.75
  },
  "gw_peaks": {
    "sw": {
      "f_peak_mHz": 24.945803549660923,
      "f_peak_Hz": 0.024945803549660923,
      "omega_peak": 9.272365667057282e-17
    },
    "turb": {
      "f_peak_mHz": 42.70959349336101,
      "f_peak_Hz": 0.042709593493361016,
      "omega_peak": 6.736946633414891e-21
    },
    "coll": {
      "f_peak_mHz": NaN,
      "f_peak_Hz": NaN,
      "omega_peak": NaN
    },
    "total": {
      "f_peak_mHz": 24.945803549660923,
      "f_peak_Hz": 0.024945803549660923,
      "omega_peak": 9.272958007332264e-17
    }
  },
  "gw_run_parameters": {
    "g_star": 106.75,
    "v_w": 1.0,
    "epsilon_turb": 1.0,
    "frequency_unit": "mHz"
  },
  "S3": 10887.932199853301,
  "S3_over_T": 140.13086348439668,
  "bounce_diagnostics": {
    "label": "results_eft68_c6f20_c8f40_f791p902_mh125_Glauber_C6p37848_Lambda2000",
    "C": NaN,
    "Lambda_GeV": NaN,
    "finiteT": null,
    "temperature_GeV": NaN,
    "phi_metaMin": -0.0012522890120608594,
    "phi_absMin": 229.16618276691085,
    "phi_bar": 116.80879137309711,
    "phi_top": 78.99440885654654,
    "V(phi_meta)": -101169326.16184162,
    "V(phi_true)": -115251093.69664288,
    "V(phi_top)": -100240006.86125469,
    "DeltaV_true_minus_meta": -14081767.53480126,
    "r0": 3.345377522627733e-06,
    "phi0": 223.7436633274786,
    "dphi0": -0.05209541523344454,
    "rscale_cubic": 0.03345377522627733,
    "rscale_curv": 0.0319990453979704,
    "wall_r_hi": 0.1240795069970312,
    "wall_thickness": 0.08668324347162829,
    "S_total": 10887.932199853301,
    "S_kin": 16332.009747307424,
    "S_pot": -5444.0775474541215,
    "S_interior": 0.0,
    "S3_over_T": NaN,
    "beta_rscale": 29.891992554984295,
    "beta_curvature": 31.250905431994074,
    "beta_wall": 11.536254989435223,
    "Tn_from_transitionFinder_GeV": 77.69831662434345,
    "Tc_from_transitionFinder_GeV": 88.53849686365861,
    "T_spinodal_high_GeV": NaN,
    "T_spinodal_low_GeV": NaN,
    "gw_T_star_GeV": 77.69831662434345,
    "gw_alpha": 0.02975292546279179,
    "gw_beta_over_H": 1666.912023863091,
    "gw_R_star_times_H": NaN,
    "gw_Gamma_Tstar_GeV4": NaN,
    "gw_dT_for_beta_GeV": NaN,
    "gw_f_sw_peak_Hz": NaN,
    "gw_f_turb_peak_Hz": NaN,
    "gw_f_coll_peak_Hz": NaN,
    "gw_g_star": 106.75,
    "gw_v_w": 1.0,
    "omega_sw_peak": NaN,
    "omega_turb_peak": NaN,
    "omega_coll_peak": NaN,
    "omega_tot_peak": NaN
  }
}