{
  "label": "results_eft68_c6f23p18182_c8f42_f1000_mh125_Glauber_off",
  "model_parameters": {
    "c6_over_f2_TeV2": 3.1818181818181817,
    "c8_over_f4_TeV4": 2.0,
    "f_GeV": 1000.0,
    "m_h": 125.0,
    "v": 246.0,
    "m_w": 80.36,
    "m_z": 91.19,
    "m_t": 173.1,
    "use_glauber_measure": false,
    "C_glauber": 0.0,
    "Lambda_glauber": 1000.0
  },
  "derived_tree_coefficients": {
    "glauber_scheme": "counterterm_subtracted",
    "lambda_tree": -0.17071483264297818,
    "mu2_tree_GeV2": -1370.0498378452803,
    "a0_mean_field": 0.2499187722071646,
    "glauber_t0": 0.0,
    "glauber_lambda_shift": 0.0,
    "glauber_mu2_shift_after_lambda_GeV2": 0.0,
    "lambda_tree_raw_glauber_equivalent": -0.17071483264297818,
    "mu2_tree_raw_glauber_equivalent_GeV2": -1370.0498378452803,
    "combo_TeV2": 6.726732363636363
  },
  "scan_parameters": {
    "T_min": 1.0,
    "T_max": 250.0,
    "phi_scan_range": [
      -10,
      1000.0
    ],
    "n_phi_scan": 1200,
    "n_T_seeds": 3,
    "deltaX_target": 0.1,
    "x_eps": 0.001,
    "T_eps": 0.01,
    "deriv_order": 4,
    "phitol": 0.0001,
    "overlapAngle": 45.0,
    "Tn_Ttol": 0.01,
    "Tn_maxiter": 160,
    "include_zeroT_loops": true,
    "include_scalar_loops": true,
    "include_thermal": true,
    "include_scalar_thermal": true,
    "include_daisy": false,
    "renormalize_zeroT_loops": true,
    "thermal_approx": "spline"
  },
  "key_temperatures": {
    "Tn": 73.86461527693511,
    "Tc": 90.86337305240473,
    "Ts_false": 41.9695457031197,
    "Ts_true": 93.93000976562469,
    "S_at_Tn": 10328.035545902489,
    "S_over_Tn": 139.8238589232524,
    "false_phase_key": 2,
    "true_phase_key": 0,
    "phi_false_Tn": -4.9390539421685494e-05,
    "phi_true_Tn": 231.44020050814797,
    "vTn_over_Tn": 3.1333027274348675,
    "Tc_minus_Tn_over_Tc": 0.1870804176030942
  },
  "gw_scales": {
    "gw_T_star_GeV": 73.86461527693511,
    "gw_alpha": 0.033367313315569344,
    "gw_beta_over_H": 787.9030642257281,
    "gw_v_w": 1.0,
    "gw_g_star": 106.75
  },
  "gw_peaks": {
    "sw": {
      "f_peak_mHz": 11.22126196879453,
      "f_peak_Hz": 0.011221261968794529,
      "omega_peak": 5.708381743350932e-16
    },
    "turb": {
      "f_peak_mHz": 18.918966775122765,
      "f_peak_Hz": 0.018918966775122767,
      "omega_peak": 4.147519067080106e-20
    },
    "coll": {
      "f_peak_mHz": NaN,
      "f_peak_Hz": NaN,
      "omega_peak": NaN
    },
    "total": {
      "f_peak_mHz": 11.22126196879453,
      "f_peak_Hz": 0.011221261968794529,
      "omega_peak": 5.708746598521566e-16
    }
  },
  "gw_run_parameters": {
    "g_star": 106.75,
    "v_w": 1.0,
    "epsilon_turb": 1.0,
    "frequency_unit": "mHz"
  },
  "S3": 10328.03698332792,
  "S3_over_T": 139.8238783835234,
  "bounce_diagnostics": {
    "label": "results_eft68_c6f23p18182_c8f42_f1000_mh125_Glauber_off",
    "C": NaN,
    "Lambda_GeV": NaN,
    "finiteT": null,
    "temperature_GeV": NaN,
    "phi_metaMin": -4.9390539421685494e-05,
    "phi_absMin": 231.44020050814797,
    "phi_bar": 117.0655969568006,
    "phi_top": 79.26064080415802,
    "V(phi_meta)": -75847856.53906335,
    "V(phi_true)": -93228385.87787469,
    "V(phi_top)": -74446639.51056197,
    "DeltaV_true_minus_meta": -17380529.338811338,
    "r0": 2.733565731113453e-06,
    "phi0": 224.6179160713871,
    "dphi0": -0.05808273538617499,
    "rscale_cubic": 0.02733565731113453,
    "rscale_curv": 0.026067955642791886,
    "wall_r_hi": 0.10953996267248793,
    "wall_thickness": 0.07706970772368726,
    "S_total": 10328.03698332792,
    "S_kin": 15450.661599310222,
    "S_pot": -5122.624615982303,
    "S_interior": 0.0,
    "S3_over_T": NaN,
    "beta_rscale": 36.58225549940128,
    "beta_curvature": 38.3612766029136,
    "beta_wall": 12.975266541625295,
    "Tn_from_transitionFinder_GeV": 73.86461527693511,
    "Tc_from_transitionFinder_GeV": 90.86337305240473,
    "T_spinodal_high_GeV": NaN,
    "T_spinodal_low_GeV": NaN,
    "gw_T_star_GeV": 73.86461527693511,
    "gw_alpha": 0.033367313315569344,
    "gw_beta_over_H": 787.9030642257281,
    "gw_R_star_times_H": NaN,
    "gw_Gamma_Tstar_GeV4": NaN,
    "gw_dT_for_beta_GeV": NaN,
    "gw_f_sw_peak_Hz": NaN,
    "gw_f_turb_peak_Hz": NaN,
    "gw_f_coll_peak_Hz": NaN,
    "gw_g_star": 106.75,
    "gw_v_w": 1.0,
    "omega_sw_peak": NaN,
    "omega_turb_peak": NaN,
    "omega_coll_peak": NaN,
    "omega_tot_peak": NaN
  }
}