{
  "label": "results_eft68_c6f20_c8f40_f517p549_mh125_Glauber_C3p73333_Lambda1000",
  "model_parameters": {
    "c6_over_f2_TeV2": 0.0,
    "c8_over_f4_TeV4": 0.0,
    "f_GeV": 517.5491695067657,
    "m_h": 125.0,
    "v": 246.0,
    "m_w": 80.36,
    "m_z": 91.19,
    "m_t": 173.1,
    "use_glauber_measure": true,
    "C_glauber": 3.7333333333333334,
    "Lambda_glauber": 1000.0
  },
  "derived_tree_coefficients": {
    "glauber_scheme": "counterterm_subtracted",
    "lambda_tree": 0.12909808976138543,
    "mu2_tree_GeV2": 7812.5,
    "a0_mean_field": 0.3998252334093464,
    "glauber_t0": 0.2259264,
    "glauber_lambda_shift": 0.0,
    "glauber_mu2_shift_after_lambda_GeV2": 0.0,
    "lambda_tree_raw_glauber_equivalent": -0.46011079531712934,
    "mu2_tree_raw_glauber_equivalent_GeV2": 94323.17872435082,
    "combo_TeV2": 0.0
  },
  "scan_parameters": {
    "T_min": 1.0,
    "T_max": 250.0,
    "phi_scan_range": [
      -10.0,
      517.5491695067657
    ],
    "n_phi_scan": 1200,
    "n_T_seeds": 3,
    "deltaX_target": 0.1,
    "x_eps": 0.001,
    "T_eps": 0.01,
    "deriv_order": 4,
    "phitol": 0.0001,
    "overlapAngle": 45.0,
    "Tn_Ttol": 0.01,
    "Tn_maxiter": 160,
    "include_zeroT_loops": true,
    "include_scalar_loops": true,
    "include_thermal": true,
    "include_scalar_thermal": true,
    "include_daisy": false,
    "renormalize_zeroT_loops": true,
    "thermal_approx": "spline"
  },
  "key_temperatures": {
    "Tn": 64.63305721097191,
    "Tc": 80.94284762244686,
    "Ts_false": 51.01126093749584,
    "Ts_true": 91.86700585937474,
    "S_at_Tn": 9050.817644983676,
    "S_over_Tn": 140.03387794949046,
    "false_phase_key": 1,
    "true_phase_key": 0,
    "phi_false_Tn": -0.00030863348042384117,
    "phi_true_Tn": 237.5755261008632,
    "vTn_over_Tn": 3.675758758020394,
    "Tc_minus_Tn_over_Tc": 0.20149761085193105
  },
  "gw_scales": {
    "gw_T_star_GeV": 64.63305721097191,
    "gw_alpha": 0.056531007118028734,
    "gw_beta_over_H": 852.2030896760217,
    "gw_v_w": 1.0,
    "gw_g_star": 106.75
  },
  "gw_peaks": {
    "sw": {
      "f_peak_mHz": 10.55243763123881,
      "f_peak_Hz": 0.01055243763123881,
      "omega_peak": 2.0584595232253395e-15
    },
    "turb": {
      "f_peak_mHz": 18.06677907556844,
      "f_peak_Hz": 0.018066779075568442,
      "omega_peak": 1.495625524680784e-19
    },
    "coll": {
      "f_peak_mHz": NaN,
      "f_peak_Hz": NaN,
      "omega_peak": NaN
    },
    "total": {
      "f_peak_mHz": 10.55243763123881,
      "f_peak_Hz": 0.01055243763123881,
      "omega_peak": 2.0585906819183867e-15
    }
  },
  "gw_run_parameters": {
    "g_star": 106.75,
    "v_w": 1.0,
    "epsilon_turb": 1.0,
    "frequency_unit": "mHz"
  },
  "S3": 9050.9462863904,
  "S3_over_T": 140.03586828403868,
  "bounce_diagnostics": {
    "label": "results_eft68_c6f20_c8f40_f517p549_mh125_Glauber_C3p73333_Lambda1000",
    "C": NaN,
    "Lambda_GeV": NaN,
    "finiteT": null,
    "temperature_GeV": NaN,
    "phi_metaMin": -0.00030863348042384117,
    "phi_absMin": 237.5755261008632,
    "phi_bar": 113.65136539691862,
    "phi_top": 78.19718546686394,
    "V(phi_meta)": -49941881.585784584,
    "V(phi_true)": -68583450.52753095,
    "V(phi_top)": -49099238.50321746,
    "DeltaV_true_minus_meta": -18641568.94174637,
    "r0": 3.47772614910577e-06,
    "phi0": 229.303955815854,
    "dphi0": -0.09812681861258464,
    "rscale_cubic": 0.0347772614910577,
    "rscale_curv": 0.032435621945950066,
    "wall_r_hi": 0.11342622232361994,
    "wall_thickness": 0.08497785499960486,
    "S_total": 9050.9462863904,
    "S_kin": 13571.134141040731,
    "S_pot": -4520.187854650334,
    "S_interior": 0.0,
    "S3_over_T": NaN,
    "beta_rscale": 28.754420478367187,
    "beta_curvature": 30.830304225464154,
    "beta_wall": 11.76777173305504,
    "Tn_from_transitionFinder_GeV": 64.63305721097191,
    "Tc_from_transitionFinder_GeV": 80.94284762244686,
    "T_spinodal_high_GeV": NaN,
    "T_spinodal_low_GeV": NaN,
    "gw_T_star_GeV": 64.63305721097191,
    "gw_alpha": 0.056531007118028734,
    "gw_beta_over_H": 852.2030896760217,
    "gw_R_star_times_H": NaN,
    "gw_Gamma_Tstar_GeV4": NaN,
    "gw_dT_for_beta_GeV": NaN,
    "gw_f_sw_peak_Hz": NaN,
    "gw_f_turb_peak_Hz": NaN,
    "gw_f_coll_peak_Hz": NaN,
    "gw_g_star": 106.75,
    "gw_v_w": 1.0,
    "omega_sw_peak": NaN,
    "omega_turb_peak": NaN,
    "omega_coll_peak": NaN,
    "omega_tot_peak": NaN
  }
}