{
  "label": "results_eft68_c6f23p36566_c8f40_f1000_mh125_Glauber_off",
  "model_parameters": {
    "c6_over_f2_TeV2": 3.3656565656565656,
    "c8_over_f4_TeV4": 0.0,
    "f_GeV": 1000.0,
    "m_h": 125.0,
    "v": 246.0,
    "m_w": 80.36,
    "m_z": 91.19,
    "m_t": 173.1,
    "use_glauber_measure": false,
    "C_glauber": 0.0,
    "Lambda_glauber": 1000.0
  },
  "derived_tree_coefficients": {
    "glauber_scheme": "counterterm_subtracted",
    "lambda_tree": -0.17641601932952367,
    "mu2_tree_GeV2": -1431.745912872726,
    "a0_mean_field": 0.24706817886389185,
    "glauber_t0": 0.0,
    "glauber_lambda_shift": 0.0,
    "glauber_mu2_shift_after_lambda_GeV2": 0.0,
    "lambda_tree_raw_glauber_equivalent": -0.17641601932952367,
    "mu2_tree_raw_glauber_equivalent_GeV2": -1431.745912872726,
    "combo_TeV2": 6.731313131313131
  },
  "scan_parameters": {
    "T_min": 1.0,
    "T_max": 250.0,
    "phi_scan_range": [
      -10,
      1000.0
    ],
    "n_phi_scan": 1200,
    "n_T_seeds": 3,
    "deltaX_target": 0.1,
    "x_eps": 0.001,
    "T_eps": 0.01,
    "deriv_order": 4,
    "phitol": 0.0001,
    "overlapAngle": 45.0,
    "Tn_Ttol": 0.01,
    "Tn_maxiter": 160,
    "include_zeroT_loops": true,
    "include_scalar_loops": true,
    "include_thermal": true,
    "include_scalar_thermal": true,
    "include_daisy": true,
    "renormalize_zeroT_loops": true,
    "thermal_approx": "spline"
  },
  "key_temperatures": {
    "Tn": 74.38611651067393,
    "Tc": 92.11806562217757,
    "Ts_false": 39.07740097655677,
    "Ts_true": 95.22218359374966,
    "S_at_Tn": 10414.699438452408,
    "S_over_Tn": 140.00864579290095,
    "false_phase_key": 2,
    "true_phase_key": 0,
    "phi_false_Tn": -4.846173253322045e-05,
    "phi_true_Tn": 231.7436763491503,
    "vTn_over_Tn": 3.115415714919014,
    "Tc_minus_Tn_over_Tc": 0.19249154866355167
  },
  "gw_scales": {
    "gw_T_star_GeV": 74.38611651067393,
    "gw_alpha": 0.032332269912964354,
    "gw_beta_over_H": 922.0906903030084,
    "gw_v_w": 1.0,
    "gw_g_star": 106.75
  },
  "gw_peaks": {
    "sw": {
      "f_peak_mHz": 13.084706031441257,
      "f_peak_Hz": 0.013084706031441257,
      "omega_peak": 3.81868211533354e-16
    },
    "turb": {
      "f_peak_mHz": 22.402263950746985,
      "f_peak_Hz": 0.022402263950746987,
      "omega_peak": 2.774743883595423e-20
    },
    "coll": {
      "f_peak_mHz": NaN,
      "f_peak_Hz": NaN,
      "omega_peak": NaN
    },
    "total": {
      "f_peak_mHz": 13.084706031441257,
      "f_peak_Hz": 0.013084706031441257,
      "omega_peak": 3.8189249379765595e-16
    }
  },
  "gw_run_parameters": {
    "g_star": 106.75,
    "v_w": 1.0,
    "epsilon_turb": 1.0,
    "frequency_unit": "mHz"
  },
  "S3": 10414.747027119041,
  "S3_over_T": 140.00928554489857,
  "bounce_diagnostics": {
    "label": "results_eft68_c6f23p36566_c8f40_f1000_mh125_Glauber_off",
    "C": NaN,
    "Lambda_GeV": NaN,
    "finiteT": null,
    "temperature_GeV": NaN,
    "phi_metaMin": -4.846173253322045e-05,
    "phi_absMin": 231.7436763491503,
    "phi_bar": 117.71336448703441,
    "phi_top": 79.73683784593506,
    "V(phi_meta)": -79114060.76715091,
    "V(phi_true)": -96765072.28636523,
    "V(phi_top)": -77656847.1239148,
    "DeltaV_true_minus_meta": -17651011.519214317,
    "r0": 2.69663416864988e-06,
    "phi0": 225.18775104685383,
    "dphi0": -0.056052859845794945,
    "rscale_cubic": 0.0269663416864988,
    "rscale_curv": 0.025682959405673663,
    "wall_r_hi": 0.10891556860881192,
    "wall_thickness": 0.07608416769631464,
    "S_total": 10414.747027119041,
    "S_kin": 15633.717222808438,
    "S_pot": -5218.970195689398,
    "S_interior": 0.0,
    "S3_over_T": NaN,
    "beta_rscale": 37.08326519131324,
    "beta_curvature": 38.93632468133447,
    "beta_wall": 13.143338887420569,
    "Tn_from_transitionFinder_GeV": 74.38611651067393,
    "Tc_from_transitionFinder_GeV": 92.11806562217757,
    "T_spinodal_high_GeV": NaN,
    "T_spinodal_low_GeV": NaN,
    "gw_T_star_GeV": 74.38611651067393,
    "gw_alpha": 0.032332269912964354,
    "gw_beta_over_H": 922.0906903030084,
    "gw_R_star_times_H": NaN,
    "gw_Gamma_Tstar_GeV4": NaN,
    "gw_dT_for_beta_GeV": NaN,
    "gw_f_sw_peak_Hz": NaN,
    "gw_f_turb_peak_Hz": NaN,
    "gw_f_coll_peak_Hz": NaN,
    "gw_g_star": 106.75,
    "gw_v_w": 1.0,
    "omega_sw_peak": NaN,
    "omega_turb_peak": NaN,
    "omega_coll_peak": NaN,
    "omega_tot_peak": NaN
  }
}