{
  "label": "results_eft68_c6f20_c8f40_f513p358_mh125_Glauber_C3p79455_Lambda1000",
  "model_parameters": {
    "c6_over_f2_TeV2": 0.0,
    "c8_over_f4_TeV4": 0.0,
    "f_GeV": 513.357746926702,
    "m_h": 125.0,
    "v": 246.0,
    "m_w": 80.36,
    "m_z": 91.19,
    "m_t": 173.1,
    "use_glauber_measure": true,
    "C_glauber": 3.7945454545454544,
    "Lambda_glauber": 1000.0
  },
  "scan_parameters": {
    "T_min": 1.0,
    "T_max": 250.0,
    "phi_scan_range": [
      -10.0,
      513.357746926702
    ],
    "n_phi_scan": 1200,
    "n_T_seeds": 3,
    "deltaX_target": 0.1,
    "x_eps": 0.001,
    "T_eps": 0.01,
    "deriv_order": 4,
    "phitol": 1e-05,
    "overlapAngle": 45.0,
    "Tn_Ttol": 0.001,
    "Tn_maxiter": 160,
    "include_zeroT_loops": true,
    "include_scalar_loops": true,
    "include_thermal": true,
    "include_scalar_thermal": true,
    "include_daisy": true,
    "renormalize_zeroT_loops": true,
    "thermal_approx": "spline"
  },
  "key_temperatures": {
    "Tn": 54.5174342286911,
    "Tc": 77.72687724532685,
    "Ts_false": 35.82858320311948,
    "Ts_true": 91.24547851562475,
    "S_at_Tn": 7632.392832404167,
    "S_over_Tn": 139.99912028852302,
    "false_phase_key": 1,
    "true_phase_key": 0,
    "phi_false_Tn": -0.00035632037117487505,
    "phi_true_Tn": 241.73547381895415,
    "vTn_over_Tn": 4.434094840283865,
    "Tc_minus_Tn_over_Tc": 0.2986025405778303
  },
  "gw_scales": {
    "gw_T_star_GeV": 54.5174342286911,
    "gw_alpha": 0.10600923524993563,
    "gw_beta_over_H": 401.99041854257206,
    "gw_v_w": 1.0,
    "gw_g_star": 106.75
  },
  "gw_peaks": {
    "sw": {
      "f_peak_mHz": 4.197775250242678,
      "f_peak_Hz": 0.004197775250242678,
      "omega_peak": 4.777295126378082e-14
    },
    "turb": {
      "f_peak_mHz": 7.186991357381771,
      "f_peak_Hz": 0.007186991357381771,
      "omega_peak": 3.471071040516801e-18
    },
    "coll": {
      "f_peak_mHz": NaN,
      "f_peak_Hz": NaN,
      "omega_peak": NaN
    },
    "total": {
      "f_peak_mHz": 4.197775250242678,
      "f_peak_Hz": 0.004197775250242678,
      "omega_peak": 4.7775994917184594e-14
    }
  },
  "gw_run_parameters": {
    "g_star": 106.75,
    "v_w": 1.0,
    "epsilon_turb": 1.0,
    "frequency_unit": "mHz"
  },
  "S3": 7624.69451980778,
  "S3_over_T": 139.85791201808067,
  "bounce_diagnostics": {
    "label": "results_eft68_c6f20_c8f40_f513p358_mh125_Glauber_C3p79455_Lambda1000",
    "C": NaN,
    "Lambda_GeV": NaN,
    "finiteT": null,
    "temperature_GeV": NaN,
    "phi_metaMin": -0.00035632037117487505,
    "phi_absMin": 241.73547381895415,
    "phi_bar": 108.8667318860061,
    "phi_top": 75.58074508365584,
    "V(phi_meta)": -26623994.986949485,
    "V(phi_true)": -49420013.87511906,
    "V(phi_top)": -25855040.983809736,
    "DeltaV_true_minus_meta": -22796018.888169575,
    "r0": 3.518741880693327e-06,
    "phi0": 229.6935418236564,
    "dphi0": -0.15560521669266086,
    "rscale_cubic": 0.03518741880693327,
    "rscale_curv": 0.031753310914411394,
    "wall_r_hi": 0.10559678470542547,
    "wall_thickness": 0.08413141697194848,
    "S_total": 7624.69451980778,
    "S_kin": 11434.250429336915,
    "S_pot": -3809.5559095291346,
    "S_interior": 0.0,
    "S3_over_T": NaN,
    "beta_rscale": 28.4192485242186,
    "beta_curvature": 31.49277765727154,
    "beta_wall": 11.886166143302033,
    "Tn_from_transitionFinder_GeV": 54.5174342286911,
    "Tc_from_transitionFinder_GeV": 77.72687724532685,
    "T_spinodal_high_GeV": NaN,
    "T_spinodal_low_GeV": NaN,
    "gw_T_star_GeV": 54.5174342286911,
    "gw_alpha": 0.10600923524993563,
    "gw_beta_over_H": 401.99041854257206,
    "gw_R_star_times_H": NaN,
    "gw_Gamma_Tstar_GeV4": NaN,
    "gw_dT_for_beta_GeV": NaN,
    "gw_f_sw_peak_Hz": NaN,
    "gw_f_turb_peak_Hz": NaN,
    "gw_f_coll_peak_Hz": NaN,
    "gw_g_star": 106.75,
    "gw_v_w": 1.0,
    "omega_sw_peak": NaN,
    "omega_turb_peak": NaN,
    "omega_coll_peak": NaN,
    "omega_tot_peak": NaN
  }
}