{
  "label": "results_eft68_c6f23p27475_c8f42_f1000_mh125_Glauber_off",
  "model_parameters": {
    "c6_over_f2_TeV2": 3.2747474747474747,
    "c8_over_f4_TeV4": 2.0,
    "f_GeV": 1000.0,
    "m_h": 125.0,
    "v": 246.0,
    "m_w": 80.36,
    "m_z": 91.19,
    "m_t": 173.1,
    "use_glauber_measure": false,
    "C_glauber": 0.0,
    "Lambda_glauber": 1000.0
  },
  "derived_tree_coefficients": {
    "glauber_scheme": "counterterm_subtracted",
    "lambda_tree": -0.1791503962793418,
    "mu2_tree_GeV2": -1625.29312235437,
    "a0_mean_field": 0.24570099038898277,
    "glauber_t0": 0.0,
    "glauber_lambda_shift": 0.0,
    "glauber_mu2_shift_after_lambda_GeV2": 0.0,
    "lambda_tree_raw_glauber_equivalent": -0.1791503962793418,
    "mu2_tree_raw_glauber_equivalent_GeV2": -1625.29312235437,
    "combo_TeV2": 6.912590949494949
  },
  "scan_parameters": {
    "T_min": 1.0,
    "T_max": 250.0,
    "phi_scan_range": [
      -10,
      1000.0
    ],
    "n_phi_scan": 1200,
    "n_T_seeds": 3,
    "deltaX_target": 0.1,
    "x_eps": 0.001,
    "T_eps": 0.01,
    "deriv_order": 4,
    "phitol": 0.0001,
    "overlapAngle": 45.0,
    "Tn_Ttol": 0.01,
    "Tn_maxiter": 160,
    "include_zeroT_loops": true,
    "include_scalar_loops": true,
    "include_thermal": true,
    "include_scalar_thermal": true,
    "include_daisy": false,
    "renormalize_zeroT_loops": true,
    "thermal_approx": "spline"
  },
  "key_temperatures": {
    "Tn": 68.49432355548466,
    "Tc": 88.9365163574916,
    "Ts_false": 30.201766796868935,
    "Ts_true": 93.10227929687471,
    "S_at_Tn": 9571.63266667611,
    "S_over_Tn": 139.7434439793028,
    "false_phase_key": 2,
    "true_phase_key": 0,
    "phi_false_Tn": -4.5583583925712444e-05,
    "phi_true_Tn": 235.04394023962524,
    "vTn_over_Tn": 3.431582765383836,
    "Tc_minus_Tn_over_Tc": 0.22985151250850616
  },
  "gw_scales": {
    "gw_T_star_GeV": 68.49432355548466,
    "gw_alpha": 0.04511407695179008,
    "gw_beta_over_H": 472.62854259826764,
    "gw_v_w": 1.0,
    "gw_g_star": 106.75
  },
  "gw_peaks": {
    "sw": {
      "f_peak_mHz": 6.258886570127066,
      "f_peak_Hz": 0.006258886570127066,
      "omega_peak": 3.635595080716968e-15
    },
    "turb": {
      "f_peak_mHz": 10.55243763123881,
      "f_peak_Hz": 0.01055243763123881,
      "omega_peak": 2.641670836200354e-19
    },
    "coll": {
      "f_peak_mHz": NaN,
      "f_peak_Hz": NaN,
      "omega_peak": NaN
    },
    "total": {
      "f_peak_mHz": 6.258886570127066,
      "f_peak_Hz": 0.006258886570127066,
      "omega_peak": 3.6358277700251285e-15
    }
  },
  "gw_run_parameters": {
    "g_star": 106.75,
    "v_w": 1.0,
    "epsilon_turb": 1.0,
    "frequency_unit": "mHz"
  },
  "S3": 9568.65475049956,
  "S3_over_T": 139.6999671476185,
  "bounce_diagnostics": {
    "label": "results_eft68_c6f23p27475_c8f42_f1000_mh125_Glauber_off",
    "C": NaN,
    "Lambda_GeV": NaN,
    "finiteT": null,
    "temperature_GeV": NaN,
    "phi_metaMin": -4.5583583925712444e-05,
    "phi_absMin": 235.04394023962524,
    "phi_bar": 116.72004546748136,
    "phi_top": 79.50282598412922,
    "V(phi_meta)": -55903237.214998804,
    "V(phi_true)": -75994764.77435023,
    "V(phi_top)": -54450178.6248721,
    "DeltaV_true_minus_meta": -20091527.559351422,
    "r0": 2.6925614705697013e-06,
    "phi0": 227.18908275975713,
    "dphi0": -0.07200915238504921,
    "rscale_cubic": 0.026925614705697012,
    "rscale_curv": 0.026179524076984213,
    "wall_r_hi": 0.10366592684708582,
    "wall_thickness": 0.07459423018327338,
    "S_total": 9568.65475049956,
    "S_kin": 14363.780528688787,
    "S_pot": -4795.125778189225,
    "S_interior": 0.0,
    "S3_over_T": NaN,
    "beta_rscale": 37.139356368655775,
    "beta_curvature": 38.19779179991243,
    "beta_wall": 13.405862592094083,
    "Tn_from_transitionFinder_GeV": 68.49432355548466,
    "Tc_from_transitionFinder_GeV": 88.9365163574916,
    "T_spinodal_high_GeV": NaN,
    "T_spinodal_low_GeV": NaN,
    "gw_T_star_GeV": 68.49432355548466,
    "gw_alpha": 0.04511407695179008,
    "gw_beta_over_H": 472.62854259826764,
    "gw_R_star_times_H": NaN,
    "gw_Gamma_Tstar_GeV4": NaN,
    "gw_dT_for_beta_GeV": NaN,
    "gw_f_sw_peak_Hz": NaN,
    "gw_f_turb_peak_Hz": NaN,
    "gw_f_coll_peak_Hz": NaN,
    "gw_g_star": 106.75,
    "gw_v_w": 1.0,
    "omega_sw_peak": NaN,
    "omega_turb_peak": NaN,
    "omega_coll_peak": NaN,
    "omega_tot_peak": NaN
  }
}