{
  "label": "results_eft68_c6f23p105_c8f42_f1000_mh125_Glauber_off",
  "model_parameters": {
    "c6_over_f2_TeV2": 3.105,
    "c8_over_f4_TeV4": 2.0,
    "f_GeV": 1000.0,
    "m_h": 125.0,
    "v": 246.0,
    "m_w": 80.36,
    "m_z": 91.19,
    "m_t": 173.1,
    "use_glauber_measure": false,
    "C_glauber": 0.0,
    "Lambda_glauber": 1000.0
  },
  "scan_parameters": {
    "T_min": 1.0,
    "T_max": 250.0,
    "phi_scan_range": [
      -10,
      1000.0
    ],
    "n_phi_scan": 1200,
    "n_T_seeds": 3,
    "deltaX_target": 0.1,
    "x_eps": 0.001,
    "T_eps": 0.01,
    "deriv_order": 4,
    "phitol": 1e-05,
    "overlapAngle": 45.0,
    "Tn_Ttol": 0.001,
    "Tn_maxiter": 160,
    "include_zeroT_loops": true,
    "include_scalar_loops": true,
    "include_thermal": true,
    "include_scalar_thermal": true,
    "include_daisy": false,
    "renormalize_zeroT_loops": true,
    "thermal_approx": "spline"
  },
  "key_temperatures": {
    "Tn": 77.68949614027778,
    "Tc": 92.4376344967479,
    "Ts_false": 49.79524609374536,
    "Ts_true": 94.63275390624968,
    "S_at_Tn": 10876.009289702259,
    "S_over_Tn": 139.99330450109122,
    "false_phase_key": 2,
    "true_phase_key": 0,
    "phi_false_Tn": -5.1109723891303455e-05,
    "phi_true_Tn": 228.32965730490477,
    "vTn_over_Tn": 2.939002936672777,
    "Tc_minus_Tn_over_Tc": 0.15954690356111378
  },
  "gw_scales": {
    "gw_T_star_GeV": 77.68949614027778,
    "gw_alpha": 0.027224714624308536,
    "gw_beta_over_H": 957.7002118860775,
    "gw_v_w": 1.0,
    "gw_g_star": 106.75
  },
  "gw_peaks": {
    "sw": {
      "f_peak_mHz": 14.348197007390617,
      "f_peak_Hz": 0.014348197007390618,
      "omega_peak": 2.1917638703581953e-16
    },
    "turb": {
      "f_peak_mHz": 24.19095670528232,
      "f_peak_Hz": 0.02419095670528232,
      "omega_peak": 1.592467644966696e-20
    },
    "coll": {
      "f_peak_mHz": NaN,
      "f_peak_Hz": NaN,
      "omega_peak": NaN
    },
    "total": {
      "f_peak_mHz": 14.348197007390617,
      "f_peak_Hz": 0.014348197007390618,
      "omega_peak": 2.1919039701249547e-16
    }
  },
  "gw_run_parameters": {
    "g_star": 106.75,
    "v_w": 1.0,
    "epsilon_turb": 1.0,
    "frequency_unit": "mHz"
  },
  "S3": 10877.035755773952,
  "S3_over_T": 140.0065169187627,
  "bounce_diagnostics": {
    "label": "results_eft68_c6f23p105_c8f42_f1000_mh125_Glauber_off",
    "C": NaN,
    "Lambda_GeV": NaN,
    "finiteT": null,
    "temperature_GeV": NaN,
    "phi_metaMin": -5.1109723891303455e-05,
    "phi_absMin": 228.32965730490477,
    "phi_bar": 116.70632914537555,
    "phi_top": 78.34112215761515,
    "V(phi_meta)": -93028522.46997334,
    "V(phi_true)": -108438893.14323828,
    "V(phi_top)": -91703127.85952032,
    "DeltaV_true_minus_meta": -15410370.673264936,
    "r0": 2.778061437919764e-06,
    "phi0": 222.17327905617458,
    "dphi0": -0.04917821868963797,
    "rscale_cubic": 0.02778061437919764,
    "rscale_curv": 0.026456494833793493,
    "wall_r_hi": 0.1146716014970451,
    "wall_thickness": 0.07938042262883377,
    "S_total": 10877.035755773952,
    "S_kin": 16324.116908754233,
    "S_pot": -5447.08115298028,
    "S_interior": 0.0,
    "S3_over_T": NaN,
    "beta_rscale": 35.99632413993005,
    "beta_curvature": 37.79790186767278,
    "beta_wall": 12.59756457427533,
    "Tn_from_transitionFinder_GeV": 77.68949614027778,
    "Tc_from_transitionFinder_GeV": 92.4376344967479,
    "T_spinodal_high_GeV": NaN,
    "T_spinodal_low_GeV": NaN,
    "gw_T_star_GeV": 77.68949614027778,
    "gw_alpha": 0.027224714624308536,
    "gw_beta_over_H": 957.7002118860775,
    "gw_R_star_times_H": NaN,
    "gw_Gamma_Tstar_GeV4": NaN,
    "gw_dT_for_beta_GeV": NaN,
    "gw_f_sw_peak_Hz": NaN,
    "gw_f_turb_peak_Hz": NaN,
    "gw_f_coll_peak_Hz": NaN,
    "gw_g_star": 106.75,
    "gw_v_w": 1.0,
    "omega_sw_peak": NaN,
    "omega_turb_peak": NaN,
    "omega_coll_peak": NaN,
    "omega_tot_peak": NaN
  }
}