{
  "label": "results_eft68_c6f23p11313_c8f42_f1000_mh125_Glauber_off",
  "model_parameters": {
    "c6_over_f2_TeV2": 3.113131313131313,
    "c8_over_f4_TeV4": 2.0,
    "f_GeV": 1000.0,
    "m_h": 125.0,
    "v": 246.0,
    "m_w": 80.36,
    "m_z": 91.19,
    "m_t": 173.1,
    "use_glauber_measure": false,
    "C_glauber": 0.0,
    "Lambda_glauber": 1000.0
  },
  "derived_tree_coefficients": {
    "glauber_scheme": "counterterm_subtracted",
    "lambda_tree": -0.16447985082479635,
    "mu2_tree_GeV2": -1181.3917579907366,
    "a0_mean_field": 0.2530362631162555,
    "glauber_t0": 0.0,
    "glauber_lambda_shift": 0.0,
    "glauber_mu2_shift_after_lambda_GeV2": 0.0,
    "lambda_tree_raw_glauber_equivalent": -0.16447985082479635,
    "mu2_tree_raw_glauber_equivalent_GeV2": -1181.3917579907366,
    "combo_TeV2": 6.589358626262626
  },
  "scan_parameters": {
    "T_min": 1.0,
    "T_max": 250.0,
    "phi_scan_range": [
      -10,
      1000.0
    ],
    "n_phi_scan": 1200,
    "n_T_seeds": 3,
    "deltaX_target": 0.1,
    "x_eps": 0.001,
    "T_eps": 0.01,
    "deriv_order": 4,
    "phitol": 0.0001,
    "overlapAngle": 45.0,
    "Tn_Ttol": 0.01,
    "Tn_maxiter": 160,
    "include_zeroT_loops": true,
    "include_scalar_loops": true,
    "include_thermal": true,
    "include_scalar_thermal": true,
    "include_daisy": false,
    "renormalize_zeroT_loops": true,
    "thermal_approx": "spline"
  },
  "key_temperatures": {
    "Tn": 77.29642368785709,
    "Tc": 92.27167529279993,
    "Ts_false": 49.024221484370294,
    "Ts_true": 94.55737304687467,
    "S_at_Tn": 10823.581880503063,
    "S_over_Tn": 140.02694256866891,
    "false_phase_key": 2,
    "true_phase_key": 0,
    "phi_false_Tn": -3.0461640530482226e-05,
    "phi_true_Tn": 228.67325222868,
    "vTn_over_Tn": 2.9583936916942193,
    "Tc_minus_Tn_over_Tc": 0.16229521743723427
  },
  "gw_scales": {
    "gw_T_star_GeV": 77.29642368785709,
    "gw_alpha": 0.027793117109092134,
    "gw_beta_over_H": 1066.173047610692,
    "gw_v_w": 1.0,
    "gw_g_star": 106.75
  },
  "gw_peaks": {
    "sw": {
      "f_peak_mHz": 15.733693738950372,
      "f_peak_Hz": 0.015733693738950373,
      "omega_peak": 1.8736762735931912e-16
    },
    "turb": {
      "f_peak_mHz": 26.937583405636264,
      "f_peak_Hz": 0.026937583405636265,
      "omega_peak": 1.3614355264706086e-20
    },
    "coll": {
      "f_peak_mHz": NaN,
      "f_peak_Hz": NaN,
      "omega_peak": NaN
    },
    "total": {
      "f_peak_mHz": 15.733693738950372,
      "f_peak_Hz": 0.015733693738950373,
      "omega_peak": 1.873795461485069e-16
    }
  },
  "gw_run_parameters": {
    "g_star": 106.75,
    "v_w": 1.0,
    "epsilon_turb": 1.0,
    "frequency_unit": "mHz"
  },
  "S3": 10826.342330371306,
  "S3_over_T": 140.0626550859697,
  "bounce_diagnostics": {
    "label": "results_eft68_c6f23p11313_c8f42_f1000_mh125_Glauber_off",
    "C": NaN,
    "Lambda_GeV": NaN,
    "finiteT": null,
    "temperature_GeV": NaN,
    "phi_metaMin": -3.0461640530482226e-05,
    "phi_absMin": 228.67325222868,
    "phi_bar": 116.73945690102578,
    "phi_top": 78.44438855385071,
    "V(phi_meta)": -91139691.74762894,
    "V(phi_true)": -106757162.63543501,
    "V(phi_top)": -89806022.18668711,
    "DeltaV_true_minus_meta": -15617470.887806073,
    "r0": 2.773079408947709e-06,
    "phi0": 222.4569931998417,
    "dphi0": -0.05001681849744379,
    "rscale_cubic": 0.02773079408947709,
    "rscale_curv": 0.026404343744301565,
    "wall_r_hi": 0.11417472501284477,
    "wall_thickness": 0.079178510333033,
    "S_total": 10826.342330371306,
    "S_kin": 16261.674254205254,
    "S_pot": -5435.331923833948,
    "S_interior": 0.0,
    "S3_over_T": NaN,
    "beta_rscale": 36.060994026112894,
    "beta_curvature": 37.872557223452894,
    "beta_wall": 12.629689492690588,
    "Tn_from_transitionFinder_GeV": 77.29642368785709,
    "Tc_from_transitionFinder_GeV": 92.27167529279993,
    "T_spinodal_high_GeV": NaN,
    "T_spinodal_low_GeV": NaN,
    "gw_T_star_GeV": 77.29642368785709,
    "gw_alpha": 0.027793117109092134,
    "gw_beta_over_H": 1066.173047610692,
    "gw_R_star_times_H": NaN,
    "gw_Gamma_Tstar_GeV4": NaN,
    "gw_dT_for_beta_GeV": NaN,
    "gw_f_sw_peak_Hz": NaN,
    "gw_f_turb_peak_Hz": NaN,
    "gw_f_coll_peak_Hz": NaN,
    "gw_g_star": 106.75,
    "gw_v_w": 1.0,
    "omega_sw_peak": NaN,
    "omega_turb_peak": NaN,
    "omega_coll_peak": NaN,
    "omega_tot_peak": NaN
  }
}