{
  "label": "results_eft68_c6f23p17374_c8f42_f1000_mh125_Glauber_off",
  "model_parameters": {
    "c6_over_f2_TeV2": 3.1737373737373735,
    "c8_over_f4_TeV4": 2.0,
    "f_GeV": 1000.0,
    "m_h": 125.0,
    "v": 246.0,
    "m_w": 80.36,
    "m_z": 91.19,
    "m_t": 173.1,
    "use_glauber_measure": false,
    "C_glauber": 0.0,
    "Lambda_glauber": 1000.0
  },
  "derived_tree_coefficients": {
    "glauber_scheme": "counterterm_subtracted",
    "lambda_tree": -0.16998130537025088,
    "mu2_tree_GeV2": -1347.854769627099,
    "a0_mean_field": 0.2502855358435282,
    "glauber_t0": 0.0,
    "glauber_lambda_shift": 0.0,
    "glauber_mu2_shift_after_lambda_GeV2": 0.0,
    "lambda_tree_raw_glauber_equivalent": -0.16998130537025088,
    "mu2_tree_raw_glauber_equivalent_GeV2": -1347.854769627099,
    "combo_TeV2": 6.710570747474747
  },
  "scan_parameters": {
    "T_min": 1.0,
    "T_max": 250.0,
    "phi_scan_range": [
      -10,
      1000.0
    ],
    "n_phi_scan": 1200,
    "n_T_seeds": 3,
    "deltaX_target": 0.1,
    "x_eps": 0.001,
    "T_eps": 0.01,
    "deriv_order": 4,
    "phitol": 0.0001,
    "overlapAngle": 45.0,
    "Tn_Ttol": 0.01,
    "Tn_maxiter": 160,
    "include_zeroT_loops": true,
    "include_scalar_loops": true,
    "include_thermal": true,
    "include_scalar_thermal": true,
    "include_daisy": true,
    "renormalize_zeroT_loops": true,
    "thermal_approx": "spline"
  },
  "key_temperatures": {
    "Tn": 76.09420443987626,
    "Tc": 92.64751561980876,
    "Ts_false": 44.054191210932245,
    "Ts_true": 95.24115039062467,
    "S_at_Tn": 10653.331111373966,
    "S_over_Tn": 140.0018725445957,
    "false_phase_key": 2,
    "true_phase_key": 0,
    "phi_false_Tn": -5.639943791813002e-05,
    "phi_true_Tn": 230.39968743691693,
    "vTn_over_Tn": 3.0278217524300537,
    "Tc_minus_Tn_over_Tc": 0.17866977942356466
  },
  "gw_scales": {
    "gw_T_star_GeV": 76.09420443987626,
    "gw_alpha": 0.029351548005103152,
    "gw_beta_over_H": 841.6396169187478,
    "gw_v_w": 1.0,
    "gw_g_star": 106.75
  },
  "gw_peaks": {
    "sw": {
      "f_peak_mHz": 12.30481426276792,
      "f_peak_Hz": 0.01230481426276792,
      "omega_peak": 3.502003146344619e-16
    },
    "turb": {
      "f_peak_mHz": 21.06701490404673,
      "f_peak_Hz": 0.02106701490404673,
      "omega_peak": 2.5444206507562633e-20
    },
    "coll": {
      "f_peak_mHz": NaN,
      "f_peak_Hz": NaN,
      "omega_peak": NaN
    },
    "total": {
      "f_peak_mHz": 12.30481426276792,
      "f_peak_Hz": 0.01230481426276792,
      "omega_peak": 3.5022265914087897e-16
    }
  },
  "gw_run_parameters": {
    "g_star": 106.75,
    "v_w": 1.0,
    "epsilon_turb": 1.0,
    "frequency_unit": "mHz"
  },
  "S3": 10686.229965822062,
  "S3_over_T": 140.43421630441634,
  "bounce_diagnostics": {
    "label": "results_eft68_c6f23p17374_c8f42_f1000_mh125_Glauber_off",
    "C": NaN,
    "Lambda_GeV": NaN,
    "finiteT": null,
    "temperature_GeV": NaN,
    "phi_metaMin": -5.639943791813002e-05,
    "phi_absMin": 230.39968743691693,
    "phi_bar": 117.50390308755343,
    "phi_top": 79.41165943052923,
    "V(phi_meta)": -86715766.31712343,
    "V(phi_true)": -103335130.92098662,
    "V(phi_top)": -85317878.08885948,
    "DeltaV_true_minus_meta": -16619364.603863195,
    "r0": 2.7420333386200656e-06,
    "phi0": 224.08788366548637,
    "dphi0": -0.052738591355552325,
    "rscale_cubic": 0.027420333386200653,
    "rscale_curv": 0.026114545226354795,
    "wall_r_hi": 0.11162696707880328,
    "wall_thickness": 0.07760310102281776,
    "S_total": 10686.229965822062,
    "S_kin": 16025.989363420258,
    "S_pot": -5339.7593975981945,
    "S_interior": 0.0,
    "S3_over_T": NaN,
    "beta_rscale": 36.46928671200082,
    "beta_curvature": 38.29283735126317,
    "beta_wall": 12.886082989209008,
    "Tn_from_transitionFinder_GeV": 76.09420443987626,
    "Tc_from_transitionFinder_GeV": 92.64751561980876,
    "T_spinodal_high_GeV": NaN,
    "T_spinodal_low_GeV": NaN,
    "gw_T_star_GeV": 76.09420443987626,
    "gw_alpha": 0.029351548005103152,
    "gw_beta_over_H": 841.6396169187478,
    "gw_R_star_times_H": NaN,
    "gw_Gamma_Tstar_GeV4": NaN,
    "gw_dT_for_beta_GeV": NaN,
    "gw_f_sw_peak_Hz": NaN,
    "gw_f_turb_peak_Hz": NaN,
    "gw_f_coll_peak_Hz": NaN,
    "gw_g_star": 106.75,
    "gw_v_w": 1.0,
    "omega_sw_peak": NaN,
    "omega_turb_peak": NaN,
    "omega_coll_peak": NaN,
    "omega_tot_peak": NaN
  }
}