{
  "label": "results_eft68_c6f23p42167_c8f40_f1000_mh125_Glauber_off",
  "model_parameters": {
    "c6_over_f2_TeV2": 3.421666666666667,
    "c8_over_f4_TeV4": 0.0,
    "f_GeV": 1000.0,
    "m_h": 125.0,
    "v": 246.0,
    "m_w": 80.36,
    "m_z": 91.19,
    "m_t": 173.1,
    "use_glauber_measure": false,
    "C_glauber": 0.0,
    "Lambda_glauber": 1000.0
  },
  "scan_parameters": {
    "T_min": 1.0,
    "T_max": 250.0,
    "phi_scan_range": [
      -10,
      1000.0
    ],
    "n_phi_scan": 1200,
    "n_T_seeds": 3,
    "deltaX_target": 0.1,
    "x_eps": 0.001,
    "T_eps": 0.01,
    "deriv_order": 4,
    "phitol": 1e-05,
    "overlapAngle": 45.0,
    "Tn_Ttol": 0.001,
    "Tn_maxiter": 160,
    "include_zeroT_loops": true,
    "include_scalar_loops": true,
    "include_thermal": true,
    "include_scalar_thermal": true,
    "include_daisy": false,
    "renormalize_zeroT_loops": true,
    "thermal_approx": "spline"
  },
  "key_temperatures": {
    "Tn": 69.30088121107377,
    "Tc": 89.35201749506709,
    "Ts_false": 30.55678632811886,
    "Ts_true": 93.4879374999997,
    "S_at_Tn": 9697.664347780585,
    "S_over_Tn": 139.9356570696964,
    "false_phase_key": 2,
    "true_phase_key": 0,
    "phi_false_Tn": -4.693680693803974e-05,
    "phi_true_Tn": 234.58890117488266,
    "vTn_over_Tn": 3.385078184797989,
    "Tc_minus_Tn_over_Tc": 0.2244060833332643
  },
  "gw_scales": {
    "gw_T_star_GeV": 69.30088121107377,
    "gw_alpha": 0.04328656497808023,
    "gw_beta_over_H": 580.2265926961495,
    "gw_v_w": 1.0,
    "gw_g_star": 106.75
  },
  "gw_peaks": {
    "sw": {
      "f_peak_mHz": 7.760831545860945,
      "f_peak_Hz": 0.007760831545860945,
      "omega_peak": 2.1549152876698216e-15
    },
    "turb": {
      "f_peak_mHz": 13.084706031441257,
      "f_peak_Hz": 0.013084706031441257,
      "omega_peak": 1.5657228650010804e-19
    },
    "coll": {
      "f_peak_mHz": NaN,
      "f_peak_Hz": NaN,
      "omega_peak": NaN
    },
    "total": {
      "f_peak_mHz": 7.760831545860945,
      "f_peak_Hz": 0.007760831545860945,
      "omega_peak": 2.1550530897689943e-15
    }
  },
  "gw_run_parameters": {
    "g_star": 106.75,
    "v_w": 1.0,
    "epsilon_turb": 1.0,
    "frequency_unit": "mHz"
  },
  "S3": 9694.507741180129,
  "S3_over_T": 139.89010777010174,
  "bounce_diagnostics": {
    "label": "results_eft68_c6f23p42167_c8f40_f1000_mh125_Glauber_off",
    "C": NaN,
    "Lambda_GeV": NaN,
    "finiteT": null,
    "temperature_GeV": NaN,
    "phi_metaMin": -4.693680693803974e-05,
    "phi_absMin": 234.58890117488266,
    "phi_bar": 116.95971854602476,
    "phi_top": 79.62518873100137,
    "V(phi_meta)": -58612898.13642559,
    "V(phi_true)": -78481599.42228815,
    "V(phi_top)": -57131776.98393809,
    "DeltaV_true_minus_meta": -19868701.285862558,
    "r0": 2.671036442426148e-06,
    "phi0": 226.956638658215,
    "dphi0": -0.06900329606885568,
    "rscale_cubic": 0.026710364424261477,
    "rscale_curv": 0.025795876238491992,
    "wall_r_hi": 0.10397347860389682,
    "wall_thickness": 0.07439614782203899,
    "S_total": 9694.507741180129,
    "S_kin": 14538.885312240674,
    "S_pot": -4844.377571060545,
    "S_interior": 0.0,
    "S3_over_T": NaN,
    "beta_rscale": 37.438650559618836,
    "beta_curvature": 38.76588704650279,
    "beta_wall": 13.44155617293617,
    "Tn_from_transitionFinder_GeV": 69.30088121107377,
    "Tc_from_transitionFinder_GeV": 89.35201749506709,
    "T_spinodal_high_GeV": NaN,
    "T_spinodal_low_GeV": NaN,
    "gw_T_star_GeV": 69.30088121107377,
    "gw_alpha": 0.04328656497808023,
    "gw_beta_over_H": 580.2265926961495,
    "gw_R_star_times_H": NaN,
    "gw_Gamma_Tstar_GeV4": NaN,
    "gw_dT_for_beta_GeV": NaN,
    "gw_f_sw_peak_Hz": NaN,
    "gw_f_turb_peak_Hz": NaN,
    "gw_f_coll_peak_Hz": NaN,
    "gw_g_star": 106.75,
    "gw_v_w": 1.0,
    "omega_sw_peak": NaN,
    "omega_turb_peak": NaN,
    "omega_coll_peak": NaN,
    "omega_tot_peak": NaN
  }
}