{
  "label": "results_eft68_c6f20_c8f40_f510p774_mh125_Glauber_C3p83303_Lambda1000",
  "model_parameters": {
    "c6_over_f2_TeV2": 0.0,
    "c8_over_f4_TeV4": 0.0,
    "f_GeV": 510.7741075541544,
    "m_h": 125.0,
    "v": 246.0,
    "m_w": 80.36,
    "m_z": 91.19,
    "m_t": 173.1,
    "use_glauber_measure": true,
    "C_glauber": 3.833030303030303,
    "Lambda_glauber": 1000.0
  },
  "derived_tree_coefficients": {
    "glauber_scheme": "counterterm_subtracted",
    "lambda_tree": 0.12909808976138543,
    "mu2_tree_GeV2": 7812.5,
    "a0_mean_field": 0.3998252334093464,
    "glauber_t0": 0.2319596618181818,
    "glauber_lambda_shift": 0.0,
    "glauber_mu2_shift_after_lambda_GeV2": 0.0,
    "lambda_tree_raw_glauber_equivalent": -0.5017963622872106,
    "mu2_tree_raw_glauber_equivalent_GeV2": 96048.25548069525,
    "combo_TeV2": 0.0
  },
  "scan_parameters": {
    "T_min": 1.0,
    "T_max": 250.0,
    "phi_scan_range": [
      -10.0,
      510.7741075541544
    ],
    "n_phi_scan": 1200,
    "n_T_seeds": 3,
    "deltaX_target": 0.1,
    "x_eps": 0.001,
    "T_eps": 0.01,
    "deriv_order": 4,
    "phitol": 0.0001,
    "overlapAngle": 45.0,
    "Tn_Ttol": 0.01,
    "Tn_maxiter": 160,
    "include_zeroT_loops": true,
    "include_scalar_loops": true,
    "include_thermal": true,
    "include_scalar_thermal": true,
    "include_daisy": false,
    "renormalize_zeroT_loops": true,
    "thermal_approx": "spline"
  },
  "key_temperatures": {
    "Tn": 41.23669112293201,
    "Tc": 73.800407101051,
    "Ts_false": 16.712240429682577,
    "Ts_true": 89.00447851562478,
    "S_at_Tn": 5773.041459344406,
    "S_over_Tn": 139.99768900308243,
    "false_phase_key": 1,
    "true_phase_key": 0,
    "phi_false_Tn": -0.0004634777981622359,
    "phi_true_Tn": 244.3238476994291,
    "vTn_over_Tn": 5.924913979423508,
    "Tc_minus_Tn_over_Tc": 0.4412403299284137
  },
  "gw_scales": {
    "gw_T_star_GeV": 41.23669112293201,
    "gw_alpha": 0.31078991951644663,
    "gw_beta_over_H": 207.02545346431123,
    "gw_v_w": 1.0,
    "gw_g_star": 106.75
  },
  "gw_peaks": {
    "sw": {
      "f_peak_mHz": 1.644422250173906,
      "f_peak_Hz": 0.001644422250173906,
      "omega_peak": 2.220226496723802e-12
    },
    "turb": {
      "f_peak_mHz": 2.815407637462942,
      "f_peak_Hz": 0.002815407637462942,
      "omega_peak": 1.613132017970266e-16
    },
    "coll": {
      "f_peak_mHz": NaN,
      "f_peak_Hz": NaN,
      "omega_peak": NaN
    },
    "total": {
      "f_peak_mHz": 1.644422250173906,
      "f_peak_Hz": 0.001644422250173906,
      "omega_peak": 2.2203683351745756e-12
    }
  },
  "gw_run_parameters": {
    "g_star": 106.75,
    "v_w": 1.0,
    "epsilon_turb": 1.0,
    "frequency_unit": "mHz"
  },
  "S3": 5773.036203580268,
  "S3_over_T": 139.99756154949694,
  "bounce_diagnostics": {
    "label": "results_eft68_c6f20_c8f40_f510p774_mh125_Glauber_C3p83303_Lambda1000",
    "C": NaN,
    "Lambda_GeV": NaN,
    "finiteT": null,
    "temperature_GeV": NaN,
    "phi_metaMin": -0.0004634777981622359,
    "phi_absMin": 244.3238476994291,
    "phi_bar": 95.82552872656346,
    "phi_top": 66.68590206270763,
    "V(phi_meta)": -9588079.05125566,
    "V(phi_true)": -36508149.0105125,
    "V(phi_top)": -9096365.321073852,
    "DeltaV_true_minus_meta": -26920069.959256843,
    "r0": 3.882444497027282e-06,
    "phi0": 221.5271378046547,
    "dphi0": -0.29255404640085825,
    "rscale_cubic": 0.03882444497027282,
    "rscale_curv": 0.03479990147520875,
    "wall_r_hi": 0.10104005619026195,
    "wall_thickness": 0.0944901996232779,
    "S_total": 5773.036203580268,
    "S_kin": 8661.038380159753,
    "S_pot": -2888.0021765794836,
    "S_interior": 0.0,
    "S3_over_T": NaN,
    "beta_rscale": 25.756968342127802,
    "beta_curvature": 28.735712130572878,
    "beta_wall": 10.583108131709857,
    "Tn_from_transitionFinder_GeV": 41.23669112293201,
    "Tc_from_transitionFinder_GeV": 73.800407101051,
    "T_spinodal_high_GeV": NaN,
    "T_spinodal_low_GeV": NaN,
    "gw_T_star_GeV": 41.23669112293201,
    "gw_alpha": 0.31078991951644663,
    "gw_beta_over_H": 207.02545346431123,
    "gw_R_star_times_H": NaN,
    "gw_Gamma_Tstar_GeV4": NaN,
    "gw_dT_for_beta_GeV": NaN,
    "gw_f_sw_peak_Hz": NaN,
    "gw_f_turb_peak_Hz": NaN,
    "gw_f_coll_peak_Hz": NaN,
    "gw_g_star": 106.75,
    "gw_v_w": 1.0,
    "omega_sw_peak": NaN,
    "omega_turb_peak": NaN,
    "omega_coll_peak": NaN,
    "omega_tot_peak": NaN
  }
}