{
  "label": "results_eft68_c6f20_c8f40_f511p057_mh125_Glauber_C3p82879_Lambda1000",
  "model_parameters": {
    "c6_over_f2_TeV2": 0.0,
    "c8_over_f4_TeV4": 0.0,
    "f_GeV": 511.0570065553813,
    "m_h": 125.0,
    "v": 246.0,
    "m_w": 80.36,
    "m_z": 91.19,
    "m_t": 173.1,
    "use_glauber_measure": true,
    "C_glauber": 3.828787878787879,
    "Lambda_glauber": 1000.0
  },
  "derived_tree_coefficients": {
    "glauber_scheme": "counterterm_subtracted",
    "lambda_tree": 0.12909808976138543,
    "mu2_tree_GeV2": 7812.5,
    "a0_mean_field": 0.3998252334093464,
    "glauber_t0": 0.2317029272727273,
    "glauber_lambda_shift": 0.0,
    "glauber_mu2_shift_after_lambda_GeV2": 0.0,
    "lambda_tree_raw_glauber_equivalent": -0.4999799416222877,
    "mu2_tree_raw_glauber_equivalent_GeV2": 95976.06490906325,
    "combo_TeV2": 0.0
  },
  "scan_parameters": {
    "T_min": 1.0,
    "T_max": 250.0,
    "phi_scan_range": [
      -10.0,
      511.0570065553813
    ],
    "n_phi_scan": 1200,
    "n_T_seeds": 3,
    "deltaX_target": 0.1,
    "x_eps": 0.001,
    "T_eps": 0.01,
    "deriv_order": 4,
    "phitol": 0.0001,
    "overlapAngle": 45.0,
    "Tn_Ttol": 0.01,
    "Tn_maxiter": 160,
    "include_zeroT_loops": true,
    "include_scalar_loops": true,
    "include_thermal": true,
    "include_scalar_thermal": true,
    "include_daisy": false,
    "renormalize_zeroT_loops": true,
    "thermal_approx": "spline"
  },
  "key_temperatures": {
    "Tn": 43.31528914353631,
    "Tc": 74.13002550997099,
    "Ts_false": 19.66819140624492,
    "Ts_true": 89.12314257812479,
    "S_at_Tn": 6064.58296533249,
    "S_over_Tn": 140.01021545154506,
    "false_phase_key": 1,
    "true_phase_key": 0,
    "phi_false_Tn": -0.0004577701162191113,
    "phi_true_Tn": 244.01720153515555,
    "vTn_over_Tn": 5.633512008347492,
    "Tc_minus_Tn_over_Tc": 0.41568495564985186
  },
  "gw_scales": {
    "gw_T_star_GeV": 43.31528914353631,
    "gw_alpha": 0.2568162121772621,
    "gw_beta_over_H": 235.77528124342706,
    "gw_v_w": 1.0,
    "gw_g_star": 106.75
  },
  "gw_peaks": {
    "sw": {
      "f_peak_mHz": 1.9471878000926428,
      "f_peak_Hz": 0.001947187800092643,
      "omega_peak": 1.135757126252891e-12
    },
    "turb": {
      "f_peak_mHz": 3.333771118321786,
      "f_peak_Hz": 0.003333771118321786,
      "omega_peak": 8.252771187702922e-17
    },
    "coll": {
      "f_peak_mHz": NaN,
      "f_peak_Hz": NaN,
      "omega_peak": NaN
    },
    "total": {
      "f_peak_mHz": 1.9471878000926428,
      "f_peak_Hz": 0.001947187800092643,
      "omega_peak": 1.1358293289711227e-12
    }
  },
  "gw_run_parameters": {
    "g_star": 106.75,
    "v_w": 1.0,
    "epsilon_turb": 1.0,
    "frequency_unit": "mHz"
  },
  "S3": 6064.585586975536,
  "S3_over_T": 140.0102759762027,
  "bounce_diagnostics": {
    "label": "results_eft68_c6f20_c8f40_f511p057_mh125_Glauber_C3p82879_Lambda1000",
    "C": NaN,
    "Lambda_GeV": NaN,
    "finiteT": null,
    "temperature_GeV": NaN,
    "phi_metaMin": -0.0004577701162191113,
    "phi_absMin": 244.01720153515555,
    "phi_bar": 98.26208123368505,
    "phi_top": 68.40383852340271,
    "V(phi_meta)": -11374383.190615632,
    "V(phi_true)": -37691108.842226386,
    "V(phi_top)": -10834987.513289198,
    "DeltaV_true_minus_meta": -26316725.651610754,
    "r0": 3.8023669235261775e-06,
    "phi0": 223.55289077637082,
    "dphi0": -0.2656516226152126,
    "rscale_cubic": 0.03802366923526177,
    "rscale_curv": 0.03395038492883958,
    "wall_r_hi": 0.10138950981195469,
    "wall_thickness": 0.09094471900371795,
    "S_total": 6064.585586975536,
    "S_kin": 9093.76268896127,
    "S_pot": -3029.1771019857324,
    "S_interior": 0.0,
    "S3_over_T": NaN,
    "beta_rscale": 26.299408239976913,
    "beta_curvature": 29.454738007655813,
    "beta_wall": 10.995690689407908,
    "Tn_from_transitionFinder_GeV": 43.31528914353631,
    "Tc_from_transitionFinder_GeV": 74.13002550997099,
    "T_spinodal_high_GeV": NaN,
    "T_spinodal_low_GeV": NaN,
    "gw_T_star_GeV": 43.31528914353631,
    "gw_alpha": 0.2568162121772621,
    "gw_beta_over_H": 235.77528124342706,
    "gw_R_star_times_H": NaN,
    "gw_Gamma_Tstar_GeV4": NaN,
    "gw_dT_for_beta_GeV": NaN,
    "gw_f_sw_peak_Hz": NaN,
    "gw_f_turb_peak_Hz": NaN,
    "gw_f_coll_peak_Hz": NaN,
    "gw_g_star": 106.75,
    "gw_v_w": 1.0,
    "omega_sw_peak": NaN,
    "omega_turb_peak": NaN,
    "omega_coll_peak": NaN,
    "omega_tot_peak": NaN
  }
}