{
  "label": "results_eft68_c6f23p46263_c8f40_f1000_mh125_Glauber_off",
  "model_parameters": {
    "c6_over_f2_TeV2": 3.4626262626262627,
    "c8_over_f4_TeV4": 0.0,
    "f_GeV": 1000.0,
    "m_h": 125.0,
    "v": 246.0,
    "m_w": 80.36,
    "m_z": 91.19,
    "m_t": 173.1,
    "use_glauber_measure": false,
    "C_glauber": 0.0,
    "Lambda_glauber": 1000.0
  },
  "derived_tree_coefficients": {
    "glauber_scheme": "counterterm_subtracted",
    "lambda_tree": -0.18521834660225095,
    "mu2_tree_GeV2": -1698.08673149091,
    "a0_mean_field": 0.2426670152275282,
    "glauber_t0": 0.0,
    "glauber_lambda_shift": 0.0,
    "glauber_mu2_shift_after_lambda_GeV2": 0.0,
    "lambda_tree_raw_glauber_equivalent": -0.18521834660225095,
    "mu2_tree_raw_glauber_equivalent_GeV2": -1698.08673149091,
    "combo_TeV2": 6.925252525252525
  },
  "scan_parameters": {
    "T_min": 1.0,
    "T_max": 250.0,
    "phi_scan_range": [
      -10,
      1000.0
    ],
    "n_phi_scan": 1200,
    "n_T_seeds": 3,
    "deltaX_target": 0.1,
    "x_eps": 0.001,
    "T_eps": 0.01,
    "deriv_order": 4,
    "phitol": 0.0001,
    "overlapAngle": 45.0,
    "Tn_Ttol": 0.01,
    "Tn_maxiter": 160,
    "include_zeroT_loops": true,
    "include_scalar_loops": true,
    "include_thermal": true,
    "include_scalar_thermal": true,
    "include_daisy": true,
    "renormalize_zeroT_loops": true,
    "thermal_approx": "spline"
  },
  "key_temperatures": {
    "Tn": 68.45224725609339,
    "Tc": 90.0550399827696,
    "Ts_false": 24.508177539056557,
    "Ts_true": 94.34582031249968,
    "S_at_Tn": 9594.974735851642,
    "S_over_Tn": 140.17033947702177,
    "false_phase_key": 2,
    "true_phase_key": 0,
    "phi_false_Tn": -3.7743970334413074e-05,
    "phi_true_Tn": 235.57103320366403,
    "vTn_over_Tn": 3.4413922500213356,
    "Tc_minus_Tn_over_Tc": 0.23988432774900234
  },
  "gw_scales": {
    "gw_T_star_GeV": 68.45224725609339,
    "gw_alpha": 0.04511140300841796,
    "gw_beta_over_H": 749.4983870402573,
    "gw_v_w": 1.0,
    "gw_g_star": 106.75
  },
  "gw_peaks": {
    "sw": {
      "f_peak_mHz": 9.923477436927469,
      "f_peak_Hz": 0.009923477436927468,
      "omega_peak": 1.4454384543577301e-15
    },
    "turb": {
      "f_peak_mHz": 16.73091141130181,
      "f_peak_Hz": 0.016730911411301813,
      "omega_peak": 1.0502865690310602e-19
    },
    "coll": {
      "f_peak_mHz": NaN,
      "f_peak_Hz": NaN,
      "omega_peak": NaN
    },
    "total": {
      "f_peak_mHz": 9.923477436927469,
      "f_peak_Hz": 0.009923477436927468,
      "omega_peak": 1.4455309864721362e-15
    }
  },
  "gw_run_parameters": {
    "g_star": 106.75,
    "v_w": 1.0,
    "epsilon_turb": 1.0,
    "frequency_unit": "mHz"
  },
  "S3": 9598.270694639996,
  "S3_over_T": 140.2184892298856,
  "bounce_diagnostics": {
    "label": "results_eft68_c6f23p46263_c8f40_f1000_mh125_Glauber_off",
    "C": NaN,
    "Lambda_GeV": NaN,
    "finiteT": null,
    "temperature_GeV": NaN,
    "phi_metaMin": -3.7743970334413074e-05,
    "phi_absMin": 235.57103320366403,
    "phi_bar": 117.30411839990356,
    "phi_top": 79.91424591079074,
    "V(phi_meta)": -56544172.32746128,
    "V(phi_true)": -77137443.55528228,
    "V(phi_top)": -55031610.85928335,
    "DeltaV_true_minus_meta": -20593271.227821,
    "r0": 2.652725237898362e-06,
    "phi0": 227.81178331519862,
    "dphi0": -0.07156156580542591,
    "rscale_cubic": 0.026527252378983616,
    "rscale_curv": 0.025837758332669686,
    "wall_r_hi": 0.10264917136081468,
    "wall_thickness": 0.07365873915836112,
    "S_total": 9598.270694639996,
    "S_kin": 14372.302279919271,
    "S_pot": -4774.031585279275,
    "S_interior": 0.0,
    "S3_over_T": NaN,
    "beta_rscale": 37.69708169219426,
    "beta_curvature": 38.703048361999784,
    "beta_wall": 13.576121603847579,
    "Tn_from_transitionFinder_GeV": 68.45224725609339,
    "Tc_from_transitionFinder_GeV": 90.0550399827696,
    "T_spinodal_high_GeV": NaN,
    "T_spinodal_low_GeV": NaN,
    "gw_T_star_GeV": 68.45224725609339,
    "gw_alpha": 0.04511140300841796,
    "gw_beta_over_H": 749.4983870402573,
    "gw_R_star_times_H": NaN,
    "gw_Gamma_Tstar_GeV4": NaN,
    "gw_dT_for_beta_GeV": NaN,
    "gw_f_sw_peak_Hz": NaN,
    "gw_f_turb_peak_Hz": NaN,
    "gw_f_coll_peak_Hz": NaN,
    "gw_g_star": 106.75,
    "gw_v_w": 1.0,
    "omega_sw_peak": NaN,
    "omega_turb_peak": NaN,
    "omega_coll_peak": NaN,
    "omega_tot_peak": NaN
  }
}