{
  "glauber_scheme": "counterterm_subtracted",
  "lambda_tree": -0.18144266900661457,
  "mu2_tree_GeV2": -1694.6527105361902,
  "a0_mean_field": 0.2445548540253464,
  "glauber_t0": 0.0,
  "glauber_lambda_shift": 0.0,
  "glauber_mu2_shift_after_lambda_GeV2": 0.0,
  "lambda_tree_raw_glauber_equivalent": -0.18144266900661457,
  "mu2_tree_raw_glauber_equivalent_GeV2": -1694.6527105361902,
  "combo_TeV2": 6.963095999999999,
  "upper_c6_over_f2_TeV2_from_Eq_2_14": 4.085029095689913,
  "Eq_2_14_is_pure_EFT68_only": false,
  "passes_Eq_2_14": true,
  "passes_EFT_tree_condition_Vv_lower_than_v_to_f": true,
  "min_after_v_tree_total": -21747300.641361583,
  "V_tree_total_v": -21747353.25429722,
  "V_tree_polynomial_v": -21747353.25429722,
  "sampled_min_phi_full_zeroT": 246.08202734244747,
  "sampled_min_deltaV_full_zeroT": -21747300.641361583,
  "dV_at_v_numeric": 5.112915299832821,
  "d2V_at_v_numeric": 15625.043708509242,
  "mh2_target": 15625.0
}