{
  "label": "results_eft68_c6f20_c8f40_f519p918_mh125_Glauber_C3p69939_Lambda1000",
  "model_parameters": {
    "c6_over_f2_TeV2": 0.0,
    "c8_over_f4_TeV4": 0.0,
    "f_GeV": 519.9178279665774,
    "m_h": 125.0,
    "v": 246.0,
    "m_w": 80.36,
    "m_z": 91.19,
    "m_t": 173.1,
    "use_glauber_measure": true,
    "C_glauber": 3.6993939393939397,
    "Lambda_glauber": 1000.0
  },
  "derived_tree_coefficients": {
    "glauber_scheme": "counterterm_subtracted",
    "lambda_tree": 0.12909808976138543,
    "mu2_tree_GeV2": 7812.5,
    "a0_mean_field": 0.3998252334093464,
    "glauber_t0": 0.22387252363636365,
    "glauber_lambda_shift": 0.0,
    "glauber_mu2_shift_after_lambda_GeV2": 0.0,
    "lambda_tree_raw_glauber_equivalent": -0.44638863210623764,
    "mu2_tree_raw_glauber_equivalent_GeV2": 93722.62408704007,
    "combo_TeV2": 0.0
  },
  "scan_parameters": {
    "T_min": 1.0,
    "T_max": 250.0,
    "phi_scan_range": [
      -10.0,
      519.9178279665774
    ],
    "n_phi_scan": 1200,
    "n_T_seeds": 3,
    "deltaX_target": 0.1,
    "x_eps": 0.001,
    "T_eps": 0.01,
    "deriv_order": 4,
    "phitol": 0.0001,
    "overlapAngle": 45.0,
    "Tn_Ttol": 0.01,
    "Tn_maxiter": 160,
    "include_zeroT_loops": true,
    "include_scalar_loops": true,
    "include_thermal": true,
    "include_scalar_thermal": true,
    "include_daisy": false,
    "renormalize_zeroT_loops": true,
    "thermal_approx": "spline"
  },
  "key_temperatures": {
    "Tn": 69.32384025268777,
    "Tc": 83.13663334191162,
    "Ts_false": 57.20241249999633,
    "Ts_true": 92.87273242187473,
    "S_at_Tn": 9708.830502618846,
    "S_over_Tn": 140.05038479157858,
    "false_phase_key": 1,
    "true_phase_key": 0,
    "phi_false_Tn": -0.0002923979322301482,
    "phi_true_Tn": 234.99648188771718,
    "vTn_over_Tn": 3.389836469404276,
    "Tc_minus_Tn_over_Tc": 0.16614568733396629
  },
  "gw_scales": {
    "gw_T_star_GeV": 69.32384025268777,
    "gw_alpha": 0.04366199774103541,
    "gw_beta_over_H": 1179.8569775309675,
    "gw_v_w": 1.0,
    "gw_g_star": 106.75
  },
  "gw_peaks": {
    "sw": {
      "f_peak_mHz": 15.733693738950372,
      "f_peak_Hz": 0.015733693738950373,
      "omega_peak": 5.336134445394302e-16
    },
    "turb": {
      "f_peak_mHz": 26.937583405636264,
      "f_peak_Hz": 0.026937583405636265,
      "omega_peak": 3.877023112700549e-20
    },
    "coll": {
      "f_peak_mHz": NaN,
      "f_peak_Hz": NaN,
      "omega_peak": NaN
    },
    "total": {
      "f_peak_mHz": 15.733693738950372,
      "f_peak_Hz": 0.015733693738950373,
      "omega_peak": 5.336475116495791e-16
    }
  },
  "gw_run_parameters": {
    "g_star": 106.75,
    "v_w": 1.0,
    "epsilon_turb": 1.0,
    "frequency_unit": "mHz"
  },
  "S3": 9708.825961348752,
  "S3_over_T": 140.05031928352133,
  "bounce_diagnostics": {
    "label": "results_eft68_c6f20_c8f40_f519p918_mh125_Glauber_C3p69939_Lambda1000",
    "C": NaN,
    "Lambda_GeV": NaN,
    "finiteT": null,
    "temperature_GeV": NaN,
    "phi_metaMin": -0.0002923979322301482,
    "phi_absMin": 234.99648188771718,
    "phi_bar": 114.6896016046245,
    "phi_top": 78.42434212444249,
    "V(phi_meta)": -65251728.95811142,
    "V(phi_true)": -81843908.25513843,
    "V(phi_top)": -64423732.36143249,
    "DeltaV_true_minus_meta": -16592179.297027007,
    "r0": 3.5185408896522186e-06,
    "phi0": 227.85586027079611,
    "dphi0": -0.08032497236859604,
    "rscale_cubic": 0.035185408896522184,
    "rscale_curv": 0.03342614647203305,
    "wall_r_hi": 0.11856441233090542,
    "wall_thickness": 0.08694443602385493,
    "S_total": 9708.825961348752,
    "S_kin": 14552.53307280165,
    "S_pot": -4843.707111452901,
    "S_interior": 0.0,
    "S3_over_T": NaN,
    "beta_rscale": 28.420871928501093,
    "beta_curvature": 29.916701156636602,
    "beta_wall": 11.501598558021932,
    "Tn_from_transitionFinder_GeV": 69.32384025268777,
    "Tc_from_transitionFinder_GeV": 83.13663334191162,
    "T_spinodal_high_GeV": NaN,
    "T_spinodal_low_GeV": NaN,
    "gw_T_star_GeV": 69.32384025268777,
    "gw_alpha": 0.04366199774103541,
    "gw_beta_over_H": 1179.8569775309675,
    "gw_R_star_times_H": NaN,
    "gw_Gamma_Tstar_GeV4": NaN,
    "gw_dT_for_beta_GeV": NaN,
    "gw_f_sw_peak_Hz": NaN,
    "gw_f_turb_peak_Hz": NaN,
    "gw_f_coll_peak_Hz": NaN,
    "gw_g_star": 106.75,
    "gw_v_w": 1.0,
    "omega_sw_peak": NaN,
    "omega_turb_peak": NaN,
    "omega_coll_peak": NaN,
    "omega_tot_peak": NaN
  }
}