{
  "label": "results_eft68_c6f23p10707_c8f45_f1000_mh125_Glauber_off",
  "model_parameters": {
    "c6_over_f2_TeV2": 3.107070707070707,
    "c8_over_f4_TeV4": 5.0,
    "f_GeV": 1000.0,
    "m_h": 125.0,
    "v": 246.0,
    "m_w": 80.36,
    "m_z": 91.19,
    "m_t": 173.1,
    "use_glauber_measure": false,
    "C_glauber": 0.0,
    "Lambda_glauber": 1000.0
  },
  "derived_tree_coefficients": {
    "glauber_scheme": "counterterm_subtracted",
    "lambda_tree": -0.1804095435222509,
    "mu2_tree_GeV2": -1829.608047231386,
    "a0_mean_field": 0.24507141676752822,
    "glauber_t0": 0.0,
    "glauber_lambda_shift": 0.0,
    "glauber_mu2_shift_after_lambda_GeV2": 0.0,
    "lambda_tree_raw_glauber_equivalent": -0.1804095435222509,
    "mu2_tree_raw_glauber_equivalent_GeV2": -1829.608047231386,
    "combo_TeV2": 7.121881414141415
  },
  "scan_parameters": {
    "T_min": 1.0,
    "T_max": 250.0,
    "phi_scan_range": [
      -10,
      1000.0
    ],
    "n_phi_scan": 1200,
    "n_T_seeds": 3,
    "deltaX_target": 0.1,
    "x_eps": 0.001,
    "T_eps": 0.01,
    "deriv_order": 4,
    "phitol": 0.0001,
    "overlapAngle": 45.0,
    "Tn_Ttol": 0.01,
    "Tn_maxiter": 160,
    "include_zeroT_loops": true,
    "include_scalar_loops": true,
    "include_thermal": true,
    "include_scalar_thermal": true,
    "include_daisy": false,
    "renormalize_zeroT_loops": true,
    "thermal_approx": "spline"
  },
  "key_temperatures": {
    "Tn": 63.612199708797206,
    "Tc": 87.20406278891048,
    "Ts_false": 20.62051914061949,
    "Ts_true": 92.06494140624972,
    "S_at_Tn": 8903.176708250008,
    "S_over_Tn": 139.96020808912147,
    "false_phase_key": 2,
    "true_phase_key": 0,
    "phi_false_Tn": -4.6471764188871826e-05,
    "phi_true_Tn": 237.638825944229,
    "vTn_over_Tn": 3.735742939751931,
    "Tc_minus_Tn_over_Tc": 0.2705362838107743
  },
  "gw_scales": {
    "gw_T_star_GeV": 63.612199708797206,
    "gw_alpha": 0.06001859349898494,
    "gw_beta_over_H": 433.03520072295265,
    "gw_v_w": 1.0,
    "gw_g_star": 106.75
  },
  "gw_peaks": {
    "sw": {
      "f_peak_mHz": 5.285700915310741,
      "f_peak_Hz": 0.005285700915310741,
      "omega_peak": 9.358094392958814e-15
    },
    "turb": {
      "f_peak_mHz": 9.049623796282821,
      "f_peak_Hz": 0.009049623796282822,
      "omega_peak": 6.799270979940385e-19
    },
    "coll": {
      "f_peak_mHz": NaN,
      "f_peak_Hz": NaN,
      "omega_peak": NaN
    },
    "total": {
      "f_peak_mHz": 5.285700915310741,
      "f_peak_Hz": 0.005285700915310741,
      "omega_peak": 9.358691113644876e-15
    }
  },
  "gw_run_parameters": {
    "g_star": 106.75,
    "v_w": 1.0,
    "epsilon_turb": 1.0,
    "frequency_unit": "mHz"
  },
  "S3": 8903.150441876041,
  "S3_over_T": 139.959795175025,
  "bounce_diagnostics": {
    "label": "results_eft68_c6f23p10707_c8f45_f1000_mh125_Glauber_off",
    "C": NaN,
    "Lambda_GeV": NaN,
    "finiteT": null,
    "temperature_GeV": NaN,
    "phi_metaMin": -4.6471764188871826e-05,
    "phi_absMin": 237.638825944229,
    "phi_bar": 115.60974742577096,
    "phi_top": 78.68941942105263,
    "V(phi_meta)": -41466275.493664816,
    "V(phi_true)": -63614280.374834165,
    "V(phi_top)": -40054068.169959806,
    "DeltaV_true_minus_meta": -22148004.88116935,
    "r0": 2.703284427544511e-06,
    "phi0": 228.47136355042915,
    "dphi0": -0.08873198095791816,
    "rscale_cubic": 0.027032844275445108,
    "rscale_curv": 0.026263998254781956,
    "wall_r_hi": 0.10016565397785478,
    "wall_thickness": 0.07409756254147155,
    "S_total": 8903.150441876041,
    "S_kin": 13343.166344756004,
    "S_pot": -4440.015902879962,
    "S_interior": 0.0,
    "S3_over_T": NaN,
    "beta_rscale": 36.99203790066351,
    "beta_curvature": 38.07493414662066,
    "beta_wall": 13.495720583795338,
    "Tn_from_transitionFinder_GeV": 63.612199708797206,
    "Tc_from_transitionFinder_GeV": 87.20406278891048,
    "T_spinodal_high_GeV": NaN,
    "T_spinodal_low_GeV": NaN,
    "gw_T_star_GeV": 63.612199708797206,
    "gw_alpha": 0.06001859349898494,
    "gw_beta_over_H": 433.03520072295265,
    "gw_R_star_times_H": NaN,
    "gw_Gamma_Tstar_GeV4": NaN,
    "gw_dT_for_beta_GeV": NaN,
    "gw_f_sw_peak_Hz": NaN,
    "gw_f_turb_peak_Hz": NaN,
    "gw_f_coll_peak_Hz": NaN,
    "gw_g_star": 106.75,
    "gw_v_w": 1.0,
    "omega_sw_peak": NaN,
    "omega_turb_peak": NaN,
    "omega_coll_peak": NaN,
    "omega_tot_peak": NaN
  }
}