{
  "label": "results_eft68_c6f23p01818_c8f45_f1000_mh125_Glauber_off",
  "model_parameters": {
    "c6_over_f2_TeV2": 3.018181818181818,
    "c8_over_f4_TeV4": 5.0,
    "f_GeV": 1000.0,
    "m_h": 125.0,
    "v": 246.0,
    "m_w": 80.36,
    "m_z": 91.19,
    "m_t": 173.1,
    "use_glauber_measure": false,
    "C_glauber": 0.0,
    "Lambda_glauber": 1000.0
  },
  "derived_tree_coefficients": {
    "glauber_scheme": "counterterm_subtracted",
    "lambda_tree": -0.1723407435222509,
    "mu2_tree_GeV2": -1585.4622968313888,
    "a0_mean_field": 0.24910581676752822,
    "glauber_t0": 0.0,
    "glauber_lambda_shift": 0.0,
    "glauber_mu2_shift_after_lambda_GeV2": 0.0,
    "lambda_tree_raw_glauber_equivalent": -0.1723407435222509,
    "mu2_tree_raw_glauber_equivalent_GeV2": -1585.4622968313888,
    "combo_TeV2": 6.944103636363636
  },
  "scan_parameters": {
    "T_min": 1.0,
    "T_max": 250.0,
    "phi_scan_range": [
      -10,
      1000.0
    ],
    "n_phi_scan": 1200,
    "n_T_seeds": 3,
    "deltaX_target": 0.1,
    "x_eps": 0.001,
    "T_eps": 0.01,
    "deriv_order": 4,
    "phitol": 0.0001,
    "overlapAngle": 45.0,
    "Tn_Ttol": 0.01,
    "Tn_maxiter": 160,
    "include_zeroT_loops": true,
    "include_scalar_loops": true,
    "include_thermal": true,
    "include_scalar_thermal": true,
    "include_daisy": true,
    "renormalize_zeroT_loops": true,
    "thermal_approx": "spline"
  },
  "key_temperatures": {
    "Tn": 71.37426318105241,
    "Tc": 90.64841346845284,
    "Ts_false": 35.67684882811908,
    "Ts_true": 94.05305078124968,
    "S_at_Tn": 9979.505485331589,
    "S_over_Tn": 139.81938363436345,
    "false_phase_key": 2,
    "true_phase_key": 0,
    "phi_false_Tn": 2.8527922181024126e-05,
    "phi_true_Tn": 233.70403892589144,
    "vTn_over_Tn": 3.2743460809264424,
    "Tc_minus_Tn_over_Tc": 0.21262534610281023
  },
  "gw_scales": {
    "gw_T_star_GeV": 71.37426318105241,
    "gw_alpha": 0.03765209277333367,
    "gw_beta_over_H": 428.37442668974523,
    "gw_v_w": 1.0,
    "gw_g_star": 106.75
  },
  "gw_peaks": {
    "sw": {
      "f_peak_mHz": 5.885836223762919,
      "f_peak_Hz": 0.005885836223762919,
      "omega_peak": 2.6966659542416578e-15
    },
    "turb": {
      "f_peak_mHz": 10.077112648825867,
      "f_peak_Hz": 0.010077112648825867,
      "omega_peak": 1.9592916691299949e-19
    },
    "coll": {
      "f_peak_mHz": NaN,
      "f_peak_Hz": NaN,
      "omega_peak": NaN
    },
    "total": {
      "f_peak_mHz": 5.885836223762919,
      "f_peak_Hz": 0.005885836223762919,
      "omega_peak": 2.6968381786178366e-15
    }
  },
  "gw_run_parameters": {
    "g_star": 106.75,
    "v_w": 1.0,
    "epsilon_turb": 1.0,
    "frequency_unit": "mHz"
  },
  "S3": 9978.90700235946,
  "S3_over_T": 139.8109984974043,
  "bounce_diagnostics": {
    "label": "results_eft68_c6f23p01818_c8f45_f1000_mh125_Glauber_off",
    "C": NaN,
    "Lambda_GeV": NaN,
    "finiteT": null,
    "temperature_GeV": NaN,
    "phi_metaMin": 2.8527922181024126e-05,
    "phi_absMin": 233.70403892589144,
    "phi_bar": 117.39259360114221,
    "phi_top": 79.89039374202194,
    "V(phi_meta)": -66939952.87177466,
    "V(phi_true)": -85655339.42685756,
    "V(phi_top)": -65523306.68056096,
    "DeltaV_true_minus_meta": -18715386.555082902,
    "r0": 2.740236722897006e-06,
    "phi0": 226.4893159822826,
    "dphi0": -0.06500009636505594,
    "rscale_cubic": 0.027402367228970055,
    "rscale_curv": 0.026536734978492467,
    "wall_r_hi": 0.10690668278075142,
    "wall_thickness": 0.0760237483193379,
    "S_total": 9978.90700235946,
    "S_kin": 14948.009997946874,
    "S_pot": -4969.1029955874155,
    "S_interior": 0.0,
    "S3_over_T": NaN,
    "beta_rscale": 36.49319752721181,
    "beta_curvature": 37.6836127414779,
    "beta_wall": 13.153784470077666,
    "Tn_from_transitionFinder_GeV": 71.37426318105241,
    "Tc_from_transitionFinder_GeV": 90.64841346845284,
    "T_spinodal_high_GeV": NaN,
    "T_spinodal_low_GeV": NaN,
    "gw_T_star_GeV": 71.37426318105241,
    "gw_alpha": 0.03765209277333367,
    "gw_beta_over_H": 428.37442668974523,
    "gw_R_star_times_H": NaN,
    "gw_Gamma_Tstar_GeV4": NaN,
    "gw_dT_for_beta_GeV": NaN,
    "gw_f_sw_peak_Hz": NaN,
    "gw_f_turb_peak_Hz": NaN,
    "gw_f_coll_peak_Hz": NaN,
    "gw_g_star": 106.75,
    "gw_v_w": 1.0,
    "omega_sw_peak": NaN,
    "omega_turb_peak": NaN,
    "omega_coll_peak": NaN,
    "omega_tot_peak": NaN
  }
}