{
  "label": "results_eft68_c6f20_c8f40_f515p835_mh125_Glauber_C3p75818_Lambda1000",
  "model_parameters": {
    "c6_over_f2_TeV2": 0.0,
    "c8_over_f4_TeV4": 0.0,
    "f_GeV": 515.8353566233309,
    "m_h": 125.0,
    "v": 246.0,
    "m_w": 80.36,
    "m_z": 91.19,
    "m_t": 173.1,
    "use_glauber_measure": true,
    "C_glauber": 3.7581818181818183,
    "Lambda_glauber": 1000.0
  },
  "scan_parameters": {
    "T_min": 1.0,
    "T_max": 250.0,
    "phi_scan_range": [
      -10.0,
      515.8353566233309
    ],
    "n_phi_scan": 1200,
    "n_T_seeds": 3,
    "deltaX_target": 0.1,
    "x_eps": 0.001,
    "T_eps": 0.01,
    "deriv_order": 4,
    "phitol": 1e-05,
    "overlapAngle": 45.0,
    "Tn_Ttol": 0.001,
    "Tn_maxiter": 160,
    "include_zeroT_loops": true,
    "include_scalar_loops": true,
    "include_thermal": true,
    "include_scalar_thermal": true,
    "include_daisy": true,
    "renormalize_zeroT_loops": true,
    "thermal_approx": "spline"
  },
  "key_temperatures": {
    "Tn": 61.71207268727697,
    "Tc": 80.33574009069181,
    "Ts_false": 46.66173671874538,
    "Ts_true": 92.31053710937474,
    "S_at_Tn": 8639.508601946944,
    "S_over_Tn": 139.99705771879107,
    "false_phase_key": 1,
    "true_phase_key": 0,
    "phi_false_Tn": -0.00029997447146141645,
    "phi_true_Tn": 239.25768449459036,
    "vTn_over_Tn": 3.8769996546221583,
    "Tc_minus_Tn_over_Tc": 0.2318229393591246
  },
  "gw_scales": {
    "gw_T_star_GeV": 61.71207268727697,
    "gw_alpha": 0.06660053617630485,
    "gw_beta_over_H": 751.8356065734769,
    "gw_v_w": 1.0,
    "gw_g_star": 106.75
  },
  "gw_peaks": {
    "sw": {
      "f_peak_mHz": 8.91165363379737,
      "f_peak_Hz": 0.008911653633797369,
      "omega_peak": 4.094427666268737e-15
    },
    "turb": {
      "f_peak_mHz": 15.25760047357916,
      "f_peak_Hz": 0.01525760047357916,
      "omega_peak": 2.974856514772222e-19
    },
    "coll": {
      "f_peak_mHz": NaN,
      "f_peak_Hz": NaN,
      "omega_peak": NaN
    },
    "total": {
      "f_peak_mHz": 8.91165363379737,
      "f_peak_Hz": 0.008911653633797369,
      "omega_peak": 4.094688872354912e-15
    }
  },
  "gw_run_parameters": {
    "g_star": 106.75,
    "v_w": 1.0,
    "epsilon_turb": 1.0,
    "frequency_unit": "mHz"
  },
  "S3": 8624.38202406487,
  "S3_over_T": 139.75194234308933,
  "bounce_diagnostics": {
    "label": "results_eft68_c6f20_c8f40_f515p835_mh125_Glauber_C3p75818_Lambda1000",
    "C": NaN,
    "Lambda_GeV": NaN,
    "finiteT": null,
    "temperature_GeV": NaN,
    "phi_metaMin": -0.00029997447146141645,
    "phi_absMin": 239.25768449459036,
    "phi_bar": 112.93798367670274,
    "phi_top": 78.0388982058247,
    "V(phi_meta)": -42434807.87819868,
    "V(phi_true)": -62502293.98857696,
    "V(phi_top)": -41591940.42370787,
    "DeltaV_true_minus_meta": -20067486.11037828,
    "r0": 3.4702241751499345e-06,
    "phi0": 230.16738467010612,
    "dphi0": -0.11214283262387242,
    "rscale_cubic": 0.034702241751499344,
    "rscale_curv": 0.03191227248022571,
    "wall_r_hi": 0.11055962478840768,
    "wall_thickness": 0.08409581065797643,
    "S_total": 8624.38202406487,
    "S_kin": 12929.952410807842,
    "S_pot": -4305.570386742976,
    "S_interior": 0.0,
    "S3_over_T": NaN,
    "beta_rscale": 28.816582143624597,
    "beta_curvature": 31.335915060642108,
    "beta_wall": 11.891198766928715,
    "Tn_from_transitionFinder_GeV": 61.71207268727697,
    "Tc_from_transitionFinder_GeV": 80.33574009069181,
    "T_spinodal_high_GeV": NaN,
    "T_spinodal_low_GeV": NaN,
    "gw_T_star_GeV": 61.71207268727697,
    "gw_alpha": 0.06660053617630485,
    "gw_beta_over_H": 751.8356065734769,
    "gw_R_star_times_H": NaN,
    "gw_Gamma_Tstar_GeV4": NaN,
    "gw_dT_for_beta_GeV": NaN,
    "gw_f_sw_peak_Hz": NaN,
    "gw_f_turb_peak_Hz": NaN,
    "gw_f_coll_peak_Hz": NaN,
    "gw_g_star": 106.75,
    "gw_v_w": 1.0,
    "omega_sw_peak": NaN,
    "omega_turb_peak": NaN,
    "omega_coll_peak": NaN,
    "omega_tot_peak": NaN
  }
}