{
  "label": "results_eft68_c6f20_c8f40_f1000_mh125_Glauber_C3p65_Lambda1000_pure_EFT68_benchmark",
  "model_parameters": {
    "c6_over_f2_TeV2": 0.0,
    "c8_over_f4_TeV4": 0.0,
    "f_GeV": 1000.0,
    "m_h": 125.0,
    "v": 246.0,
    "m_w": 80.36,
    "m_z": 91.19,
    "m_t": 173.1,
    "use_glauber_measure": true,
    "C_glauber": 3.65,
    "Lambda_glauber": 1000.0
  },
  "scan_parameters": {
    "T_min": 1.0,
    "T_max": 250.0,
    "phi_scan_range": [
      -1.0,
      1000.0
    ],
    "n_phi_scan": 1400,
    "n_T_seeds": 2,
    "deltaX_target": 0.1,
    "x_eps": 0.001,
    "T_eps": 0.01,
    "deriv_order": 4,
    "phitol": 1e-05,
    "overlapAngle": 45.0,
    "Tn_Ttol": 0.001,
    "Tn_maxiter": 100,
    "include_zeroT_loops": true,
    "include_scalar_loops": true,
    "renormalize_zeroT_loops": true,
    "include_thermal": true,
    "include_scalar_thermal": true,
    "include_daisy": true
  },
  "key_temperatures": {
    "Tn": 76.35254878117229,
    "Tc": 87.34032691369607,
    "Ts_false": 66.20390839843438,
    "Ts_true": 95.58352539062467,
    "S_at_Tn": 10689.358783214499,
    "S_over_Tn": 140.00002558985142,
    "false_phase_key": 1,
    "true_phase_key": 0,
    "phi_false_Tn": -0.00033971391607613634,
    "phi_true_Tn": 230.70953216746227,
    "vTn_over_Tn": 3.0216349794514357
  },
  "gw_scales": {
    "gw_T_star_GeV": 76.35254878117229,
    "gw_alpha": 0.03030142476699539,
    "gw_beta_over_H": 1741.1066029758947,
    "gw_v_w": 1,
    "gw_g_star": 106.75
  },
  "gw_peaks": {
    "sw": {
      "f_peak_mHz": 25.480215782086265,
      "f_peak_Hz": 0.025480215782086264,
      "omega_peak": 8.942902877491386e-17
    },
    "turb": {
      "f_peak_mHz": 43.48296596595781,
      "f_peak_Hz": 0.04348296596595781,
      "omega_peak": 6.497667005445614e-21
    },
    "coll": {
      "f_peak_mHz": NaN,
      "f_peak_Hz": NaN,
      "omega_peak": NaN
    },
    "total": {
      "f_peak_mHz": 25.480215782086265,
      "f_peak_Hz": 0.025480215782086264,
      "omega_peak": 8.943472817039461e-17
    }
  },
  "gw_run_parameters": {
    "g_star": 106.75,
    "v_w": 1,
    "epsilon_turb": 1.0,
    "frequency_unit": "mHz"
  },
  "S3": 10673.186601949312,
  "S3_over_T": 139.78821627210962,
  "bounce_diagnostics": {
    "label": "results_eft68_c6f20_c8f40_f1000_mh125_Glauber_C3p65_Lambda1000_pure_EFT68_benchmark",
    "C": NaN,
    "Lambda_GeV": NaN,
    "finiteT": null,
    "temperature_GeV": NaN,
    "phi_metaMin": -0.00033971391607613634,
    "phi_absMin": 230.70953216746227,
    "phi_bar": 115.39034346478257,
    "phi_top": 78.27152610889762,
    "V(phi_meta)": -95819766.57725607,
    "V(phi_true)": -109511189.56493942,
    "V(phi_top)": -95050333.19715874,
    "DeltaV_true_minus_meta": -13691422.987683356,
    "r0": 3.642877352082799e-06,
    "phi0": 224.90707733724227,
    "dphi0": -0.06025473967374751,
    "rscale_cubic": 0.03642877352082799,
    "rscale_curv": 0.034777676243710656,
    "wall_r_hi": 0.1279768952502306,
    "wall_thickness": 0.09133336759379324,
    "S_total": 10673.186601949312,
    "S_kin": 16009.893154388688,
    "S_pot": -5336.706552439379,
    "S_interior": 0.0,
    "S3_over_T": NaN,
    "beta_rscale": 27.450828105103632,
    "beta_curvature": 28.754092376490906,
    "beta_wall": 10.948901002397259,
    "Tn_from_transitionFinder_GeV": 76.35254878117229,
    "Tc_from_transitionFinder_GeV": 87.34032691369607,
    "T_spinodal_high_GeV": NaN,
    "T_spinodal_low_GeV": NaN,
    "gw_T_star_GeV": 76.35254878117229,
    "gw_alpha": 0.03030142476699539,
    "gw_beta_over_H": 1741.1066029758947,
    "gw_R_star_times_H": NaN,
    "gw_Gamma_Tstar_GeV4": NaN,
    "gw_dT_for_beta_GeV": NaN,
    "gw_f_sw_peak_Hz": NaN,
    "gw_f_turb_peak_Hz": NaN,
    "gw_f_coll_peak_Hz": NaN,
    "gw_g_star": 106.75,
    "gw_v_w": 1.0,
    "omega_sw_peak": NaN,
    "omega_turb_peak": NaN,
    "omega_coll_peak": NaN,
    "omega_tot_peak": NaN
  }
}