{
  "label": "results_eft68_c6f23p375_c8f40_f1000_mh125_Glauber_C1_Lambda1000",
  "model_parameters": {
    "c6_over_f2_TeV2": 3.375,
    "c8_over_f4_TeV4": 0.0,
    "f_GeV": 1000.0,
    "m_h": 125.0,
    "v": 246.0,
    "m_w": 80.36,
    "m_z": 91.19,
    "m_t": 173.1,
    "use_glauber_measure": true,
    "C_glauber": 1.0,
    "Lambda_glauber": 1000.0
  },
  "derived_tree_coefficients": {
    "glauber_scheme": "counterterm_subtracted",
    "lambda_tree": -0.17726416023861452,
    "mu2_tree_GeV2": -1457.4089604999972,
    "a0_mean_field": 0.24664410840934642,
    "glauber_t0": 0.060516,
    "glauber_lambda_shift": 0.0,
    "glauber_mu2_shift_after_lambda_GeV2": 0.0,
    "lambda_tree_raw_glauber_equivalent": -0.20596281150277782,
    "mu2_tree_raw_glauber_equivalent_GeV2": 23767.787143859096,
    "combo_TeV2": 6.75
  },
  "scan_parameters": {
    "T_min": 1.0,
    "T_max": 250.0,
    "phi_scan_range": [
      -10.0,
      1000.0
    ],
    "n_phi_scan": 1200,
    "n_T_seeds": 3,
    "deltaX_target": 0.1,
    "x_eps": 0.001,
    "T_eps": 0.01,
    "deriv_order": 4,
    "phitol": 0.0001,
    "overlapAngle": 45.0,
    "Tn_Ttol": 0.01,
    "Tn_maxiter": 160,
    "include_zeroT_loops": true,
    "include_scalar_loops": true,
    "include_thermal": true,
    "include_scalar_thermal": true,
    "include_daisy": false,
    "renormalize_zeroT_loops": true,
    "thermal_approx": "spline"
  },
  "key_temperatures": {
    "Tn": 69.47769535502839,
    "Tc": 89.30782346652097,
    "Ts_false": 31.495983203118808,
    "Ts_true": 93.6644746093747,
    "S_at_Tn": 9732.999303945086,
    "S_over_Tn": 140.0881139509569,
    "false_phase_key": 2,
    "true_phase_key": 0,
    "phi_false_Tn": -0.00018980506564014168,
    "phi_true_Tn": 234.4892531072411,
    "vTn_over_Tn": 3.375029236491077,
    "Tc_minus_Tn_over_Tc": 0.22204245206945783
  },
  "gw_scales": {
    "gw_T_star_GeV": 69.47769535502839,
    "gw_alpha": 0.042834527727832465,
    "gw_beta_over_H": 662.3756351293034,
    "gw_v_w": 1.0,
    "gw_g_star": 106.75
  },
  "gw_peaks": {
    "sw": {
      "f_peak_mHz": 8.775786958281639,
      "f_peak_Hz": 0.008775786958281639,
      "omega_peak": 1.606698610311487e-15
    },
    "turb": {
      "f_peak_mHz": 15.024983774380862,
      "f_peak_Hz": 0.015024983774380862,
      "omega_peak": 1.167474160388616e-19
    },
    "coll": {
      "f_peak_mHz": NaN,
      "f_peak_Hz": NaN,
      "omega_peak": NaN
    },
    "total": {
      "f_peak_mHz": 8.775786958281639,
      "f_peak_Hz": 0.008775786958281639,
      "omega_peak": 1.6068007593477858e-15
    }
  },
  "gw_run_parameters": {
    "g_star": 106.75,
    "v_w": 1.0,
    "epsilon_turb": 1.0,
    "frequency_unit": "mHz"
  },
  "S3": 9732.4430041195,
  "S3_over_T": 140.08010706726935,
  "bounce_diagnostics": {
    "label": "results_eft68_c6f23p375_c8f40_f1000_mh125_Glauber_C1_Lambda1000",
    "C": NaN,
    "Lambda_GeV": NaN,
    "finiteT": null,
    "temperature_GeV": NaN,
    "phi_metaMin": -0.00018980506564014168,
    "phi_absMin": 234.4892531072411,
    "phi_bar": 116.9162332320828,
    "phi_top": 79.58051368223906,
    "V(phi_meta)": -59267851.46762602,
    "V(phi_true)": -78995885.19139989,
    "V(phi_top)": -57798982.6116892,
    "DeltaV_true_minus_meta": -19728033.723773867,
    "r0": 2.6806532315537976e-06,
    "phi0": 226.92752427181546,
    "dphi0": -0.06848049244361074,
    "rscale_cubic": 0.026806532315537975,
    "rscale_curv": 0.02558219942029066,
    "wall_r_hi": 0.10433771301528798,
    "wall_thickness": 0.07459103947110164,
    "S_total": 9732.4430041195,
    "S_kin": 14600.42071409336,
    "S_pot": -4867.977709973862,
    "S_interior": 0.0,
    "S3_over_T": NaN,
    "beta_rscale": 37.304340159669444,
    "beta_curvature": 39.08968320694174,
    "beta_wall": 13.406436042326826,
    "Tn_from_transitionFinder_GeV": 69.47769535502839,
    "Tc_from_transitionFinder_GeV": 89.30782346652097,
    "T_spinodal_high_GeV": NaN,
    "T_spinodal_low_GeV": NaN,
    "gw_T_star_GeV": 69.47769535502839,
    "gw_alpha": 0.042834527727832465,
    "gw_beta_over_H": 662.3756351293034,
    "gw_R_star_times_H": NaN,
    "gw_Gamma_Tstar_GeV4": NaN,
    "gw_dT_for_beta_GeV": NaN,
    "gw_f_sw_peak_Hz": NaN,
    "gw_f_turb_peak_Hz": NaN,
    "gw_f_coll_peak_Hz": NaN,
    "gw_g_star": 106.75,
    "gw_v_w": 1.0,
    "omega_sw_peak": NaN,
    "omega_turb_peak": NaN,
    "omega_coll_peak": NaN,
    "omega_tot_peak": NaN
  }
}