{
  "label": "results_eft68_c6f23p48283_c8f40_f1000_mh125_Glauber_off",
  "model_parameters": {
    "c6_over_f2_TeV2": 3.482828282828283,
    "c8_over_f4_TeV4": 0.0,
    "f_GeV": 1000.0,
    "m_h": 125.0,
    "v": 246.0,
    "m_w": 80.36,
    "m_z": 91.19,
    "m_t": 173.1,
    "use_glauber_measure": false,
    "C_glauber": 0.0,
    "Lambda_glauber": 1000.0
  },
  "derived_tree_coefficients": {
    "glauber_scheme": "counterterm_subtracted",
    "lambda_tree": -0.18705216478406916,
    "mu2_tree_GeV2": -1753.5744020363654,
    "a0_mean_field": 0.2417501061366191,
    "glauber_t0": 0.0,
    "glauber_lambda_shift": 0.0,
    "glauber_mu2_shift_after_lambda_GeV2": 0.0,
    "lambda_tree_raw_glauber_equivalent": -0.18705216478406916,
    "mu2_tree_raw_glauber_equivalent_GeV2": -1753.5744020363654,
    "combo_TeV2": 6.965656565656566
  },
  "scan_parameters": {
    "T_min": 1.0,
    "T_max": 250.0,
    "phi_scan_range": [
      -10,
      1000.0
    ],
    "n_phi_scan": 1200,
    "n_T_seeds": 3,
    "deltaX_target": 0.1,
    "x_eps": 0.001,
    "T_eps": 0.01,
    "deriv_order": 4,
    "phitol": 0.0001,
    "overlapAngle": 45.0,
    "Tn_Ttol": 0.01,
    "Tn_maxiter": 160,
    "include_zeroT_loops": true,
    "include_scalar_loops": true,
    "include_thermal": true,
    "include_scalar_thermal": true,
    "include_daisy": true,
    "renormalize_zeroT_loops": true,
    "thermal_approx": "spline"
  },
  "key_temperatures": {
    "Tn": 66.9858203532425,
    "Tc": 89.620838606392,
    "Ts_false": 20.41995742186926,
    "Ts_true": 94.16685156249967,
    "S_at_Tn": 9378.348537181353,
    "S_over_Tn": 140.0049814681024,
    "false_phase_key": 2,
    "true_phase_key": 0,
    "phi_false_Tn": -4.88879636231643e-05,
    "phi_true_Tn": 236.379017356269,
    "vTn_over_Tn": 3.52879185639214,
    "Tc_minus_Tn_over_Tc": 0.2525642317693634
  },
  "gw_scales": {
    "gw_T_star_GeV": 66.9858203532425,
    "gw_alpha": 0.0492133209613469,
    "gw_beta_over_H": 349.23016402329426,
    "gw_v_w": 1.0,
    "gw_g_star": 106.75
  },
  "gw_peaks": {
    "sw": {
      "f_peak_mHz": 4.463834557965092,
      "f_peak_Hz": 0.004463834557965092,
      "omega_peak": 8.43397117104138e-15
    },
    "turb": {
      "f_peak_mHz": 7.642510252787481,
      "f_peak_Hz": 0.007642510252787482,
      "omega_peak": 6.128287402116868e-19
    },
    "coll": {
      "f_peak_mHz": NaN,
      "f_peak_Hz": NaN,
      "omega_peak": NaN
    },
    "total": {
      "f_peak_mHz": 4.463834557965092,
      "f_peak_Hz": 0.004463834557965092,
      "omega_peak": 8.434507537528995e-15
    }
  },
  "gw_run_parameters": {
    "g_star": 106.75,
    "v_w": 1.0,
    "epsilon_turb": 1.0,
    "frequency_unit": "mHz"
  },
  "S3": 9378.294210909187,
  "S3_over_T": 140.0041704565797,
  "bounce_diagnostics": {
    "label": "results_eft68_c6f23p48283_c8f40_f1000_mh125_Glauber_off",
    "C": NaN,
    "Lambda_GeV": NaN,
    "finiteT": null,
    "temperature_GeV": NaN,
    "phi_metaMin": -4.88879636231643e-05,
    "phi_absMin": 236.379017356269,
    "phi_bar": 116.93484630132022,
    "phi_top": 79.65110170524976,
    "V(phi_meta)": -51810205.2139428,
    "V(phi_true)": -73127234.44980566,
    "V(phi_top)": -50299352.84968844,
    "DeltaV_true_minus_meta": -21317029.23586286,
    "r0": 2.6454856754312517e-06,
    "phi0": 228.2543058206203,
    "dphi0": -0.07607756448690645,
    "rscale_cubic": 0.026454856754312514,
    "rscale_curv": 0.025805955745823072,
    "wall_r_hi": 0.10129048310668437,
    "wall_thickness": 0.07323020413509959,
    "S_total": 9378.294210909187,
    "S_kin": 14072.20312104585,
    "S_pot": -4693.908910136667,
    "S_interior": 0.0,
    "S3_over_T": NaN,
    "beta_rscale": 37.80024247672352,
    "beta_curvature": 38.750742352601584,
    "beta_wall": 13.655567560007595,
    "Tn_from_transitionFinder_GeV": 66.9858203532425,
    "Tc_from_transitionFinder_GeV": 89.620838606392,
    "T_spinodal_high_GeV": NaN,
    "T_spinodal_low_GeV": NaN,
    "gw_T_star_GeV": 66.9858203532425,
    "gw_alpha": 0.0492133209613469,
    "gw_beta_over_H": 349.23016402329426,
    "gw_R_star_times_H": NaN,
    "gw_Gamma_Tstar_GeV4": NaN,
    "gw_dT_for_beta_GeV": NaN,
    "gw_f_sw_peak_Hz": NaN,
    "gw_f_turb_peak_Hz": NaN,
    "gw_f_coll_peak_Hz": NaN,
    "gw_g_star": 106.75,
    "gw_v_w": 1.0,
    "omega_sw_peak": NaN,
    "omega_turb_peak": NaN,
    "omega_coll_peak": NaN,
    "omega_tot_peak": NaN
  }
}