{
  "label": "results_eft68_c6f20p993333_c8f45_f1000_mh125_Glauber_C3p2_Lambda1000",
  "model_parameters": {
    "c6_over_f2_TeV2": 0.9933333333333333,
    "c8_over_f4_TeV4": 5.0,
    "f_GeV": 1000.0,
    "m_h": 125.0,
    "v": 246.0,
    "m_w": 80.36,
    "m_z": 91.19,
    "m_t": 173.1,
    "use_glauber_measure": true,
    "C_glauber": 3.2,
    "Lambda_glauber": 1000.0
  },
  "derived_tree_coefficients": {
    "glauber_scheme": "counterterm_subtracted",
    "lambda_tree": 0.011462852841385426,
    "mu2_tree_GeV2": 3976.0669219395204,
    "a0_mean_field": 0.3410076149493464,
    "glauber_t0": 0.19365120000000002,
    "glauber_lambda_shift": 0.0,
    "glauber_mu2_shift_after_lambda_GeV2": 0.0,
    "lambda_tree_raw_glauber_equivalent": -0.38746497473578306,
    "mu2_tree_raw_glauber_equivalent_GeV2": 80357.9802124848,
    "combo_TeV2": 2.894406666666667
  },
  "scan_parameters": {
    "T_min": 1.0,
    "T_max": 250.0,
    "phi_scan_range": [
      -10.0,
      559.0169943749474
    ],
    "n_phi_scan": 1200,
    "n_T_seeds": 3,
    "deltaX_target": 0.1,
    "x_eps": 0.001,
    "T_eps": 0.01,
    "deriv_order": 4,
    "phitol": 0.0001,
    "overlapAngle": 45.0,
    "Tn_Ttol": 0.01,
    "Tn_maxiter": 160,
    "include_zeroT_loops": true,
    "include_scalar_loops": true,
    "include_thermal": true,
    "include_scalar_thermal": true,
    "include_daisy": false,
    "renormalize_zeroT_loops": true,
    "thermal_approx": "spline"
  },
  "key_temperatures": {
    "Tn": 67.41472659787948,
    "Tc": 84.08448003141818,
    "Ts_false": 49.805848046870466,
    "Ts_true": 94.1089785156247,
    "S_at_Tn": 9443.252360610668,
    "S_over_Tn": 140.07699559383371,
    "false_phase_key": 1,
    "true_phase_key": 0,
    "phi_false_Tn": -0.0002890334713307071,
    "phi_true_Tn": 235.93913880609477,
    "vTn_over_Tn": 3.4998160003442957,
    "Tc_minus_Tn_over_Tc": 0.19825006264307093
  },
  "gw_scales": {
    "gw_T_star_GeV": 67.41472659787948,
    "gw_alpha": 0.04767884574473897,
    "gw_beta_over_H": 942.1052193977247,
    "gw_v_w": 1.0,
    "gw_g_star": 106.75
  },
  "gw_peaks": {
    "sw": {
      "f_peak_mHz": 12.117215611000251,
      "f_peak_Hz": 0.012117215611000251,
      "omega_peak": 1.063503727698336e-15
    },
    "turb": {
      "f_peak_mHz": 20.74582813044975,
      "f_peak_Hz": 0.02074582813044975,
      "omega_peak": 7.727648676416747e-20
    },
    "coll": {
      "f_peak_mHz": NaN,
      "f_peak_Hz": NaN,
      "omega_peak": NaN
    },
    "total": {
      "f_peak_mHz": 12.117215611000251,
      "f_peak_Hz": 0.012117215611000251,
      "omega_peak": 1.063571357513018e-15
    }
  },
  "gw_run_parameters": {
    "g_star": 106.75,
    "v_w": 1.0,
    "epsilon_turb": 1.0,
    "frequency_unit": "mHz"
  },
  "S3": 9443.195701662713,
  "S3_over_T": 140.07615514025903,
  "bounce_diagnostics": {
    "label": "results_eft68_c6f20p993333_c8f45_f1000_mh125_Glauber_C3p2_Lambda1000",
    "C": NaN,
    "Lambda_GeV": NaN,
    "finiteT": null,
    "temperature_GeV": NaN,
    "phi_metaMin": -0.0002890334713307071,
    "phi_absMin": 235.93913880609477,
    "phi_bar": 114.96318808353739,
    "phi_top": 78.86867582755248,
    "V(phi_meta)": -56109078.72141466,
    "V(phi_true)": -74395439.78613228,
    "V(phi_top)": -55116929.47479518,
    "DeltaV_true_minus_meta": -18286361.064717613,
    "r0": 3.2325258918648863e-06,
    "phi0": 228.39774345519197,
    "dphi0": -0.08246260511126903,
    "rscale_cubic": 0.03232525891864886,
    "rscale_curv": 0.030324290114712504,
    "wall_r_hi": 0.1122854821683237,
    "wall_thickness": 0.08236599434771301,
    "S_total": 9443.195701662713,
    "S_kin": 14153.560787205768,
    "S_pot": -4710.365085543055,
    "S_interior": 0.0,
    "S3_over_T": NaN,
    "beta_rscale": 30.935560408553666,
    "beta_curvature": 32.97687234407178,
    "beta_wall": 12.140932771095311,
    "Tn_from_transitionFinder_GeV": 67.41472659787948,
    "Tc_from_transitionFinder_GeV": 84.08448003141818,
    "T_spinodal_high_GeV": NaN,
    "T_spinodal_low_GeV": NaN,
    "gw_T_star_GeV": 67.41472659787948,
    "gw_alpha": 0.04767884574473897,
    "gw_beta_over_H": 942.1052193977247,
    "gw_R_star_times_H": NaN,
    "gw_Gamma_Tstar_GeV4": NaN,
    "gw_dT_for_beta_GeV": NaN,
    "gw_f_sw_peak_Hz": NaN,
    "gw_f_turb_peak_Hz": NaN,
    "gw_f_coll_peak_Hz": NaN,
    "gw_g_star": 106.75,
    "gw_v_w": 1.0,
    "omega_sw_peak": NaN,
    "omega_turb_peak": NaN,
    "omega_coll_peak": NaN,
    "omega_tot_peak": NaN
  }
}