{
  "mean_field": {
    "v_c": 232.1396810042329,
    "T_c": 55.42578962811984,
    "v_c_over_T_c": 4.188297227008899
  },
  "current_point_fast_record": {
    "c6_over_f2_TeV2": 3.5,
    "c8_over_f4_TeV4": 0.0,
    "allowed_T0": true,
    "has_second_tree_minimum_below_f": false,
    "mean_field_vc_GeV": 232.1396810042329,
    "mean_field_Tc_GeV": 55.42578962811984,
    "mean_field_vc_over_Tc": 4.188297227008899,
    "category": 4,
    "category_label": "SFO, vc/Tc > 1.3",
    "combo_no_nucleation_guide": 7.0,
    "combo_too_weak_guide": 3.5,
    "expected_useful_for_full_scan": false
  },
  "physicality": {
    "lambda_tree": -0.18861091023861454,
    "mu2_tree": -1800.7389219999986,
    "a0_mean_field": 0.2409707334093464,
    "combo_TeV2": 7.0,
    "upper_c6_over_f2_TeV2_from_Eq_2_14": 4.266577095689914,
    "passes_Eq_2_14": true,
    "passes_EFT_tree_condition_Vv_lower_than_v_to_f": true,
    "min_after_v_tree": -21236132.12011847,
    "V_tree_v": -21236184.732708007,
    "sampled_min_phi_full_zeroT": 246.08202734244747,
    "sampled_min_deltaV_full_zeroT": -21236132.12011847,
    "dV_at_v_numeric": 5.075019670695793,
    "d2V_at_v_numeric": 15625.042359325762,
    "mh2_target": 15625.0
  }
}