{
  "label": "results_eft68_c6f23p5_c8f40_f1000_mh125_Glauber_off_pure_EFT68_benchmark",
  "model_parameters": {
    "c6_over_f2_TeV2": 3.5,
    "c8_over_f4_TeV4": 0.0,
    "f_GeV": 1000.0,
    "m_h": 125.0,
    "v": 246.0,
    "m_w": 80.36,
    "m_z": 91.19,
    "m_t": 173.1,
    "use_glauber_measure": false,
    "C_glauber": 3.83,
    "Lambda_glauber": 1000.0
  },
  "scan_parameters": {
    "T_min": 1.0,
    "T_max": 250.0,
    "phi_scan_range": [
      -1.0,
      1000.0
    ],
    "n_phi_scan": 1400,
    "n_T_seeds": 2,
    "deltaX_target": 0.1,
    "x_eps": 0.001,
    "T_eps": 0.01,
    "deriv_order": 4,
    "phitol": 1e-05,
    "overlapAngle": 45.0,
    "Tn_Ttol": 0.001,
    "Tn_maxiter": 100,
    "include_zeroT_loops": true,
    "include_scalar_loops": true,
    "renormalize_zeroT_loops": true,
    "include_thermal": true,
    "include_scalar_thermal": true,
    "include_daisy": false
  },
  "key_temperatures": {
    "Tn": 63.98406196808139,
    "Tc": 87.70740318246064,
    "Ts_false": 15.89238847655715,
    "Ts_true": 92.80464648437471,
    "S_at_Tn": 8957.657611563747,
    "S_over_Tn": 139.99826419323452,
    "false_phase_key": 2,
    "true_phase_key": 0,
    "phi_false_Tn": -4.281811233396876e-05,
    "phi_true_Tn": 237.5148202733447,
    "vTn_over_Tn": 3.712093495905739
  },
  "gw_scales": {
    "gw_T_star_GeV": 63.98406196808139,
    "gw_alpha": 0.059470891263288445,
    "gw_beta_over_H": 434.4914571710845,
    "gw_v_w": 1,
    "gw_g_star": 106.75
  },
  "gw_peaks": {
    "sw": {
      "f_peak_mHz": 5.319403460332807,
      "f_peak_Hz": 0.005319403460332807,
      "omega_peak": 9.070336667757403e-15
    },
    "turb": {
      "f_peak_mHz": 9.077766122666299,
      "f_peak_Hz": 0.009077766122666298,
      "omega_peak": 6.590349431511586e-19
    },
    "coll": {
      "f_peak_mHz": NaN,
      "f_peak_Hz": NaN,
      "omega_peak": NaN
    },
    "total": {
      "f_peak_mHz": 5.319403460332807,
      "f_peak_Hz": 0.005319403460332807,
      "omega_peak": 9.070914255465892e-15
    }
  },
  "gw_run_parameters": {
    "g_star": 106.75,
    "v_w": 1,
    "epsilon_turb": 1.0,
    "frequency_unit": "mHz"
  },
  "S3": 8969.826868723883,
  "S3_over_T": 140.18845620020974,
  "bounce_diagnostics": {
    "label": "results_eft68_c6f23p5_c8f40_f1000_mh125_Glauber_off_pure_EFT68_benchmark",
    "C": NaN,
    "Lambda_GeV": NaN,
    "finiteT": null,
    "temperature_GeV": NaN,
    "phi_metaMin": -4.281811233396876e-05,
    "phi_absMin": 237.5148202733447,
    "phi_bar": 115.99708641994174,
    "phi_top": 78.99863136401017,
    "V(phi_meta)": -42458010.91384968,
    "V(phi_true)": -64905341.652088776,
    "V(phi_top)": -40965555.48316825,
    "DeltaV_true_minus_meta": -22447330.738239095,
    "r0": 2.639936570091185e-06,
    "phi0": 228.55929175326742,
    "dphi0": -0.08536470894189094,
    "rscale_cubic": 0.026399365700911847,
    "rscale_curv": 0.025619370404267795,
    "wall_r_hi": 0.09922182425595336,
    "wall_thickness": 0.07291313793794801,
    "S_total": 8969.826868723883,
    "S_kin": 13448.636307470304,
    "S_pot": -4478.809438746422,
    "S_interior": 0.0,
    "S3_over_T": NaN,
    "beta_rscale": 37.87969799461733,
    "beta_curvature": 39.03296367335736,
    "beta_wall": 13.714949435464426,
    "Tn_from_transitionFinder_GeV": 63.98406196808139,
    "Tc_from_transitionFinder_GeV": 87.70740318246064,
    "T_spinodal_high_GeV": NaN,
    "T_spinodal_low_GeV": NaN,
    "gw_T_star_GeV": 63.98406196808139,
    "gw_alpha": 0.059470891263288445,
    "gw_beta_over_H": 434.4914571710845,
    "gw_R_star_times_H": NaN,
    "gw_Gamma_Tstar_GeV4": NaN,
    "gw_dT_for_beta_GeV": NaN,
    "gw_f_sw_peak_Hz": NaN,
    "gw_f_turb_peak_Hz": NaN,
    "gw_f_coll_peak_Hz": NaN,
    "gw_g_star": 106.75,
    "gw_v_w": 1.0,
    "omega_sw_peak": NaN,
    "omega_turb_peak": NaN,
    "omega_coll_peak": NaN,
    "omega_tot_peak": NaN
  }
}