{
  "label": "results_eft68_c6f20_c8f40_f784p629_mh125_Glauber_C6p49727_Lambda2000",
  "model_parameters": {
    "c6_over_f2_TeV2": 0.0,
    "c8_over_f4_TeV4": 0.0,
    "f_GeV": 784.6291653400864,
    "m_h": 125.0,
    "v": 246.0,
    "m_w": 80.36,
    "m_z": 91.19,
    "m_t": 173.1,
    "use_glauber_measure": true,
    "C_glauber": 6.497272727272728,
    "Lambda_glauber": 2000.0
  },
  "derived_tree_coefficients": {
    "glauber_scheme": "counterterm_subtracted",
    "lambda_tree": 0.12909808976138543,
    "mu2_tree_GeV2": 7812.5,
    "a0_mean_field": 0.3998252334093464,
    "glauber_t0": 0.09829723909090911,
    "glauber_lambda_shift": 0.0,
    "glauber_mu2_shift_after_lambda_GeV2": 0.0,
    "lambda_tree_raw_glauber_equivalent": -1.1860530276673402,
    "mu2_tree_raw_glauber_equivalent_GeV2": 658300.6134710222,
    "combo_TeV2": 0.0
  },
  "scan_parameters": {
    "T_min": 1.0,
    "T_max": 250.0,
    "phi_scan_range": [
      -10.0,
      784.6291653400864
    ],
    "n_phi_scan": 1200,
    "n_T_seeds": 3,
    "deltaX_target": 0.1,
    "x_eps": 0.001,
    "T_eps": 0.01,
    "deriv_order": 4,
    "phitol": 0.0001,
    "overlapAngle": 45.0,
    "Tn_Ttol": 0.01,
    "Tn_maxiter": 160,
    "include_zeroT_loops": true,
    "include_scalar_loops": true,
    "include_thermal": true,
    "include_scalar_thermal": true,
    "include_daisy": false,
    "renormalize_zeroT_loops": true,
    "thermal_approx": "spline"
  },
  "key_temperatures": {
    "Tn": 70.95304532382303,
    "Tc": 85.0394738573131,
    "Ts_false": 57.309734870136126,
    "Ts_true": 95.01743945312471,
    "S_at_Tn": 9933.483651845392,
    "S_over_Tn": 140.00080766808395,
    "false_phase_key": "2_1",
    "true_phase_key": 0,
    "phi_false_Tn": -0.001024356999887019,
    "phi_true_Tn": 234.16893751545817,
    "vTn_over_Tn": 3.300336672608387,
    "Tc_minus_Tn_over_Tc": 0.16564576301501518
  },
  "gw_scales": {
    "gw_T_star_GeV": 70.95304532382303,
    "gw_alpha": 0.041782157397616475,
    "gw_beta_over_H": 1149.487226938234,
    "gw_v_w": 1.0,
    "gw_g_star": 106.75
  },
  "gw_peaks": {
    "sw": {
      "f_peak_mHz": 15.733693738950372,
      "f_peak_Hz": 0.015733693738950373,
      "omega_peak": 4.984276046625827e-16
    },
    "turb": {
      "f_peak_mHz": 26.52689420538825,
      "f_peak_Hz": 0.02652689420538825,
      "omega_peak": 3.621446387654693e-20
    },
    "coll": {
      "f_peak_mHz": NaN,
      "f_peak_Hz": NaN,
      "omega_peak": NaN
    },
    "total": {
      "f_peak_mHz": 15.733693738950372,
      "f_peak_Hz": 0.015733693738950373,
      "omega_peak": 4.98459470121163e-16
    }
  },
  "gw_run_parameters": {
    "g_star": 106.75,
    "v_w": 1.0,
    "epsilon_turb": 1.0,
    "frequency_unit": "mHz"
  },
  "S3": 9929.178792686567,
  "S3_over_T": 139.9401357245588,
  "bounce_diagnostics": {
    "label": "results_eft68_c6f20_c8f40_f784p629_mh125_Glauber_C6p49727_Lambda2000",
    "C": NaN,
    "Lambda_GeV": NaN,
    "finiteT": null,
    "temperature_GeV": NaN,
    "phi_metaMin": -0.001024356999887019,
    "phi_absMin": 234.16893751545817,
    "phi_bar": 117.00550540773109,
    "phi_top": 79.81977637521868,
    "V(phi_meta)": -71326510.96843062,
    "V(phi_true)": -88671347.2497654,
    "V(phi_top)": -70297405.84411684,
    "DeltaV_true_minus_meta": -17344836.281334773,
    "r0": 3.2122592219803766e-06,
    "phi0": 227.56735178274107,
    "dphi0": -0.06931897971372647,
    "rscale_cubic": 0.032122592219803764,
    "rscale_curv": 0.03045881875078278,
    "wall_r_hi": 0.11439990749565987,
    "wall_thickness": 0.08202944701008374,
    "S_total": 9929.178792686567,
    "S_kin": 14887.256310276667,
    "S_pot": -4958.077517590098,
    "S_interior": 0.0,
    "S3_over_T": NaN,
    "beta_rscale": 31.130737929160468,
    "beta_curvature": 32.8312271721666,
    "beta_wall": 12.190744134567574,
    "Tn_from_transitionFinder_GeV": 70.95304532382303,
    "Tc_from_transitionFinder_GeV": 85.0394738573131,
    "T_spinodal_high_GeV": NaN,
    "T_spinodal_low_GeV": NaN,
    "gw_T_star_GeV": 70.95304532382303,
    "gw_alpha": 0.041782157397616475,
    "gw_beta_over_H": 1149.487226938234,
    "gw_R_star_times_H": NaN,
    "gw_Gamma_Tstar_GeV4": NaN,
    "gw_dT_for_beta_GeV": NaN,
    "gw_f_sw_peak_Hz": NaN,
    "gw_f_turb_peak_Hz": NaN,
    "gw_f_coll_peak_Hz": NaN,
    "gw_g_star": 106.75,
    "gw_v_w": 1.0,
    "omega_sw_peak": NaN,
    "omega_turb_peak": NaN,
    "omega_coll_peak": NaN,
    "omega_tot_peak": NaN
  }
}