{
  "label": "results_eft68_c6f23p20808_c8f40_f1000_mh125_Glauber_off",
  "model_parameters": {
    "c6_over_f2_TeV2": 3.2080808080808083,
    "c8_over_f4_TeV4": 0.0,
    "f_GeV": 1000.0,
    "m_h": 125.0,
    "v": 246.0,
    "m_w": 80.36,
    "m_z": 91.19,
    "m_t": 173.1,
    "use_glauber_measure": false,
    "C_glauber": 0.0,
    "Lambda_glauber": 1000.0
  },
  "derived_tree_coefficients": {
    "glauber_scheme": "counterterm_subtracted",
    "lambda_tree": -0.16211223751134185,
    "mu2_tree_GeV2": -998.9420826181795,
    "a0_mean_field": 0.2542200697729827,
    "glauber_t0": 0.0,
    "glauber_lambda_shift": 0.0,
    "glauber_mu2_shift_after_lambda_GeV2": 0.0,
    "lambda_tree_raw_glauber_equivalent": -0.16211223751134185,
    "mu2_tree_raw_glauber_equivalent_GeV2": -998.9420826181795,
    "combo_TeV2": 6.416161616161617
  },
  "scan_parameters": {
    "T_min": 1.0,
    "T_max": 250.0,
    "phi_scan_range": [
      -10,
      1000.0
    ],
    "n_phi_scan": 1200,
    "n_T_seeds": 3,
    "deltaX_target": 0.1,
    "x_eps": 0.001,
    "T_eps": 0.01,
    "deriv_order": 4,
    "phitol": 0.0001,
    "overlapAngle": 45.0,
    "Tn_Ttol": 0.01,
    "Tn_maxiter": 160,
    "include_zeroT_loops": true,
    "include_scalar_loops": true,
    "include_thermal": true,
    "include_scalar_thermal": true,
    "include_daisy": true,
    "renormalize_zeroT_loops": true,
    "thermal_approx": "spline"
  },
  "key_temperatures": {
    "Tn": 82.17688712363481,
    "Tc": 95.41363508233012,
    "Ts_false": 55.669798046870675,
    "Ts_true": 96.70499804687464,
    "S_at_Tn": 11498.823165024782,
    "S_over_Tn": 139.9277043400883,
    "false_phase_key": 2,
    "true_phase_key": 0,
    "phi_false_Tn": -5.215979363179423e-05,
    "phi_true_Tn": 225.06002181208027,
    "vTn_over_Tn": 2.7387265408761263,
    "Tc_minus_Tn_over_Tc": 0.13873015054162474
  },
  "gw_scales": {
    "gw_T_star_GeV": 82.17688712363481,
    "gw_alpha": 0.021552992819967042,
    "gw_beta_over_H": 1388.5585521127384,
    "gw_v_w": 1.0,
    "gw_g_star": 106.75
  },
  "gw_peaks": {
    "sw": {
      "f_peak_mHz": 22.060720029485164,
      "f_peak_Hz": 0.022060720029485163,
      "omega_peak": 5.403237548497748e-17
    },
    "turb": {
      "f_peak_mHz": 37.19421491395344,
      "f_peak_Hz": 0.03719421491395344,
      "omega_peak": 3.926058978362895e-21
    },
    "coll": {
      "f_peak_mHz": NaN,
      "f_peak_Hz": NaN,
      "omega_peak": NaN
    },
    "total": {
      "f_peak_mHz": 22.060720029485164,
      "f_peak_Hz": 0.022060720029485163,
      "omega_peak": 5.4035833656984114e-17
    }
  },
  "gw_run_parameters": {
    "g_star": 106.75,
    "v_w": 1.0,
    "epsilon_turb": 1.0,
    "frequency_unit": "mHz"
  },
  "S3": 11498.819320734114,
  "S3_over_T": 139.9276575594082,
  "bounce_diagnostics": {
    "label": "results_eft68_c6f23p20808_c8f40_f1000_mh125_Glauber_off",
    "C": NaN,
    "Lambda_GeV": NaN,
    "finiteT": null,
    "temperature_GeV": NaN,
    "phi_metaMin": -5.215979363179423e-05,
    "phi_absMin": 225.06002181208027,
    "phi_bar": 116.54257506753294,
    "phi_top": 77.50113379681478,
    "V(phi_meta)": -118337392.40140527,
    "V(phi_true)": -132011790.59578109,
    "V(phi_top)": -117067006.91587827,
    "DeltaV_true_minus_meta": -13674398.194375813,
    "r0": 2.807145745350698e-06,
    "phi0": 219.535467276075,
    "dphi0": -0.04118932060681326,
    "rscale_cubic": 0.02807145745350698,
    "rscale_curv": 0.026525622632190708,
    "wall_r_hi": 0.11984769946698746,
    "wall_thickness": 0.08152169721999736,
    "S_total": 11498.819320734114,
    "S_kin": 17247.485509975162,
    "S_pot": -5748.666189241051,
    "S_interior": 0.0,
    "S3_over_T": NaN,
    "beta_rscale": 35.62337301710245,
    "beta_curvature": 37.69939742398599,
    "beta_wall": 12.266672972979995,
    "Tn_from_transitionFinder_GeV": 82.17688712363481,
    "Tc_from_transitionFinder_GeV": 95.41363508233012,
    "T_spinodal_high_GeV": NaN,
    "T_spinodal_low_GeV": NaN,
    "gw_T_star_GeV": 82.17688712363481,
    "gw_alpha": 0.021552992819967042,
    "gw_beta_over_H": 1388.5585521127384,
    "gw_R_star_times_H": NaN,
    "gw_Gamma_Tstar_GeV4": NaN,
    "gw_dT_for_beta_GeV": NaN,
    "gw_f_sw_peak_Hz": NaN,
    "gw_f_turb_peak_Hz": NaN,
    "gw_f_coll_peak_Hz": NaN,
    "gw_g_star": 106.75,
    "gw_v_w": 1.0,
    "omega_sw_peak": NaN,
    "omega_turb_peak": NaN,
    "omega_coll_peak": NaN,
    "omega_tot_peak": NaN
  }
}