{
  "label": "results_eft68_c6f23p07071_c8f45_f1000_mh125_Glauber_off",
  "model_parameters": {
    "c6_over_f2_TeV2": 3.070707070707071,
    "c8_over_f4_TeV4": 5.0,
    "f_GeV": 1000.0,
    "m_h": 125.0,
    "v": 246.0,
    "m_w": 80.36,
    "m_z": 91.19,
    "m_t": 173.1,
    "use_glauber_measure": false,
    "C_glauber": 0.0,
    "Lambda_glauber": 1000.0
  },
  "derived_tree_coefficients": {
    "glauber_scheme": "counterterm_subtracted",
    "lambda_tree": -0.1771086707949782,
    "mu2_tree_GeV2": -1729.7302402495698,
    "a0_mean_field": 0.24672185313116454,
    "glauber_t0": 0.0,
    "glauber_lambda_shift": 0.0,
    "glauber_mu2_shift_after_lambda_GeV2": 0.0,
    "lambda_tree_raw_glauber_equivalent": -0.1771086707949782,
    "mu2_tree_raw_glauber_equivalent_GeV2": -1729.7302402495698,
    "combo_TeV2": 7.049154141414142
  },
  "scan_parameters": {
    "T_min": 1.0,
    "T_max": 250.0,
    "phi_scan_range": [
      -10,
      1000.0
    ],
    "n_phi_scan": 1200,
    "n_T_seeds": 3,
    "deltaX_target": 0.1,
    "x_eps": 0.001,
    "T_eps": 0.01,
    "deriv_order": 4,
    "phitol": 0.0001,
    "overlapAngle": 45.0,
    "Tn_Ttol": 0.01,
    "Tn_maxiter": 160,
    "include_zeroT_loops": true,
    "include_scalar_loops": true,
    "include_thermal": true,
    "include_scalar_thermal": true,
    "include_daisy": true,
    "renormalize_zeroT_loops": true,
    "thermal_approx": "spline"
  },
  "key_temperatures": {
    "Tn": 67.98315292410199,
    "Tc": 89.52339990580036,
    "Ts_false": 27.89423710936898,
    "Ts_true": 93.5837441406247,
    "S_at_Tn": 9505.495770839925,
    "S_over_Tn": 139.82134340624194,
    "false_phase_key": 2,
    "true_phase_key": 0,
    "phi_false_Tn": 2.610300054226325e-05,
    "phi_true_Tn": 235.75817189321137,
    "vTn_over_Tn": 3.4678911135000963,
    "Tc_minus_Tn_over_Tc": 0.2406102427338972
  },
  "gw_scales": {
    "gw_T_star_GeV": 67.98315292410199,
    "gw_alpha": 0.04574132211596102,
    "gw_beta_over_H": 309.1245277701612,
    "gw_v_w": 1.0,
    "gw_g_star": 106.75
  },
  "gw_peaks": {
    "sw": {
      "f_peak_mHz": 4.008690271328588,
      "f_peak_Hz": 0.004008690271328588,
      "omega_peak": 8.824275565464276e-15
    },
    "turb": {
      "f_peak_mHz": 6.863259850034464,
      "f_peak_Hz": 0.006863259850034465,
      "omega_peak": 6.41193459325211e-19
    },
    "coll": {
      "f_peak_mHz": NaN,
      "f_peak_Hz": NaN,
      "omega_peak": NaN
    },
    "total": {
      "f_peak_mHz": 4.008690271328588,
      "f_peak_Hz": 0.004008690271328588,
      "omega_peak": 8.824836665544243e-15
    }
  },
  "gw_run_parameters": {
    "g_star": 106.75,
    "v_w": 1.0,
    "epsilon_turb": 1.0,
    "frequency_unit": "mHz"
  },
  "S3": 9503.227150941011,
  "S3_over_T": 139.78797308136973,
  "bounce_diagnostics": {
    "label": "results_eft68_c6f23p07071_c8f45_f1000_mh125_Glauber_off",
    "C": NaN,
    "Lambda_GeV": NaN,
    "finiteT": null,
    "temperature_GeV": NaN,
    "phi_metaMin": 2.610300054226325e-05,
    "phi_absMin": 235.75817189321137,
    "phi_bar": 116.94471186801734,
    "phi_top": 79.61860377018759,
    "V(phi_meta)": -54991037.968913876,
    "V(phi_true)": -75358874.07473546,
    "V(phi_top)": -53556880.737249374,
    "DeltaV_true_minus_meta": -20367836.105821587,
    "r0": 2.714191000503086e-06,
    "phi0": 227.86966804777177,
    "dphi0": -0.07401877333839142,
    "rscale_cubic": 0.02714191000503086,
    "rscale_curv": 0.02659016152636844,
    "wall_r_hi": 0.10349989764051135,
    "wall_thickness": 0.0746543354439881,
    "S_total": 9503.227150941011,
    "S_kin": 14308.028224805177,
    "S_pot": -4804.801073864167,
    "S_interior": 0.0,
    "S3_over_T": NaN,
    "beta_rscale": 36.84339089675878,
    "beta_curvature": 37.607896488114854,
    "beta_wall": 13.395069342627574,
    "Tn_from_transitionFinder_GeV": 67.98315292410199,
    "Tc_from_transitionFinder_GeV": 89.52339990580036,
    "T_spinodal_high_GeV": NaN,
    "T_spinodal_low_GeV": NaN,
    "gw_T_star_GeV": 67.98315292410199,
    "gw_alpha": 0.04574132211596102,
    "gw_beta_over_H": 309.1245277701612,
    "gw_R_star_times_H": NaN,
    "gw_Gamma_Tstar_GeV4": NaN,
    "gw_dT_for_beta_GeV": NaN,
    "gw_f_sw_peak_Hz": NaN,
    "gw_f_turb_peak_Hz": NaN,
    "gw_f_coll_peak_Hz": NaN,
    "gw_g_star": 106.75,
    "gw_v_w": 1.0,
    "omega_sw_peak": NaN,
    "omega_turb_peak": NaN,
    "omega_coll_peak": NaN,
    "omega_tot_peak": NaN
  }
}