{
  "label": "results_eft68_c6f23p26869_c8f40_f1000_mh125_Glauber_off",
  "model_parameters": {
    "c6_over_f2_TeV2": 3.268686868686869,
    "c8_over_f4_TeV4": 0.0,
    "f_GeV": 1000.0,
    "m_h": 125.0,
    "v": 246.0,
    "m_w": 80.36,
    "m_z": 91.19,
    "m_t": 173.1,
    "use_glauber_measure": false,
    "C_glauber": 0.0,
    "Lambda_glauber": 1000.0
  },
  "derived_tree_coefficients": {
    "glauber_scheme": "counterterm_subtracted",
    "lambda_tree": -0.16761369205679638,
    "mu2_tree_GeV2": -1165.4050942545437,
    "a0_mean_field": 0.2514693425002555,
    "glauber_t0": 0.0,
    "glauber_lambda_shift": 0.0,
    "glauber_mu2_shift_after_lambda_GeV2": 0.0,
    "lambda_tree_raw_glauber_equivalent": -0.16761369205679638,
    "mu2_tree_raw_glauber_equivalent_GeV2": -1165.4050942545437,
    "combo_TeV2": 6.537373737373738
  },
  "scan_parameters": {
    "T_min": 1.0,
    "T_max": 250.0,
    "phi_scan_range": [
      -10,
      1000.0
    ],
    "n_phi_scan": 1200,
    "n_T_seeds": 3,
    "deltaX_target": 0.1,
    "x_eps": 0.001,
    "T_eps": 0.01,
    "deriv_order": 4,
    "phitol": 0.0001,
    "overlapAngle": 45.0,
    "Tn_Ttol": 0.01,
    "Tn_maxiter": 160,
    "include_zeroT_loops": true,
    "include_scalar_loops": true,
    "include_thermal": true,
    "include_scalar_thermal": true,
    "include_daisy": true,
    "renormalize_zeroT_loops": true,
    "thermal_approx": "spline"
  },
  "key_temperatures": {
    "Tn": 79.37695301372369,
    "Tc": 94.15420241327546,
    "Ts_false": 49.89285214843271,
    "Ts_true": 96.12578124999965,
    "S_at_Tn": 11114.084416260624,
    "S_over_Tn": 140.01651605774134,
    "false_phase_key": 2,
    "true_phase_key": 0,
    "phi_false_Tn": -5.488512432349276e-05,
    "phi_true_Tn": 227.71289836758092,
    "vTn_over_Tn": 2.8687533310608564,
    "Tc_minus_Tn_over_Tc": 0.15694731643192397
  },
  "gw_scales": {
    "gw_T_star_GeV": 79.37695301372369,
    "gw_alpha": 0.024852846679382267,
    "gw_beta_over_H": 896.7259677483289,
    "gw_v_w": 1.0,
    "gw_g_star": 106.75
  },
  "gw_peaks": {
    "sw": {
      "f_peak_mHz": 13.701895486497882,
      "f_peak_Hz": 0.013701895486497882,
      "omega_peak": 1.9359255550343305e-16
    },
    "turb": {
      "f_peak_mHz": 23.45895112786603,
      "f_peak_Hz": 0.02345895112786603,
      "omega_peak": 1.4065674783648932e-20
    },
    "coll": {
      "f_peak_mHz": NaN,
      "f_peak_Hz": NaN,
      "omega_peak": NaN
    },
    "total": {
      "f_peak_mHz": 13.701895486497882,
      "f_peak_Hz": 0.013701895486497882,
      "omega_peak": 1.936049191911448e-16
    }
  },
  "gw_run_parameters": {
    "g_star": 106.75,
    "v_w": 1.0,
    "epsilon_turb": 1.0,
    "frequency_unit": "mHz"
  },
  "S3": 11115.585194198731,
  "S3_over_T": 140.03542303112755,
  "bounce_diagnostics": {
    "label": "results_eft68_c6f23p26869_c8f40_f1000_mh125_Glauber_off",
    "C": NaN,
    "Lambda_GeV": NaN,
    "finiteT": null,
    "temperature_GeV": NaN,
    "phi_metaMin": -5.488512432349276e-05,
    "phi_absMin": 227.71289836758092,
    "phi_bar": 117.21588109188623,
    "phi_top": 78.54044894703262,
    "V(phi_meta)": -102862570.79027675,
    "V(phi_true)": -117970496.88513926,
    "V(phi_top)": -101507943.29729965,
    "DeltaV_true_minus_meta": -15107926.094862506,
    "r0": 2.7549144367853532e-06,
    "phi0": 221.872033156763,
    "dphi0": -0.04591475120828608,
    "rscale_cubic": 0.02754914436785353,
    "rscale_curv": 0.026139453266390156,
    "wall_r_hi": 0.11545900366087238,
    "wall_thickness": 0.07921302270637946,
    "S_total": 11115.585194198731,
    "S_kin": 16670.174061533704,
    "S_pot": -5554.588867334975,
    "S_interior": 0.0,
    "S3_over_T": NaN,
    "beta_rscale": 36.298767999737855,
    "beta_curvature": 38.25634787362655,
    "beta_wall": 12.624186855067007,
    "Tn_from_transitionFinder_GeV": 79.37695301372369,
    "Tc_from_transitionFinder_GeV": 94.15420241327546,
    "T_spinodal_high_GeV": NaN,
    "T_spinodal_low_GeV": NaN,
    "gw_T_star_GeV": 79.37695301372369,
    "gw_alpha": 0.024852846679382267,
    "gw_beta_over_H": 896.7259677483289,
    "gw_R_star_times_H": NaN,
    "gw_Gamma_Tstar_GeV4": NaN,
    "gw_dT_for_beta_GeV": NaN,
    "gw_f_sw_peak_Hz": NaN,
    "gw_f_turb_peak_Hz": NaN,
    "gw_f_coll_peak_Hz": NaN,
    "gw_g_star": 106.75,
    "gw_v_w": 1.0,
    "omega_sw_peak": NaN,
    "omega_turb_peak": NaN,
    "omega_coll_peak": NaN,
    "omega_tot_peak": NaN
  }
}