{
  "label": "results_eft68_c6f23p38586_c8f40_f1000_mh125_Glauber_off",
  "model_parameters": {
    "c6_over_f2_TeV2": 3.385858585858586,
    "c8_over_f4_TeV4": 0.0,
    "f_GeV": 1000.0,
    "m_h": 125.0,
    "v": 246.0,
    "m_w": 80.36,
    "m_z": 91.19,
    "m_t": 173.1,
    "use_glauber_measure": false,
    "C_glauber": 0.0,
    "Lambda_glauber": 1000.0
  },
  "derived_tree_coefficients": {
    "glauber_scheme": "counterterm_subtracted",
    "lambda_tree": -0.17824983751134182,
    "mu2_tree_GeV2": -1487.2335834181813,
    "a0_mean_field": 0.24615126977298277,
    "glauber_t0": 0.0,
    "glauber_lambda_shift": 0.0,
    "glauber_mu2_shift_after_lambda_GeV2": 0.0,
    "lambda_tree_raw_glauber_equivalent": -0.17824983751134182,
    "mu2_tree_raw_glauber_equivalent_GeV2": -1487.2335834181813,
    "combo_TeV2": 6.771717171717172
  },
  "scan_parameters": {
    "T_min": 1.0,
    "T_max": 250.0,
    "phi_scan_range": [
      -10,
      1000.0
    ],
    "n_phi_scan": 1200,
    "n_T_seeds": 3,
    "deltaX_target": 0.1,
    "x_eps": 0.001,
    "T_eps": 0.01,
    "deriv_order": 4,
    "phitol": 0.0001,
    "overlapAngle": 45.0,
    "Tn_Ttol": 0.01,
    "Tn_maxiter": 160,
    "include_zeroT_loops": true,
    "include_scalar_loops": true,
    "include_thermal": true,
    "include_scalar_thermal": true,
    "include_daisy": false,
    "renormalize_zeroT_loops": true,
    "thermal_approx": "spline"
  },
  "key_temperatures": {
    "Tn": 71.42083186467607,
    "Tc": 90.09572936947258,
    "Ts_false": 35.4886884765566,
    "Ts_true": 93.80550976562469,
    "S_at_Tn": 10004.8123673354,
    "S_over_Tn": 140.0825516327214,
    "false_phase_key": 2,
    "true_phase_key": 0,
    "phi_false_Tn": -4.751913214006062e-05,
    "phi_true_Tn": 233.22338473568237,
    "vTn_over_Tn": 3.265481213906611,
    "Tc_minus_Tn_over_Tc": 0.20727838750505947
  },
  "gw_scales": {
    "gw_T_star_GeV": 71.42083186467607,
    "gw_alpha": 0.03838788291112844,
    "gw_beta_over_H": 676.2270489083899,
    "gw_v_w": 1.0,
    "gw_g_star": 106.75
  },
  "gw_peaks": {
    "sw": {
      "f_peak_mHz": 9.33200535103738,
      "f_peak_Hz": 0.009332005351037379,
      "omega_peak": 1.1413197376649877e-15
    },
    "turb": {
      "f_peak_mHz": 15.733693738950372,
      "f_peak_Hz": 0.015733693738950373,
      "omega_peak": 8.292846383049137e-20
    },
    "coll": {
      "f_peak_mHz": NaN,
      "f_peak_Hz": NaN,
      "omega_peak": NaN
    },
    "total": {
      "f_peak_mHz": 9.33200535103738,
      "f_peak_Hz": 0.009332005351037379,
      "omega_peak": 1.1413927633078572e-15
    }
  },
  "gw_run_parameters": {
    "g_star": 106.75,
    "v_w": 1.0,
    "epsilon_turb": 1.0,
    "frequency_unit": "mHz"
  },
  "S3": 10004.759133153379,
  "S3_over_T": 140.0818062734105,
  "bounce_diagnostics": {
    "label": "results_eft68_c6f23p38586_c8f40_f1000_mh125_Glauber_off",
    "C": NaN,
    "Lambda_GeV": NaN,
    "finiteT": null,
    "temperature_GeV": NaN,
    "phi_metaMin": -4.751913214006062e-05,
    "phi_absMin": 233.22338473568237,
    "phi_bar": 117.10116316944706,
    "phi_top": 79.54224696785715,
    "V(phi_meta)": -66203899.07507733,
    "V(phi_true)": -85011598.05729488,
    "V(phi_top)": -64742551.270855114,
    "DeltaV_true_minus_meta": -18807698.982217543,
    "r0": 2.6862454549003873e-06,
    "phi0": 226.03685079806468,
    "dphi0": -0.06324934190592209,
    "rscale_cubic": 0.02686245454900387,
    "rscale_curv": 0.025715640231475188,
    "wall_r_hi": 0.10620559075679825,
    "wall_thickness": 0.07526589113473656,
    "S_total": 10004.759133153379,
    "S_kin": 15008.691676979784,
    "S_pot": -5003.932543826406,
    "S_interior": 0.0,
    "S3_over_T": NaN,
    "beta_rscale": 37.22668001822948,
    "beta_curvature": 38.88684377634377,
    "beta_wall": 13.286230786929222,
    "Tn_from_transitionFinder_GeV": 71.42083186467607,
    "Tc_from_transitionFinder_GeV": 90.09572936947258,
    "T_spinodal_high_GeV": NaN,
    "T_spinodal_low_GeV": NaN,
    "gw_T_star_GeV": 71.42083186467607,
    "gw_alpha": 0.03838788291112844,
    "gw_beta_over_H": 676.2270489083899,
    "gw_R_star_times_H": NaN,
    "gw_Gamma_Tstar_GeV4": NaN,
    "gw_dT_for_beta_GeV": NaN,
    "gw_f_sw_peak_Hz": NaN,
    "gw_f_turb_peak_Hz": NaN,
    "gw_f_coll_peak_Hz": NaN,
    "gw_g_star": 106.75,
    "gw_v_w": 1.0,
    "omega_sw_peak": NaN,
    "omega_turb_peak": NaN,
    "omega_coll_peak": NaN,
    "omega_tot_peak": NaN
  }
}