{
  "label": "results_gw_C3p83_Lambda1000_D0_mh125",
  "model_parameters": {
    "C": 3.83,
    "D": 0.0,
    "Lambda": 1000.0,
    "m_h": 125.0,
    "use_glauber_measure": true
  },
  "scan_parameters": {
    "T_min": 5.0,
    "T_max": 110.0,
    "phi_scan_range": [
      0.0,
      300.0
    ],
    "n_phi_scan": 800,
    "n_T_seeds": 2,
    "deltaX_target": 0.1,
    "x_eps": 0.001,
    "T_eps": 0.01,
    "deriv_order": 4,
    "phitol": 1e-05,
    "overlapAngle": 45.0,
    "Tn_Ttol": 0.001,
    "Tn_maxiter": 100
  },
  "key_temperatures": {
    "Tn": 41.071027937577824,
    "Tc": 80.20413882150224,
    "Ts_false": 13.862656250019802,
    "Ts_true": 97.19389648437541,
    "T_spinodal_false_phase": 13.862656250019802,
    "T_spinodal_true_phase": 97.19389648437541,
    "T_spinodal_high_phase": 13.862656250019802,
    "T_spinodal_low_phase": 97.19389648437541,
    "S_at_Tn": 5749.943921596336,
    "S_over_Tn": 140.00000025164795,
    "false_phase_key": 1,
    "true_phase_key": 0
  },
  "gw_scales": {
    "gw_T_star_GeV": 41.071027937577824,
    "gw_alpha": 0.30994099579373896,
    "gw_beta_over_H": 119.86482925061961,
    "gw_R_star_times_H": 0.02443739163052205,
    "gw_nucleation_rate_GeV4": 5.272646559549939e-53,
    "gw_dT_for_beta_GeV": 0.027208371687558023,
    "gw_f_sw_peak_mHz": 0.9456031826717205,
    "gw_f_turb_peak_mHz": 1.3437518911650765,
    "gw_f_coll_peak_mHz": 0.1885676522169922,
    "gw_f_sw_peak_Hz": 0.0009456031826717206,
    "gw_f_turb_peak_Hz": 0.0013437518911650766,
    "gw_f_coll_peak_Hz": 0.00018856765221699222,
    "gw_g_star": 106.75,
    "gw_v_w": 1.0
  },
  "gw_run_parameters": {
    "g_star": 106.75,
    "v_w": 1.0,
    "dT_fraction": 0.001,
    "include_sw": true,
    "include_turb": true,
    "include_coll": true,
    "epsilon_turb": 1.0,
    "kappa_coll": null,
    "beta_over_H_override": null,
    "frequency_unit": "mHz"
  },
  "gw_thermodynamics": {
    "T_star_GeV": 41.071027937577824,
    "alpha": 0.30994099579373896,
    "beta_over_H": 119.86482925061961,
    "R_star_times_H": 0.02443739163052205,
    "Gamma_Tstar_GeV4": 5.272646559549939e-53,
    "dT_for_beta_GeV": 0.027208371687558023,
    "S3_Tn": 5745.432671223719,
    "S3_over_Tn": 139.89016004069748,
    "f_sw_peak_mHz": 0.9456031826717205,
    "f_turb_peak_mHz": 1.3437518911650765,
    "f_coll_peak_mHz": 0.1885676522169922,
    "f_sw_peak_Hz": 0.0009456031826717206,
    "f_turb_peak_Hz": 0.0013437518911650766,
    "f_coll_peak_Hz": 0.00018856765221699222
  },
  "gw_peaks": {
    "sw": {
      "f_peak_mHz": 0.9494863910057627,
      "f_peak_Hz": 0.0009494863910057627,
      "omega_peak": 6.5849899440188724e-12
    },
    "turb": {
      "f_peak_mHz": 1.6054722428076613,
      "f_peak_Hz": 0.0016054722428076613,
      "omega_peak": 4.784534713619024e-16
    },
    "coll": {
      "f_peak_mHz": NaN,
      "f_peak_Hz": NaN,
      "omega_peak": NaN
    },
    "total": {
      "f_peak_mHz": 0.9494863910057627,
      "f_peak_Hz": 0.0009494863910057627,
      "omega_peak": 6.585410890028753e-12
    },
    "total_no_turb": {
      "f_peak_mHz": 0.9494863910057627,
      "f_peak_Hz": 0.0009494863910057627,
      "omega_peak": 6.5849899440188724e-12
    },
    "total_max_turb": {
      "f_peak_mHz": 0.9494863910057627,
      "f_peak_Hz": 0.0009494863910057627,
      "omega_peak": 6.585410890028753e-12
    }
  },
  "bounce_diagnostics": {
    "label": "results_gw_C3p83_Lambda1000_D0_mh125",
    "C": NaN,
    "Lambda_GeV": NaN,
    "finiteT": null,
    "temperature_GeV": NaN,
    "phi_metaMin": -0.000509767370195195,
    "phi_absMin": 245.35106874848594,
    "phi_bar": 96.50561388823695,
    "phi_top": 67.36187371274809,
    "V(phi_meta)": 112006303.40563999,
    "V(phi_true)": 84518034.70239182,
    "V(phi_top)": 112518043.469982,
    "DeltaV_true_minus_meta": -27488268.703248173,
    "r0": 3.844298573704897e-06,
    "phi0": 221.8145504107141,
    "dphi0": -0.29743536004193316,
    "rscale_cubic": 0.03844298573704897,
    "rscale_curv": 0.034226104290655264,
    "wall_r_hi": 0.1002314426169158,
    "wall_thickness": 0.09517013195762108,
    "S_total": 5745.432671223719,
    "S_kin": 8618.173606413691,
    "S_pot": -2872.7409351899732,
    "S_interior": 0.0,
    "S3_over_T": NaN,
    "beta_rscale": 26.01254769439674,
    "beta_curvature": 29.21746089606653,
    "beta_wall": 10.507498302569301,
    "Tn_from_transitionFinder_GeV": 41.071027937577824,
    "Tc_from_transitionFinder_GeV": 80.20413882150224,
    "T_spinodal_high_GeV": 13.862656250019802,
    "T_spinodal_low_GeV": 97.19389648437541,
    "gw_T_star_GeV": 41.071027937577824,
    "gw_alpha": 0.30994099579373896,
    "gw_beta_over_H": 119.86482925061961,
    "gw_R_star_times_H": 0.02443739163052205,
    "gw_Gamma_Tstar_GeV4": 5.272646559549939e-53,
    "gw_dT_for_beta_GeV": 0.027208371687558023,
    "gw_f_sw_peak_Hz": 0.0009456031826717206,
    "gw_f_turb_peak_Hz": 0.0013437518911650766,
    "gw_f_coll_peak_Hz": 0.00018856765221699222,
    "gw_g_star": 106.75,
    "gw_v_w": 1.0,
    "omega_sw_peak": 6.5849899440188724e-12,
    "omega_turb_peak": 4.784534713619024e-16,
    "omega_coll_peak": NaN,
    "omega_tot_peak": 6.585410890028753e-12
  },
  "bounce_settings": {
    "xguess": null,
    "phitol": 1e-05,
    "thinCutoff": 0.0001,
    "npoints": 800,
    "alpha": 2,
    "phi_eps": 0.001
  },
  "S3": 5745.432671223719,
  "S3_over_T": 139.89016004069748
}