{
  "label": "results_eft68_c6f21_c8f45_f1000_mh125_Glauber_C3p29167_Lambda1000",
  "model_parameters": {
    "c6_over_f2_TeV2": 1.0,
    "c8_over_f4_TeV4": 5.0,
    "f_GeV": 1000.0,
    "m_h": 125.0,
    "v": 246.0,
    "m_w": 80.36,
    "m_z": 91.19,
    "m_t": 173.1,
    "use_glauber_measure": true,
    "C_glauber": 3.291666666666667,
    "Lambda_glauber": 1000.0
  },
  "derived_tree_coefficients": {
    "glauber_scheme": "counterterm_subtracted",
    "lambda_tree": 0.010857692841385418,
    "mu2_tree_GeV2": 3957.7559906595197,
    "a0_mean_field": 0.3407050349493464,
    "glauber_t0": 0.19919850000000003,
    "glauber_lambda_shift": 0.0,
    "glauber_mu2_shift_after_lambda_GeV2": 0.0,
    "lambda_tree_raw_glauber_equivalent": -0.4171210577137481,
    "mu2_tree_raw_glauber_equivalent_GeV2": 82177.49278161243,
    "combo_TeV2": 2.90774
  },
  "scan_parameters": {
    "T_min": 1.0,
    "T_max": 250.0,
    "phi_scan_range": [
      -10.0,
      551.1782546095504
    ],
    "n_phi_scan": 1200,
    "n_T_seeds": 3,
    "deltaX_target": 0.1,
    "x_eps": 0.001,
    "T_eps": 0.01,
    "deriv_order": 4,
    "phitol": 0.0001,
    "overlapAngle": 45.0,
    "Tn_Ttol": 0.01,
    "Tn_maxiter": 160,
    "include_zeroT_loops": true,
    "include_scalar_loops": true,
    "include_thermal": true,
    "include_scalar_thermal": true,
    "include_daisy": false,
    "renormalize_zeroT_loops": true,
    "thermal_approx": "spline"
  },
  "key_temperatures": {
    "Tn": 54.859951792285734,
    "Tc": 79.52847672012871,
    "Ts_false": 31.693626953119004,
    "Ts_true": 92.14275390624972,
    "S_at_Tn": 7680.5186745494375,
    "S_over_Tn": 140.00228625117845,
    "false_phase_key": 1,
    "true_phase_key": 0,
    "phi_false_Tn": -0.00029631726824645997,
    "phi_true_Tn": 241.30464604084887,
    "vTn_over_Tn": 4.398557383981888,
    "Tc_minus_Tn_over_Tc": 0.3101848035472224
  },
  "gw_scales": {
    "gw_T_star_GeV": 54.859951792285734,
    "gw_alpha": 0.10455617504449878,
    "gw_beta_over_H": 356.7568526803768,
    "gw_v_w": 1.0,
    "gw_g_star": 106.75
  },
  "gw_peaks": {
    "sw": {
      "f_peak_mHz": 3.7697590688806493,
      "f_peak_Hz": 0.003769759068880649,
      "omega_peak": 5.857284069887594e-14
    },
    "turb": {
      "f_peak_mHz": 6.454186856690455,
      "f_peak_Hz": 0.006454186856690455,
      "omega_peak": 4.2556790441769486e-18
    },
    "coll": {
      "f_peak_mHz": NaN,
      "f_peak_Hz": NaN,
      "omega_peak": NaN
    },
    "total": {
      "f_peak_mHz": 3.7697590688806493,
      "f_peak_Hz": 0.003769759068880649,
      "omega_peak": 5.857658252146191e-14
    }
  },
  "gw_run_parameters": {
    "g_star": 106.75,
    "v_w": 1.0,
    "epsilon_turb": 1.0,
    "frequency_unit": "mHz"
  },
  "S3": 7680.517150043568,
  "S3_over_T": 140.0022584621298,
  "bounce_diagnostics": {
    "label": "results_eft68_c6f21_c8f45_f1000_mh125_Glauber_C3p29167_Lambda1000",
    "C": NaN,
    "Lambda_GeV": NaN,
    "finiteT": null,
    "temperature_GeV": NaN,
    "phi_metaMin": -0.00029631726824645997,
    "phi_absMin": 241.30464604084887,
    "phi_bar": 109.72741930950232,
    "phi_top": 76.01409357578302,
    "V(phi_meta)": -25239106.938393615,
    "V(phi_true)": -48722702.824428074,
    "V(phi_top)": -24336295.350832753,
    "DeltaV_true_minus_meta": -23483595.88603446,
    "r0": 3.2660409571962135e-06,
    "phi0": 229.38186962526024,
    "dphi0": -0.1446868115931848,
    "rscale_cubic": 0.03266040957196213,
    "rscale_curv": 0.029582444574868423,
    "wall_r_hi": 0.10243682268293208,
    "wall_thickness": 0.08097134853525367,
    "S_total": 7680.517150043568,
    "S_kin": 11515.503450737293,
    "S_pot": -3834.9863006937235,
    "S_interior": 0.0,
    "S3_over_T": NaN,
    "beta_rscale": 30.618109604432718,
    "beta_curvature": 33.803826944753034,
    "beta_wall": 12.350047493214412,
    "Tn_from_transitionFinder_GeV": 54.859951792285734,
    "Tc_from_transitionFinder_GeV": 79.52847672012871,
    "T_spinodal_high_GeV": NaN,
    "T_spinodal_low_GeV": NaN,
    "gw_T_star_GeV": 54.859951792285734,
    "gw_alpha": 0.10455617504449878,
    "gw_beta_over_H": 356.7568526803768,
    "gw_R_star_times_H": NaN,
    "gw_Gamma_Tstar_GeV4": NaN,
    "gw_dT_for_beta_GeV": NaN,
    "gw_f_sw_peak_Hz": NaN,
    "gw_f_turb_peak_Hz": NaN,
    "gw_f_coll_peak_Hz": NaN,
    "gw_g_star": 106.75,
    "gw_v_w": 1.0,
    "omega_sw_peak": NaN,
    "omega_turb_peak": NaN,
    "omega_coll_peak": NaN,
    "omega_tot_peak": NaN
  }
}