{
  "label": "results_eft68_c6f22p82828_c8f45_f1000_mh125_Glauber_off",
  "model_parameters": {
    "c6_over_f2_TeV2": 2.8282828282828283,
    "c8_over_f4_TeV4": 5.0,
    "f_GeV": 1000.0,
    "m_h": 125.0,
    "v": 246.0,
    "m_w": 80.36,
    "m_z": 91.19,
    "m_t": 173.1,
    "use_glauber_measure": false,
    "C_glauber": 0.0,
    "Lambda_glauber": 1000.0
  },
  "derived_tree_coefficients": {
    "glauber_scheme": "counterterm_subtracted",
    "lambda_tree": -0.15510285261316,
    "mu2_tree_GeV2": -1063.8781937041158,
    "a0_mean_field": 0.2577247622220737,
    "glauber_t0": 0.0,
    "glauber_lambda_shift": 0.0,
    "glauber_mu2_shift_after_lambda_GeV2": 0.0,
    "lambda_tree_raw_glauber_equivalent": -0.15510285261316,
    "mu2_tree_raw_glauber_equivalent_GeV2": -1063.8781937041158,
    "combo_TeV2": 6.564305656565656
  },
  "scan_parameters": {
    "T_min": 1.0,
    "T_max": 250.0,
    "phi_scan_range": [
      -10,
      1000.0
    ],
    "n_phi_scan": 1200,
    "n_T_seeds": 3,
    "deltaX_target": 0.1,
    "x_eps": 0.001,
    "T_eps": 0.01,
    "deriv_order": 4,
    "phitol": 0.0001,
    "overlapAngle": 45.0,
    "Tn_Ttol": 0.01,
    "Tn_maxiter": 160,
    "include_zeroT_loops": true,
    "include_scalar_loops": true,
    "include_thermal": true,
    "include_scalar_thermal": true,
    "include_daisy": false,
    "renormalize_zeroT_loops": true,
    "thermal_approx": "spline"
  },
  "key_temperatures": {
    "Tn": 79.33991482211388,
    "Tc": 92.98082892462799,
    "Ts_false": 54.38866386718329,
    "Ts_true": 94.56564062499967,
    "S_at_Tn": 11109.115058159427,
    "S_over_Tn": 140.0192460890197,
    "false_phase_key": 2,
    "true_phase_key": 0,
    "phi_false_Tn": -4.6558980571641893e-05,
    "phi_true_Tn": 226.70811930412705,
    "vTn_over_Tn": 2.8574283172905326,
    "Tc_minus_Tn_over_Tc": 0.146706737940266
  },
  "gw_scales": {
    "gw_T_star_GeV": 79.33991482211388,
    "gw_alpha": 0.0248045907601337,
    "gw_beta_over_H": 1200.3489593134873,
    "gw_v_w": 1.0,
    "gw_g_star": 106.75
  },
  "gw_peaks": {
    "sw": {
      "f_peak_mHz": 18.34648882945646,
      "f_peak_Hz": 0.018346488829456463,
      "omega_peak": 1.0745278472086459e-16
    },
    "turb": {
      "f_peak_mHz": 31.410937650361838,
      "f_peak_Hz": 0.03141093765036184,
      "omega_peak": 7.807113856932419e-21
    },
    "coll": {
      "f_peak_mHz": NaN,
      "f_peak_Hz": NaN,
      "omega_peak": NaN
    },
    "total": {
      "f_peak_mHz": 18.34648882945646,
      "f_peak_Hz": 0.018346488829456463,
      "omega_peak": 1.0745964968145256e-16
    }
  },
  "gw_run_parameters": {
    "g_star": 106.75,
    "v_w": 1.0,
    "epsilon_turb": 1.0,
    "frequency_unit": "mHz"
  },
  "S3": 11111.974468215643,
  "S3_over_T": 140.05528608304576,
  "bounce_diagnostics": {
    "label": "results_eft68_c6f22p82828_c8f45_f1000_mh125_Glauber_off",
    "C": NaN,
    "Lambda_GeV": NaN,
    "finiteT": null,
    "temperature_GeV": NaN,
    "phi_metaMin": -4.6558980571641893e-05,
    "phi_absMin": 226.70811930412705,
    "phi_bar": 116.12194571758678,
    "phi_top": 77.74562189689166,
    "V(phi_meta)": -101282122.24246673,
    "V(phi_true)": -115603177.56506358,
    "V(phi_top)": -100043711.54482222,
    "DeltaV_true_minus_meta": -14321055.322596848,
    "r0": 2.8521228585963395e-06,
    "phi0": 220.70019105888923,
    "dphi0": -0.046727198908548165,
    "rscale_cubic": 0.028521228585963395,
    "rscale_curv": 0.02714107726723852,
    "wall_r_hi": 0.11812625927650358,
    "wall_thickness": 0.08156878920332981,
    "S_total": 11111.974468215643,
    "S_kin": 16681.700041903892,
    "S_pot": -5569.72557368825,
    "S_interior": 0.0,
    "S3_over_T": NaN,
    "beta_rscale": 35.06160321901932,
    "beta_curvature": 36.84452040251891,
    "beta_wall": 12.259591073581584,
    "Tn_from_transitionFinder_GeV": 79.33991482211388,
    "Tc_from_transitionFinder_GeV": 92.98082892462799,
    "T_spinodal_high_GeV": NaN,
    "T_spinodal_low_GeV": NaN,
    "gw_T_star_GeV": 79.33991482211388,
    "gw_alpha": 0.0248045907601337,
    "gw_beta_over_H": 1200.3489593134873,
    "gw_R_star_times_H": NaN,
    "gw_Gamma_Tstar_GeV4": NaN,
    "gw_dT_for_beta_GeV": NaN,
    "gw_f_sw_peak_Hz": NaN,
    "gw_f_turb_peak_Hz": NaN,
    "gw_f_coll_peak_Hz": NaN,
    "gw_g_star": 106.75,
    "gw_v_w": 1.0,
    "omega_sw_peak": NaN,
    "omega_turb_peak": NaN,
    "omega_coll_peak": NaN,
    "omega_tot_peak": NaN
  }
}