{
  "label": "results_eft68_c6f20_c8f40_f799p922_mh125_Glauber_C6p25121_Lambda2000",
  "model_parameters": {
    "c6_over_f2_TeV2": 0.0,
    "c8_over_f4_TeV4": 0.0,
    "f_GeV": 799.9224355243475,
    "m_h": 125.0,
    "v": 246.0,
    "m_w": 80.36,
    "m_z": 91.19,
    "m_t": 173.1,
    "use_glauber_measure": true,
    "C_glauber": 6.251212121212122,
    "Lambda_glauber": 2000.0
  },
  "derived_tree_coefficients": {
    "glauber_scheme": "counterterm_subtracted",
    "lambda_tree": 0.12909808976138543,
    "mu2_tree_GeV2": 7812.5,
    "a0_mean_field": 0.3998252334093464,
    "glauber_t0": 0.0945745881818182,
    "glauber_lambda_shift": 0.0,
    "glauber_mu2_shift_after_lambda_GeV2": 0.0,
    "lambda_tree_raw_glauber_equivalent": -1.0783358426671767,
    "mu2_tree_raw_glauber_equivalent_GeV2": 634282.2339410414,
    "combo_TeV2": 0.0
  },
  "scan_parameters": {
    "T_min": 1.0,
    "T_max": 250.0,
    "phi_scan_range": [
      -10.0,
      799.9224355243475
    ],
    "n_phi_scan": 1200,
    "n_T_seeds": 3,
    "deltaX_target": 0.1,
    "x_eps": 0.001,
    "T_eps": 0.01,
    "deriv_order": 4,
    "phitol": 0.0001,
    "overlapAngle": 45.0,
    "Tn_Ttol": 0.01,
    "Tn_maxiter": 160,
    "include_zeroT_loops": true,
    "include_scalar_loops": true,
    "include_thermal": true,
    "include_scalar_thermal": true,
    "include_daisy": false,
    "renormalize_zeroT_loops": true,
    "thermal_approx": "spline"
  },
  "key_temperatures": {
    "Tn": 83.77973379705774,
    "Tc": 92.06005735383349,
    "Ts_false": 75.20603310775235,
    "Ts_true": 98.61237695312462,
    "S_at_Tn": 11736.476838345541,
    "S_over_Tn": 140.08730162326816,
    "false_phase_key": 1,
    "true_phase_key": 0,
    "phi_false_Tn": -0.0009516389321938925,
    "phi_true_Tn": 223.19649150318446,
    "vTn_over_Tn": 2.6640869024941076,
    "Tc_minus_Tn_over_Tc": 0.08994480119592212
  },
  "gw_scales": {
    "gw_T_star_GeV": 83.77973379705774,
    "gw_alpha": 0.022345591758063603,
    "gw_beta_over_H": 2735.612309657803,
    "gw_v_w": 1.0,
    "gw_g_star": 106.75
  },
  "gw_peaks": {
    "sw": {
      "f_peak_mHz": 44.042289933023476,
      "f_peak_Hz": 0.044042289933023476,
      "omega_peak": 1.5417322594192535e-17
    },
    "turb": {
      "f_peak_mHz": 75.40459844524618,
      "f_peak_Hz": 0.07540459844524618,
      "omega_peak": 1.1201627606002005e-21
    },
    "coll": {
      "f_peak_mHz": NaN,
      "f_peak_Hz": NaN,
      "omega_peak": NaN
    },
    "total": {
      "f_peak_mHz": 44.042289933023476,
      "f_peak_Hz": 0.044042289933023476,
      "omega_peak": 1.5418306382505832e-17
    }
  },
  "gw_run_parameters": {
    "g_star": 106.75,
    "v_w": 1.0,
    "epsilon_turb": 1.0,
    "frequency_unit": "mHz"
  },
  "S3": 11744.02955907594,
  "S3_over_T": 140.1774513574353,
  "bounce_diagnostics": {
    "label": "results_eft68_c6f20_c8f40_f799p922_mh125_Glauber_C6p25121_Lambda2000",
    "C": NaN,
    "Lambda_GeV": NaN,
    "finiteT": null,
    "temperature_GeV": NaN,
    "phi_metaMin": -0.0009516389321938925,
    "phi_absMin": 223.19649150318446,
    "phi_bar": 114.85884668710105,
    "phi_top": 77.17343929661467,
    "V(phi_meta)": -135430223.98221338,
    "V(phi_true)": -146533842.07406268,
    "V(phi_top)": -134642027.07917875,
    "DeltaV_true_minus_meta": -11103618.091849297,
    "r0": 3.5487893688008207e-06,
    "phi0": 218.51549964491892,
    "dphi0": -0.04064299832333024,
    "rscale_cubic": 0.035487893688008205,
    "rscale_curv": 0.03378618895363184,
    "wall_r_hi": 0.1359494593235062,
    "wall_thickness": 0.0933655654764754,
    "S_total": 11744.02955907594,
    "S_kin": 17570.059500258667,
    "S_pot": -5826.029941182729,
    "S_interior": 0.0,
    "S3_over_T": NaN,
    "beta_rscale": 28.17862363969807,
    "beta_curvature": 29.597908835095883,
    "beta_wall": 10.710586873186799,
    "Tn_from_transitionFinder_GeV": 83.77973379705774,
    "Tc_from_transitionFinder_GeV": 92.06005735383349,
    "T_spinodal_high_GeV": NaN,
    "T_spinodal_low_GeV": NaN,
    "gw_T_star_GeV": 83.77973379705774,
    "gw_alpha": 0.022345591758063603,
    "gw_beta_over_H": 2735.612309657803,
    "gw_R_star_times_H": NaN,
    "gw_Gamma_Tstar_GeV4": NaN,
    "gw_dT_for_beta_GeV": NaN,
    "gw_f_sw_peak_Hz": NaN,
    "gw_f_turb_peak_Hz": NaN,
    "gw_f_coll_peak_Hz": NaN,
    "gw_g_star": 106.75,
    "gw_v_w": 1.0,
    "omega_sw_peak": NaN,
    "omega_turb_peak": NaN,
    "omega_coll_peak": NaN,
    "omega_tot_peak": NaN
  }
}