{
  "label": "results_eft68_c6f20p92_c8f45_f1000_mh125_Glauber_C3p2_Lambda1000",
  "model_parameters": {
    "c6_over_f2_TeV2": 0.9199999999999999,
    "c8_over_f4_TeV4": 5.0,
    "f_GeV": 1000.0,
    "m_h": 125.0,
    "v": 246.0,
    "m_w": 80.36,
    "m_z": 91.19,
    "m_t": 173.1,
    "use_glauber_measure": true,
    "C_glauber": 3.2,
    "Lambda_glauber": 1000.0
  },
  "derived_tree_coefficients": {
    "glauber_scheme": "counterterm_subtracted",
    "lambda_tree": 0.018119612841385437,
    "mu2_tree_GeV2": 4177.487166019521,
    "a0_mean_field": 0.3443359949493464,
    "glauber_t0": 0.19365120000000002,
    "glauber_lambda_shift": 0.0,
    "glauber_mu2_shift_after_lambda_GeV2": 0.0,
    "lambda_tree_raw_glauber_equivalent": -0.3808082147357831,
    "mu2_tree_raw_glauber_equivalent_GeV2": 80559.40045656479,
    "combo_TeV2": 2.74774
  },
  "scan_parameters": {
    "T_min": 1.0,
    "T_max": 250.0,
    "phi_scan_range": [
      -10.0,
      559.0169943749474
    ],
    "n_phi_scan": 1200,
    "n_T_seeds": 3,
    "deltaX_target": 0.1,
    "x_eps": 0.001,
    "T_eps": 0.01,
    "deriv_order": 4,
    "phitol": 0.0001,
    "overlapAngle": 45.0,
    "Tn_Ttol": 0.01,
    "Tn_maxiter": 160,
    "include_zeroT_loops": true,
    "include_scalar_loops": true,
    "include_thermal": true,
    "include_scalar_thermal": true,
    "include_daisy": false,
    "renormalize_zeroT_loops": true,
    "thermal_approx": "spline"
  },
  "key_temperatures": {
    "Tn": 70.67803568858763,
    "Tc": 85.4371870403396,
    "Ts_false": 54.823878906245874,
    "Ts_true": 94.69743554687469,
    "S_at_Tn": 9894.710236360052,
    "S_over_Tn": 139.99696143165096,
    "false_phase_key": 1,
    "true_phase_key": 0,
    "phi_false_Tn": -0.00027151525136661676,
    "phi_true_Tn": 233.96906835985547,
    "vTn_over_Tn": 3.310350465747797,
    "Tc_minus_Tn_over_Tc": 0.17274856374640893
  },
  "gw_scales": {
    "gw_T_star_GeV": 70.67803568858763,
    "gw_alpha": 0.039881710886566536,
    "gw_beta_over_H": 1019.9692911830762,
    "gw_v_w": 1.0,
    "gw_g_star": 106.75
  },
  "gw_peaks": {
    "sw": {
      "f_peak_mHz": 13.914028141593606,
      "f_peak_Hz": 0.013914028141593607,
      "omega_peak": 5.571848368007273e-16
    },
    "turb": {
      "f_peak_mHz": 23.45895112786603,
      "f_peak_Hz": 0.02345895112786603,
      "omega_peak": 4.0484073032372666e-20
    },
    "coll": {
      "f_peak_mHz": NaN,
      "f_peak_Hz": NaN,
      "omega_peak": NaN
    },
    "total": {
      "f_peak_mHz": 13.914028141593606,
      "f_peak_Hz": 0.013914028141593607,
      "omega_peak": 5.572204679335387e-16
    }
  },
  "gw_run_parameters": {
    "g_star": 106.75,
    "v_w": 1.0,
    "epsilon_turb": 1.0,
    "frequency_unit": "mHz"
  },
  "S3": 9894.730758925773,
  "S3_over_T": 139.9972517986019,
  "bounce_diagnostics": {
    "label": "results_eft68_c6f20p92_c8f45_f1000_mh125_Glauber_C3p2_Lambda1000",
    "C": NaN,
    "Lambda_GeV": NaN,
    "finiteT": null,
    "temperature_GeV": NaN,
    "phi_metaMin": -0.00027151525136661676,
    "phi_absMin": 233.96906835985547,
    "phi_bar": 115.34635425675667,
    "phi_top": 78.80996807744567,
    "V(phi_meta)": -67630492.55880031,
    "V(phi_true)": -84374989.78350149,
    "V(phi_top)": -66666455.785474345,
    "DeltaV_true_minus_meta": -16744497.224701181,
    "r0": 3.2768776208017256e-06,
    "phi0": 227.16193009834416,
    "dphi0": -0.0717795512871245,
    "rscale_cubic": 0.032768776208017256,
    "rscale_curv": 0.030972364170479518,
    "wall_r_hi": 0.11627506057441998,
    "wall_thickness": 0.08408381051692526,
    "S_total": 9894.730758925773,
    "S_kin": 14846.557764712155,
    "S_pot": -4951.827005786385,
    "S_interior": 0.0,
    "S3_over_T": NaN,
    "beta_rscale": 30.516855242074573,
    "beta_curvature": 32.28685787681344,
    "beta_wall": 11.892895836335933,
    "Tn_from_transitionFinder_GeV": 70.67803568858763,
    "Tc_from_transitionFinder_GeV": 85.4371870403396,
    "T_spinodal_high_GeV": NaN,
    "T_spinodal_low_GeV": NaN,
    "gw_T_star_GeV": 70.67803568858763,
    "gw_alpha": 0.039881710886566536,
    "gw_beta_over_H": 1019.9692911830762,
    "gw_R_star_times_H": NaN,
    "gw_Gamma_Tstar_GeV4": NaN,
    "gw_dT_for_beta_GeV": NaN,
    "gw_f_sw_peak_Hz": NaN,
    "gw_f_turb_peak_Hz": NaN,
    "gw_f_coll_peak_Hz": NaN,
    "gw_g_star": 106.75,
    "gw_v_w": 1.0,
    "omega_sw_peak": NaN,
    "omega_turb_peak": NaN,
    "omega_coll_peak": NaN,
    "omega_tot_peak": NaN
  }
}