{
  "label": "results_eft68_c6f23p4303_c8f40_f1000_mh125_Glauber_off",
  "model_parameters": {
    "c6_over_f2_TeV2": 3.4303030303030306,
    "c8_over_f4_TeV4": 0.0,
    "f_GeV": 1000.0,
    "m_h": 125.0,
    "v": 246.0,
    "m_w": 80.36,
    "m_z": 91.19,
    "m_t": 173.1,
    "use_glauber_measure": false,
    "C_glauber": 0.0,
    "Lambda_glauber": 1000.0
  },
  "derived_tree_coefficients": {
    "glauber_scheme": "counterterm_subtracted",
    "lambda_tree": -0.18228423751134187,
    "mu2_tree_GeV2": -1609.3064586181827,
    "a0_mean_field": 0.24413406977298274,
    "glauber_t0": 0.0,
    "glauber_lambda_shift": 0.0,
    "glauber_mu2_shift_after_lambda_GeV2": 0.0,
    "lambda_tree_raw_glauber_equivalent": -0.18228423751134187,
    "mu2_tree_raw_glauber_equivalent_GeV2": -1609.3064586181827,
    "combo_TeV2": 6.860606060606061
  },
  "scan_parameters": {
    "T_min": 1.0,
    "T_max": 250.0,
    "phi_scan_range": [
      -10,
      1000.0
    ],
    "n_phi_scan": 1200,
    "n_T_seeds": 3,
    "deltaX_target": 0.1,
    "x_eps": 0.001,
    "T_eps": 0.01,
    "deriv_order": 4,
    "phitol": 0.0001,
    "overlapAngle": 45.0,
    "Tn_Ttol": 0.01,
    "Tn_maxiter": 160,
    "include_zeroT_loops": true,
    "include_scalar_loops": true,
    "include_thermal": true,
    "include_scalar_thermal": true,
    "include_daisy": false,
    "renormalize_zeroT_loops": true,
    "thermal_approx": "spline"
  },
  "key_temperatures": {
    "Tn": 68.74952895929691,
    "Tc": 89.17194057605536,
    "Ts_false": 29.259992382806423,
    "Ts_true": 93.4120703124997,
    "S_at_Tn": 9635.639423862956,
    "S_over_Tn": 140.15571553323264,
    "false_phase_key": 2,
    "true_phase_key": 0,
    "phi_false_Tn": -4.790465246800252e-05,
    "phi_true_Tn": 234.9243618838647,
    "vTn_over_Tn": 3.417105039700729,
    "Tc_minus_Tn_over_Tc": 0.22902284603013698
  },
  "gw_scales": {
    "gw_T_star_GeV": 68.74952895929691,
    "gw_alpha": 0.044693052179173534,
    "gw_beta_over_H": 542.417427533844,
    "gw_v_w": 1.0,
    "gw_g_star": 106.75
  },
  "gw_peaks": {
    "sw": {
      "f_peak_mHz": 7.186991357381771,
      "f_peak_Hz": 0.007186991357381771,
      "omega_peak": 2.6907372368016843e-15
    },
    "turb": {
      "f_peak_mHz": 12.30481426276792,
      "f_peak_Hz": 0.01230481426276792,
      "omega_peak": 1.9549917811240749e-19
    },
    "coll": {
      "f_peak_mHz": NaN,
      "f_peak_Hz": NaN,
      "omega_peak": NaN
    },
    "total": {
      "f_peak_mHz": 7.186991357381771,
      "f_peak_Hz": 0.007186991357381771,
      "omega_peak": 2.690909180173115e-15
    }
  },
  "gw_run_parameters": {
    "g_star": 106.75,
    "v_w": 1.0,
    "epsilon_turb": 1.0,
    "frequency_unit": "mHz"
  },
  "S3": 9635.634598842476,
  "S3_over_T": 140.1556453506357,
  "bounce_diagnostics": {
    "label": "results_eft68_c6f23p4303_c8f40_f1000_mh125_Glauber_off",
    "C": NaN,
    "Lambda_GeV": NaN,
    "finiteT": null,
    "temperature_GeV": NaN,
    "phi_metaMin": -4.790465246800252e-05,
    "phi_absMin": 234.9243618838647,
    "phi_bar": 116.86308110665229,
    "phi_top": 79.58814436056888,
    "V(phi_meta)": -56751475.523069836,
    "V(phi_true)": -76899108.62314975,
    "V(phi_top)": -55268407.83349489,
    "DeltaV_true_minus_meta": -20147633.100079916,
    "r0": 2.668041180665181e-06,
    "phi0": 227.1919465163884,
    "dphi0": -0.07040994311315638,
    "rscale_cubic": 0.02668041180665181,
    "rscale_curv": 0.025816367290562553,
    "wall_r_hi": 0.1034335553232145,
    "wall_thickness": 0.07416347726518072,
    "S_total": 9635.634598842476,
    "S_kin": 14461.371919131423,
    "S_pot": -4825.737320288943,
    "S_interior": 0.0,
    "S3_over_T": NaN,
    "beta_rscale": 37.48068085480921,
    "beta_curvature": 38.7351188524583,
    "beta_wall": 13.483725910320736,
    "Tn_from_transitionFinder_GeV": 68.74952895929691,
    "Tc_from_transitionFinder_GeV": 89.17194057605536,
    "T_spinodal_high_GeV": NaN,
    "T_spinodal_low_GeV": NaN,
    "gw_T_star_GeV": 68.74952895929691,
    "gw_alpha": 0.044693052179173534,
    "gw_beta_over_H": 542.417427533844,
    "gw_R_star_times_H": NaN,
    "gw_Gamma_Tstar_GeV4": NaN,
    "gw_dT_for_beta_GeV": NaN,
    "gw_f_sw_peak_Hz": NaN,
    "gw_f_turb_peak_Hz": NaN,
    "gw_f_coll_peak_Hz": NaN,
    "gw_g_star": 106.75,
    "gw_v_w": 1.0,
    "omega_sw_peak": NaN,
    "omega_turb_peak": NaN,
    "omega_coll_peak": NaN,
    "omega_tot_peak": NaN
  }
}