{
  "label": "results_eft68_c6f23p1899_c8f42_f1000_mh125_Glauber_off",
  "model_parameters": {
    "c6_over_f2_TeV2": 3.18989898989899,
    "c8_over_f4_TeV4": 2.0,
    "f_GeV": 1000.0,
    "m_h": 125.0,
    "v": 246.0,
    "m_w": 80.36,
    "m_z": 91.19,
    "m_t": 173.1,
    "use_glauber_measure": false,
    "C_glauber": 0.0,
    "Lambda_glauber": 1000.0
  },
  "derived_tree_coefficients": {
    "glauber_scheme": "counterterm_subtracted",
    "lambda_tree": -0.17144835991570548,
    "mu2_tree_GeV2": -1392.2449060634635,
    "a0_mean_field": 0.24955200857080098,
    "glauber_t0": 0.0,
    "glauber_lambda_shift": 0.0,
    "glauber_mu2_shift_after_lambda_GeV2": 0.0,
    "lambda_tree_raw_glauber_equivalent": -0.17144835991570548,
    "mu2_tree_raw_glauber_equivalent_GeV2": -1392.2449060634635,
    "combo_TeV2": 6.742893979797979
  },
  "scan_parameters": {
    "T_min": 1.0,
    "T_max": 250.0,
    "phi_scan_range": [
      -10,
      1000.0
    ],
    "n_phi_scan": 1200,
    "n_T_seeds": 3,
    "deltaX_target": 0.1,
    "x_eps": 0.001,
    "T_eps": 0.01,
    "deriv_order": 4,
    "phitol": 0.0001,
    "overlapAngle": 45.0,
    "Tn_Ttol": 0.01,
    "Tn_maxiter": 160,
    "include_zeroT_loops": true,
    "include_scalar_loops": true,
    "include_thermal": true,
    "include_scalar_thermal": true,
    "include_daisy": false,
    "renormalize_zeroT_loops": true,
    "thermal_approx": "spline"
  },
  "key_temperatures": {
    "Tn": 73.4217022745122,
    "Tc": 90.69690222376904,
    "Ts_false": 41.067017968744615,
    "Ts_true": 93.85706054687469,
    "S_at_Tn": 10275.126090380538,
    "S_over_Tn": 139.94671564496636,
    "false_phase_key": 2,
    "true_phase_key": 0,
    "phi_false_Tn": -4.401728976636349e-05,
    "phi_true_Tn": 231.76964754337536,
    "vTn_over_Tn": 3.156691282869268,
    "Tc_minus_Tn_over_Tc": 0.19047177495252438
  },
  "gw_scales": {
    "gw_T_star_GeV": 73.4217022745122,
    "gw_alpha": 0.034187438124575406,
    "gw_beta_over_H": 636.0761908214698,
    "gw_v_w": 1.0,
    "gw_g_star": 106.75
  },
  "gw_peaks": {
    "sw": {
      "f_peak_mHz": 8.91165363379737,
      "f_peak_Hz": 0.008911653633797369,
      "omega_peak": 9.367816349308693e-16
    },
    "turb": {
      "f_peak_mHz": 15.25760047357916,
      "f_peak_Hz": 0.01525760047357916,
      "omega_peak": 6.806834075885907e-20
    },
    "coll": {
      "f_peak_mHz": NaN,
      "f_peak_Hz": NaN,
      "omega_peak": NaN
    },
    "total": {
      "f_peak_mHz": 8.91165363379737,
      "f_peak_Hz": 0.008911653633797369,
      "omega_peak": 9.368412111836233e-16
    }
  },
  "gw_run_parameters": {
    "g_star": 106.75,
    "v_w": 1.0,
    "epsilon_turb": 1.0,
    "frequency_unit": "mHz"
  },
  "S3": 10277.164251423013,
  "S3_over_T": 139.9744752988471,
  "bounce_diagnostics": {
    "label": "results_eft68_c6f23p1899_c8f42_f1000_mh125_Glauber_off",
    "C": NaN,
    "Lambda_GeV": NaN,
    "finiteT": null,
    "temperature_GeV": NaN,
    "phi_metaMin": -4.401728976636349e-05,
    "phi_absMin": 231.76964754337536,
    "phi_bar": 117.0343454159202,
    "phi_top": 79.30220659994495,
    "V(phi_meta)": -74025896.01816612,
    "V(phi_true)": -91638612.0509828,
    "V(phi_top)": -72619815.8021773,
    "DeltaV_true_minus_meta": -17612716.03281668,
    "r0": 2.7302652331763518e-06,
    "phi0": 224.9499923966118,
    "dphi0": -0.05856129062600796,
    "rscale_cubic": 0.027302652331763516,
    "rscale_curv": 0.02605672076082296,
    "wall_r_hi": 0.10910521711867568,
    "wall_thickness": 0.07676589035057235,
    "S_total": 10277.164251423013,
    "S_kin": 15419.334029957437,
    "S_pot": -5142.169778534425,
    "S_interior": 0.0,
    "S3_over_T": NaN,
    "beta_rscale": 36.6264781841951,
    "beta_curvature": 38.377814030310034,
    "beta_wall": 13.026618924540934,
    "Tn_from_transitionFinder_GeV": 73.4217022745122,
    "Tc_from_transitionFinder_GeV": 90.69690222376904,
    "T_spinodal_high_GeV": NaN,
    "T_spinodal_low_GeV": NaN,
    "gw_T_star_GeV": 73.4217022745122,
    "gw_alpha": 0.034187438124575406,
    "gw_beta_over_H": 636.0761908214698,
    "gw_R_star_times_H": NaN,
    "gw_Gamma_Tstar_GeV4": NaN,
    "gw_dT_for_beta_GeV": NaN,
    "gw_f_sw_peak_Hz": NaN,
    "gw_f_turb_peak_Hz": NaN,
    "gw_f_coll_peak_Hz": NaN,
    "gw_g_star": 106.75,
    "gw_v_w": 1.0,
    "omega_sw_peak": NaN,
    "omega_turb_peak": NaN,
    "omega_coll_peak": NaN,
    "omega_tot_peak": NaN
  }
}