{
  "label": "results_eft68_c6f23p275_c8f40_f1000_mh125_Glauber_C1_Lambda1000",
  "model_parameters": {
    "c6_over_f2_TeV2": 3.2750000000000004,
    "c8_over_f4_TeV4": 0.0,
    "f_GeV": 1000.0,
    "m_h": 125.0,
    "v": 246.0,
    "m_w": 80.36,
    "m_z": 91.19,
    "m_t": 173.1,
    "use_glauber_measure": true,
    "C_glauber": 1.0,
    "Lambda_glauber": 1000.0
  },
  "derived_tree_coefficients": {
    "glauber_scheme": "counterterm_subtracted",
    "lambda_tree": -0.16818676023861462,
    "mu2_tree_GeV2": -1182.7449913,
    "a0_mean_field": 0.25118280840934637,
    "glauber_t0": 0.060516,
    "glauber_lambda_shift": 0.0,
    "glauber_mu2_shift_after_lambda_GeV2": 0.0,
    "lambda_tree_raw_glauber_equivalent": -0.1968854115027779,
    "mu2_tree_raw_glauber_equivalent_GeV2": 24042.45111305909,
    "combo_TeV2": 6.550000000000001
  },
  "scan_parameters": {
    "T_min": 1.0,
    "T_max": 250.0,
    "phi_scan_range": [
      -10.0,
      1000.0
    ],
    "n_phi_scan": 1200,
    "n_T_seeds": 3,
    "deltaX_target": 0.1,
    "x_eps": 0.001,
    "T_eps": 0.01,
    "deriv_order": 4,
    "phitol": 0.0001,
    "overlapAngle": 45.0,
    "Tn_Ttol": 0.01,
    "Tn_maxiter": 160,
    "include_zeroT_loops": true,
    "include_scalar_loops": true,
    "include_thermal": true,
    "include_scalar_thermal": true,
    "include_daisy": false,
    "renormalize_zeroT_loops": true,
    "thermal_approx": "spline"
  },
  "key_temperatures": {
    "Tn": 75.03397899601464,
    "Tc": 91.36591759564514,
    "Ts_false": 43.70690429686978,
    "Ts_true": 94.56272265624968,
    "S_at_Tn": 10505.654245280271,
    "S_over_Tn": 140.0119570606574,
    "false_phase_key": 2,
    "true_phase_key": 0,
    "phi_false_Tn": -0.0001762237753131236,
    "phi_true_Tn": 230.61078656240164,
    "vTn_over_Tn": 3.0734180653627647,
    "Tc_minus_Tn_over_Tc": 0.17875307367797888
  },
  "gw_scales": {
    "gw_T_star_GeV": 75.03397899601464,
    "gw_alpha": 0.031487947350889965,
    "gw_beta_over_H": 1033.7576112385798,
    "gw_v_w": 1.0,
    "gw_g_star": 106.75
  },
  "gw_peaks": {
    "sw": {
      "f_peak_mHz": 14.79591353904755,
      "f_peak_Hz": 0.01479591353904755,
      "omega_peak": 2.8228532605228824e-16
    },
    "turb": {
      "f_peak_mHz": 25.332014314857652,
      "f_peak_Hz": 0.025332014314857654,
      "omega_peak": 2.0511546245522346e-20
    },
    "coll": {
      "f_peak_mHz": NaN,
      "f_peak_Hz": NaN,
      "omega_peak": NaN
    },
    "total": {
      "f_peak_mHz": 14.79591353904755,
      "f_peak_Hz": 0.01479591353904755,
      "omega_peak": 2.823032753874766e-16
    }
  },
  "gw_run_parameters": {
    "g_star": 106.75,
    "v_w": 1.0,
    "epsilon_turb": 1.0,
    "frequency_unit": "mHz"
  },
  "S3": 10511.44033741764,
  "S3_over_T": 140.08907001954336,
  "bounce_diagnostics": {
    "label": "results_eft68_c6f23p275_c8f40_f1000_mh125_Glauber_C1_Lambda1000",
    "C": NaN,
    "Lambda_GeV": NaN,
    "finiteT": null,
    "temperature_GeV": NaN,
    "phi_metaMin": -0.0001762237753131236,
    "phi_absMin": 230.61078656240164,
    "phi_bar": 117.0875743008283,
    "phi_top": 78.80551797373752,
    "V(phi_meta)": -80890219.12875262,
    "V(phi_true)": -97786953.34582107,
    "V(phi_top)": -79494017.45843723,
    "DeltaV_true_minus_meta": -16896734.21706845,
    "r0": 2.722750818512157e-06,
    "phi0": 224.10339854991227,
    "dphi0": -0.05438358596361013,
    "rscale_cubic": 0.02722750818512157,
    "rscale_curv": 0.025767848865399633,
    "wall_r_hi": 0.11070249185198829,
    "wall_thickness": 0.0772950192465415,
    "S_total": 10511.44033741764,
    "S_kin": 15751.606203021916,
    "S_pot": -5240.165865604277,
    "S_interior": 0.0,
    "S3_over_T": NaN,
    "beta_rscale": 36.727562184572164,
    "beta_curvature": 38.80804757205647,
    "beta_wall": 12.937444220181678,
    "Tn_from_transitionFinder_GeV": 75.03397899601464,
    "Tc_from_transitionFinder_GeV": 91.36591759564514,
    "T_spinodal_high_GeV": NaN,
    "T_spinodal_low_GeV": NaN,
    "gw_T_star_GeV": 75.03397899601464,
    "gw_alpha": 0.031487947350889965,
    "gw_beta_over_H": 1033.7576112385798,
    "gw_R_star_times_H": NaN,
    "gw_Gamma_Tstar_GeV4": NaN,
    "gw_dT_for_beta_GeV": NaN,
    "gw_f_sw_peak_Hz": NaN,
    "gw_f_turb_peak_Hz": NaN,
    "gw_f_coll_peak_Hz": NaN,
    "gw_g_star": 106.75,
    "gw_v_w": 1.0,
    "omega_sw_peak": NaN,
    "omega_turb_peak": NaN,
    "omega_coll_peak": NaN,
    "omega_tot_peak": NaN
  }
}