{
  "label": "results_eft68_c6f22p89333_c8f45_f1000_mh125_Glauber_off",
  "model_parameters": {
    "c6_over_f2_TeV2": 2.893333333333333,
    "c8_over_f4_TeV4": 5.0,
    "f_GeV": 1000.0,
    "m_h": 125.0,
    "v": 246.0,
    "m_w": 80.36,
    "m_z": 91.19,
    "m_t": 173.1,
    "use_glauber_measure": false,
    "C_glauber": 0.0,
    "Lambda_glauber": 1000.0
  },
  "scan_parameters": {
    "T_min": 1.0,
    "T_max": 250.0,
    "phi_scan_range": [
      -10,
      1000.0
    ],
    "n_phi_scan": 1200,
    "n_T_seeds": 3,
    "deltaX_target": 0.1,
    "x_eps": 0.001,
    "T_eps": 0.01,
    "deriv_order": 4,
    "phitol": 1e-05,
    "overlapAngle": 45.0,
    "Tn_Ttol": 0.001,
    "Tn_maxiter": 160,
    "include_zeroT_loops": true,
    "include_scalar_loops": true,
    "include_thermal": true,
    "include_scalar_thermal": true,
    "include_daisy": false,
    "renormalize_zeroT_loops": true,
    "thermal_approx": "spline"
  },
  "key_temperatures": {
    "Tn": 76.32265752663434,
    "Tc": 91.65352095489173,
    "Ts_false": 48.510026757807815,
    "Ts_true": 93.96162109374968,
    "S_at_Tn": 10685.060817785681,
    "S_over_Tn": 139.99854255673569,
    "false_phase_key": 2,
    "true_phase_key": 0,
    "phi_false_Tn": -4.825653606785689e-05,
    "phi_true_Tn": 229.40546682912972,
    "vTn_over_Tn": 3.0057321673983117,
    "Tc_minus_Tn_over_Tc": 0.16726977063764564
  },
  "gw_scales": {
    "gw_T_star_GeV": 76.32265752663434,
    "gw_alpha": 0.029020263216356063,
    "gw_beta_over_H": 969.4841824044762,
    "gw_v_w": 1.0,
    "gw_g_star": 106.75
  },
  "gw_peaks": {
    "sw": {
      "f_peak_mHz": 14.129445033049324,
      "f_peak_Hz": 0.014129445033049325,
      "omega_peak": 2.5568420663529996e-16
    },
    "turb": {
      "f_peak_mHz": 24.19095670528232,
      "f_peak_Hz": 0.02419095670528232,
      "omega_peak": 1.8578249640726988e-20
    },
    "coll": {
      "f_peak_mHz": NaN,
      "f_peak_Hz": NaN,
      "omega_peak": NaN
    },
    "total": {
      "f_peak_mHz": 14.129445033049324,
      "f_peak_Hz": 0.014129445033049325,
      "omega_peak": 2.5570047270183377e-16
    }
  },
  "gw_run_parameters": {
    "g_star": 106.75,
    "v_w": 1.0,
    "epsilon_turb": 1.0,
    "frequency_unit": "mHz"
  },
  "S3": 10692.142673139217,
  "S3_over_T": 140.09133093155168,
  "bounce_diagnostics": {
    "label": "results_eft68_c6f22p89333_c8f45_f1000_mh125_Glauber_off",
    "C": NaN,
    "Lambda_GeV": NaN,
    "finiteT": null,
    "temperature_GeV": NaN,
    "phi_metaMin": -4.825653606785689e-05,
    "phi_absMin": 229.40546682912972,
    "phi_bar": 116.7147263931665,
    "phi_top": 78.73036641155677,
    "V(phi_meta)": -86580949.74666883,
    "V(phi_true)": -102445933.06927505,
    "V(phi_top)": -85267617.43196182,
    "DeltaV_true_minus_meta": -15864983.32260622,
    "r0": 2.8046559823643603e-06,
    "phi0": 223.01535781214386,
    "dphi0": -0.052586625873672514,
    "rscale_cubic": 0.028046559823643603,
    "rscale_curv": 0.026770901536517115,
    "wall_r_hi": 0.11372876282120886,
    "wall_thickness": 0.0793132502053376,
    "S_total": 10692.142673139217,
    "S_kin": 16046.314279824197,
    "S_pot": -5354.171606684982,
    "S_interior": 0.0,
    "S3_over_T": NaN,
    "beta_rscale": 35.65499677279448,
    "beta_curvature": 37.353987606392465,
    "beta_wall": 12.608233774445702,
    "Tn_from_transitionFinder_GeV": 76.32265752663434,
    "Tc_from_transitionFinder_GeV": 91.65352095489173,
    "T_spinodal_high_GeV": NaN,
    "T_spinodal_low_GeV": NaN,
    "gw_T_star_GeV": 76.32265752663434,
    "gw_alpha": 0.029020263216356063,
    "gw_beta_over_H": 969.4841824044762,
    "gw_R_star_times_H": NaN,
    "gw_Gamma_Tstar_GeV4": NaN,
    "gw_dT_for_beta_GeV": NaN,
    "gw_f_sw_peak_Hz": NaN,
    "gw_f_turb_peak_Hz": NaN,
    "gw_f_coll_peak_Hz": NaN,
    "gw_g_star": 106.75,
    "gw_v_w": 1.0,
    "omega_sw_peak": NaN,
    "omega_turb_peak": NaN,
    "omega_coll_peak": NaN,
    "omega_tot_peak": NaN
  }
}