{
  "label": "results_eft68_c6f23p26667_c8f42_f1000_mh125_Glauber_off",
  "model_parameters": {
    "c6_over_f2_TeV2": 3.2666666666666666,
    "c8_over_f4_TeV4": 2.0,
    "f_GeV": 1000.0,
    "m_h": 125.0,
    "v": 246.0,
    "m_w": 80.36,
    "m_z": 91.19,
    "m_t": 173.1,
    "use_glauber_measure": false,
    "C_glauber": 0.0,
    "Lambda_glauber": 1000.0
  },
  "derived_tree_coefficients": {
    "glauber_scheme": "counterterm_subtracted",
    "lambda_tree": -0.17841686900661455,
    "mu2_tree_GeV2": -1603.0980541361905,
    "a0_mean_field": 0.24606775402534645,
    "glauber_t0": 0.0,
    "glauber_lambda_shift": 0.0,
    "glauber_mu2_shift_after_lambda_GeV2": 0.0,
    "lambda_tree_raw_glauber_equivalent": -0.17841686900661455,
    "mu2_tree_raw_glauber_equivalent_GeV2": -1603.0980541361905,
    "combo_TeV2": 6.896429333333333
  },
  "scan_parameters": {
    "T_min": 1.0,
    "T_max": 250.0,
    "phi_scan_range": [
      -10,
      1000.0
    ],
    "n_phi_scan": 1200,
    "n_T_seeds": 3,
    "deltaX_target": 0.1,
    "x_eps": 0.001,
    "T_eps": 0.01,
    "deriv_order": 4,
    "phitol": 0.0001,
    "overlapAngle": 45.0,
    "Tn_Ttol": 0.01,
    "Tn_maxiter": 160,
    "include_zeroT_loops": true,
    "include_scalar_loops": true,
    "include_thermal": true,
    "include_scalar_thermal": true,
    "include_daisy": true,
    "renormalize_zeroT_loops": true,
    "thermal_approx": "spline"
  },
  "key_temperatures": {
    "Tn": 70.82866900631997,
    "Tc": 90.67895817022092,
    "Ts_false": 32.22863652343122,
    "Ts_true": 94.39299414062468,
    "S_at_Tn": 9918.91241916882,
    "S_over_Tn": 140.04092634133457,
    "false_phase_key": 2,
    "true_phase_key": 0,
    "phi_false_Tn": 3.0844202166802875e-05,
    "phi_true_Tn": 234.11262104411006,
    "vTn_over_Tn": 3.305337010119736,
    "Tc_minus_Tn_over_Tc": 0.21890733599561593
  },
  "gw_scales": {
    "gw_T_star_GeV": 70.82866900631997,
    "gw_alpha": 0.03913762463018928,
    "gw_beta_over_H": 827.029390128769,
    "gw_v_w": 1.0,
    "gw_g_star": 106.75
  },
  "gw_peaks": {
    "sw": {
      "f_peak_mHz": 11.22126196879453,
      "f_peak_Hz": 0.011221261968794529,
      "omega_peak": 8.047734975046315e-16
    },
    "turb": {
      "f_peak_mHz": 19.211870093326358,
      "f_peak_Hz": 0.01921187009332636,
      "omega_peak": 5.847290197227705e-20
    },
    "coll": {
      "f_peak_mHz": NaN,
      "f_peak_Hz": NaN,
      "omega_peak": NaN
    },
    "total": {
      "f_peak_mHz": 11.22126196879453,
      "f_peak_Hz": 0.011221261968794529,
      "omega_peak": 8.048247727415842e-16
    }
  },
  "gw_run_parameters": {
    "g_star": 106.75,
    "v_w": 1.0,
    "epsilon_turb": 1.0,
    "frequency_unit": "mHz"
  },
  "S3": 9918.902794525204,
  "S3_over_T": 140.0407904550649,
  "bounce_diagnostics": {
    "label": "results_eft68_c6f23p26667_c8f42_f1000_mh125_Glauber_off",
    "C": NaN,
    "Lambda_GeV": NaN,
    "finiteT": null,
    "temperature_GeV": NaN,
    "phi_metaMin": 3.0844202166802875e-05,
    "phi_absMin": 234.11262104411006,
    "phi_bar": 117.52916135188548,
    "phi_top": 79.99290679034617,
    "V(phi_meta)": -64899314.37731973,
    "V(phi_true)": -84144777.29356398,
    "V(phi_top)": -63430345.02908814,
    "DeltaV_true_minus_meta": -19245462.916244246,
    "r0": 2.6944449746082957e-06,
    "phi0": 226.88251278474667,
    "dphi0": -0.06520285590403041,
    "rscale_cubic": 0.026944449746082958,
    "rscale_curv": 0.026043780066378586,
    "wall_r_hi": 0.10556144689518876,
    "wall_thickness": 0.0749746256011185,
    "S_total": 9918.902794525204,
    "S_kin": 14872.776720643524,
    "S_pot": -4953.873926118324,
    "S_interior": 0.0,
    "S3_over_T": NaN,
    "beta_rscale": 37.113394759355764,
    "beta_curvature": 38.39688370504722,
    "beta_wall": 13.337845864282402,
    "Tn_from_transitionFinder_GeV": 70.82866900631997,
    "Tc_from_transitionFinder_GeV": 90.67895817022092,
    "T_spinodal_high_GeV": NaN,
    "T_spinodal_low_GeV": NaN,
    "gw_T_star_GeV": 70.82866900631997,
    "gw_alpha": 0.03913762463018928,
    "gw_beta_over_H": 827.029390128769,
    "gw_R_star_times_H": NaN,
    "gw_Gamma_Tstar_GeV4": NaN,
    "gw_dT_for_beta_GeV": NaN,
    "gw_f_sw_peak_Hz": NaN,
    "gw_f_turb_peak_Hz": NaN,
    "gw_f_coll_peak_Hz": NaN,
    "gw_g_star": 106.75,
    "gw_v_w": 1.0,
    "omega_sw_peak": NaN,
    "omega_turb_peak": NaN,
    "omega_coll_peak": NaN,
    "omega_tot_peak": NaN
  }
}