{
  "label": "results_eft68_c6f20_c8f40_f784p373_mh125_Glauber_C6p50152_Lambda2000",
  "model_parameters": {
    "c6_over_f2_TeV2": 0.0,
    "c8_over_f4_TeV4": 0.0,
    "f_GeV": 784.3731271001677,
    "m_h": 125.0,
    "v": 246.0,
    "m_w": 80.36,
    "m_z": 91.19,
    "m_t": 173.1,
    "use_glauber_measure": true,
    "C_glauber": 6.501515151515152,
    "Lambda_glauber": 2000.0
  },
  "derived_tree_coefficients": {
    "glauber_scheme": "counterterm_subtracted",
    "lambda_tree": 0.12909808976138543,
    "mu2_tree_GeV2": 7812.5,
    "a0_mean_field": 0.3998252334093464,
    "glauber_t0": 0.09836142272727273,
    "glauber_lambda_shift": 0.0,
    "glauber_mu2_shift_after_lambda_GeV2": 0.0,
    "lambda_tree_raw_glauber_equivalent": -1.187958547154127,
    "mu2_tree_raw_glauber_equivalent_GeV2": 658714.0101996004,
    "combo_TeV2": 0.0
  },
  "scan_parameters": {
    "T_min": 1.0,
    "T_max": 250.0,
    "phi_scan_range": [
      -10.0,
      784.3731271001677
    ],
    "n_phi_scan": 1200,
    "n_T_seeds": 3,
    "deltaX_target": 0.1,
    "x_eps": 0.001,
    "T_eps": 0.01,
    "deriv_order": 4,
    "phitol": 0.0001,
    "overlapAngle": 45.0,
    "Tn_Ttol": 0.01,
    "Tn_maxiter": 160,
    "include_zeroT_loops": true,
    "include_scalar_loops": true,
    "include_thermal": true,
    "include_scalar_thermal": true,
    "include_daisy": true,
    "renormalize_zeroT_loops": true,
    "thermal_approx": "spline"
  },
  "key_temperatures": {
    "Tn": 71.85539011083753,
    "Tc": 86.06691701766864,
    "Ts_false": 58.16067701582998,
    "Ts_true": 96.18754492187466,
    "S_at_Tn": 10058.156223617143,
    "S_over_Tn": 139.97775543494168,
    "false_phase_key": 1,
    "true_phase_key": 0,
    "phi_false_Tn": -0.0011085431078027234,
    "phi_true_Tn": 234.16785614976362,
    "vTn_over_Tn": 3.2588766937116027,
    "Tc_minus_Tn_over_Tc": 0.16512183077167306
  },
  "gw_scales": {
    "gw_T_star_GeV": 71.85539011083753,
    "gw_alpha": 0.0395382278206833,
    "gw_beta_over_H": 1169.4605933256714,
    "gw_v_w": 1.0,
    "gw_g_star": 106.75
  },
  "gw_peaks": {
    "sw": {
      "f_peak_mHz": 16.22464286568221,
      "f_peak_Hz": 0.01622464286568221,
      "omega_peak": 4.1388799419264334e-16
    },
    "turb": {
      "f_peak_mHz": 27.35463089336022,
      "f_peak_Hz": 0.02735463089336022,
      "omega_peak": 3.0072612546178834e-20
    },
    "coll": {
      "f_peak_mHz": NaN,
      "f_peak_Hz": NaN,
      "omega_peak": NaN
    },
    "total": {
      "f_peak_mHz": 16.22464286568221,
      "f_peak_Hz": 0.01622464286568221,
      "omega_peak": 4.1391446622922953e-16
    }
  },
  "gw_run_parameters": {
    "g_star": 106.75,
    "v_w": 1.0,
    "epsilon_turb": 1.0,
    "frequency_unit": "mHz"
  },
  "S3": 10058.404544397437,
  "S3_over_T": 139.98121127562268,
  "bounce_diagnostics": {
    "label": "results_eft68_c6f20_c8f40_f784p373_mh125_Glauber_C6p50152_Lambda2000",
    "C": NaN,
    "Lambda_GeV": NaN,
    "finiteT": null,
    "temperature_GeV": NaN,
    "phi_metaMin": -0.0011085431078027234,
    "phi_absMin": 234.16785614976362,
    "phi_bar": 117.67015937836753,
    "phi_top": 80.31017755280983,
    "V(phi_meta)": -75848777.2114114,
    "V(phi_true)": -93066998.07877542,
    "V(phi_top)": -74808540.01716591,
    "DeltaV_true_minus_meta": -17218220.86736402,
    "r0": 3.2146579282115543e-06,
    "phi0": 227.81566977917606,
    "dphi0": -0.06696517892495221,
    "rscale_cubic": 0.03214657928211554,
    "rscale_curv": 0.030400343735631146,
    "wall_r_hi": 0.114936652501333,
    "wall_thickness": 0.0820177455101301,
    "S_total": 10058.404544397437,
    "S_kin": 15080.14235884287,
    "S_pot": -5021.737814445433,
    "S_interior": 0.0,
    "S3_over_T": NaN,
    "beta_rscale": 31.107508865067363,
    "beta_curvature": 32.894357513556535,
    "beta_wall": 12.192483392225027,
    "Tn_from_transitionFinder_GeV": 71.85539011083753,
    "Tc_from_transitionFinder_GeV": 86.06691701766864,
    "T_spinodal_high_GeV": NaN,
    "T_spinodal_low_GeV": NaN,
    "gw_T_star_GeV": 71.85539011083753,
    "gw_alpha": 0.0395382278206833,
    "gw_beta_over_H": 1169.4605933256714,
    "gw_R_star_times_H": NaN,
    "gw_Gamma_Tstar_GeV4": NaN,
    "gw_dT_for_beta_GeV": NaN,
    "gw_f_sw_peak_Hz": NaN,
    "gw_f_turb_peak_Hz": NaN,
    "gw_f_coll_peak_Hz": NaN,
    "gw_g_star": 106.75,
    "gw_v_w": 1.0,
    "omega_sw_peak": NaN,
    "omega_turb_peak": NaN,
    "omega_coll_peak": NaN,
    "omega_tot_peak": NaN
  }
}