{
  "label": "results_eft68_c6f23p01818_c8f45_f1000_mh125_Glauber_off",
  "model_parameters": {
    "c6_over_f2_TeV2": 3.018181818181818,
    "c8_over_f4_TeV4": 5.0,
    "f_GeV": 1000.0,
    "m_h": 125.0,
    "v": 246.0,
    "m_w": 80.36,
    "m_z": 91.19,
    "m_t": 173.1,
    "use_glauber_measure": false,
    "C_glauber": 0.0,
    "Lambda_glauber": 1000.0
  },
  "derived_tree_coefficients": {
    "glauber_scheme": "counterterm_subtracted",
    "lambda_tree": -0.1723407435222509,
    "mu2_tree_GeV2": -1585.4622968313888,
    "a0_mean_field": 0.24910581676752822,
    "glauber_t0": 0.0,
    "glauber_lambda_shift": 0.0,
    "glauber_mu2_shift_after_lambda_GeV2": 0.0,
    "lambda_tree_raw_glauber_equivalent": -0.1723407435222509,
    "mu2_tree_raw_glauber_equivalent_GeV2": -1585.4622968313888,
    "combo_TeV2": 6.944103636363636
  },
  "scan_parameters": {
    "T_min": 1.0,
    "T_max": 250.0,
    "phi_scan_range": [
      -10,
      1000.0
    ],
    "n_phi_scan": 1200,
    "n_T_seeds": 3,
    "deltaX_target": 0.1,
    "x_eps": 0.001,
    "T_eps": 0.01,
    "deriv_order": 4,
    "phitol": 0.0001,
    "overlapAngle": 45.0,
    "Tn_Ttol": 0.01,
    "Tn_maxiter": 160,
    "include_zeroT_loops": true,
    "include_scalar_loops": true,
    "include_thermal": true,
    "include_scalar_thermal": true,
    "include_daisy": false,
    "renormalize_zeroT_loops": true,
    "thermal_approx": "spline"
  },
  "key_temperatures": {
    "Tn": 69.56572969632566,
    "Tc": 89.07414372731967,
    "Ts_false": 34.729967968744134,
    "Ts_true": 92.83868945312472,
    "S_at_Tn": 9730.003699372472,
    "S_over_Tn": 139.86777313839335,
    "false_phase_key": 2,
    "true_phase_key": 0,
    "phi_false_Tn": -4.567796361784841e-05,
    "phi_true_Tn": 234.33380985784837,
    "vTn_over_Tn": 3.3685237096021643,
    "Tc_minus_Tn_over_Tc": 0.2190132087119984
  },
  "gw_scales": {
    "gw_T_star_GeV": 69.56572969632566,
    "gw_alpha": 0.04206570377820006,
    "gw_beta_over_H": 804.0787274414902,
    "gw_v_w": 1.0,
    "gw_g_star": 106.75
  },
  "gw_peaks": {
    "sw": {
      "f_peak_mHz": 10.715810400696313,
      "f_peak_Hz": 0.010715810400696314,
      "omega_peak": 1.0376786797136782e-15
    },
    "turb": {
      "f_peak_mHz": 18.34648882945646,
      "f_peak_Hz": 0.018346488829456463,
      "omega_peak": 7.53951959657219e-20
    },
    "coll": {
      "f_peak_mHz": NaN,
      "f_peak_Hz": NaN,
      "omega_peak": NaN
    },
    "total": {
      "f_peak_mHz": 10.715810400696313,
      "f_peak_Hz": 0.010715810400696314,
      "omega_peak": 1.0377447956576545e-15
    }
  },
  "gw_run_parameters": {
    "g_star": 106.75,
    "v_w": 1.0,
    "epsilon_turb": 1.0,
    "frequency_unit": "mHz"
  },
  "S3": 9730.003459675801,
  "S3_over_T": 139.8677696927791,
  "bounce_diagnostics": {
    "label": "results_eft68_c6f23p01818_c8f45_f1000_mh125_Glauber_off",
    "C": NaN,
    "Lambda_GeV": NaN,
    "finiteT": null,
    "temperature_GeV": NaN,
    "phi_metaMin": -4.567796361784841e-05,
    "phi_absMin": 234.33380985784837,
    "phi_bar": 116.6792182244979,
    "phi_top": 79.44255246666037,
    "V(phi_meta)": -59518752.918785736,
    "V(phi_true)": -78809796.0548451,
    "V(phi_top)": -58118870.12944854,
    "DeltaV_true_minus_meta": -19291043.13605936,
    "r0": 2.7411447955437743e-06,
    "phi0": 226.67453949439607,
    "dphi0": -0.0698073094514949,
    "rscale_cubic": 0.02741144795543774,
    "rscale_curv": 0.026687714532192437,
    "wall_r_hi": 0.10555545969425834,
    "wall_thickness": 0.07576282757492181,
    "S_total": 9730.003459675801,
    "S_kin": 14612.103123553268,
    "S_pot": -4882.099663877463,
    "S_interior": 0.0,
    "S3_over_T": NaN,
    "beta_rscale": 36.481108244470725,
    "beta_curvature": 37.47042601080496,
    "beta_wall": 13.19908498677799,
    "Tn_from_transitionFinder_GeV": 69.56572969632566,
    "Tc_from_transitionFinder_GeV": 89.07414372731967,
    "T_spinodal_high_GeV": NaN,
    "T_spinodal_low_GeV": NaN,
    "gw_T_star_GeV": 69.56572969632566,
    "gw_alpha": 0.04206570377820006,
    "gw_beta_over_H": 804.0787274414902,
    "gw_R_star_times_H": NaN,
    "gw_Gamma_Tstar_GeV4": NaN,
    "gw_dT_for_beta_GeV": NaN,
    "gw_f_sw_peak_Hz": NaN,
    "gw_f_turb_peak_Hz": NaN,
    "gw_f_coll_peak_Hz": NaN,
    "gw_g_star": 106.75,
    "gw_v_w": 1.0,
    "omega_sw_peak": NaN,
    "omega_turb_peak": NaN,
    "omega_coll_peak": NaN,
    "omega_tot_peak": NaN
  }
}