{
  "label": "results_eft68_c6f23p04667_c8f42_f1000_mh125_Glauber_off",
  "model_parameters": {
    "c6_over_f2_TeV2": 3.046666666666667,
    "c8_over_f4_TeV4": 2.0,
    "f_GeV": 1000.0,
    "m_h": 125.0,
    "v": 246.0,
    "m_w": 80.36,
    "m_z": 91.19,
    "m_t": 173.1,
    "use_glauber_measure": false,
    "C_glauber": 0.0,
    "Lambda_glauber": 1000.0
  },
  "scan_parameters": {
    "T_min": 1.0,
    "T_max": 250.0,
    "phi_scan_range": [
      -10,
      1000.0
    ],
    "n_phi_scan": 1200,
    "n_T_seeds": 3,
    "deltaX_target": 0.1,
    "x_eps": 0.001,
    "T_eps": 0.01,
    "deriv_order": 4,
    "phitol": 1e-05,
    "overlapAngle": 45.0,
    "Tn_Ttol": 0.001,
    "Tn_maxiter": 160,
    "include_zeroT_loops": true,
    "include_scalar_loops": true,
    "include_thermal": true,
    "include_scalar_thermal": true,
    "include_daisy": false,
    "renormalize_zeroT_loops": true,
    "thermal_approx": "spline"
  },
  "key_temperatures": {
    "Tn": 80.33410923198062,
    "Tc": 93.62277106950957,
    "Ts_false": 55.04301835937078,
    "Ts_true": 95.17841406249966,
    "S_at_Tn": 11246.866155689759,
    "S_over_Tn": 140.00113106640927,
    "false_phase_key": 2,
    "true_phase_key": 0,
    "phi_false_Tn": -2.6091958903369266e-05,
    "phi_true_Tn": 225.8671507785789,
    "vTn_over_Tn": 2.8115971277697605,
    "Tc_minus_Tn_over_Tc": 0.1419383520240271
  },
  "gw_scales": {
    "gw_T_star_GeV": 80.33410923198062,
    "gw_alpha": 0.023755583143945543,
    "gw_beta_over_H": 1199.820974667908,
    "gw_v_w": 1.0,
    "gw_g_star": 106.75
  },
  "gw_peaks": {
    "sw": {
      "f_peak_mHz": 18.630529047900055,
      "f_peak_Hz": 0.018630529047900055,
      "omega_peak": 9.523096243746502e-17
    },
    "turb": {
      "f_peak_mHz": 31.410937650361838,
      "f_peak_Hz": 0.03141093765036184,
      "omega_peak": 6.919558148147512e-21
    },
    "coll": {
      "f_peak_mHz": NaN,
      "f_peak_Hz": NaN,
      "omega_peak": NaN
    },
    "total": {
      "f_peak_mHz": 18.630529047900055,
      "f_peak_Hz": 0.018630529047900055,
      "omega_peak": 9.523705671192462e-17
    }
  },
  "gw_run_parameters": {
    "g_star": 106.75,
    "v_w": 1.0,
    "epsilon_turb": 1.0,
    "frequency_unit": "mHz"
  },
  "S3": 11233.69326529743,
  "S3_over_T": 139.8371547614715,
  "bounce_diagnostics": {
    "label": "results_eft68_c6f23p04667_c8f42_f1000_mh125_Glauber_off",
    "C": NaN,
    "Lambda_GeV": NaN,
    "finiteT": null,
    "temperature_GeV": NaN,
    "phi_metaMin": -2.6091958903369266e-05,
    "phi_absMin": 225.8671507785789,
    "phi_bar": 116.11474964396928,
    "phi_top": 77.37046965848505,
    "V(phi_meta)": -106516756.35635331,
    "V(phi_true)": -120560607.26962577,
    "V(phi_top)": -105266127.34402956,
    "DeltaV_true_minus_meta": -14043850.913272455,
    "r0": 2.824460495053454e-06,
    "phi0": 220.02149327480493,
    "dphi0": -0.044414372394949865,
    "rscale_cubic": 0.028244604950534536,
    "rscale_curv": 0.02678093445087099,
    "wall_r_hi": 0.1187179927692554,
    "wall_thickness": 0.0815242756851021,
    "S_total": 11233.69326529743,
    "S_kin": 16843.940847842117,
    "S_pot": -5610.247582544683,
    "S_interior": 0.0,
    "S3_over_T": NaN,
    "beta_rscale": 35.404991563922536,
    "beta_curvature": 37.339995949582885,
    "beta_wall": 12.266285000343057,
    "Tn_from_transitionFinder_GeV": 80.33410923198062,
    "Tc_from_transitionFinder_GeV": 93.62277106950957,
    "T_spinodal_high_GeV": NaN,
    "T_spinodal_low_GeV": NaN,
    "gw_T_star_GeV": 80.33410923198062,
    "gw_alpha": 0.023755583143945543,
    "gw_beta_over_H": 1199.820974667908,
    "gw_R_star_times_H": NaN,
    "gw_Gamma_Tstar_GeV4": NaN,
    "gw_dT_for_beta_GeV": NaN,
    "gw_f_sw_peak_Hz": NaN,
    "gw_f_turb_peak_Hz": NaN,
    "gw_f_coll_peak_Hz": NaN,
    "gw_g_star": 106.75,
    "gw_v_w": 1.0,
    "omega_sw_peak": NaN,
    "omega_turb_peak": NaN,
    "omega_coll_peak": NaN,
    "omega_tot_peak": NaN
  }
}