{
  "label": "results_eft68_c6f20p5_c8f40p5_f1000_mh125_Glauber_C3p65_Lambda1000_first_combined_test",
  "model_parameters": {
    "c6_over_f2_TeV2": 0.5,
    "c8_over_f4_TeV4": 0.5,
    "f_GeV": 1000.0,
    "m_h": 125.0,
    "v": 246.0,
    "m_w": 80.36,
    "m_z": 91.19,
    "m_t": 173.1,
    "use_glauber_measure": true,
    "C_glauber": 3.65,
    "Lambda_glauber": 1000.0
  },
  "scan_parameters": {
    "T_min": 1.0,
    "T_max": 250.0,
    "phi_scan_range": [
      -10.0,
      523.4239225902137
    ],
    "n_phi_scan": 1600,
    "n_T_seeds": 3,
    "deltaX_target": 0.1,
    "x_eps": 0.001,
    "T_eps": 0.01,
    "deriv_order": 4,
    "phitol": 1e-05,
    "overlapAngle": 45.0,
    "Tn_Ttol": 0.001,
    "Tn_maxiter": 160,
    "include_zeroT_loops": true,
    "include_scalar_loops": true,
    "include_thermal": true,
    "include_scalar_thermal": true,
    "include_daisy": false,
    "renormalize_zeroT_loops": true,
    "thermal_approx": "spline"
  },
  "key_temperatures": {
    "Tn": 46.80312104076485,
    "Tc": 75.99683656400032,
    "Ts_false": 22.699182812494644,
    "Ts_true": 90.31805078124977,
    "S_at_Tn": 6552.423732046804,
    "S_over_Tn": 139.99971767565964,
    "false_phase_key": 1,
    "true_phase_key": 0,
    "phi_false_Tn": -0.0003939443293293957,
    "phi_true_Tn": 243.38366290546307,
    "vTn_over_Tn": 5.200158824739046,
    "Tc_minus_Tn_over_Tc": 0.38414382549529075
  },
  "gw_scales": {
    "gw_T_star_GeV": 46.80312104076485,
    "gw_alpha": 0.19308581575754571,
    "gw_beta_over_H": 270.7585609415185,
    "gw_v_w": 1.0,
    "gw_g_star": 106.75
  },
  "gw_peaks": {
    "sw": {
      "f_peak_mHz": 2.4304844476330576,
      "f_peak_Hz": 0.0024304844476330575,
      "omega_peak": 4.5217917243683045e-13
    },
    "turb": {
      "f_peak_mHz": 4.14771497310157,
      "f_peak_Hz": 0.00414771497310157,
      "omega_peak": 3.285397994278216e-17
    },
    "coll": {
      "f_peak_mHz": NaN,
      "f_peak_Hz": NaN,
      "omega_peak": NaN
    },
    "total": {
      "f_peak_mHz": 2.4304844476330576,
      "f_peak_Hz": 0.0024304844476330575,
      "omega_peak": 4.5220799922308657e-13
    }
  },
  "gw_run_parameters": {
    "g_star": 106.75,
    "v_w": 1.0,
    "epsilon_turb": 1.0,
    "frequency_unit": "mHz"
  },
  "S3": 6550.012332381886,
  "S3_over_T": 139.94819547775285,
  "bounce_diagnostics": {
    "label": "results_eft68_c6f20p5_c8f40p5_f1000_mh125_Glauber_C3p65_Lambda1000_first_combined_test",
    "C": NaN,
    "Lambda_GeV": NaN,
    "finiteT": null,
    "temperature_GeV": NaN,
    "phi_metaMin": -0.0003939443293293957,
    "phi_absMin": 243.38366290546307,
    "phi_bar": 102.79915679860444,
    "phi_top": 71.47293453766665,
    "V(phi_meta)": -14534557.474387689,
    "V(phi_true)": -40387431.454155564,
    "V(phi_top)": -13853981.633709338,
    "DeltaV_true_minus_meta": -25852873.979767874,
    "r0": 3.536959754020585e-06,
    "phi0": 226.3150526901185,
    "dphi0": -0.21702706046206094,
    "rscale_cubic": 0.03536959754020585,
    "rscale_curv": 0.03167510819770892,
    "wall_r_hi": 0.10040175526456009,
    "wall_thickness": 0.08557523912457403,
    "S_total": 6550.012332381886,
    "S_kin": 9825.486747089175,
    "S_pot": -3275.4744147072884,
    "S_interior": 0.0,
    "S3_over_T": NaN,
    "beta_rscale": 28.272869061155284,
    "beta_curvature": 31.570536260627943,
    "beta_wall": 11.685623203976968,
    "Tn_from_transitionFinder_GeV": 46.80312104076485,
    "Tc_from_transitionFinder_GeV": 75.99683656400032,
    "T_spinodal_high_GeV": NaN,
    "T_spinodal_low_GeV": NaN,
    "gw_T_star_GeV": 46.80312104076485,
    "gw_alpha": 0.19308581575754571,
    "gw_beta_over_H": 270.7585609415185,
    "gw_R_star_times_H": NaN,
    "gw_Gamma_Tstar_GeV4": NaN,
    "gw_dT_for_beta_GeV": NaN,
    "gw_f_sw_peak_Hz": NaN,
    "gw_f_turb_peak_Hz": NaN,
    "gw_f_coll_peak_Hz": NaN,
    "gw_g_star": 106.75,
    "gw_v_w": 1.0,
    "omega_sw_peak": NaN,
    "omega_turb_peak": NaN,
    "omega_coll_peak": NaN,
    "omega_tot_peak": NaN
  }
}