{
  "label": "results_eft68_c6f20_c8f40_f513p337_mh125_Glauber_C3p79485_Lambda1000",
  "model_parameters": {
    "c6_over_f2_TeV2": 0.0,
    "c8_over_f4_TeV4": 0.0,
    "f_GeV": 513.3372499213665,
    "m_h": 125.0,
    "v": 246.0,
    "m_w": 80.36,
    "m_z": 91.19,
    "m_t": 173.1,
    "use_glauber_measure": true,
    "C_glauber": 3.794848484848485,
    "Lambda_glauber": 1000.0
  },
  "derived_tree_coefficients": {
    "glauber_scheme": "counterterm_subtracted",
    "lambda_tree": 0.12909808976138543,
    "mu2_tree_GeV2": 7812.5,
    "a0_mean_field": 0.3998252334093464,
    "glauber_t0": 0.2296490509090909,
    "glauber_lambda_shift": 0.0,
    "glauber_mu2_shift_after_lambda_GeV2": 0.0,
    "lambda_tree_raw_glauber_equivalent": -0.48558589894344767,
    "mu2_tree_raw_glauber_equivalent_GeV2": 95394.59999731902,
    "combo_TeV2": 0.0
  },
  "scan_parameters": {
    "T_min": 1.0,
    "T_max": 250.0,
    "phi_scan_range": [
      -10.0,
      513.3372499213665
    ],
    "n_phi_scan": 1200,
    "n_T_seeds": 3,
    "deltaX_target": 0.1,
    "x_eps": 0.001,
    "T_eps": 0.01,
    "deriv_order": 4,
    "phitol": 0.0001,
    "overlapAngle": 45.0,
    "Tn_Ttol": 0.01,
    "Tn_maxiter": 160,
    "include_zeroT_loops": true,
    "include_scalar_loops": true,
    "include_thermal": true,
    "include_scalar_thermal": true,
    "include_daisy": true,
    "renormalize_zeroT_loops": true,
    "thermal_approx": "spline"
  },
  "key_temperatures": {
    "Tn": 54.44836081343968,
    "Tc": 77.70448092913814,
    "Ts_false": 35.694210742181966,
    "Ts_true": 91.23672460937476,
    "S_at_Tn": 7623.306369571325,
    "S_over_Tn": 140.00984153942863,
    "false_phase_key": 1,
    "true_phase_key": 0,
    "phi_false_Tn": -0.0003531617629396034,
    "phi_true_Tn": 241.7550974107708,
    "vTn_over_Tn": 4.440080358692773,
    "Tc_minus_Tn_over_Tc": 0.2992893052963916
  },
  "gw_scales": {
    "gw_T_star_GeV": 54.44836081343968,
    "gw_alpha": 0.10651756100636033,
    "gw_beta_over_H": 524.4607629257843,
    "gw_v_w": 1.0,
    "gw_g_star": 106.75
  },
  "gw_peaks": {
    "sw": {
      "f_peak_mHz": 5.450634229228843,
      "f_peak_Hz": 0.005450634229228843,
      "omega_peak": 2.8406449872359646e-14
    },
    "turb": {
      "f_peak_mHz": 9.33200535103738,
      "f_peak_Hz": 0.009332005351037379,
      "omega_peak": 2.0640550934831616e-18
    },
    "coll": {
      "f_peak_mHz": NaN,
      "f_peak_Hz": NaN,
      "omega_peak": NaN
    },
    "total": {
      "f_peak_mHz": 5.450634229228843,
      "f_peak_Hz": 0.005450634229228843,
      "omega_peak": 2.8408256672819325e-14
    }
  },
  "gw_run_parameters": {
    "g_star": 106.75,
    "v_w": 1.0,
    "epsilon_turb": 1.0,
    "frequency_unit": "mHz"
  },
  "S3": 7623.415359790287,
  "S3_over_T": 140.0118432566031,
  "bounce_diagnostics": {
    "label": "results_eft68_c6f20_c8f40_f513p337_mh125_Glauber_C3p79485_Lambda1000",
    "C": NaN,
    "Lambda_GeV": NaN,
    "finiteT": null,
    "temperature_GeV": NaN,
    "phi_metaMin": -0.0003531617629396034,
    "phi_absMin": 241.7550974107708,
    "phi_bar": 108.82099042157499,
    "phi_top": 75.55155940737973,
    "V(phi_meta)": -26498409.496556535,
    "V(phi_true)": -49318730.0187697,
    "V(phi_top)": -25730425.286765974,
    "DeltaV_true_minus_meta": -22820320.52221316,
    "r0": 3.51960310564258e-06,
    "phi0": 229.71048094768557,
    "dphi0": -0.15578120966405812,
    "rscale_cubic": 0.0351960310564258,
    "rscale_curv": 0.031755944055375594,
    "wall_r_hi": 0.10557854174797551,
    "wall_thickness": 0.08412388361783588,
    "S_total": 7623.415359790287,
    "S_kin": 11440.123162989166,
    "S_pot": -3816.707803198881,
    "S_interior": 0.0,
    "S3_over_T": NaN,
    "beta_rscale": 28.41229451118547,
    "beta_curvature": 31.490162724607774,
    "beta_wall": 11.887230558005061,
    "Tn_from_transitionFinder_GeV": 54.44836081343968,
    "Tc_from_transitionFinder_GeV": 77.70448092913814,
    "T_spinodal_high_GeV": NaN,
    "T_spinodal_low_GeV": NaN,
    "gw_T_star_GeV": 54.44836081343968,
    "gw_alpha": 0.10651756100636033,
    "gw_beta_over_H": 524.4607629257843,
    "gw_R_star_times_H": NaN,
    "gw_Gamma_Tstar_GeV4": NaN,
    "gw_dT_for_beta_GeV": NaN,
    "gw_f_sw_peak_Hz": NaN,
    "gw_f_turb_peak_Hz": NaN,
    "gw_f_coll_peak_Hz": NaN,
    "gw_g_star": 106.75,
    "gw_v_w": 1.0,
    "omega_sw_peak": NaN,
    "omega_turb_peak": NaN,
    "omega_coll_peak": NaN,
    "omega_tot_peak": NaN
  }
}