{
  "lambda_tree": 0.06280965006938544,
  "mu2_tree": 5779.041783865952,
  "a0_mean_field": 0.3666810135633464,
  "combo_TeV2": 1.4907739999999998,
  "upper_c6_over_f2_TeV2_from_Eq_2_14": 4.221190095689914,
  "passes_Eq_2_14": true,
  "passes_EFT_tree_condition_Vv_lower_than_v_to_f": true,
  "min_after_v_tree": -97546096.09019363,
  "V_tree_v": -97546148.68026328,
  "sampled_min_phi_full_zeroT": 246.08202734244747,
  "sampled_min_deltaV_full_zeroT": -18044995.728441536,
  "dV_at_v_numeric": 5.735451825023667,
  "d2V_at_v_numeric": 15625.061486126908,
  "mh2_target": 15625.0
}