{
  "label": "results_eft68_c6f20_c8f40_f520p9_mh125_Glauber_C3p68545_Lambda1000",
  "model_parameters": {
    "c6_over_f2_TeV2": 0.0,
    "c8_over_f4_TeV4": 0.0,
    "f_GeV": 520.9001354956138,
    "m_h": 125.0,
    "v": 246.0,
    "m_w": 80.36,
    "m_z": 91.19,
    "m_t": 173.1,
    "use_glauber_measure": true,
    "C_glauber": 3.6854545454545455,
    "Lambda_glauber": 1000.0
  },
  "scan_parameters": {
    "T_min": 1.0,
    "T_max": 250.0,
    "phi_scan_range": [
      -10.0,
      520.9001354956138
    ],
    "n_phi_scan": 1200,
    "n_T_seeds": 3,
    "deltaX_target": 0.1,
    "x_eps": 0.001,
    "T_eps": 0.01,
    "deriv_order": 4,
    "phitol": 1e-05,
    "overlapAngle": 45.0,
    "Tn_Ttol": 0.001,
    "Tn_maxiter": 160,
    "include_zeroT_loops": true,
    "include_scalar_loops": true,
    "include_thermal": true,
    "include_scalar_thermal": true,
    "include_daisy": true,
    "renormalize_zeroT_loops": true,
    "thermal_approx": "spline"
  },
  "key_temperatures": {
    "Tn": 72.24649933324851,
    "Tc": 85.152027250372,
    "Ts_false": 60.69580468749647,
    "Ts_true": 94.4951230468747,
    "S_at_Tn": 10114.68195111062,
    "S_over_Tn": 140.00238135352464,
    "false_phase_key": 1,
    "true_phase_key": 0,
    "phi_false_Tn": -0.00028397030710963116,
    "phi_true_Tn": 233.7029350648451,
    "vTn_over_Tn": 3.2347994327981624,
    "Tc_minus_Tn_over_Tc": 0.1515586690517355
  },
  "gw_scales": {
    "gw_T_star_GeV": 72.24649933324851,
    "gw_alpha": 0.03716185589341402,
    "gw_beta_over_H": 1428.8193606926263,
    "gw_v_w": 1.0,
    "gw_g_star": 106.75
  },
  "gw_peaks": {
    "sw": {
      "f_peak_mHz": 19.81135111804306,
      "f_peak_Hz": 0.01981135111804306,
      "omega_peak": 2.3379650583791865e-16
    },
    "turb": {
      "f_peak_mHz": 33.91892151805883,
      "f_peak_Hz": 0.03391892151805883,
      "omega_peak": 1.698683528298557e-20
    },
    "coll": {
      "f_peak_mHz": NaN,
      "f_peak_Hz": NaN,
      "omega_peak": NaN
    },
    "total": {
      "f_peak_mHz": 19.81135111804306,
      "f_peak_Hz": 0.01981135111804306,
      "omega_peak": 2.338114152611404e-16
    }
  },
  "gw_run_parameters": {
    "g_star": 106.75,
    "v_w": 1.0,
    "epsilon_turb": 1.0,
    "frequency_unit": "mHz"
  },
  "S3": 10120.157948357246,
  "S3_over_T": 140.07817737543797,
  "bounce_diagnostics": {
    "label": "results_eft68_c6f20_c8f40_f520p9_mh125_Glauber_C3p68545_Lambda1000",
    "C": NaN,
    "Lambda_GeV": NaN,
    "finiteT": null,
    "temperature_GeV": NaN,
    "phi_metaMin": -0.00028397030710963116,
    "phi_absMin": 233.7029350648451,
    "phi_bar": 115.67624243571356,
    "phi_top": 78.92295955769498,
    "V(phi_meta)": -77447380.38451369,
    "V(phi_true)": -92995505.58662274,
    "V(phi_top)": -76624530.59660694,
    "DeltaV_true_minus_meta": -15548125.202109054,
    "r0": 3.551967793647507e-06,
    "phi0": 227.27086821955783,
    "dphi0": -0.07085973512273598,
    "rscale_cubic": 0.03551967793647507,
    "rscale_curv": 0.03369135468290977,
    "wall_r_hi": 0.12191981678989319,
    "wall_thickness": 0.08821217673854492,
    "S_total": 10120.157948357246,
    "S_kin": 15162.2880273161,
    "S_pot": -5042.130078958856,
    "S_interior": 0.0,
    "S3_over_T": NaN,
    "beta_rscale": 28.153408423028026,
    "beta_curvature": 29.681207230971435,
    "beta_wall": 11.33630341040029,
    "Tn_from_transitionFinder_GeV": 72.24649933324851,
    "Tc_from_transitionFinder_GeV": 85.152027250372,
    "T_spinodal_high_GeV": NaN,
    "T_spinodal_low_GeV": NaN,
    "gw_T_star_GeV": 72.24649933324851,
    "gw_alpha": 0.03716185589341402,
    "gw_beta_over_H": 1428.8193606926263,
    "gw_R_star_times_H": NaN,
    "gw_Gamma_Tstar_GeV4": NaN,
    "gw_dT_for_beta_GeV": NaN,
    "gw_f_sw_peak_Hz": NaN,
    "gw_f_turb_peak_Hz": NaN,
    "gw_f_coll_peak_Hz": NaN,
    "gw_g_star": 106.75,
    "gw_v_w": 1.0,
    "omega_sw_peak": NaN,
    "omega_turb_peak": NaN,
    "omega_coll_peak": NaN,
    "omega_tot_peak": NaN
  }
}