{
  "label": "results_eft68_c6f20_c8f40_f515p358_mh125_Glauber_C3p76515_Lambda1000",
  "model_parameters": {
    "c6_over_f2_TeV2": 0.0,
    "c8_over_f4_TeV4": 0.0,
    "f_GeV": 515.3577023468353,
    "m_h": 125.0,
    "v": 246.0,
    "m_w": 80.36,
    "m_z": 91.19,
    "m_t": 173.1,
    "use_glauber_measure": true,
    "C_glauber": 3.765151515151515,
    "Lambda_glauber": 1000.0
  },
  "derived_tree_coefficients": {
    "glauber_scheme": "counterterm_subtracted",
    "lambda_tree": 0.12909808976138543,
    "mu2_tree_GeV2": 7812.5,
    "a0_mean_field": 0.3998252334093464,
    "glauber_t0": 0.22785190909090908,
    "glauber_lambda_shift": 0.0,
    "glauber_mu2_shift_after_lambda_GeV2": 0.0,
    "lambda_tree_raw_glauber_equivalent": -0.4731895828721749,
    "mu2_tree_raw_glauber_equivalent_GeV2": 94880.14634873238,
    "combo_TeV2": 0.0
  },
  "scan_parameters": {
    "T_min": 1.0,
    "T_max": 250.0,
    "phi_scan_range": [
      -10.0,
      515.3577023468353
    ],
    "n_phi_scan": 1200,
    "n_T_seeds": 3,
    "deltaX_target": 0.1,
    "x_eps": 0.001,
    "T_eps": 0.01,
    "deriv_order": 4,
    "phitol": 0.0001,
    "overlapAngle": 45.0,
    "Tn_Ttol": 0.01,
    "Tn_maxiter": 160,
    "include_zeroT_loops": true,
    "include_scalar_loops": true,
    "include_thermal": true,
    "include_scalar_thermal": true,
    "include_daisy": true,
    "renormalize_zeroT_loops": true,
    "thermal_approx": "spline"
  },
  "key_temperatures": {
    "Tn": 60.49656732790763,
    "Tc": 79.84727100236887,
    "Ts_false": 44.87934414062023,
    "Ts_true": 92.10482031249974,
    "S_at_Tn": 8470.94477692928,
    "S_over_Tn": 140.02356085783325,
    "false_phase_key": 1,
    "true_phase_key": 0,
    "phi_false_Tn": -0.0003362771092429122,
    "phi_true_Tn": 239.73980138154,
    "vTn_over_Tn": 3.9628661917640042,
    "Tc_minus_Tn_over_Tc": 0.24234646258464057
  },
  "gw_scales": {
    "gw_T_star_GeV": 60.49656732790763,
    "gw_alpha": 0.07170668990206837,
    "gw_beta_over_H": 719.2294269601499,
    "gw_v_w": 1.0,
    "gw_g_star": 106.75
  },
  "gw_peaks": {
    "sw": {
      "f_peak_mHz": 8.380489594072982,
      "f_peak_Hz": 0.008380489594072981,
      "omega_peak": 5.4375452871033984e-15
    },
    "turb": {
      "f_peak_mHz": 14.348197007390617,
      "f_peak_Hz": 0.014348197007390618,
      "omega_peak": 3.950712536149751e-19
    },
    "coll": {
      "f_peak_mHz": NaN,
      "f_peak_Hz": NaN,
      "omega_peak": NaN
    },
    "total": {
      "f_peak_mHz": 8.380489594072982,
      "f_peak_Hz": 0.008380489594072981,
      "omega_peak": 5.437892649340693e-15
    }
  },
  "gw_run_parameters": {
    "g_star": 106.75,
    "v_w": 1.0,
    "epsilon_turb": 1.0,
    "frequency_unit": "mHz"
  },
  "S3": 8470.926399084708,
  "S3_over_T": 140.0232570745711,
  "bounce_diagnostics": {
    "label": "results_eft68_c6f20_c8f40_f515p358_mh125_Glauber_C3p76515_Lambda1000",
    "C": NaN,
    "Lambda_GeV": NaN,
    "finiteT": null,
    "temperature_GeV": NaN,
    "phi_metaMin": -0.0003362771092429122,
    "phi_absMin": 239.73980138154,
    "phi_bar": 112.45247122607863,
    "phi_top": 77.7788490065723,
    "V(phi_meta)": -39357498.497072764,
    "V(phi_true)": -59900114.33659269,
    "V(phi_top)": -38520036.139660016,
    "DeltaV_true_minus_meta": -20542615.839519925,
    "r0": 3.46980538639226e-06,
    "phi0": 230.29630176777704,
    "dphi0": -0.11767751460325337,
    "rscale_cubic": 0.0346980538639226,
    "rscale_curv": 0.03178379183379673,
    "wall_r_hi": 0.1096049130085096,
    "wall_thickness": 0.08386495036899014,
    "S_total": 8470.926399084708,
    "S_kin": 12718.615775642686,
    "S_pot": -4247.689376557976,
    "S_interior": 0.0,
    "S3_over_T": NaN,
    "beta_rscale": 28.82006016596086,
    "beta_curvature": 31.462580186720174,
    "beta_wall": 11.923932412768226,
    "Tn_from_transitionFinder_GeV": 60.49656732790763,
    "Tc_from_transitionFinder_GeV": 79.84727100236887,
    "T_spinodal_high_GeV": NaN,
    "T_spinodal_low_GeV": NaN,
    "gw_T_star_GeV": 60.49656732790763,
    "gw_alpha": 0.07170668990206837,
    "gw_beta_over_H": 719.2294269601499,
    "gw_R_star_times_H": NaN,
    "gw_Gamma_Tstar_GeV4": NaN,
    "gw_dT_for_beta_GeV": NaN,
    "gw_f_sw_peak_Hz": NaN,
    "gw_f_turb_peak_Hz": NaN,
    "gw_f_coll_peak_Hz": NaN,
    "gw_g_star": 106.75,
    "gw_v_w": 1.0,
    "omega_sw_peak": NaN,
    "omega_turb_peak": NaN,
    "omega_coll_peak": NaN,
    "omega_tot_peak": NaN
  }
}