{
  "label": "results_eft68_c6f22p98586_c8f45_f1000_mh125_Glauber_off",
  "model_parameters": {
    "c6_over_f2_TeV2": 2.985858585858586,
    "c8_over_f4_TeV4": 5.0,
    "f_GeV": 1000.0,
    "m_h": 125.0,
    "v": 246.0,
    "m_w": 80.36,
    "m_z": 91.19,
    "m_t": 173.1,
    "use_glauber_measure": false,
    "C_glauber": 0.0,
    "Lambda_glauber": 1000.0
  },
  "derived_tree_coefficients": {
    "glauber_scheme": "counterterm_subtracted",
    "lambda_tree": -0.16940663443134182,
    "mu2_tree_GeV2": -1496.6820239586596,
    "a0_mean_field": 0.2505728713129828,
    "glauber_t0": 0.0,
    "glauber_lambda_shift": 0.0,
    "glauber_mu2_shift_after_lambda_GeV2": 0.0,
    "lambda_tree_raw_glauber_equivalent": -0.16940663443134182,
    "mu2_tree_raw_glauber_equivalent_GeV2": -1496.6820239586596,
    "combo_TeV2": 6.879457171717172
  },
  "scan_parameters": {
    "T_min": 1.0,
    "T_max": 250.0,
    "phi_scan_range": [
      -10,
      1000.0
    ],
    "n_phi_scan": 1200,
    "n_T_seeds": 3,
    "deltaX_target": 0.1,
    "x_eps": 0.001,
    "T_eps": 0.01,
    "deriv_order": 4,
    "phitol": 0.0001,
    "overlapAngle": 45.0,
    "Tn_Ttol": 0.01,
    "Tn_maxiter": 160,
    "include_zeroT_loops": true,
    "include_scalar_loops": true,
    "include_thermal": true,
    "include_scalar_thermal": true,
    "include_daisy": true,
    "renormalize_zeroT_loops": true,
    "thermal_approx": "spline"
  },
  "key_temperatures": {
    "Tn": 73.26561082257828,
    "Tc": 91.33595926749733,
    "Ts_false": 39.792935546869444,
    "Ts_true": 94.34630664062469,
    "S_at_Tn": 10273.006729459215,
    "S_over_Tn": 140.21594325251132,
    "false_phase_key": 2,
    "true_phase_key": 0,
    "phi_false_Tn": 3.6921254318878796e-05,
    "phi_true_Tn": 232.42482334815108,
    "vTn_over_Tn": 3.1723590472888636,
    "Tc_minus_Tn_over_Tc": 0.19784484216119175
  },
  "gw_scales": {
    "gw_T_star_GeV": 73.26561082257828,
    "gw_alpha": 0.033909663742158896,
    "gw_beta_over_H": 626.8173474445387,
    "gw_v_w": 1.0,
    "gw_g_star": 106.75
  },
  "gw_peaks": {
    "sw": {
      "f_peak_mHz": 8.775786958281639,
      "f_peak_Hz": 0.008775786958281639,
      "omega_peak": 9.431350087395794e-16
    },
    "turb": {
      "f_peak_mHz": 15.024983774380862,
      "f_peak_Hz": 0.015024983774380862,
      "omega_peak": 6.852818909686308e-20
    },
    "coll": {
      "f_peak_mHz": NaN,
      "f_peak_Hz": NaN,
      "omega_peak": NaN
    },
    "total": {
      "f_peak_mHz": 8.775786958281639,
      "f_peak_Hz": 0.008775786958281639,
      "omega_peak": 9.431950293704085e-16
    }
  },
  "gw_run_parameters": {
    "g_star": 106.75,
    "v_w": 1.0,
    "epsilon_turb": 1.0,
    "frequency_unit": "mHz"
  },
  "S3": 10273.571464640236,
  "S3_over_T": 140.22365130509806,
  "bounce_diagnostics": {
    "label": "results_eft68_c6f22p98586_c8f45_f1000_mh125_Glauber_off",
    "C": NaN,
    "Lambda_GeV": NaN,
    "finiteT": null,
    "temperature_GeV": NaN,
    "phi_metaMin": 3.6921254318878796e-05,
    "phi_absMin": 232.42482334815108,
    "phi_bar": 117.45670798074198,
    "phi_top": 79.80304783171356,
    "V(phi_meta)": -74402021.40199147,
    "V(phi_true)": -92183375.35289533,
    "V(phi_top)": -73005507.31762034,
    "DeltaV_true_minus_meta": -17781353.950903863,
    "r0": 2.75689986450789e-06,
    "phi0": 225.63648971106784,
    "dphi0": -0.05966124440530027,
    "rscale_cubic": 0.027568998645078897,
    "rscale_curv": 0.02648118521142455,
    "wall_r_hi": 0.10908821230149375,
    "wall_thickness": 0.07683129334678962,
    "S_total": 10273.571464640236,
    "S_kin": 15426.635333582388,
    "S_pot": -5153.063868942154,
    "S_interior": 0.0,
    "S3_over_T": NaN,
    "beta_rscale": 36.27262683254915,
    "beta_curvature": 37.762660992202065,
    "beta_wall": 13.01552995452451,
    "Tn_from_transitionFinder_GeV": 73.26561082257828,
    "Tc_from_transitionFinder_GeV": 91.33595926749733,
    "T_spinodal_high_GeV": NaN,
    "T_spinodal_low_GeV": NaN,
    "gw_T_star_GeV": 73.26561082257828,
    "gw_alpha": 0.033909663742158896,
    "gw_beta_over_H": 626.8173474445387,
    "gw_R_star_times_H": NaN,
    "gw_Gamma_Tstar_GeV4": NaN,
    "gw_dT_for_beta_GeV": NaN,
    "gw_f_sw_peak_Hz": NaN,
    "gw_f_turb_peak_Hz": NaN,
    "gw_f_coll_peak_Hz": NaN,
    "gw_g_star": 106.75,
    "gw_v_w": 1.0,
    "omega_sw_peak": NaN,
    "omega_turb_peak": NaN,
    "omega_coll_peak": NaN,
    "omega_tot_peak": NaN
  }
}