{
  "lambda_tree": -0.03620426900661455,
  "mu2_tree": 2699.97079666381,
  "a0_mean_field": 0.3171740540253464,
  "combo_TeV2": 3.763096,
  "upper_c6_over_f2_TeV2_from_Eq_2_14": 4.085029095689913,
  "passes_Eq_2_14": true,
  "passes_EFT_tree_condition_Vv_lower_than_v_to_f": true,
  "min_after_v_tree": -66071473.348133564,
  "V_tree_v": -66071525.947916396,
  "sampled_min_phi_full_zeroT": 246.08202734244747,
  "sampled_min_deltaV_full_zeroT": -66071473.348133564,
  "dV_at_v_numeric": 3.67147775321472,
  "d2V_at_v_numeric": 15625.026129233924,
  "mh2_target": 15625.0
}