{
  "label": "results_eft68_c6f20_c8f40_f779p556_mh125_Glauber_C6p58212_Lambda2000",
  "model_parameters": {
    "c6_over_f2_TeV2": 0.0,
    "c8_over_f4_TeV4": 0.0,
    "f_GeV": 779.5555320143204,
    "m_h": 125.0,
    "v": 246.0,
    "m_w": 80.36,
    "m_z": 91.19,
    "m_t": 173.1,
    "use_glauber_measure": true,
    "C_glauber": 6.582121212121212,
    "Lambda_glauber": 2000.0
  },
  "derived_tree_coefficients": {
    "glauber_scheme": "counterterm_subtracted",
    "lambda_tree": 0.12909808976138543,
    "mu2_tree_GeV2": 7812.5,
    "a0_mean_field": 0.3998252334093464,
    "glauber_t0": 0.09958091181818182,
    "glauber_lambda_shift": 0.0,
    "glauber_mu2_shift_after_lambda_GeV2": 0.0,
    "lambda_tree_raw_glauber_equivalent": -1.224477857549646,
    "mu2_tree_raw_glauber_equivalent_GeV2": 666563.8406577999,
    "combo_TeV2": 0.0
  },
  "scan_parameters": {
    "T_min": 1.0,
    "T_max": 250.0,
    "phi_scan_range": [
      -10.0,
      779.5555320143204
    ],
    "n_phi_scan": 1200,
    "n_T_seeds": 3,
    "deltaX_target": 0.1,
    "x_eps": 0.001,
    "T_eps": 0.01,
    "deriv_order": 4,
    "phitol": 0.0001,
    "overlapAngle": 45.0,
    "Tn_Ttol": 0.01,
    "Tn_maxiter": 160,
    "include_zeroT_loops": true,
    "include_scalar_loops": true,
    "include_thermal": true,
    "include_scalar_thermal": true,
    "include_daisy": true,
    "renormalize_zeroT_loops": true,
    "thermal_approx": "spline"
  },
  "key_temperatures": {
    "Tn": 66.27305841077613,
    "Tc": 83.50420957784333,
    "Ts_false": 49.52134609374535,
    "Ts_true": 95.0310566406247,
    "S_at_Tn": 9276.897229370079,
    "S_over_Tn": 139.9799172066222,
    "false_phase_key": 1,
    "true_phase_key": 0,
    "phi_false_Tn": -0.0011881014000030452,
    "phi_true_Tn": 237.29257651612517,
    "vTn_over_Tn": 3.5805285315992137,
    "Tc_minus_Tn_over_Tc": 0.20635068883568286
  },
  "gw_scales": {
    "gw_T_star_GeV": 66.27305841077613,
    "gw_alpha": 0.05348209947294377,
    "gw_beta_over_H": 858.3714342113329,
    "gw_v_w": 1.0,
    "gw_g_star": 106.75
  },
  "gw_peaks": {
    "sw": {
      "f_peak_mHz": 10.881712506287604,
      "f_peak_Hz": 0.010881712506287604,
      "omega_peak": 1.7479676913600586e-15
    },
    "turb": {
      "f_peak_mHz": 18.630529047900055,
      "f_peak_Hz": 0.018630529047900055,
      "omega_peak": 1.270053602382879e-19
    },
    "coll": {
      "f_peak_mHz": NaN,
      "f_peak_Hz": NaN,
      "omega_peak": NaN
    },
    "total": {
      "f_peak_mHz": 10.881712506287604,
      "f_peak_Hz": 0.010881712506287604,
      "omega_peak": 1.748078984546659e-15
    }
  },
  "gw_run_parameters": {
    "g_star": 106.75,
    "v_w": 1.0,
    "epsilon_turb": 1.0,
    "frequency_unit": "mHz"
  },
  "S3": 9276.910664384257,
  "S3_over_T": 139.98011992873128,
  "bounce_diagnostics": {
    "label": "results_eft68_c6f20_c8f40_f779p556_mh125_Glauber_C6p58212_Lambda2000",
    "C": NaN,
    "Lambda_GeV": NaN,
    "finiteT": null,
    "temperature_GeV": NaN,
    "phi_metaMin": -0.0011881014000030452,
    "phi_absMin": 237.29257651612517,
    "phi_bar": 116.658439631031,
    "phi_top": 80.13662540604903,
    "V(phi_meta)": -55650524.668405175,
    "V(phi_true)": -75416991.85462454,
    "V(phi_top)": -54575478.05874324,
    "DeltaV_true_minus_meta": -19766467.186219364,
    "r0": 3.1553549214673337e-06,
    "phi0": 229.71382699752942,
    "dphi0": -0.08459342727826538,
    "rscale_cubic": 0.031553549214673335,
    "rscale_curv": 0.029362988617247003,
    "wall_r_hi": 0.10888556288121135,
    "wall_thickness": 0.07966761834260935,
    "S_total": 9276.910664384257,
    "S_kin": 13913.771073976373,
    "S_pot": -4636.8604095921155,
    "S_interior": 0.0,
    "S3_over_T": NaN,
    "beta_rscale": 31.692155871168065,
    "beta_curvature": 34.05646676695706,
    "beta_wall": 12.552151310705883,
    "Tn_from_transitionFinder_GeV": 66.27305841077613,
    "Tc_from_transitionFinder_GeV": 83.50420957784333,
    "T_spinodal_high_GeV": NaN,
    "T_spinodal_low_GeV": NaN,
    "gw_T_star_GeV": 66.27305841077613,
    "gw_alpha": 0.05348209947294377,
    "gw_beta_over_H": 858.3714342113329,
    "gw_R_star_times_H": NaN,
    "gw_Gamma_Tstar_GeV4": NaN,
    "gw_dT_for_beta_GeV": NaN,
    "gw_f_sw_peak_Hz": NaN,
    "gw_f_turb_peak_Hz": NaN,
    "gw_f_coll_peak_Hz": NaN,
    "gw_g_star": 106.75,
    "gw_v_w": 1.0,
    "omega_sw_peak": NaN,
    "omega_turb_peak": NaN,
    "omega_coll_peak": NaN,
    "omega_tot_peak": NaN
  }
}