{
  "interpretation": "Combined EFT68 + Gl\u00e1uber zero-temperature consistency check. The local electroweak conditions are safe when dV_at_v_numeric is close to zero and d2V_at_v_numeric is close to mh2_target.",
  "parameters": {
    "c6_over_f2_TeV2": 1.6,
    "c8_over_f4_TeV4": 0.0,
    "f_GeV": 1000.0,
    "m_h": 125.0,
    "v": 246.0,
    "m_w": 80.36,
    "m_z": 91.19,
    "m_t": 173.1,
    "use_glauber_measure": true,
    "C_glauber": 3.2,
    "Lambda_glauber": 1000.0
  },
  "limits": {
    "f_GeV": 1000.0,
    "Lambda_glauber_GeV": 1000.0,
    "C_glauber": 3.2,
    "phi_branch_GeV": 559.0169943749474,
    "phi_scan_upper_GeV": 559.0169943749474,
    "branch_over_v": 2.2724268064022253,
    "scan_upper_over_v": 2.2724268064022253
  },
  "tree_level_report": {
    "glauber_scheme": "counterterm_subtracted",
    "lambda_tree": -0.016140310238614564,
    "mu2_tree_GeV2": 3417.876492800001,
    "a0_mean_field": 0.3272060334093464,
    "glauber_t0": 0.19365120000000002,
    "glauber_lambda_shift": 0.0,
    "glauber_mu2_shift_after_lambda_GeV2": 0.0,
    "lambda_tree_raw_glauber_equivalent": -0.41506813781578306,
    "mu2_tree_raw_glauber_equivalent_GeV2": 79799.78978334527,
    "combo_TeV2": 3.2,
    "upper_c6_over_f2_TeV2_from_Eq_2_14": 4.266577095689914,
    "Eq_2_14_is_pure_EFT68_only": true,
    "passes_Eq_2_14": true,
    "passes_EFT_tree_condition_Vv_lower_than_v_to_f": true,
    "min_after_v_tree_total": -24239814.328186855,
    "V_tree_total_v": -24239866.942512378,
    "V_tree_polynomial_v": -73871139.80638081,
    "sampled_min_phi_full_zeroT": 246.08202734244747,
    "sampled_min_deltaV_full_zeroT": -24239814.328186855,
    "dV_at_v_numeric": 5.264988774812318,
    "d2V_at_v_numeric": 15625.05023847849,
    "mh2_target": 15625.0
  },
  "loop_renormalized_report": {
    "glauber_scheme": "counterterm_subtracted",
    "lambda_tree": -0.016140310238614564,
    "mu2_tree_GeV2": 3417.876492800001,
    "a0_mean_field": 0.3272060334093464,
    "glauber_t0": 0.19365120000000002,
    "glauber_lambda_shift": 0.0,
    "glauber_mu2_shift_after_lambda_GeV2": 0.0,
    "lambda_tree_raw_glauber_equivalent": -0.41506813781578306,
    "mu2_tree_raw_glauber_equivalent_GeV2": 79799.78978334527,
    "combo_TeV2": 3.2,
    "upper_c6_over_f2_TeV2_from_Eq_2_14": 4.266577095689914,
    "Eq_2_14_is_pure_EFT68_only": true,
    "passes_Eq_2_14": true,
    "passes_EFT_tree_condition_Vv_lower_than_v_to_f": true,
    "min_after_v_tree_total": -24239814.328186855,
    "V_tree_total_v": -24239866.942512378,
    "V_tree_polynomial_v": -73871139.80638081,
    "sampled_min_phi_full_zeroT": 246.08202734244747,
    "sampled_min_deltaV_full_zeroT": -37403576.14745785,
    "dV_at_v_numeric": 5.23345764514392,
    "d2V_at_v_numeric": 15625.050174703609,
    "mh2_target": 15625.0
  }
}