{
  "label": "results_eft68_c6f21_c8f45_f1000_mh125_Glauber_C3p12833_Lambda1000",
  "model_parameters": {
    "c6_over_f2_TeV2": 1.0,
    "c8_over_f4_TeV4": 5.0,
    "f_GeV": 1000.0,
    "m_h": 125.0,
    "v": 246.0,
    "m_w": 80.36,
    "m_z": 91.19,
    "m_t": 173.1,
    "use_glauber_measure": true,
    "C_glauber": 3.1283333333333334,
    "Lambda_glauber": 1000.0
  },
  "derived_tree_coefficients": {
    "glauber_scheme": "counterterm_subtracted",
    "lambda_tree": 0.010857692841385418,
    "mu2_tree_GeV2": 3957.7559906595197,
    "a0_mean_field": 0.3407050349493464,
    "glauber_t0": 0.18931422,
    "glauber_lambda_shift": 0.0,
    "glauber_mu2_shift_after_lambda_GeV2": 0.0,
    "lambda_tree_raw_glauber_equivalent": -0.3663331991046216,
    "mu2_tree_raw_glauber_equivalent_GeV2": 78878.06273960418,
    "combo_TeV2": 2.90774
  },
  "scan_parameters": {
    "T_min": 1.0,
    "T_max": 250.0,
    "phi_scan_range": [
      -10.0,
      565.383967200705
    ],
    "n_phi_scan": 1200,
    "n_T_seeds": 3,
    "deltaX_target": 0.1,
    "x_eps": 0.001,
    "T_eps": 0.01,
    "deriv_order": 4,
    "phitol": 0.0001,
    "overlapAngle": 45.0,
    "Tn_Ttol": 0.01,
    "Tn_maxiter": 160,
    "include_zeroT_loops": true,
    "include_scalar_loops": true,
    "include_thermal": true,
    "include_scalar_thermal": true,
    "include_daisy": false,
    "renormalize_zeroT_loops": true,
    "thermal_approx": "spline"
  },
  "key_temperatures": {
    "Tn": 73.85677906698655,
    "Tc": 87.10089283644866,
    "Ts_false": 58.9450720703087,
    "Ts_true": 95.58158007812469,
    "S_at_Tn": 10348.125197791202,
    "S_over_Tn": 140.1107024773673,
    "false_phase_key": 1,
    "true_phase_key": 0,
    "phi_false_Tn": -0.00026595105355518595,
    "phi_true_Tn": 231.742262996216,
    "vTn_over_Tn": 3.1377250121621283,
    "Tc_minus_Tn_over_Tc": 0.15205485659407525
  },
  "gw_scales": {
    "gw_T_star_GeV": 73.85677906698655,
    "gw_alpha": 0.03372641180895592,
    "gw_beta_over_H": 1062.5133106887124,
    "gw_v_w": 1.0,
    "gw_g_star": 106.75
  },
  "gw_peaks": {
    "sw": {
      "f_peak_mHz": 15.024983774380862,
      "f_peak_Hz": 0.015024983774380862,
      "omega_peak": 3.2335447072068163e-16
    },
    "turb": {
      "f_peak_mHz": 25.724204392561013,
      "f_peak_Hz": 0.025724204392561015,
      "omega_peak": 2.3494289447742318e-20
    },
    "coll": {
      "f_peak_mHz": NaN,
      "f_peak_Hz": NaN,
      "omega_peak": NaN
    },
    "total": {
      "f_peak_mHz": 15.024983774380862,
      "f_peak_Hz": 0.015024983774380862,
      "omega_peak": 3.233750678439537e-16
    }
  },
  "gw_run_parameters": {
    "g_star": 106.75,
    "v_w": 1.0,
    "epsilon_turb": 1.0,
    "frequency_unit": "mHz"
  },
  "S3": 10348.0047950171,
  "S3_over_T": 140.10907225769589,
  "bounce_diagnostics": {
    "label": "results_eft68_c6f21_c8f45_f1000_mh125_Glauber_C3p12833_Lambda1000",
    "C": NaN,
    "Lambda_GeV": NaN,
    "finiteT": null,
    "temperature_GeV": NaN,
    "phi_metaMin": -0.00026595105355518595,
    "phi_absMin": 231.742262996216,
    "phi_bar": 115.5289200185824,
    "phi_top": 78.63093416811834,
    "V(phi_meta)": -80130755.52761355,
    "V(phi_true)": -95471768.1743263,
    "V(phi_top)": -79182729.13165785,
    "DeltaV_true_minus_meta": -15341012.64671275,
    "r0": 3.296924973317159e-06,
    "phi0": 225.51972131923853,
    "dphi0": -0.062452903855376975,
    "rscale_cubic": 0.03296924973317159,
    "rscale_curv": 0.0312423624829067,
    "wall_r_hi": 0.12000512670361498,
    "wall_thickness": 0.08561349222885473,
    "S_total": 10348.0047950171,
    "S_kin": 15524.864810708403,
    "S_pot": -5176.860015691303,
    "S_interior": 0.0,
    "S3_over_T": NaN,
    "beta_rscale": 30.331293799320605,
    "beta_curvature": 32.00782764560226,
    "beta_wall": 11.680401931589063,
    "Tn_from_transitionFinder_GeV": 73.85677906698655,
    "Tc_from_transitionFinder_GeV": 87.10089283644866,
    "T_spinodal_high_GeV": NaN,
    "T_spinodal_low_GeV": NaN,
    "gw_T_star_GeV": 73.85677906698655,
    "gw_alpha": 0.03372641180895592,
    "gw_beta_over_H": 1062.5133106887124,
    "gw_R_star_times_H": NaN,
    "gw_Gamma_Tstar_GeV4": NaN,
    "gw_dT_for_beta_GeV": NaN,
    "gw_f_sw_peak_Hz": NaN,
    "gw_f_turb_peak_Hz": NaN,
    "gw_f_coll_peak_Hz": NaN,
    "gw_g_star": 106.75,
    "gw_v_w": 1.0,
    "omega_sw_peak": NaN,
    "omega_turb_peak": NaN,
    "omega_coll_peak": NaN,
    "omega_tot_peak": NaN
  }
}