{
  "label": "results_eft68_c6f23p0202_c8f42_f1000_mh125_Glauber_off",
  "model_parameters": {
    "c6_over_f2_TeV2": 3.0202020202020203,
    "c8_over_f4_TeV4": 2.0,
    "f_GeV": 1000.0,
    "m_h": 125.0,
    "v": 246.0,
    "m_w": 80.36,
    "m_z": 91.19,
    "m_t": 173.1,
    "use_glauber_measure": false,
    "C_glauber": 0.0,
    "Lambda_glauber": 1000.0
  },
  "derived_tree_coefficients": {
    "glauber_scheme": "counterterm_subtracted",
    "lambda_tree": -0.15604428718843275,
    "mu2_tree_GeV2": -926.1484734816469,
    "a0_mean_field": 0.25725404493443726,
    "glauber_t0": 0.0,
    "glauber_lambda_shift": 0.0,
    "glauber_mu2_shift_after_lambda_GeV2": 0.0,
    "lambda_tree_raw_glauber_equivalent": -0.15604428718843275,
    "mu2_tree_raw_glauber_equivalent_GeV2": -926.1484734816469,
    "combo_TeV2": 6.40350004040404
  },
  "scan_parameters": {
    "T_min": 1.0,
    "T_max": 250.0,
    "phi_scan_range": [
      -10,
      1000.0
    ],
    "n_phi_scan": 1200,
    "n_T_seeds": 3,
    "deltaX_target": 0.1,
    "x_eps": 0.001,
    "T_eps": 0.01,
    "deriv_order": 4,
    "phitol": 0.0001,
    "overlapAngle": 45.0,
    "Tn_Ttol": 0.01,
    "Tn_maxiter": 160,
    "include_zeroT_loops": true,
    "include_scalar_loops": true,
    "include_thermal": true,
    "include_scalar_thermal": true,
    "include_daisy": true,
    "renormalize_zeroT_loops": true,
    "thermal_approx": "spline"
  },
  "key_temperatures": {
    "Tn": 83.37031533605845,
    "Tc": 95.84694724044827,
    "Ts_false": 58.95611171874599,
    "Ts_true": 96.71375195312463,
    "S_at_Tn": 11668.058853832421,
    "S_over_Tn": 139.95459663070116,
    "false_phase_key": 2,
    "true_phase_key": 0,
    "phi_false_Tn": -5.5098649451757815e-05,
    "phi_true_Tn": 223.73337910274498,
    "vTn_over_Tn": 2.6836096061397305,
    "Tc_minus_Tn_over_Tc": 0.130172449552202
  },
  "gw_scales": {
    "gw_T_star_GeV": 83.37031533605845,
    "gw_alpha": 0.020193809038685853,
    "gw_beta_over_H": 1092.2238365902617,
    "gw_v_w": 1.0,
    "gw_g_star": 106.75
  },
  "gw_peaks": {
    "sw": {
      "f_peak_mHz": 17.520087879747475,
      "f_peak_Hz": 0.017520087879747476,
      "omega_peak": 7.263164406332812e-17
    },
    "turb": {
      "f_peak_mHz": 29.99606045250632,
      "f_peak_Hz": 0.029996060452506322,
      "omega_peak": 5.2771268402645555e-21
    },
    "coll": {
      "f_peak_mHz": NaN,
      "f_peak_Hz": NaN,
      "omega_peak": NaN
    },
    "total": {
      "f_peak_mHz": 17.520087879747475,
      "f_peak_Hz": 0.017520087879747476,
      "omega_peak": 7.263628152838348e-17
    }
  },
  "gw_run_parameters": {
    "g_star": 106.75,
    "v_w": 1.0,
    "epsilon_turb": 1.0,
    "frequency_unit": "mHz"
  },
  "S3": 11668.076488212122,
  "S3_over_T": 139.95480814938898,
  "bounce_diagnostics": {
    "label": "results_eft68_c6f23p0202_c8f42_f1000_mh125_Glauber_off",
    "C": NaN,
    "Lambda_GeV": NaN,
    "finiteT": null,
    "temperature_GeV": NaN,
    "phi_metaMin": -5.5098649451757815e-05,
    "phi_absMin": 223.73337910274498,
    "phi_bar": 116.04275995255199,
    "phi_top": 77.02296220119703,
    "V(phi_meta)": -125438647.94961043,
    "V(phi_true)": -138346955.07274625,
    "V(phi_top)": -124235189.90372233,
    "DeltaV_true_minus_meta": -12908307.12313582,
    "r0": 2.8663513569317823e-06,
    "phi0": 218.31297509156093,
    "dphi0": -0.039546727229405526,
    "rscale_cubic": 0.028663513569317824,
    "rscale_curv": 0.02706423364737941,
    "wall_r_hi": 0.12265938716219676,
    "wall_thickness": 0.08326108902903553,
    "S_total": 11668.076488212122,
    "S_kin": 17522.13297857959,
    "S_pot": -5854.056490367462,
    "S_interior": 0.0,
    "S3_over_T": NaN,
    "beta_rscale": 34.88755827444777,
    "beta_curvature": 36.94913310853933,
    "beta_wall": 12.010412206490253,
    "Tn_from_transitionFinder_GeV": 83.37031533605845,
    "Tc_from_transitionFinder_GeV": 95.84694724044827,
    "T_spinodal_high_GeV": NaN,
    "T_spinodal_low_GeV": NaN,
    "gw_T_star_GeV": 83.37031533605845,
    "gw_alpha": 0.020193809038685853,
    "gw_beta_over_H": 1092.2238365902617,
    "gw_R_star_times_H": NaN,
    "gw_Gamma_Tstar_GeV4": NaN,
    "gw_dT_for_beta_GeV": NaN,
    "gw_f_sw_peak_Hz": NaN,
    "gw_f_turb_peak_Hz": NaN,
    "gw_f_coll_peak_Hz": NaN,
    "gw_g_star": 106.75,
    "gw_v_w": 1.0,
    "omega_sw_peak": NaN,
    "omega_turb_peak": NaN,
    "omega_coll_peak": NaN,
    "omega_tot_peak": NaN
  }
}