{
  "label": "results_eft68_c6f23p08485_c8f42_f1000_mh125_Glauber_off",
  "model_parameters": {
    "c6_over_f2_TeV2": 3.084848484848485,
    "c8_over_f4_TeV4": 2.0,
    "f_GeV": 1000.0,
    "m_h": 125.0,
    "v": 246.0,
    "m_w": 80.36,
    "m_z": 91.19,
    "m_t": 173.1,
    "use_glauber_measure": false,
    "C_glauber": 0.0,
    "Lambda_glauber": 1000.0
  },
  "derived_tree_coefficients": {
    "glauber_scheme": "counterterm_subtracted",
    "lambda_tree": -0.16191250537025095,
    "mu2_tree_GeV2": -1103.7090192271016,
    "a0_mean_field": 0.2543199358435282,
    "glauber_t0": 0.0,
    "glauber_lambda_shift": 0.0,
    "glauber_mu2_shift_after_lambda_GeV2": 0.0,
    "lambda_tree_raw_glauber_equivalent": -0.16191250537025095,
    "mu2_tree_raw_glauber_equivalent_GeV2": -1103.7090192271016,
    "combo_TeV2": 6.5327929696969695
  },
  "scan_parameters": {
    "T_min": 1.0,
    "T_max": 250.0,
    "phi_scan_range": [
      -10,
      1000.0
    ],
    "n_phi_scan": 1200,
    "n_T_seeds": 3,
    "deltaX_target": 0.1,
    "x_eps": 0.001,
    "T_eps": 0.01,
    "deriv_order": 4,
    "phitol": 0.0001,
    "overlapAngle": 45.0,
    "Tn_Ttol": 0.01,
    "Tn_maxiter": 160,
    "include_zeroT_loops": true,
    "include_scalar_loops": true,
    "include_thermal": true,
    "include_scalar_thermal": true,
    "include_daisy": false,
    "renormalize_zeroT_loops": true,
    "thermal_approx": "spline"
  },
  "key_temperatures": {
    "Tn": 78.62180269990719,
    "Tc": 92.84817942547191,
    "Ts_false": 51.653700390620514,
    "Ts_true": 94.81999023437467,
    "S_at_Tn": 11004.132850015943,
    "S_over_Tn": 139.96286617870862,
    "false_phase_key": 2,
    "true_phase_key": 0,
    "phi_false_Tn": -3.5099077034235785e-05,
    "phi_true_Tn": 227.4925156015774,
    "vTn_over_Tn": 2.8935041908145656,
    "Tc_minus_Tn_over_Tc": 0.15322192436723067
  },
  "gw_scales": {
    "gw_T_star_GeV": 78.62180269990719,
    "gw_alpha": 0.025939240277213244,
    "gw_beta_over_H": 998.5858732504412,
    "gw_v_w": 1.0,
    "gw_g_star": 106.75
  },
  "gw_peaks": {
    "sw": {
      "f_peak_mHz": 15.024983774380862,
      "f_peak_Hz": 0.015024983774380862,
      "omega_peak": 1.7603954960048342e-16
    },
    "turb": {
      "f_peak_mHz": 25.724204392561013,
      "f_peak_Hz": 0.025724204392561015,
      "omega_peak": 1.2790755514679915e-20
    },
    "coll": {
      "f_peak_mHz": NaN,
      "f_peak_Hz": NaN,
      "omega_peak": NaN
    },
    "total": {
      "f_peak_mHz": 15.024983774380862,
      "f_peak_Hz": 0.015024983774380862,
      "omega_peak": 1.7605076050982097e-16
    }
  },
  "gw_run_parameters": {
    "g_star": 106.75,
    "v_w": 1.0,
    "epsilon_turb": 1.0,
    "frequency_unit": "mHz"
  },
  "S3": 11004.125675491427,
  "S3_over_T": 139.96277492508344,
  "bounce_diagnostics": {
    "label": "results_eft68_c6f23p08485_c8f42_f1000_mh125_Glauber_off",
    "C": NaN,
    "Lambda_GeV": NaN,
    "finiteT": null,
    "temperature_GeV": NaN,
    "phi_metaMin": -3.5099077034235785e-05,
    "phi_absMin": 227.4925156015774,
    "phi_bar": 116.51925472330537,
    "phi_top": 78.01886549829987,
    "V(phi_meta)": -97627271.72002709,
    "V(phi_true)": -112557386.60798007,
    "V(phi_top)": -96326521.52653982,
    "DeltaV_true_minus_meta": -14930114.887952983,
    "r0": 2.7927190750469144e-06,
    "phi0": 221.47313017960434,
    "dphi0": -0.04728467738967132,
    "rscale_cubic": 0.027927190750469143,
    "rscale_curv": 0.02655476460859585,
    "wall_r_hi": 0.11606935867759592,
    "wall_thickness": 0.08006975161221028,
    "S_total": 11004.125675491427,
    "S_kin": 16527.28553292373,
    "S_pot": -5523.159857432306,
    "S_interior": 0.0,
    "S3_over_T": NaN,
    "beta_rscale": 35.807396774528826,
    "beta_curvature": 37.65802415806331,
    "beta_wall": 12.48911080482863,
    "Tn_from_transitionFinder_GeV": 78.62180269990719,
    "Tc_from_transitionFinder_GeV": 92.84817942547191,
    "T_spinodal_high_GeV": NaN,
    "T_spinodal_low_GeV": NaN,
    "gw_T_star_GeV": 78.62180269990719,
    "gw_alpha": 0.025939240277213244,
    "gw_beta_over_H": 998.5858732504412,
    "gw_R_star_times_H": NaN,
    "gw_Gamma_Tstar_GeV4": NaN,
    "gw_dT_for_beta_GeV": NaN,
    "gw_f_sw_peak_Hz": NaN,
    "gw_f_turb_peak_Hz": NaN,
    "gw_f_coll_peak_Hz": NaN,
    "gw_g_star": 106.75,
    "gw_v_w": 1.0,
    "omega_sw_peak": NaN,
    "omega_turb_peak": NaN,
    "omega_coll_peak": NaN,
    "omega_tot_peak": NaN
  }
}