{
  "label": "results_eft68_c6f23p06465_c8f42_f1000_mh125_Glauber_off",
  "model_parameters": {
    "c6_over_f2_TeV2": 3.0646464646464646,
    "c8_over_f4_TeV4": 2.0,
    "f_GeV": 1000.0,
    "m_h": 125.0,
    "v": 246.0,
    "m_w": 80.36,
    "m_z": 91.19,
    "m_t": 173.1,
    "use_glauber_measure": false,
    "C_glauber": 0.0,
    "Lambda_glauber": 1000.0
  },
  "derived_tree_coefficients": {
    "glauber_scheme": "counterterm_subtracted",
    "lambda_tree": -0.16007868718843274,
    "mu2_tree_GeV2": -1048.2213486816463,
    "a0_mean_field": 0.2552368449344373,
    "glauber_t0": 0.0,
    "glauber_lambda_shift": 0.0,
    "glauber_mu2_shift_after_lambda_GeV2": 0.0,
    "lambda_tree_raw_glauber_equivalent": -0.16007868718843274,
    "mu2_tree_raw_glauber_equivalent_GeV2": -1048.2213486816463,
    "combo_TeV2": 6.492388929292929
  },
  "scan_parameters": {
    "T_min": 1.0,
    "T_max": 250.0,
    "phi_scan_range": [
      -10,
      1000.0
    ],
    "n_phi_scan": 1200,
    "n_T_seeds": 3,
    "deltaX_target": 0.1,
    "x_eps": 0.001,
    "T_eps": 0.01,
    "deriv_order": 4,
    "phitol": 0.0001,
    "overlapAngle": 45.0,
    "Tn_Ttol": 0.01,
    "Tn_maxiter": 160,
    "include_zeroT_loops": true,
    "include_scalar_loops": true,
    "include_thermal": true,
    "include_scalar_thermal": true,
    "include_daisy": false,
    "renormalize_zeroT_loops": true,
    "thermal_approx": "spline"
  },
  "key_temperatures": {
    "Tn": 79.53810108975276,
    "Tc": 93.25858700455163,
    "Ts_false": 53.46483496093317,
    "Ts_true": 95.00917187499967,
    "S_at_Tn": 11137.887851940382,
    "S_over_Tn": 140.03210661733192,
    "false_phase_key": 2,
    "true_phase_key": 0,
    "phi_false_Tn": -4.166967044603893e-05,
    "phi_true_Tn": 226.637501844,
    "vTn_over_Tn": 2.849420576287793,
    "Tc_minus_Tn_over_Tc": 0.1471230302270098
  },
  "gw_scales": {
    "gw_T_star_GeV": 79.53810108975276,
    "gw_alpha": 0.024742802477592845,
    "gw_beta_over_H": 1154.9128687078346,
    "gw_v_w": 1.0,
    "gw_g_star": 106.75
  },
  "gw_peaks": {
    "sw": {
      "f_peak_mHz": 17.520087879747475,
      "f_peak_Hz": 0.017520087879747476,
      "omega_peak": 1.1525467807158647e-16
    },
    "turb": {
      "f_peak_mHz": 29.99606045250632,
      "f_peak_Hz": 0.029996060452506322,
      "omega_peak": 8.374710299242069e-21
    },
    "coll": {
      "f_peak_mHz": NaN,
      "f_peak_Hz": NaN,
      "omega_peak": NaN
    },
    "total": {
      "f_peak_mHz": 17.520087879747475,
      "f_peak_Hz": 0.017520087879747476,
      "omega_peak": 1.1526200621100858e-16
    }
  },
  "gw_run_parameters": {
    "g_star": 106.75,
    "v_w": 1.0,
    "epsilon_turb": 1.0,
    "frequency_unit": "mHz"
  },
  "S3": 11137.889520508725,
  "S3_over_T": 140.03212759555896,
  "bounce_diagnostics": {
    "label": "results_eft68_c6f23p06465_c8f42_f1000_mh125_Glauber_off",
    "C": NaN,
    "Lambda_GeV": NaN,
    "finiteT": null,
    "temperature_GeV": NaN,
    "phi_metaMin": -4.166967044603893e-05,
    "phi_absMin": 226.637501844,
    "phi_bar": 116.32022427411827,
    "phi_top": 77.68573747340515,
    "V(phi_meta)": -102311662.29278675,
    "V(phi_true)": -116767138.60062632,
    "V(phi_top)": -101036637.92001861,
    "DeltaV_true_minus_meta": -14455476.307839572,
    "r0": 2.80870842722279e-06,
    "phi0": 220.71448637094804,
    "dphi0": -0.04571107747931378,
    "rscale_cubic": 0.028087084272227898,
    "rscale_curv": 0.026665561369653278,
    "wall_r_hi": 0.11744199546900902,
    "wall_thickness": 0.08080681327752914,
    "S_total": 11137.889520508725,
    "S_kin": 16702.298597431676,
    "S_pot": -5564.4090769229515,
    "S_interior": 0.0,
    "S3_over_T": NaN,
    "beta_rscale": 35.60355323136142,
    "beta_curvature": 37.501554225899845,
    "beta_wall": 12.375194113465692,
    "Tn_from_transitionFinder_GeV": 79.53810108975276,
    "Tc_from_transitionFinder_GeV": 93.25858700455163,
    "T_spinodal_high_GeV": NaN,
    "T_spinodal_low_GeV": NaN,
    "gw_T_star_GeV": 79.53810108975276,
    "gw_alpha": 0.024742802477592845,
    "gw_beta_over_H": 1154.9128687078346,
    "gw_R_star_times_H": NaN,
    "gw_Gamma_Tstar_GeV4": NaN,
    "gw_dT_for_beta_GeV": NaN,
    "gw_f_sw_peak_Hz": NaN,
    "gw_f_turb_peak_Hz": NaN,
    "gw_f_coll_peak_Hz": NaN,
    "gw_g_star": 106.75,
    "gw_v_w": 1.0,
    "omega_sw_peak": NaN,
    "omega_turb_peak": NaN,
    "omega_coll_peak": NaN,
    "omega_tot_peak": NaN
  }
}