{
  "label": "results_eft68_c6f20_c8f40_f792p165_mh125_Glauber_C6p37424_Lambda2000",
  "model_parameters": {
    "c6_over_f2_TeV2": 0.0,
    "c8_over_f4_TeV4": 0.0,
    "f_GeV": 792.1651044134326,
    "m_h": 125.0,
    "v": 246.0,
    "m_w": 80.36,
    "m_z": 91.19,
    "m_t": 173.1,
    "use_glauber_measure": true,
    "C_glauber": 6.374242424242425,
    "Lambda_glauber": 2000.0
  },
  "derived_tree_coefficients": {
    "glauber_scheme": "counterterm_subtracted",
    "lambda_tree": 0.12909808976138543,
    "mu2_tree_GeV2": 7812.5,
    "a0_mean_field": 0.3998252334093464,
    "glauber_t0": 0.09643591363636365,
    "glauber_lambda_shift": 0.0,
    "glauber_mu2_shift_after_lambda_GeV2": 0.0,
    "lambda_tree_raw_glauber_equivalent": -1.13150827212614,
    "mu2_tree_raw_glauber_equivalent_GeV2": 646301.4947260388,
    "combo_TeV2": 0.0
  },
  "scan_parameters": {
    "T_min": 1.0,
    "T_max": 250.0,
    "phi_scan_range": [
      -10.0,
      792.1651044134326
    ],
    "n_phi_scan": 1200,
    "n_T_seeds": 3,
    "deltaX_target": 0.1,
    "x_eps": 0.001,
    "T_eps": 0.01,
    "deriv_order": 4,
    "phitol": 0.0001,
    "overlapAngle": 45.0,
    "Tn_Ttol": 0.01,
    "Tn_maxiter": 160,
    "include_zeroT_loops": true,
    "include_scalar_loops": true,
    "include_thermal": true,
    "include_scalar_thermal": true,
    "include_daisy": false,
    "renormalize_zeroT_loops": true,
    "thermal_approx": "spline"
  },
  "key_temperatures": {
    "Tn": 77.909418586592,
    "Tc": 88.65940793606094,
    "Ts_false": 66.29723476562174,
    "Ts_true": 96.79302343749964,
    "S_at_Tn": 10903.900741734167,
    "S_over_Tn": 139.9561303312139,
    "false_phase_key": 1,
    "true_phase_key": 0,
    "phi_false_Tn": -0.0012578997542637184,
    "phi_true_Tn": 228.98481465274708,
    "vTn_over_Tn": 2.9391159478137183,
    "Tc_minus_Tn_over_Tc": 0.12125040759601716
  },
  "gw_scales": {
    "gw_T_star_GeV": 77.909418586592,
    "gw_alpha": 0.029455529866037507,
    "gw_beta_over_H": 2061.9147285336744,
    "gw_v_w": 1.0,
    "gw_g_star": 106.75
  },
  "gw_peaks": {
    "sw": {
      "f_peak_mHz": 30.932047889969677,
      "f_peak_Hz": 0.03093204788996968,
      "omega_peak": 5.892611239360578e-17
    },
    "turb": {
      "f_peak_mHz": 52.95861440854396,
      "f_peak_Hz": 0.05295861440854396,
      "omega_peak": 4.2813425992259245e-21
    },
    "coll": {
      "f_peak_mHz": NaN,
      "f_peak_Hz": NaN,
      "omega_peak": NaN
    },
    "total": {
      "f_peak_mHz": 30.932047889969677,
      "f_peak_Hz": 0.03093204788996968,
      "omega_peak": 5.892987619667263e-17
    }
  },
  "gw_run_parameters": {
    "g_star": 106.75,
    "v_w": 1.0,
    "epsilon_turb": 1.0,
    "frequency_unit": "mHz"
  },
  "S3": 10903.890011391173,
  "S3_over_T": 139.9559926027699,
  "bounce_diagnostics": {
    "label": "results_eft68_c6f20_c8f40_f792p165_mh125_Glauber_C6p37424_Lambda2000",
    "C": NaN,
    "Lambda_GeV": NaN,
    "finiteT": null,
    "temperature_GeV": NaN,
    "phi_metaMin": -0.0012578997542637184,
    "phi_absMin": 228.98481465274708,
    "phi_bar": 116.71483136498878,
    "phi_top": 78.90961643015522,
    "V(phi_meta)": -102234873.48395136,
    "V(phi_true)": -116219139.74627894,
    "V(phi_top)": -101311327.89802627,
    "DeltaV_true_minus_meta": -13984266.262327582,
    "r0": 3.35221651786937e-06,
    "phi0": 223.58444150356755,
    "dphi0": -0.05173344954532005,
    "rscale_cubic": 0.0335221651786937,
    "rscale_curv": 0.0320765157845215,
    "wall_r_hi": 0.1244424093871313,
    "wall_thickness": 0.08690130463845266,
    "S_total": 10903.890011391173,
    "S_kin": 16365.205922302564,
    "S_pot": -5461.315910911394,
    "S_interior": 0.0,
    "S3_over_T": NaN,
    "beta_rscale": 29.831008667530476,
    "beta_curvature": 31.175457682848023,
    "beta_wall": 11.507307101549697,
    "Tn_from_transitionFinder_GeV": 77.909418586592,
    "Tc_from_transitionFinder_GeV": 88.65940793606094,
    "T_spinodal_high_GeV": NaN,
    "T_spinodal_low_GeV": NaN,
    "gw_T_star_GeV": 77.909418586592,
    "gw_alpha": 0.029455529866037507,
    "gw_beta_over_H": 2061.9147285336744,
    "gw_R_star_times_H": NaN,
    "gw_Gamma_Tstar_GeV4": NaN,
    "gw_dT_for_beta_GeV": NaN,
    "gw_f_sw_peak_Hz": NaN,
    "gw_f_turb_peak_Hz": NaN,
    "gw_f_coll_peak_Hz": NaN,
    "gw_g_star": 106.75,
    "gw_v_w": 1.0,
    "omega_sw_peak": NaN,
    "omega_turb_peak": NaN,
    "omega_coll_peak": NaN,
    "omega_tot_peak": NaN
  }
}