{
  "label": "results_eft68_c6f20_c8f40_f523p489_mh125_Glauber_C3p64909_Lambda1000",
  "model_parameters": {
    "c6_over_f2_TeV2": 0.0,
    "c8_over_f4_TeV4": 0.0,
    "f_GeV": 523.4891183210003,
    "m_h": 125.0,
    "v": 246.0,
    "m_w": 80.36,
    "m_z": 91.19,
    "m_t": 173.1,
    "use_glauber_measure": true,
    "C_glauber": 3.6490909090909094,
    "Lambda_glauber": 1000.0
  },
  "scan_parameters": {
    "T_min": 1.0,
    "T_max": 250.0,
    "phi_scan_range": [
      -10.0,
      523.4891183210003
    ],
    "n_phi_scan": 1200,
    "n_T_seeds": 3,
    "deltaX_target": 0.1,
    "x_eps": 0.001,
    "T_eps": 0.01,
    "deriv_order": 4,
    "phitol": 1e-05,
    "overlapAngle": 45.0,
    "Tn_Ttol": 0.001,
    "Tn_maxiter": 160,
    "include_zeroT_loops": true,
    "include_scalar_loops": true,
    "include_thermal": true,
    "include_scalar_thermal": true,
    "include_daisy": true,
    "renormalize_zeroT_loops": true,
    "thermal_approx": "spline"
  },
  "key_temperatures": {
    "Tn": 76.45276232209251,
    "Tc": 87.39524366646313,
    "Ts_false": 66.33594648437187,
    "Ts_true": 95.61173242187468,
    "S_at_Tn": 10703.837867038173,
    "S_over_Tn": 140.00590092406762,
    "false_phase_key": 1,
    "true_phase_key": 0,
    "phi_false_Tn": -0.0003044876135049471,
    "phi_true_Tn": 230.62909026043178,
    "vTn_over_Tn": 3.016622071663028,
    "Tc_minus_Tn_over_Tc": 0.12520682917404194
  },
  "gw_scales": {
    "gw_T_star_GeV": 76.45276232209251,
    "gw_alpha": 0.030154049196605453,
    "gw_beta_over_H": 1780.7314035802713,
    "gw_v_w": 1.0,
    "gw_g_star": 106.75
  },
  "gw_peaks": {
    "sw": {
      "f_peak_mHz": 26.122466354447656,
      "f_peak_Hz": 0.026122466354447656,
      "omega_peak": 8.434035322823625e-17
    },
    "turb": {
      "f_peak_mHz": 44.72415237382179,
      "f_peak_Hz": 0.04472415237382179,
      "omega_peak": 6.12788295961708e-21
    },
    "coll": {
      "f_peak_mHz": NaN,
      "f_peak_Hz": NaN,
      "omega_peak": NaN
    },
    "total": {
      "f_peak_mHz": 26.122466354447656,
      "f_peak_Hz": 0.026122466354447656,
      "omega_peak": 8.434573110936828e-17
    }
  },
  "gw_run_parameters": {
    "g_star": 106.75,
    "v_w": 1.0,
    "epsilon_turb": 1.0,
    "frequency_unit": "mHz"
  },
  "S3": 10687.191062384813,
  "S3_over_T": 139.7881611832427,
  "bounce_diagnostics": {
    "label": "results_eft68_c6f20_c8f40_f523p489_mh125_Glauber_C3p64909_Lambda1000",
    "C": NaN,
    "Lambda_GeV": NaN,
    "finiteT": null,
    "temperature_GeV": NaN,
    "phi_metaMin": -0.0003044876135049471,
    "phi_absMin": 230.62909026043178,
    "phi_bar": 115.38020505622616,
    "phi_top": 78.25343677641676,
    "V(phi_meta)": -96305955.76418503,
    "V(phi_true)": -109951002.71304087,
    "V(phi_top)": -95537930.09388036,
    "DeltaV_true_minus_meta": -13645046.948855847,
    "r0": 3.6453700141567093e-06,
    "phi0": 224.83791855516924,
    "dphi0": -0.0600401285024829,
    "rscale_cubic": 0.03645370014156709,
    "rscale_curv": 0.03480783989328363,
    "wall_r_hi": 0.12814350655002177,
    "wall_thickness": 0.09143090735909579,
    "S_total": 10687.191062384813,
    "S_kin": 16023.673937245569,
    "S_pot": -5336.482874860753,
    "S_interior": 0.0,
    "S3_over_T": NaN,
    "beta_rscale": 27.432057544680607,
    "beta_curvature": 28.729165117669634,
    "beta_wall": 10.937220562325715,
    "Tn_from_transitionFinder_GeV": 76.45276232209251,
    "Tc_from_transitionFinder_GeV": 87.39524366646313,
    "T_spinodal_high_GeV": NaN,
    "T_spinodal_low_GeV": NaN,
    "gw_T_star_GeV": 76.45276232209251,
    "gw_alpha": 0.030154049196605453,
    "gw_beta_over_H": 1780.7314035802713,
    "gw_R_star_times_H": NaN,
    "gw_Gamma_Tstar_GeV4": NaN,
    "gw_dT_for_beta_GeV": NaN,
    "gw_f_sw_peak_Hz": NaN,
    "gw_f_turb_peak_Hz": NaN,
    "gw_f_coll_peak_Hz": NaN,
    "gw_g_star": 106.75,
    "gw_v_w": 1.0,
    "omega_sw_peak": NaN,
    "omega_turb_peak": NaN,
    "omega_coll_peak": NaN,
    "omega_tot_peak": NaN
  }
}