{
  "label": "results_eft68_c6f20_c8f40_f514p778_mh125_Glauber_C3p77364_Lambda1000",
  "model_parameters": {
    "c6_over_f2_TeV2": 0.0,
    "c8_over_f4_TeV4": 0.0,
    "f_GeV": 514.7779972113343,
    "m_h": 125.0,
    "v": 246.0,
    "m_w": 80.36,
    "m_z": 91.19,
    "m_t": 173.1,
    "use_glauber_measure": true,
    "C_glauber": 3.773636363636364,
    "Lambda_glauber": 1000.0
  },
  "derived_tree_coefficients": {
    "glauber_scheme": "counterterm_subtracted",
    "lambda_tree": 0.12909808976138543,
    "mu2_tree_GeV2": 7812.5,
    "a0_mean_field": 0.3998252334093464,
    "glauber_t0": 0.2283653781818182,
    "glauber_lambda_shift": 0.0,
    "glauber_mu2_shift_after_lambda_GeV2": 0.0,
    "lambda_tree_raw_glauber_equivalent": -0.47671262311321955,
    "mu2_tree_raw_glauber_equivalent_GeV2": 95027.66756136165,
    "combo_TeV2": 0.0
  },
  "scan_parameters": {
    "T_min": 1.0,
    "T_max": 250.0,
    "phi_scan_range": [
      -10.0,
      514.7779972113343
    ],
    "n_phi_scan": 1200,
    "n_T_seeds": 3,
    "deltaX_target": 0.1,
    "x_eps": 0.001,
    "T_eps": 0.01,
    "deriv_order": 4,
    "phitol": 0.0001,
    "overlapAngle": 45.0,
    "Tn_Ttol": 0.01,
    "Tn_maxiter": 160,
    "include_zeroT_loops": true,
    "include_scalar_loops": true,
    "include_thermal": true,
    "include_scalar_thermal": true,
    "include_daisy": true,
    "renormalize_zeroT_loops": true,
    "thermal_approx": "spline"
  },
  "key_temperatures": {
    "Tn": 58.89858851671178,
    "Tc": 79.24544158590093,
    "Ts_false": 42.49482871093253,
    "Ts_true": 91.85582031249974,
    "S_at_Tn": 8254.179179961657,
    "S_over_Tn": 140.14222391118304,
    "false_phase_key": 1,
    "true_phase_key": 0,
    "phi_false_Tn": -0.0003418029993860809,
    "phi_true_Tn": 240.3329969022477,
    "vTn_over_Tn": 4.0804542681707225,
    "Tc_minus_Tn_over_Tc": 0.2567573940153195
  },
  "gw_scales": {
    "gw_T_star_GeV": 58.89858851671178,
    "gw_alpha": 0.07926790672834394,
    "gw_beta_over_H": 550.2426294368731,
    "gw_v_w": 1.0,
    "gw_g_star": 106.75
  },
  "gw_peaks": {
    "sw": {
      "f_peak_mHz": 6.258886570127066,
      "f_peak_Hz": 0.006258886570127066,
      "omega_peak": 1.2080310352734686e-14
    },
    "turb": {
      "f_peak_mHz": 10.55243763123881,
      "f_peak_Hz": 0.01055243763123881,
      "omega_peak": 8.777462196099386e-19
    },
    "coll": {
      "f_peak_mHz": NaN,
      "f_peak_Hz": NaN,
      "omega_peak": NaN
    },
    "total": {
      "f_peak_mHz": 6.258886570127066,
      "f_peak_Hz": 0.006258886570127066,
      "omega_peak": 1.208108309803461e-14
    }
  },
  "gw_run_parameters": {
    "g_star": 106.75,
    "v_w": 1.0,
    "epsilon_turb": 1.0,
    "frequency_unit": "mHz"
  },
  "S3": 8253.816922526285,
  "S3_over_T": 140.13607338288526,
  "bounce_diagnostics": {
    "label": "results_eft68_c6f20_c8f40_f514p778_mh125_Glauber_C3p77364_Lambda1000",
    "C": NaN,
    "Lambda_GeV": NaN,
    "finiteT": null,
    "temperature_GeV": NaN,
    "phi_metaMin": -0.0003418029993860809,
    "phi_absMin": 240.3329969022477,
    "phi_bar": 111.56911572231785,
    "phi_top": 77.25737420766487,
    "V(phi_meta)": -35575220.327928804,
    "V(phi_true)": -56747932.60306163,
    "V(phi_top)": -34752825.43627178,
    "DeltaV_true_minus_meta": -21172712.275132827,
    "r0": 3.4779716501945676e-06,
    "phi0": 230.23077912889616,
    "dphi0": -0.12725677323984552,
    "rscale_cubic": 0.034779716501945675,
    "rscale_curv": 0.03171643729794349,
    "wall_r_hi": 0.10835669501606598,
    "wall_thickness": 0.0838016820458261,
    "S_total": 8253.816922526285,
    "S_kin": 12369.342188630517,
    "S_pot": -4115.525266104232,
    "S_interior": 0.0,
    "S3_over_T": NaN,
    "beta_rscale": 28.75239077765505,
    "beta_curvature": 31.529392236518717,
    "beta_wall": 11.932934704737313,
    "Tn_from_transitionFinder_GeV": 58.89858851671178,
    "Tc_from_transitionFinder_GeV": 79.24544158590093,
    "T_spinodal_high_GeV": NaN,
    "T_spinodal_low_GeV": NaN,
    "gw_T_star_GeV": 58.89858851671178,
    "gw_alpha": 0.07926790672834394,
    "gw_beta_over_H": 550.2426294368731,
    "gw_R_star_times_H": NaN,
    "gw_Gamma_Tstar_GeV4": NaN,
    "gw_dT_for_beta_GeV": NaN,
    "gw_f_sw_peak_Hz": NaN,
    "gw_f_turb_peak_Hz": NaN,
    "gw_f_coll_peak_Hz": NaN,
    "gw_g_star": 106.75,
    "gw_v_w": 1.0,
    "omega_sw_peak": NaN,
    "omega_turb_peak": NaN,
    "omega_coll_peak": NaN,
    "omega_tot_peak": NaN
  }
}