{
  "label": "results_eft68_c6f23p2101_c8f42_f1000_mh125_Glauber_off",
  "model_parameters": {
    "c6_over_f2_TeV2": 3.21010101010101,
    "c8_over_f4_TeV4": 2.0,
    "f_GeV": 1000.0,
    "m_h": 125.0,
    "v": 246.0,
    "m_w": 80.36,
    "m_z": 91.19,
    "m_t": 173.1,
    "use_glauber_measure": false,
    "C_glauber": 0.0,
    "Lambda_glauber": 1000.0
  },
  "derived_tree_coefficients": {
    "glauber_scheme": "counterterm_subtracted",
    "lambda_tree": -0.1732821780975237,
    "mu2_tree_GeV2": -1447.7325766089207,
    "a0_mean_field": 0.24863509947989185,
    "glauber_t0": 0.0,
    "glauber_lambda_shift": 0.0,
    "glauber_mu2_shift_after_lambda_GeV2": 0.0,
    "lambda_tree_raw_glauber_equivalent": -0.1732821780975237,
    "mu2_tree_raw_glauber_equivalent_GeV2": -1447.7325766089207,
    "combo_TeV2": 6.78329802020202
  },
  "scan_parameters": {
    "T_min": 1.0,
    "T_max": 250.0,
    "phi_scan_range": [
      -10,
      1000.0
    ],
    "n_phi_scan": 1200,
    "n_T_seeds": 3,
    "deltaX_target": 0.1,
    "x_eps": 0.001,
    "T_eps": 0.01,
    "deriv_order": 4,
    "phitol": 0.0001,
    "overlapAngle": 45.0,
    "Tn_Ttol": 0.01,
    "Tn_maxiter": 160,
    "include_zeroT_loops": true,
    "include_scalar_loops": true,
    "include_thermal": true,
    "include_scalar_thermal": true,
    "include_daisy": true,
    "renormalize_zeroT_loops": true,
    "thermal_approx": "spline"
  },
  "key_temperatures": {
    "Tn": 74.11752787533621,
    "Tc": 91.88017145936966,
    "Ts_false": 39.80319707030688,
    "Ts_true": 94.90655664062467,
    "S_at_Tn": 10369.793785854057,
    "S_over_Tn": 139.91014113821748,
    "false_phase_key": 2,
    "true_phase_key": 0,
    "phi_false_Tn": -4.797382308164617e-05,
    "phi_true_Tn": 231.88971179682343,
    "vTn_over_Tn": 3.128675745727192,
    "Tc_minus_Tn_over_Tc": 0.19332401433195273
  },
  "gw_scales": {
    "gw_T_star_GeV": 74.11752787533621,
    "gw_alpha": 0.03264050294319473,
    "gw_beta_over_H": 885.4347491343688,
    "gw_v_w": 1.0,
    "gw_g_star": 106.75
  },
  "gw_peaks": {
    "sw": {
      "f_peak_mHz": 12.688769735470949,
      "f_peak_Hz": 0.012688769735470949,
      "omega_peak": 4.2519765426129405e-16
    },
    "turb": {
      "f_peak_mHz": 21.393174289143477,
      "f_peak_Hz": 0.021393174289143477,
      "omega_peak": 3.0895454388250777e-20
    },
    "coll": {
      "f_peak_mHz": NaN,
      "f_peak_Hz": NaN,
      "omega_peak": NaN
    },
    "total": {
      "f_peak_mHz": 12.688769735470949,
      "f_peak_Hz": 0.012688769735470949,
      "omega_peak": 4.2522486883751233e-16
    }
  },
  "gw_run_parameters": {
    "g_star": 106.75,
    "v_w": 1.0,
    "epsilon_turb": 1.0,
    "frequency_unit": "mHz"
  },
  "S3": 10370.03342395199,
  "S3_over_T": 139.91337435584904,
  "bounce_diagnostics": {
    "label": "results_eft68_c6f23p2101_c8f42_f1000_mh125_Glauber_off",
    "C": NaN,
    "Lambda_GeV": NaN,
    "finiteT": null,
    "temperature_GeV": NaN,
    "phi_metaMin": -4.797382308164617e-05,
    "phi_absMin": 231.88971179682343,
    "phi_bar": 117.55530693526643,
    "phi_top": 79.71910104616555,
    "V(phi_meta)": -77964485.0536404,
    "V(phi_true)": -95586777.95756678,
    "V(phi_top)": -76536135.27253847,
    "DeltaV_true_minus_meta": -17622292.903926387,
    "r0": 2.7231385771059557e-06,
    "phi0": 225.25653102659166,
    "dphi0": -0.05719343107747689,
    "rscale_cubic": 0.027231385771059557,
    "rscale_curv": 0.026003684317207183,
    "wall_r_hi": 0.10919067930943535,
    "wall_thickness": 0.0765041478017589,
    "S_total": 10370.03342395199,
    "S_kin": 15571.42355061843,
    "S_pot": -5201.390126666442,
    "S_interior": 0.0,
    "S3_over_T": NaN,
    "beta_rscale": 36.72233240009256,
    "beta_curvature": 38.45609029287918,
    "beta_wall": 13.07118670991861,
    "Tn_from_transitionFinder_GeV": 74.11752787533621,
    "Tc_from_transitionFinder_GeV": 91.88017145936966,
    "T_spinodal_high_GeV": NaN,
    "T_spinodal_low_GeV": NaN,
    "gw_T_star_GeV": 74.11752787533621,
    "gw_alpha": 0.03264050294319473,
    "gw_beta_over_H": 885.4347491343688,
    "gw_R_star_times_H": NaN,
    "gw_Gamma_Tstar_GeV4": NaN,
    "gw_dT_for_beta_GeV": NaN,
    "gw_f_sw_peak_Hz": NaN,
    "gw_f_turb_peak_Hz": NaN,
    "gw_f_coll_peak_Hz": NaN,
    "gw_g_star": 106.75,
    "gw_v_w": 1.0,
    "omega_sw_peak": NaN,
    "omega_turb_peak": NaN,
    "omega_coll_peak": NaN,
    "omega_tot_peak": NaN
  }
}