{
  "label": "results_eft68_c6f20_c8f40_f513p481_mh125_Glauber_C3p79273_Lambda1000",
  "model_parameters": {
    "c6_over_f2_TeV2": 0.0,
    "c8_over_f4_TeV4": 0.0,
    "f_GeV": 513.4807805406738,
    "m_h": 125.0,
    "v": 246.0,
    "m_w": 80.36,
    "m_z": 91.19,
    "m_t": 173.1,
    "use_glauber_measure": true,
    "C_glauber": 3.792727272727273,
    "Lambda_glauber": 1000.0
  },
  "derived_tree_coefficients": {
    "glauber_scheme": "counterterm_subtracted",
    "lambda_tree": 0.12909808976138543,
    "mu2_tree_GeV2": 7812.5,
    "a0_mean_field": 0.3998252334093464,
    "glauber_t0": 0.22952068363636366,
    "glauber_lambda_shift": 0.0,
    "glauber_mu2_shift_after_lambda_GeV2": 0.0,
    "lambda_tree_raw_glauber_equivalent": -0.48469433395475653,
    "mu2_tree_raw_glauber_equivalent_GeV2": 95358.02764693847,
    "combo_TeV2": 0.0
  },
  "scan_parameters": {
    "T_min": 1.0,
    "T_max": 250.0,
    "phi_scan_range": [
      -10.0,
      513.4807805406738
    ],
    "n_phi_scan": 1200,
    "n_T_seeds": 3,
    "deltaX_target": 0.1,
    "x_eps": 0.001,
    "T_eps": 0.01,
    "deriv_order": 4,
    "phitol": 0.0001,
    "overlapAngle": 45.0,
    "Tn_Ttol": 0.01,
    "Tn_maxiter": 160,
    "include_zeroT_loops": true,
    "include_scalar_loops": true,
    "include_thermal": true,
    "include_scalar_thermal": true,
    "include_daisy": false,
    "renormalize_zeroT_loops": true,
    "thermal_approx": "spline"
  },
  "key_temperatures": {
    "Tn": 53.9393907931566,
    "Tc": 76.83105948909315,
    "Ts_false": 35.58940703124457,
    "Ts_true": 90.14540429687477,
    "S_at_Tn": 7550.94341699232,
    "S_over_Tn": 139.9894085928446,
    "false_phase_key": 1,
    "true_phase_key": 0,
    "phi_false_Tn": -0.0003728359930098769,
    "phi_true_Tn": 241.68534075172147,
    "vTn_over_Tn": 4.4806835449536555,
    "Tc_minus_Tn_over_Tc": 0.2979481065100531
  },
  "gw_scales": {
    "gw_T_star_GeV": 53.9393907931566,
    "gw_alpha": 0.11101354181886762,
    "gw_beta_over_H": 441.418344033328,
    "gw_v_w": 1.0,
    "gw_g_star": 106.75
  },
  "gw_peaks": {
    "sw": {
      "f_peak_mHz": 4.603122618001695,
      "f_peak_Hz": 0.004603122618001695,
      "omega_peak": 4.450585877521216e-14
    },
    "turb": {
      "f_peak_mHz": 7.760831545860945,
      "f_peak_Hz": 0.007760831545860945,
      "omega_peak": 3.233848511280026e-18
    },
    "coll": {
      "f_peak_mHz": NaN,
      "f_peak_Hz": NaN,
      "omega_peak": NaN
    },
    "total": {
      "f_peak_mHz": 4.603122618001695,
      "f_peak_Hz": 0.004603122618001695,
      "omega_peak": 4.450870720053256e-14
    }
  },
  "gw_run_parameters": {
    "g_star": 106.75,
    "v_w": 1.0,
    "epsilon_turb": 1.0,
    "frequency_unit": "mHz"
  },
  "S3": 7550.919726377961,
  "S3_over_T": 139.9889693848,
  "bounce_diagnostics": {
    "label": "results_eft68_c6f20_c8f40_f513p481_mh125_Glauber_C3p79273_Lambda1000",
    "C": NaN,
    "Lambda_GeV": NaN,
    "finiteT": null,
    "temperature_GeV": NaN,
    "phi_metaMin": -0.0003728359930098769,
    "phi_absMin": 241.68534075172147,
    "phi_bar": 108.27119189830822,
    "phi_top": 75.1066722111641,
    "V(phi_meta)": -25276532.442581076,
    "V(phi_true)": -48130353.84020616,
    "V(phi_top)": -24518220.55982464,
    "DeltaV_true_minus_meta": -22853821.397625085,
    "r0": 3.5211223816753942e-06,
    "phi0": 229.26302549150682,
    "dphi0": -0.15932872518244937,
    "rscale_cubic": 0.03521122381675394,
    "rscale_curv": 0.031838676702538045,
    "wall_r_hi": 0.1053103094031009,
    "wall_thickness": 0.08432450902501056,
    "S_total": 7550.919726377961,
    "S_kin": 11311.46204494943,
    "S_pot": -3760.542318571469,
    "S_interior": 0.0,
    "S3_over_T": NaN,
    "beta_rscale": 28.400035318402864,
    "beta_curvature": 31.408342114495927,
    "beta_wall": 11.858948383599852,
    "Tn_from_transitionFinder_GeV": 53.9393907931566,
    "Tc_from_transitionFinder_GeV": 76.83105948909315,
    "T_spinodal_high_GeV": NaN,
    "T_spinodal_low_GeV": NaN,
    "gw_T_star_GeV": 53.9393907931566,
    "gw_alpha": 0.11101354181886762,
    "gw_beta_over_H": 441.418344033328,
    "gw_R_star_times_H": NaN,
    "gw_Gamma_Tstar_GeV4": NaN,
    "gw_dT_for_beta_GeV": NaN,
    "gw_f_sw_peak_Hz": NaN,
    "gw_f_turb_peak_Hz": NaN,
    "gw_f_coll_peak_Hz": NaN,
    "gw_g_star": 106.75,
    "gw_v_w": 1.0,
    "omega_sw_peak": NaN,
    "omega_turb_peak": NaN,
    "omega_coll_peak": NaN,
    "omega_tot_peak": NaN
  }
}