{
  "label": "results_eft68_c6f23p36768_c8f42_f1000_mh125_Glauber_off",
  "model_parameters": {
    "c6_over_f2_TeV2": 3.367676767676768,
    "c8_over_f4_TeV4": 2.0,
    "f_GeV": 1000.0,
    "m_h": 125.0,
    "v": 246.0,
    "m_w": 80.36,
    "m_z": 91.19,
    "m_t": 173.1,
    "use_glauber_measure": false,
    "C_glauber": 0.0,
    "Lambda_glauber": 1000.0
  },
  "derived_tree_coefficients": {
    "glauber_scheme": "counterterm_subtracted",
    "lambda_tree": -0.18758595991570545,
    "mu2_tree_GeV2": -1880.5364068634635,
    "a0_mean_field": 0.24148320857080097,
    "glauber_t0": 0.0,
    "glauber_lambda_shift": 0.0,
    "glauber_mu2_shift_after_lambda_GeV2": 0.0,
    "lambda_tree_raw_glauber_equivalent": -0.18758595991570545,
    "mu2_tree_raw_glauber_equivalent_GeV2": -1880.5364068634635,
    "combo_TeV2": 7.098449535353535
  },
  "scan_parameters": {
    "T_min": 1.0,
    "T_max": 250.0,
    "phi_scan_range": [
      -10,
      1000.0
    ],
    "n_phi_scan": 1200,
    "n_T_seeds": 3,
    "deltaX_target": 0.1,
    "x_eps": 0.001,
    "T_eps": 0.01,
    "deriv_order": 4,
    "phitol": 0.0001,
    "overlapAngle": 45.0,
    "Tn_Ttol": 0.01,
    "Tn_maxiter": 160,
    "include_zeroT_loops": true,
    "include_scalar_loops": true,
    "include_thermal": true,
    "include_scalar_thermal": true,
    "include_daisy": false,
    "renormalize_zeroT_loops": true,
    "thermal_approx": "spline"
  },
  "key_temperatures": {
    "Tn": 61.84598122959107,
    "Tc": 86.97582083756157,
    "Ts_false": 10.869640234369566,
    "Ts_true": 92.29691992187472,
    "S_at_Tn": 8657.570240864678,
    "S_over_Tn": 139.9859791814952,
    "false_phase_key": 2,
    "true_phase_key": 0,
    "phi_false_Tn": -4.7587388322983825e-05,
    "phi_true_Tn": 238.4931754357161,
    "vTn_over_Tn": 3.8562436991719315,
    "Tc_minus_Tn_over_Tc": 0.28892903068892767
  },
  "gw_scales": {
    "gw_T_star_GeV": 61.84598122959107,
    "gw_alpha": 0.06770835484848946,
    "gw_beta_over_H": 345.9122286864111,
    "gw_v_w": 1.0,
    "gw_g_star": 106.75
  },
  "gw_peaks": {
    "sw": {
      "f_peak_mHz": 4.133776155209441,
      "f_peak_Hz": 0.004133776155209441,
      "omega_peak": 2.020427771019385e-14
    },
    "turb": {
      "f_peak_mHz": 6.969516793537952,
      "f_peak_Hz": 0.006969516793537953,
      "omega_peak": 1.4680468446793533e-18
    },
    "coll": {
      "f_peak_mHz": NaN,
      "f_peak_Hz": NaN,
      "omega_peak": NaN
    },
    "total": {
      "f_peak_mHz": 4.133776155209441,
      "f_peak_Hz": 0.004133776155209441,
      "omega_peak": 2.020557046864781e-14
    }
  },
  "gw_run_parameters": {
    "g_star": 106.75,
    "v_w": 1.0,
    "epsilon_turb": 1.0,
    "frequency_unit": "mHz"
  },
  "S3": 8657.567648191483,
  "S3_over_T": 139.98593726004543,
  "bounce_diagnostics": {
    "label": "results_eft68_c6f23p36768_c8f42_f1000_mh125_Glauber_off",
    "C": NaN,
    "Lambda_GeV": NaN,
    "finiteT": null,
    "temperature_GeV": NaN,
    "phi_metaMin": -4.7587388322983825e-05,
    "phi_absMin": 238.4931754357161,
    "phi_bar": 115.21697055125156,
    "phi_top": 78.45471421879253,
    "V(phi_meta)": -37013175.23100331,
    "V(phi_true)": -60269682.49299832,
    "V(phi_top)": -35564960.89241002,
    "DeltaV_true_minus_meta": -23256507.26199501,
    "r0": 2.661504847291527e-06,
    "phi0": 228.83100559202933,
    "dphi0": -0.09418096335734666,
    "rscale_cubic": 0.026615048472915268,
    "rscale_curv": 0.02573049697914497,
    "wall_r_hi": 0.09804502558410165,
    "wall_thickness": 0.07307840656238104,
    "S_total": 8657.567648191483,
    "S_kin": 12989.274628851656,
    "S_pot": -4331.706980660169,
    "S_interior": 0.0,
    "S3_over_T": NaN,
    "beta_rscale": 37.57272886493696,
    "beta_curvature": 38.8643864598835,
    "beta_wall": 13.68393273800219,
    "Tn_from_transitionFinder_GeV": 61.84598122959107,
    "Tc_from_transitionFinder_GeV": 86.97582083756157,
    "T_spinodal_high_GeV": NaN,
    "T_spinodal_low_GeV": NaN,
    "gw_T_star_GeV": 61.84598122959107,
    "gw_alpha": 0.06770835484848946,
    "gw_beta_over_H": 345.9122286864111,
    "gw_R_star_times_H": NaN,
    "gw_Gamma_Tstar_GeV4": NaN,
    "gw_dT_for_beta_GeV": NaN,
    "gw_f_sw_peak_Hz": NaN,
    "gw_f_turb_peak_Hz": NaN,
    "gw_f_coll_peak_Hz": NaN,
    "gw_g_star": 106.75,
    "gw_v_w": 1.0,
    "omega_sw_peak": NaN,
    "omega_turb_peak": NaN,
    "omega_coll_peak": NaN,
    "omega_tot_peak": NaN
  }
}