{
  "label": "results_eft68_c6f21p175_c8f40_f1000_mh125_Glauber_C3p2_Lambda1000",
  "model_parameters": {
    "c6_over_f2_TeV2": 1.175,
    "c8_over_f4_TeV4": 0.0,
    "f_GeV": 1000.0,
    "m_h": 125.0,
    "v": 246.0,
    "m_w": 80.36,
    "m_z": 91.19,
    "m_t": 173.1,
    "use_glauber_measure": true,
    "C_glauber": 3.2,
    "Lambda_glauber": 1000.0
  },
  "derived_tree_coefficients": {
    "glauber_scheme": "counterterm_subtracted",
    "lambda_tree": 0.022438639761385423,
    "mu2_tree_GeV2": 4585.1983619,
    "a0_mean_field": 0.3464955084093464,
    "glauber_t0": 0.19365120000000002,
    "glauber_lambda_shift": 0.0,
    "glauber_mu2_shift_after_lambda_GeV2": 0.0,
    "lambda_tree_raw_glauber_equivalent": -0.37648918781578306,
    "mu2_tree_raw_glauber_equivalent_GeV2": 80967.11165244528,
    "combo_TeV2": 2.35
  },
  "scan_parameters": {
    "T_min": 1.0,
    "T_max": 250.0,
    "phi_scan_range": [
      -10.0,
      559.0169943749474
    ],
    "n_phi_scan": 1200,
    "n_T_seeds": 3,
    "deltaX_target": 0.1,
    "x_eps": 0.001,
    "T_eps": 0.01,
    "deriv_order": 4,
    "phitol": 0.0001,
    "overlapAngle": 45.0,
    "Tn_Ttol": 0.01,
    "Tn_maxiter": 160,
    "include_zeroT_loops": true,
    "include_scalar_loops": true,
    "include_thermal": true,
    "include_scalar_thermal": true,
    "include_daisy": false,
    "renormalize_zeroT_loops": true,
    "thermal_approx": "spline"
  },
  "key_temperatures": {
    "Tn": 76.6187953079913,
    "Tc": 88.54729504246914,
    "Ts_false": 62.53801562499644,
    "Ts_true": 96.45599804687467,
    "S_at_Tn": 10726.384369377072,
    "S_over_Tn": 139.9967765906431,
    "false_phase_key": 1,
    "true_phase_key": 0,
    "phi_false_Tn": -0.00026896451051555107,
    "phi_true_Tn": 229.7064288999482,
    "vTn_over_Tn": 2.998042816734159,
    "Tc_minus_Tn_over_Tc": 0.13471331596020725
  },
  "gw_scales": {
    "gw_T_star_GeV": 76.6187953079913,
    "gw_alpha": 0.029821559992294876,
    "gw_beta_over_H": 1401.956073816938,
    "gw_v_w": 1.0,
    "gw_g_star": 106.75
  },
  "gw_peaks": {
    "sw": {
      "f_peak_mHz": 20.74582813044975,
      "f_peak_Hz": 0.02074582813044975,
      "omega_peak": 1.3192296638602757e-16
    },
    "turb": {
      "f_peak_mHz": 34.97731665242908,
      "f_peak_Hz": 0.034977316652429084,
      "omega_peak": 9.585435516616074e-21
    },
    "coll": {
      "f_peak_mHz": NaN,
      "f_peak_Hz": NaN,
      "omega_peak": NaN
    },
    "total": {
      "f_peak_mHz": 20.74582813044975,
      "f_peak_Hz": 0.02074582813044975,
      "omega_peak": 1.3193140537142705e-16
    }
  },
  "gw_run_parameters": {
    "g_star": 106.75,
    "v_w": 1.0,
    "epsilon_turb": 1.0,
    "frequency_unit": "mHz"
  },
  "S3": 10726.431573950875,
  "S3_over_T": 139.99739268717153,
  "bounce_diagnostics": {
    "label": "results_eft68_c6f21p175_c8f40_f1000_mh125_Glauber_C3p2_Lambda1000",
    "C": NaN,
    "Lambda_GeV": NaN,
    "finiteT": null,
    "temperature_GeV": NaN,
    "phi_metaMin": -0.00026896451051555107,
    "phi_absMin": 229.7064288999482,
    "phi_bar": 115.62628230085357,
    "phi_top": 78.36871577544173,
    "V(phi_meta)": -93088530.35299808,
    "V(phi_true)": -107407170.73643231,
    "V(phi_top)": -92141889.91179712,
    "DeltaV_true_minus_meta": -14318640.383434236,
    "r0": 3.2883351017382694e-06,
    "phi0": 223.92364851643984,
    "dphi0": -0.055121277697347225,
    "rscale_cubic": 0.03288335101738269,
    "rscale_curv": 0.031314137922274596,
    "wall_r_hi": 0.12274077474163364,
    "wall_thickness": 0.08647180869407331,
    "S_total": 10726.431573950875,
    "S_kin": 16071.806707822261,
    "S_pot": -5345.375133871385,
    "S_interior": 0.0,
    "S3_over_T": NaN,
    "beta_rscale": 30.41052596711884,
    "beta_curvature": 31.93445627357178,
    "beta_wall": 11.564462627789801,
    "Tn_from_transitionFinder_GeV": 76.6187953079913,
    "Tc_from_transitionFinder_GeV": 88.54729504246914,
    "T_spinodal_high_GeV": NaN,
    "T_spinodal_low_GeV": NaN,
    "gw_T_star_GeV": 76.6187953079913,
    "gw_alpha": 0.029821559992294876,
    "gw_beta_over_H": 1401.956073816938,
    "gw_R_star_times_H": NaN,
    "gw_Gamma_Tstar_GeV4": NaN,
    "gw_dT_for_beta_GeV": NaN,
    "gw_f_sw_peak_Hz": NaN,
    "gw_f_turb_peak_Hz": NaN,
    "gw_f_coll_peak_Hz": NaN,
    "gw_g_star": 106.75,
    "gw_v_w": 1.0,
    "omega_sw_peak": NaN,
    "omega_turb_peak": NaN,
    "omega_coll_peak": NaN,
    "omega_tot_peak": NaN
  }
}