{
  "label": "results_eft68_c6f22p87273_c8f45_f1000_mh125_Glauber_off",
  "model_parameters": {
    "c6_over_f2_TeV2": 2.8727272727272726,
    "c8_over_f4_TeV4": 5.0,
    "f_GeV": 1000.0,
    "m_h": 125.0,
    "v": 246.0,
    "m_w": 80.36,
    "m_z": 91.19,
    "m_t": 173.1,
    "use_glauber_measure": false,
    "C_glauber": 0.0,
    "Lambda_glauber": 1000.0
  },
  "derived_tree_coefficients": {
    "glauber_scheme": "counterterm_subtracted",
    "lambda_tree": -0.15913725261316,
    "mu2_tree_GeV2": -1185.9510689041153,
    "a0_mean_field": 0.2557075622220737,
    "glauber_t0": 0.0,
    "glauber_lambda_shift": 0.0,
    "glauber_mu2_shift_after_lambda_GeV2": 0.0,
    "lambda_tree_raw_glauber_equivalent": -0.15913725261316,
    "mu2_tree_raw_glauber_equivalent_GeV2": -1185.9510689041153,
    "combo_TeV2": 6.653194545454545
  },
  "scan_parameters": {
    "T_min": 1.0,
    "T_max": 250.0,
    "phi_scan_range": [
      -10,
      1000.0
    ],
    "n_phi_scan": 1200,
    "n_T_seeds": 3,
    "deltaX_target": 0.1,
    "x_eps": 0.001,
    "T_eps": 0.01,
    "deriv_order": 4,
    "phitol": 0.0001,
    "overlapAngle": 45.0,
    "Tn_Ttol": 0.01,
    "Tn_maxiter": 160,
    "include_zeroT_loops": true,
    "include_scalar_loops": true,
    "include_thermal": true,
    "include_scalar_thermal": true,
    "include_daisy": true,
    "renormalize_zeroT_loops": true,
    "thermal_approx": "spline"
  },
  "key_temperatures": {
    "Tn": 79.12156187722235,
    "Tc": 93.7190559313316,
    "Ts_false": 51.86034121093298,
    "Ts_true": 95.39580273437467,
    "S_at_Tn": 11075.392457101396,
    "S_over_Tn": 139.97944674408404,
    "false_phase_key": 2,
    "true_phase_key": 0,
    "phi_false_Tn": -2.903235218515521e-05,
    "phi_true_Tn": 227.7603865146884,
    "vTn_over_Tn": 2.8786133780841916,
    "Tc_minus_Tn_over_Tc": 0.1557580143018609
  },
  "gw_scales": {
    "gw_T_star_GeV": 79.12156187722235,
    "gw_alpha": 0.024860815803406173,
    "gw_beta_over_H": 1154.503958902036,
    "gw_v_w": 1.0,
    "gw_g_star": 106.75
  },
  "gw_peaks": {
    "sw": {
      "f_peak_mHz": 17.520087879747475,
      "f_peak_Hz": 0.017520087879747476,
      "omega_peak": 1.1689894019832656e-16
    },
    "turb": {
      "f_peak_mHz": 29.99606045250632,
      "f_peak_Hz": 0.029996060452506322,
      "omega_peak": 8.493502516079563e-21
    },
    "coll": {
      "f_peak_mHz": NaN,
      "f_peak_Hz": NaN,
      "omega_peak": NaN
    },
    "total": {
      "f_peak_mHz": 17.520087879747475,
      "f_peak_Hz": 0.017520087879747476,
      "omega_peak": 1.1690639268465377e-16
    }
  },
  "gw_run_parameters": {
    "g_star": 106.75,
    "v_w": 1.0,
    "epsilon_turb": 1.0,
    "frequency_unit": "mHz"
  },
  "S3": 11075.396708669909,
  "S3_over_T": 139.9795004787224,
  "bounce_diagnostics": {
    "label": "results_eft68_c6f22p87273_c8f45_f1000_mh125_Glauber_off",
    "C": NaN,
    "Lambda_GeV": NaN,
    "finiteT": null,
    "temperature_GeV": NaN,
    "phi_metaMin": -2.903235218515521e-05,
    "phi_absMin": 227.7603865146884,
    "phi_bar": 116.8993388386055,
    "phi_top": 78.60084571276411,
    "V(phi_meta)": -101527361.19910783,
    "V(phi_true)": -116368642.60640116,
    "V(phi_top)": -100238700.83919166,
    "DeltaV_true_minus_meta": -14841281.407293335,
    "r0": 2.8267182273892346e-06,
    "phi0": 221.80845819690654,
    "dphi0": -0.04737615726077633,
    "rscale_cubic": 0.028267182273892345,
    "rscale_curv": 0.026927735544345893,
    "wall_r_hi": 0.11674840620775676,
    "wall_thickness": 0.08053989530742957,
    "S_total": 11075.396708669909,
    "S_kin": 16615.925030148304,
    "S_pot": -5540.528321478393,
    "S_interior": 0.0,
    "S3_over_T": NaN,
    "beta_rscale": 35.37671319024971,
    "beta_curvature": 37.1364340638082,
    "beta_wall": 12.416206852304574,
    "Tn_from_transitionFinder_GeV": 79.12156187722235,
    "Tc_from_transitionFinder_GeV": 93.7190559313316,
    "T_spinodal_high_GeV": NaN,
    "T_spinodal_low_GeV": NaN,
    "gw_T_star_GeV": 79.12156187722235,
    "gw_alpha": 0.024860815803406173,
    "gw_beta_over_H": 1154.503958902036,
    "gw_R_star_times_H": NaN,
    "gw_Gamma_Tstar_GeV4": NaN,
    "gw_dT_for_beta_GeV": NaN,
    "gw_f_sw_peak_Hz": NaN,
    "gw_f_turb_peak_Hz": NaN,
    "gw_f_coll_peak_Hz": NaN,
    "gw_g_star": 106.75,
    "gw_v_w": 1.0,
    "omega_sw_peak": NaN,
    "omega_turb_peak": NaN,
    "omega_coll_peak": NaN,
    "omega_tot_peak": NaN
  }
}