{
  "label": "results_eft68_c6f20_c8f40_f754p404_mh125_Glauber_C6p75_Lambda2000",
  "model_parameters": {
    "c6_over_f2_TeV2": 0.0,
    "c8_over_f4_TeV4": 0.0,
    "f_GeV": 754.404351741111,
    "m_h": 125.0,
    "v": 246.0,
    "m_w": 80.36,
    "m_z": 91.19,
    "m_t": 173.1,
    "use_glauber_measure": true,
    "C_glauber": 6.75,
    "Lambda_glauber": 2000.0
  },
  "scan_parameters": {
    "T_min": 1.0,
    "T_max": 250.0,
    "phi_scan_range": [
      -10,
      754.404351741111
    ],
    "n_phi_scan": 1400,
    "n_T_seeds": 3,
    "deltaX_target": 0.1,
    "x_eps": 0.001,
    "T_eps": 0.01,
    "deriv_order": 4,
    "phitol": 1e-05,
    "overlapAngle": 45.0,
    "Tn_Ttol": 0.001,
    "Tn_maxiter": 200,
    "include_zeroT_loops": true,
    "include_scalar_loops": true,
    "include_thermal": true,
    "include_scalar_thermal": true,
    "include_daisy": true,
    "renormalize_zeroT_loops": true,
    "thermal_approx": "spline"
  },
  "key_temperatures": {
    "Tn": 48.691345630794146,
    "Tc": 77.69610646458172,
    "Ts_false": 19.226535528579348,
    "Ts_true": 92.68890039062472,
    "S_at_Tn": 6816.237770716803,
    "S_over_Tn": 139.98869167431616,
    "false_phase_key": 6,
    "true_phase_key": 0,
    "phi_false_Tn": -5.562148357898515e-06,
    "phi_true_Tn": 243.17780028105798,
    "vTn_over_Tn": 4.9942715102797175
  },
  "gw_scales": {
    "gw_T_star_GeV": 48.691345630794146,
    "gw_alpha": 0.1729736682583589,
    "gw_beta_over_H": 247.93848758054315,
    "gw_v_w": 1.0,
    "gw_g_star": 106.75
  },
  "gw_peaks": {
    "sw": {
      "f_peak_mHz": 2.3210411566310425,
      "f_peak_Hz": 0.0023210411566310426,
      "omega_peak": 4.1678640366820313e-13
    },
    "turb": {
      "f_peak_mHz": 3.960945797418655,
      "f_peak_Hz": 0.003960945797418655,
      "omega_peak": 3.028234664225477e-17
    },
    "coll": {
      "f_peak_mHz": NaN,
      "f_peak_Hz": NaN,
      "omega_peak": NaN
    },
    "total": {
      "f_peak_mHz": 2.3210411566310425,
      "f_peak_Hz": 0.0023210411566310426,
      "omega_peak": 4.1681300533678153e-13
    }
  },
  "gw_run_parameters": {
    "g_star": 106.75,
    "v_w": 1.0,
    "epsilon_turb": 1.0,
    "frequency_unit": "mHz"
  },
  "S3": 6810.441120331279,
  "S3_over_T": 139.86964278974688,
  "bounce_diagnostics": {
    "label": "results_eft68_c6f20_c8f40_f754p404_mh125_Glauber_C6p75_Lambda2000",
    "C": NaN,
    "Lambda_GeV": NaN,
    "finiteT": null,
    "temperature_GeV": NaN,
    "phi_metaMin": -5.562148357898515e-06,
    "phi_absMin": 243.17780028105798,
    "phi_bar": 106.49458372998562,
    "phi_top": 73.91963087059297,
    "V(phi_meta)": -17533812.816598795,
    "V(phi_true)": -44251477.44909918,
    "V(phi_top)": -16681250.088609558,
    "DeltaV_true_minus_meta": -26717664.632500388,
    "r0": 3.2682933161082944e-06,
    "phi0": 227.91418240164035,
    "dphi0": -0.1875271141092112,
    "rscale_cubic": 0.03268293316108294,
    "rscale_curv": 0.029325534870118054,
    "wall_r_hi": 0.09739720096093517,
    "wall_thickness": 0.08056244454964717,
    "S_total": 6810.441120331279,
    "S_kin": 10214.728072376487,
    "S_pot": -3404.286952045206,
    "S_interior": 0.0,
    "S3_over_T": NaN,
    "beta_rscale": 30.597008997672997,
    "beta_curvature": 34.09994592662287,
    "beta_wall": 12.412731584674582,
    "Tn_from_transitionFinder_GeV": 48.691345630794146,
    "Tc_from_transitionFinder_GeV": 77.69610646458172,
    "T_spinodal_high_GeV": NaN,
    "T_spinodal_low_GeV": NaN,
    "gw_T_star_GeV": 48.691345630794146,
    "gw_alpha": 0.1729736682583589,
    "gw_beta_over_H": 247.93848758054315,
    "gw_R_star_times_H": NaN,
    "gw_Gamma_Tstar_GeV4": NaN,
    "gw_dT_for_beta_GeV": NaN,
    "gw_f_sw_peak_Hz": NaN,
    "gw_f_turb_peak_Hz": NaN,
    "gw_f_coll_peak_Hz": NaN,
    "gw_g_star": 106.75,
    "gw_v_w": 1.0,
    "omega_sw_peak": NaN,
    "omega_turb_peak": NaN,
    "omega_coll_peak": NaN,
    "omega_tot_peak": NaN
  }
}