{
  "label": "results_eft68_c6f23p3_c8f42_f1000_mh125_Glauber_off_EFT68_strong_detectable",
  "model_parameters": {
    "c6_over_f2_TeV2": 3.3,
    "c8_over_f4_TeV4": 2.0,
    "f_GeV": 1000.0,
    "m_h": 125.0,
    "v": 246.0,
    "m_w": 80.36,
    "m_z": 91.19,
    "m_t": 173.1,
    "use_glauber_measure": false,
    "C_glauber": 0.0,
    "Lambda_glauber": 1000.0
  },
  "scan_parameters": {
    "T_min": 1.0,
    "T_max": 250.0,
    "phi_scan_range": [
      -10.0,
      1000.0
    ],
    "n_phi_scan": 1600,
    "n_T_seeds": 2,
    "deltaX_target": 0.1,
    "x_eps": 0.001,
    "T_eps": 0.01,
    "deriv_order": 4,
    "phitol": 1e-05,
    "overlapAngle": 45.0,
    "Tn_Ttol": 0.001,
    "Tn_maxiter": 100,
    "include_zeroT_loops": true,
    "include_scalar_loops": true,
    "renormalize_zeroT_loops": true,
    "include_thermal": true,
    "include_scalar_thermal": true,
    "include_daisy": false
  },
  "key_temperatures": {
    "Tn": 66.84820406697862,
    "Tc": 88.40746989294033,
    "Ts_false": 26.233669726556638,
    "Ts_true": 92.8809999999997,
    "S_at_Tn": 9359.728895839684,
    "S_over_Tn": 140.0146649633503,
    "false_phase_key": 2,
    "true_phase_key": 0,
    "phi_false_Tn": -3.894247852974636e-05,
    "phi_true_Tn": 235.99282873373323,
    "vTn_over_Tn": 3.5302792652032955,
    "supercooling_fraction": 0.24386249094188014,
    "supercooling_percent": 24.386249094188013
  },
  "gw_scales": {
    "gw_T_star_GeV": 66.84820406697862,
    "gw_alpha": 0.049700814761921334,
    "gw_beta_over_H": 419.0652444613197,
    "gw_v_w": 1.0,
    "gw_g_star": 106.75
  },
  "gw_peaks": {
    "sw": {
      "f_peak_mHz": 5.368648030396001,
      "f_peak_Hz": 0.005368648030396001,
      "omega_peak": 6.016122445184399e-15
    },
    "turb": {
      "f_peak_mHz": 9.161803871105286,
      "f_peak_Hz": 0.009161803871105286,
      "omega_peak": 4.371152571004558e-19
    },
    "coll": {
      "f_peak_mHz": NaN,
      "f_peak_Hz": NaN,
      "omega_peak": NaN
    },
    "total": {
      "f_peak_mHz": 5.368648030396001,
      "f_peak_Hz": 0.005368648030396001,
      "omega_peak": 6.016505832561739e-15
    }
  },
  "gw_run_parameters": {
    "g_star": 106.75,
    "v_w": 1.0,
    "epsilon_turb": 1.0,
    "frequency_unit": "mHz"
  },
  "S3": 9350.857501898961,
  "S3_over_T": 139.88195543039362,
  "bounce_diagnostics": {
    "label": "results_eft68_c6f23p3_c8f42_f1000_mh125_Glauber_off_EFT68_strong_detectable",
    "C": NaN,
    "Lambda_GeV": NaN,
    "finiteT": null,
    "temperature_GeV": NaN,
    "phi_metaMin": -3.894247852974636e-05,
    "phi_absMin": 235.99282873373323,
    "phi_bar": 116.45877868216581,
    "phi_top": 79.32104614237134,
    "V(phi_meta)": -50670396.323617905,
    "V(phi_true)": -71567941.55526286,
    "V(phi_top)": -49211449.5708521,
    "DeltaV_true_minus_meta": -20897545.23164496,
    "r0": 2.6809783106657282e-06,
    "phi0": 227.75653213219675,
    "dphi0": -0.07684757495731322,
    "rscale_cubic": 0.02680978310665728,
    "rscale_curv": 0.026188728248989292,
    "wall_r_hi": 0.10214477516767455,
    "wall_thickness": 0.07408338087001355,
    "S_total": 9350.857501898961,
    "S_kin": 14033.646611975184,
    "S_pot": -4682.7891100762245,
    "S_interior": 0.0,
    "S3_over_T": NaN,
    "beta_rscale": 37.29981686243798,
    "beta_curvature": 38.184367710379625,
    "beta_wall": 13.498304049522208,
    "Tn_from_transitionFinder_GeV": 66.84820406697862,
    "Tc_from_transitionFinder_GeV": 88.40746989294033,
    "T_spinodal_high_GeV": NaN,
    "T_spinodal_low_GeV": NaN,
    "gw_T_star_GeV": 66.84820406697862,
    "gw_alpha": 0.049700814761921334,
    "gw_beta_over_H": 419.0652444613197,
    "gw_R_star_times_H": NaN,
    "gw_Gamma_Tstar_GeV4": NaN,
    "gw_dT_for_beta_GeV": NaN,
    "gw_f_sw_peak_Hz": NaN,
    "gw_f_turb_peak_Hz": NaN,
    "gw_f_coll_peak_Hz": NaN,
    "gw_g_star": 106.75,
    "gw_v_w": 1.0,
    "omega_sw_peak": NaN,
    "omega_turb_peak": NaN,
    "omega_coll_peak": NaN,
    "omega_tot_peak": NaN
  }
}