{
  "label": "results_eft68_c6f23p00808_c8f42_f1000_mh125_Glauber_off",
  "model_parameters": {
    "c6_over_f2_TeV2": 3.008080808080808,
    "c8_over_f4_TeV4": 2.0,
    "f_GeV": 1000.0,
    "m_h": 125.0,
    "v": 246.0,
    "m_w": 80.36,
    "m_z": 91.19,
    "m_t": 173.1,
    "use_glauber_measure": false,
    "C_glauber": 0.0,
    "Lambda_glauber": 1000.0
  },
  "derived_tree_coefficients": {
    "glauber_scheme": "counterterm_subtracted",
    "lambda_tree": -0.15494399627934183,
    "mu2_tree_GeV2": -892.855871154373,
    "a0_mean_field": 0.2578041903889827,
    "glauber_t0": 0.0,
    "glauber_lambda_shift": 0.0,
    "glauber_mu2_shift_after_lambda_GeV2": 0.0,
    "lambda_tree_raw_glauber_equivalent": -0.15494399627934183,
    "mu2_tree_raw_glauber_equivalent_GeV2": -892.855871154373,
    "combo_TeV2": 6.379257616161616
  },
  "scan_parameters": {
    "T_min": 1.0,
    "T_max": 250.0,
    "phi_scan_range": [
      -10,
      1000.0
    ],
    "n_phi_scan": 1200,
    "n_T_seeds": 3,
    "deltaX_target": 0.1,
    "x_eps": 0.001,
    "T_eps": 0.01,
    "deriv_order": 4,
    "phitol": 0.0001,
    "overlapAngle": 45.0,
    "Tn_Ttol": 0.01,
    "Tn_maxiter": 160,
    "include_zeroT_loops": true,
    "include_scalar_loops": true,
    "include_thermal": true,
    "include_scalar_thermal": true,
    "include_daisy": true,
    "renormalize_zeroT_loops": true,
    "thermal_approx": "spline"
  },
  "key_temperatures": {
    "Tn": 83.89471427288073,
    "Tc": 96.09616636659378,
    "Ts_false": 59.98493886718357,
    "Ts_true": 96.83192968749962,
    "S_at_Tn": 11742.482245813371,
    "S_over_Tn": 139.96689001906728,
    "false_phase_key": 2,
    "true_phase_key": 0,
    "phi_false_Tn": -4.98300304698597e-05,
    "phi_true_Tn": 223.16976551391258,
    "vTn_over_Tn": 2.660117117605501,
    "Tc_minus_Tn_over_Tc": 0.12697126800216116
  },
  "gw_scales": {
    "gw_T_star_GeV": 83.89471427288073,
    "gw_alpha": 0.019671318538156332,
    "gw_beta_over_H": 1437.8552723034088,
    "gw_v_w": 1.0,
    "gw_g_star": 106.75
  },
  "gw_peaks": {
    "sw": {
      "f_peak_mHz": 23.10129700083158,
      "f_peak_Hz": 0.02310129700083158,
      "omega_peak": 3.890810873157144e-17
    },
    "turb": {
      "f_peak_mHz": 39.551622464706206,
      "f_peak_Hz": 0.039551622464706206,
      "omega_peak": 2.826978178182105e-21
    },
    "coll": {
      "f_peak_mHz": NaN,
      "f_peak_Hz": NaN,
      "omega_peak": NaN
    },
    "total": {
      "f_peak_mHz": 23.10129700083158,
      "f_peak_Hz": 0.02310129700083158,
      "omega_peak": 3.89105873764512e-17
    }
  },
  "gw_run_parameters": {
    "g_star": 106.75,
    "v_w": 1.0,
    "epsilon_turb": 1.0,
    "frequency_unit": "mHz"
  },
  "S3": 11730.700295473083,
  "S3_over_T": 139.82645268112051,
  "bounce_diagnostics": {
    "label": "results_eft68_c6f23p00808_c8f42_f1000_mh125_Glauber_off",
    "C": NaN,
    "Lambda_GeV": NaN,
    "finiteT": null,
    "temperature_GeV": NaN,
    "phi_metaMin": -4.98300304698597e-05,
    "phi_absMin": 223.16976551391258,
    "phi_bar": 115.8746275753748,
    "phi_top": 76.79499516626039,
    "V(phi_meta)": -128658840.50792143,
    "V(phi_true)": -141298502.24478027,
    "V(phi_top)": -127474076.92755018,
    "DeltaV_true_minus_meta": -12639661.736858845,
    "r0": 2.88032654085869e-06,
    "phi0": 217.77066637782235,
    "dphi0": -0.03895221215698974,
    "rscale_cubic": 0.028803265408586902,
    "rscale_curv": 0.027168999065738962,
    "wall_r_hi": 0.12361777615913119,
    "wall_thickness": 0.08387091316702652,
    "S_total": 11730.700295473083,
    "S_kin": 17579.862089352355,
    "S_pot": -5849.161793879272,
    "S_interior": 0.0,
    "S3_over_T": NaN,
    "beta_rscale": 34.71828578512065,
    "beta_curvature": 36.806655588423276,
    "beta_wall": 11.923084681438112,
    "Tn_from_transitionFinder_GeV": 83.89471427288073,
    "Tc_from_transitionFinder_GeV": 96.09616636659378,
    "T_spinodal_high_GeV": NaN,
    "T_spinodal_low_GeV": NaN,
    "gw_T_star_GeV": 83.89471427288073,
    "gw_alpha": 0.019671318538156332,
    "gw_beta_over_H": 1437.8552723034088,
    "gw_R_star_times_H": NaN,
    "gw_Gamma_Tstar_GeV4": NaN,
    "gw_dT_for_beta_GeV": NaN,
    "gw_f_sw_peak_Hz": NaN,
    "gw_f_turb_peak_Hz": NaN,
    "gw_f_coll_peak_Hz": NaN,
    "gw_g_star": 106.75,
    "gw_v_w": 1.0,
    "omega_sw_peak": NaN,
    "omega_turb_peak": NaN,
    "omega_coll_peak": NaN,
    "omega_tot_peak": NaN
  }
}