{
  "label": "results_eft68_c6f20_c8f40_f800p194_mh125_Glauber_C6p24697_Lambda2000",
  "model_parameters": {
    "c6_over_f2_TeV2": 0.0,
    "c8_over_f4_TeV4": 0.0,
    "f_GeV": 800.1940099458617,
    "m_h": 125.0,
    "v": 246.0,
    "m_w": 80.36,
    "m_z": 91.19,
    "m_t": 173.1,
    "use_glauber_measure": true,
    "C_glauber": 6.246969696969697,
    "Lambda_glauber": 2000.0
  },
  "derived_tree_coefficients": {
    "glauber_scheme": "counterterm_subtracted",
    "lambda_tree": 0.12909808976138543,
    "mu2_tree_GeV2": 7812.5,
    "a0_mean_field": 0.3998252334093464,
    "glauber_t0": 0.09451040454545453,
    "glauber_lambda_shift": 0.0,
    "glauber_mu2_shift_after_lambda_GeV2": 0.0,
    "lambda_tree_raw_glauber_equivalent": -1.0765265993076487,
    "mu2_tree_raw_glauber_equivalent_GeV2": 633867.4241053713,
    "combo_TeV2": 0.0
  },
  "scan_parameters": {
    "T_min": 1.0,
    "T_max": 250.0,
    "phi_scan_range": [
      -10.0,
      800.1940099458617
    ],
    "n_phi_scan": 1200,
    "n_T_seeds": 3,
    "deltaX_target": 0.1,
    "x_eps": 0.001,
    "T_eps": 0.01,
    "deriv_order": 4,
    "phitol": 0.0001,
    "overlapAngle": 45.0,
    "Tn_Ttol": 0.01,
    "Tn_maxiter": 160,
    "include_zeroT_loops": true,
    "include_scalar_loops": true,
    "include_thermal": true,
    "include_scalar_thermal": true,
    "include_daisy": true,
    "renormalize_zeroT_loops": true,
    "thermal_approx": "spline"
  },
  "key_temperatures": {
    "Tn": 85.2919222936015,
    "Tc": 93.45432798321048,
    "Ts_false": 76.53774882812235,
    "Ts_true": 99.9682597656246,
    "S_at_Tn": 11942.790362828579,
    "S_over_Tn": 140.02252548275035,
    "false_phase_key": 1,
    "true_phase_key": 0,
    "phi_false_Tn": -0.0010541343981540705,
    "phi_true_Tn": 222.66531827716432,
    "vTn_over_Tn": 2.6106260978698614,
    "Tc_minus_Tn_over_Tc": 0.087341120157382
  },
  "gw_scales": {
    "gw_T_star_GeV": 85.2919222936015,
    "gw_alpha": 0.020694855442748707,
    "gw_beta_over_H": 2551.24275866657,
    "gw_v_w": 1.0,
    "gw_g_star": 106.75
  },
  "gw_peaks": {
    "sw": {
      "f_peak_mHz": 42.05844492778344,
      "f_peak_Hz": 0.04205844492778344,
      "omega_peak": 1.4268084163008082e-17
    },
    "turb": {
      "f_peak_mHz": 70.91023491073058,
      "f_peak_Hz": 0.07091023491073058,
      "omega_peak": 1.0367295038607145e-21
    },
    "coll": {
      "f_peak_mHz": NaN,
      "f_peak_Hz": NaN,
      "omega_peak": NaN
    },
    "total": {
      "f_peak_mHz": 42.05844492778344,
      "f_peak_Hz": 0.04205844492778344,
      "omega_peak": 1.4268997228368296e-17
    }
  },
  "gw_run_parameters": {
    "g_star": 106.75,
    "v_w": 1.0,
    "epsilon_turb": 1.0,
    "frequency_unit": "mHz"
  },
  "S3": 11935.193888625803,
  "S3_over_T": 139.933461079012,
  "bounce_diagnostics": {
    "label": "results_eft68_c6f20_c8f40_f800p194_mh125_Glauber_C6p24697_Lambda2000",
    "C": NaN,
    "Lambda_GeV": NaN,
    "finiteT": null,
    "temperature_GeV": NaN,
    "phi_metaMin": -0.0010541343981540705,
    "phi_absMin": 222.66531827716432,
    "phi_bar": 115.16497273923916,
    "phi_top": 77.45290756192095,
    "V(phi_meta)": -147108268.31701025,
    "V(phi_true)": -157881911.96476698,
    "V(phi_top)": -146331153.33852607,
    "DeltaV_true_minus_meta": -10773643.647756726,
    "r0": 3.586950399709354e-06,
    "phi0": 218.20725019951612,
    "dphi0": -0.03861436126065036,
    "rscale_cubic": 0.03586950399709354,
    "rscale_curv": 0.03399447263938834,
    "wall_r_hi": 0.1378758919983222,
    "wall_thickness": 0.09421491740790183,
    "S_total": 11935.193888625803,
    "S_kin": 17886.555722461628,
    "S_pot": -5951.361833835829,
    "S_interior": 0.0,
    "S3_over_T": NaN,
    "beta_rscale": 27.87883546092605,
    "beta_curvature": 29.416548987334522,
    "beta_wall": 10.614030426524895,
    "Tn_from_transitionFinder_GeV": 85.2919222936015,
    "Tc_from_transitionFinder_GeV": 93.45432798321048,
    "T_spinodal_high_GeV": NaN,
    "T_spinodal_low_GeV": NaN,
    "gw_T_star_GeV": 85.2919222936015,
    "gw_alpha": 0.020694855442748707,
    "gw_beta_over_H": 2551.24275866657,
    "gw_R_star_times_H": NaN,
    "gw_Gamma_Tstar_GeV4": NaN,
    "gw_dT_for_beta_GeV": NaN,
    "gw_f_sw_peak_Hz": NaN,
    "gw_f_turb_peak_Hz": NaN,
    "gw_f_coll_peak_Hz": NaN,
    "gw_g_star": 106.75,
    "gw_v_w": 1.0,
    "omega_sw_peak": NaN,
    "omega_turb_peak": NaN,
    "omega_coll_peak": NaN,
    "omega_tot_peak": NaN
  }
}