{
  "label": "results_eft68_c6f23p03434_c8f45_f1000_mh125_Glauber_off",
  "model_parameters": {
    "c6_over_f2_TeV2": 3.0343434343434343,
    "c8_over_f4_TeV4": 5.0,
    "f_GeV": 1000.0,
    "m_h": 125.0,
    "v": 246.0,
    "m_w": 80.36,
    "m_z": 91.19,
    "m_t": 173.1,
    "use_glauber_measure": false,
    "C_glauber": 0.0,
    "Lambda_glauber": 1000.0
  },
  "derived_tree_coefficients": {
    "glauber_scheme": "counterterm_subtracted",
    "lambda_tree": -0.17380779806770544,
    "mu2_tree_GeV2": -1629.8524332677498,
    "a0_mean_field": 0.24837228949480092,
    "glauber_t0": 0.0,
    "glauber_lambda_shift": 0.0,
    "glauber_mu2_shift_after_lambda_GeV2": 0.0,
    "lambda_tree_raw_glauber_equivalent": -0.17380779806770544,
    "mu2_tree_raw_glauber_equivalent_GeV2": -1629.8524332677498,
    "combo_TeV2": 6.976426868686868
  },
  "scan_parameters": {
    "T_min": 1.0,
    "T_max": 250.0,
    "phi_scan_range": [
      -10,
      1000.0
    ],
    "n_phi_scan": 1200,
    "n_T_seeds": 3,
    "deltaX_target": 0.1,
    "x_eps": 0.001,
    "T_eps": 0.01,
    "deriv_order": 4,
    "phitol": 0.0001,
    "overlapAngle": 45.0,
    "Tn_Ttol": 0.01,
    "Tn_maxiter": 160,
    "include_zeroT_loops": true,
    "include_scalar_loops": true,
    "include_thermal": true,
    "include_scalar_thermal": true,
    "include_daisy": true,
    "renormalize_zeroT_loops": true,
    "thermal_approx": "spline"
  },
  "key_temperatures": {
    "Tn": 70.40140160839421,
    "Tc": 90.30334590609334,
    "Ts_false": 33.4521408203064,
    "Ts_true": 93.90812499999969,
    "S_at_Tn": 9854.743409716419,
    "S_over_Tn": 139.97936382762873,
    "false_phase_key": 2,
    "true_phase_key": 0,
    "phi_false_Tn": -3.885450827970286e-05,
    "phi_true_Tn": 234.32341186895803,
    "vTn_over_Tn": 3.3283912893151664,
    "Tc_minus_Tn_over_Tc": 0.2203898880822778
  },
  "gw_scales": {
    "gw_T_star_GeV": 70.40140160839421,
    "gw_alpha": 0.039765704273407705,
    "gw_beta_over_H": 376.8575409158643,
    "gw_v_w": 1.0,
    "gw_g_star": 106.75
  },
  "gw_peaks": {
    "sw": {
      "f_peak_mHz": 5.125758396389326,
      "f_peak_Hz": 0.005125758396389326,
      "omega_peak": 4.048905011395096e-15
    },
    "turb": {
      "f_peak_mHz": 8.641991700066688,
      "f_peak_Hz": 0.008641991700066689,
      "omega_peak": 2.9419305436389086e-19
    },
    "coll": {
      "f_peak_mHz": NaN,
      "f_peak_Hz": NaN,
      "omega_peak": NaN
    },
    "total": {
      "f_peak_mHz": 5.125758396389326,
      "f_peak_Hz": 0.005125758396389326,
      "omega_peak": 4.049164057250128e-15
    }
  },
  "gw_run_parameters": {
    "g_star": 106.75,
    "v_w": 1.0,
    "epsilon_turb": 1.0,
    "frequency_unit": "mHz"
  },
  "S3": 9854.508032627917,
  "S3_over_T": 139.97602046963976,
  "bounce_diagnostics": {
    "label": "results_eft68_c6f23p03434_c8f45_f1000_mh125_Glauber_off",
    "C": NaN,
    "Lambda_GeV": NaN,
    "finiteT": null,
    "temperature_GeV": NaN,
    "phi_metaMin": -3.885450827970286e-05,
    "phi_absMin": 234.32341186895803,
    "phi_bar": 117.36769066193527,
    "phi_top": 79.91011714454548,
    "V(phi_meta)": -63328928.036830485,
    "V(phi_true)": -82512710.59232204,
    "V(phi_top)": -61902129.80110781,
    "DeltaV_true_minus_meta": -19183782.55549155,
    "r0": 2.731146971304891e-06,
    "phi0": 226.94389093706275,
    "dphi0": -0.06731398371551453,
    "rscale_cubic": 0.02731146971304891,
    "rscale_curv": 0.026602062682840502,
    "wall_r_hi": 0.10591841886348402,
    "wall_thickness": 0.07559528604198638,
    "S_total": 9854.508032627917,
    "S_kin": 14763.181752766335,
    "S_pot": -4908.673720138419,
    "S_interior": 0.0,
    "S3_over_T": NaN,
    "beta_rscale": 36.61465349564175,
    "beta_curvature": 37.591070687993664,
    "beta_wall": 13.228338066537507,
    "Tn_from_transitionFinder_GeV": 70.40140160839421,
    "Tc_from_transitionFinder_GeV": 90.30334590609334,
    "T_spinodal_high_GeV": NaN,
    "T_spinodal_low_GeV": NaN,
    "gw_T_star_GeV": 70.40140160839421,
    "gw_alpha": 0.039765704273407705,
    "gw_beta_over_H": 376.8575409158643,
    "gw_R_star_times_H": NaN,
    "gw_Gamma_Tstar_GeV4": NaN,
    "gw_dT_for_beta_GeV": NaN,
    "gw_f_sw_peak_Hz": NaN,
    "gw_f_turb_peak_Hz": NaN,
    "gw_f_coll_peak_Hz": NaN,
    "gw_g_star": 106.75,
    "gw_v_w": 1.0,
    "omega_sw_peak": NaN,
    "omega_turb_peak": NaN,
    "omega_coll_peak": NaN,
    "omega_tot_peak": NaN
  }
}