{
  "label": "results_eft68_c6f23p32667_c8f42_f1000_mh125_Glauber_off",
  "model_parameters": {
    "c6_over_f2_TeV2": 3.3266666666666667,
    "c8_over_f4_TeV4": 2.0,
    "f_GeV": 1000.0,
    "m_h": 125.0,
    "v": 246.0,
    "m_w": 80.36,
    "m_z": 91.19,
    "m_t": 173.1,
    "use_glauber_measure": false,
    "C_glauber": 0.0,
    "Lambda_glauber": 1000.0
  },
  "scan_parameters": {
    "T_min": 1.0,
    "T_max": 250.0,
    "phi_scan_range": [
      -10,
      1000.0
    ],
    "n_phi_scan": 1200,
    "n_T_seeds": 3,
    "deltaX_target": 0.1,
    "x_eps": 0.001,
    "T_eps": 0.01,
    "deriv_order": 4,
    "phitol": 1e-05,
    "overlapAngle": 45.0,
    "Tn_Ttol": 0.001,
    "Tn_maxiter": 160,
    "include_zeroT_loops": true,
    "include_scalar_loops": true,
    "include_thermal": true,
    "include_scalar_thermal": true,
    "include_daisy": false,
    "renormalize_zeroT_loops": true,
    "thermal_approx": "spline"
  },
  "key_temperatures": {
    "Tn": 65.02443492811777,
    "Tc": 87.84584844035714,
    "Ts_false": 21.378510156244385,
    "Ts_true": 92.6495078124997,
    "S_at_Tn": 9104.726872705047,
    "S_over_Tn": 140.02008449239125,
    "false_phase_key": 2,
    "true_phase_key": 0,
    "phi_false_Tn": -3.755797089350264e-05,
    "phi_true_Tn": 236.96909500607632,
    "vTn_over_Tn": 3.644308409108627,
    "Tc_minus_Tn_over_Tc": 0.25978932319987724
  },
  "gw_scales": {
    "gw_T_star_GeV": 65.02443492811777,
    "gw_alpha": 0.05546415918233405,
    "gw_beta_over_H": 419.60254466820385,
    "gw_v_w": 1.0,
    "gw_g_star": 106.75
  },
  "gw_peaks": {
    "sw": {
      "f_peak_mHz": 5.205115353904921,
      "f_peak_Hz": 0.005205115353904921,
      "omega_peak": 8.06688744916101e-15
    },
    "turb": {
      "f_peak_mHz": 8.91165363379737,
      "f_peak_Hz": 0.008911653633797369,
      "omega_peak": 5.861584397684184e-19
    },
    "coll": {
      "f_peak_mHz": NaN,
      "f_peak_Hz": NaN,
      "omega_peak": NaN
    },
    "total": {
      "f_peak_mHz": 5.205115353904921,
      "f_peak_Hz": 0.005205115353904921,
      "omega_peak": 8.067400416495261e-15
    }
  },
  "gw_run_parameters": {
    "g_star": 106.75,
    "v_w": 1.0,
    "epsilon_turb": 1.0,
    "frequency_unit": "mHz"
  },
  "S3": 9113.902073259085,
  "S3_over_T": 140.1611883799403,
  "bounce_diagnostics": {
    "label": "results_eft68_c6f23p32667_c8f42_f1000_mh125_Glauber_off",
    "C": NaN,
    "Lambda_GeV": NaN,
    "finiteT": null,
    "temperature_GeV": NaN,
    "phi_metaMin": -3.755797089350264e-05,
    "phi_absMin": 236.96909500607632,
    "phi_bar": 116.14780932332336,
    "phi_top": 79.09009654289524,
    "V(phi_meta)": -45313671.182019815,
    "V(phi_true)": -67077833.77126484,
    "V(phi_top)": -43850492.755104356,
    "DeltaV_true_minus_meta": -21764162.58924503,
    "r0": 2.669304029597873e-06,
    "phi0": 228.28695831115363,
    "dphi0": -0.08241516260828742,
    "rscale_cubic": 0.02669304029597873,
    "rscale_curv": 0.025977758726562657,
    "wall_r_hi": 0.10058455822997861,
    "wall_thickness": 0.07360201675807718,
    "S_total": 9113.902073259085,
    "S_kin": 13667.7103483174,
    "S_pot": -4553.808275058315,
    "S_interior": 0.0,
    "S3_over_T": NaN,
    "beta_rscale": 37.46294872789926,
    "beta_curvature": 38.494467593983735,
    "beta_wall": 13.58658422753421,
    "Tn_from_transitionFinder_GeV": 65.02443492811777,
    "Tc_from_transitionFinder_GeV": 87.84584844035714,
    "T_spinodal_high_GeV": NaN,
    "T_spinodal_low_GeV": NaN,
    "gw_T_star_GeV": 65.02443492811777,
    "gw_alpha": 0.05546415918233405,
    "gw_beta_over_H": 419.60254466820385,
    "gw_R_star_times_H": NaN,
    "gw_Gamma_Tstar_GeV4": NaN,
    "gw_dT_for_beta_GeV": NaN,
    "gw_f_sw_peak_Hz": NaN,
    "gw_f_turb_peak_Hz": NaN,
    "gw_f_coll_peak_Hz": NaN,
    "gw_g_star": 106.75,
    "gw_v_w": 1.0,
    "omega_sw_peak": NaN,
    "omega_turb_peak": NaN,
    "omega_coll_peak": NaN,
    "omega_tot_peak": NaN
  }
}