benchmark_role,c6_over_f2_TeV2,c8_over_f4_TeV4,mean_field_vc_over_Tc,mean_field_Tc_GeV,combo_no_nucleation_guide,combo_too_weak_guide
weak_but_visible,1.4213836477987418,1.7924528301886795,0.7998569423976424,103.33517637239363,3.168183522012578,1.584091761006289
intermediate_1,1.8176100628930816,-1.0377358490566042,1.2987059056339005,99.59873045039737,3.4468212578616346,1.7234106289308173
intermediate_2,2.081761006289308,-3.7106918238993716,1.4062297384372517,99.2403762854088,3.4898533333333326,1.7449266666666663
strong_near_no_nucleation_edge,2.0377358490566038,-3.2389937106918243,1.393601604865756,99.23367301643054,3.4874388679245283,1.7437194339622641
