{
  "label": "results_eft68_c6f20_c8f40_f784p117_mh125_Glauber_C6p50576_Lambda2000",
  "model_parameters": {
    "c6_over_f2_TeV2": 0.0,
    "c8_over_f4_TeV4": 0.0,
    "f_GeV": 784.1173393460646,
    "m_h": 125.0,
    "v": 246.0,
    "m_w": 80.36,
    "m_z": 91.19,
    "m_t": 173.1,
    "use_glauber_measure": true,
    "C_glauber": 6.505757575757576,
    "Lambda_glauber": 2000.0
  },
  "derived_tree_coefficients": {
    "glauber_scheme": "counterterm_subtracted",
    "lambda_tree": 0.12909808976138543,
    "mu2_tree_GeV2": 7812.5,
    "a0_mean_field": 0.3998252334093464,
    "glauber_t0": 0.09842560636363637,
    "glauber_lambda_shift": 0.0,
    "glauber_mu2_shift_after_lambda_GeV2": 0.0,
    "lambda_tree_raw_glauber_equivalent": -1.189865717698033,
    "mu2_tree_raw_glauber_equivalent_GeV2": 659127.3822913497,
    "combo_TeV2": 0.0
  },
  "scan_parameters": {
    "T_min": 1.0,
    "T_max": 250.0,
    "phi_scan_range": [
      -10.0,
      784.1173393460646
    ],
    "n_phi_scan": 1200,
    "n_T_seeds": 3,
    "deltaX_target": 0.1,
    "x_eps": 0.001,
    "T_eps": 0.01,
    "deriv_order": 4,
    "phitol": 0.0001,
    "overlapAngle": 45.0,
    "Tn_Ttol": 0.01,
    "Tn_maxiter": 160,
    "include_zeroT_loops": true,
    "include_scalar_loops": true,
    "include_thermal": true,
    "include_scalar_thermal": true,
    "include_daisy": true,
    "renormalize_zeroT_loops": true,
    "thermal_approx": "spline"
  },
  "key_temperatures": {
    "Tn": 71.59334041855271,
    "Tc": 85.93514230813815,
    "Ts_false": 57.12464863280845,
    "Ts_true": 96.12626757812467,
    "S_at_Tn": 10025.178263082784,
    "S_over_Tn": 140.02948045828097,
    "false_phase_key": 1,
    "true_phase_key": 0,
    "phi_false_Tn": -0.0010610566343921247,
    "phi_true_Tn": 234.33211034407412,
    "vTn_over_Tn": 3.273099271162786,
    "Tc_minus_Tn_over_Tc": 0.16689100063580456
  },
  "gw_scales": {
    "gw_T_star_GeV": 71.59334041855271,
    "gw_alpha": 0.040074752578398834,
    "gw_beta_over_H": 1184.6553004789773,
    "gw_v_w": 1.0,
    "gw_g_star": 106.75
  },
  "gw_peaks": {
    "sw": {
      "f_peak_mHz": 16.22464286568221,
      "f_peak_Hz": 0.01622464286568221,
      "omega_peak": 4.185540545894383e-16
    },
    "turb": {
      "f_peak_mHz": 27.778135107524566,
      "f_peak_Hz": 0.027778135107524568,
      "omega_peak": 3.0411640560042924e-20
    },
    "coll": {
      "f_peak_mHz": NaN,
      "f_peak_Hz": NaN,
      "omega_peak": NaN
    },
    "total": {
      "f_peak_mHz": 16.22464286568221,
      "f_peak_Hz": 0.01622464286568221,
      "omega_peak": 4.1858070469097346e-16
    }
  },
  "gw_run_parameters": {
    "g_star": 106.75,
    "v_w": 1.0,
    "epsilon_turb": 1.0,
    "frequency_unit": "mHz"
  },
  "S3": 10025.372676363011,
  "S3_over_T": 140.03219598013104,
  "bounce_diagnostics": {
    "label": "results_eft68_c6f20_c8f40_f784p117_mh125_Glauber_C6p50576_Lambda2000",
    "C": NaN,
    "Lambda_GeV": NaN,
    "finiteT": null,
    "temperature_GeV": NaN,
    "phi_metaMin": -0.0010610566343921247,
    "phi_absMin": 234.33211034407412,
    "phi_bar": 117.69564179331658,
    "phi_top": 80.3541465285749,
    "V(phi_meta)": -74791798.52038214,
    "V(phi_true)": -92126552.37912026,
    "V(phi_top)": -73747199.41077124,
    "DeltaV_true_minus_meta": -17334753.858738124,
    "r0": 3.2096936017498303e-06,
    "phi0": 227.94000804550163,
    "dphi0": -0.06757327409162026,
    "rscale_cubic": 0.0320969360174983,
    "rscale_curv": 0.030350540817246318,
    "wall_r_hi": 0.11462151318660972,
    "wall_thickness": 0.08185936052532519,
    "S_total": 10025.372676363011,
    "S_kin": 15028.794393735021,
    "S_pot": -5003.421717372011,
    "S_interior": 0.0,
    "S3_over_T": NaN,
    "beta_rscale": 31.15562181557858,
    "beta_curvature": 32.948330098830084,
    "beta_wall": 12.216073929512625,
    "Tn_from_transitionFinder_GeV": 71.59334041855271,
    "Tc_from_transitionFinder_GeV": 85.93514230813815,
    "T_spinodal_high_GeV": NaN,
    "T_spinodal_low_GeV": NaN,
    "gw_T_star_GeV": 71.59334041855271,
    "gw_alpha": 0.040074752578398834,
    "gw_beta_over_H": 1184.6553004789773,
    "gw_R_star_times_H": NaN,
    "gw_Gamma_Tstar_GeV4": NaN,
    "gw_dT_for_beta_GeV": NaN,
    "gw_f_sw_peak_Hz": NaN,
    "gw_f_turb_peak_Hz": NaN,
    "gw_f_coll_peak_Hz": NaN,
    "gw_g_star": 106.75,
    "gw_v_w": 1.0,
    "omega_sw_peak": NaN,
    "omega_turb_peak": NaN,
    "omega_coll_peak": NaN,
    "omega_tot_peak": NaN
  }
}