{
  "label": "results_eft68_c6f20_c8f40_f520p259_mh125_Glauber_C3p69455_Lambda1000",
  "model_parameters": {
    "c6_over_f2_TeV2": 0.0,
    "c8_over_f4_TeV4": 0.0,
    "f_GeV": 520.2588695434059,
    "m_h": 125.0,
    "v": 246.0,
    "m_w": 80.36,
    "m_z": 91.19,
    "m_t": 173.1,
    "use_glauber_measure": true,
    "C_glauber": 3.694545454545455,
    "Lambda_glauber": 1000.0
  },
  "scan_parameters": {
    "T_min": 1.0,
    "T_max": 250.0,
    "phi_scan_range": [
      -10.0,
      520.2588695434059
    ],
    "n_phi_scan": 1200,
    "n_T_seeds": 3,
    "deltaX_target": 0.1,
    "x_eps": 0.001,
    "T_eps": 0.01,
    "deriv_order": 4,
    "phitol": 1e-05,
    "overlapAngle": 45.0,
    "Tn_Ttol": 0.001,
    "Tn_maxiter": 160,
    "include_zeroT_loops": true,
    "include_scalar_loops": true,
    "include_thermal": true,
    "include_scalar_thermal": true,
    "include_daisy": true,
    "renormalize_zeroT_loops": true,
    "thermal_approx": "spline"
  },
  "key_temperatures": {
    "Tn": 71.08805647135499,
    "Tc": 84.5754478006687,
    "Ts_false": 59.20083203124635,
    "Ts_true": 94.2193749999997,
    "S_at_Tn": 9952.364866561546,
    "S_over_Tn": 140.00051992660485,
    "false_phase_key": 1,
    "true_phase_key": 0,
    "phi_false_Tn": -0.0003087103362363746,
    "phi_true_Tn": 234.45296690388892,
    "vTn_over_Tn": 3.298064098831595,
    "Tc_minus_Tn_over_Tc": 0.15947171052645695
  },
  "gw_scales": {
    "gw_T_star_GeV": 71.08805647135499,
    "gw_alpha": 0.03945900736479757,
    "gw_beta_over_H": 1322.0353004846975,
    "gw_v_w": 1.0,
    "gw_g_star": 106.75
  },
  "gw_peaks": {
    "sw": {
      "f_peak_mHz": 18.06677907556844,
      "f_peak_Hz": 0.018066779075568442,
      "omega_peak": 3.22102750414499e-16
    },
    "turb": {
      "f_peak_mHz": 30.932047889969677,
      "f_peak_Hz": 0.03093204788996968,
      "omega_peak": 2.3402716252718903e-20
    },
    "coll": {
      "f_peak_mHz": NaN,
      "f_peak_Hz": NaN,
      "omega_peak": NaN
    },
    "total": {
      "f_peak_mHz": 18.06677907556844,
      "f_peak_Hz": 0.018066779075568442,
      "omega_peak": 3.2212330777465917e-16
    }
  },
  "gw_run_parameters": {
    "g_star": 106.75,
    "v_w": 1.0,
    "epsilon_turb": 1.0,
    "frequency_unit": "mHz"
  },
  "S3": 9938.381902673089,
  "S3_over_T": 139.80382072588762,
  "bounce_diagnostics": {
    "label": "results_eft68_c6f20_c8f40_f520p259_mh125_Glauber_C3p69455_Lambda1000",
    "C": NaN,
    "Lambda_GeV": NaN,
    "finiteT": null,
    "temperature_GeV": NaN,
    "phi_metaMin": -0.0003087103362363746,
    "phi_absMin": 234.45296690388892,
    "phi_bar": 115.47937945520877,
    "phi_top": 78.91673394518415,
    "V(phi_meta)": -72785364.38127193,
    "V(phi_true)": -88863828.4837128,
    "V(phi_top)": -71955348.09406742,
    "DeltaV_true_minus_meta": -16078464.102440879,
    "r0": 3.5363225438940933e-06,
    "phi0": 227.75652549740778,
    "dphi0": -0.07489757064205187,
    "rscale_cubic": 0.03536322543894093,
    "rscale_curv": 0.03350617375920742,
    "wall_r_hi": 0.12028445378949344,
    "wall_thickness": 0.08749446364855243,
    "S_total": 9938.381902673089,
    "S_kin": 14900.087051498538,
    "S_pot": -4961.70514882545,
    "S_interior": 0.0,
    "S3_over_T": NaN,
    "beta_rscale": 28.277963550769037,
    "beta_curvature": 29.84525322071237,
    "beta_wall": 11.429294589618811,
    "Tn_from_transitionFinder_GeV": 71.08805647135499,
    "Tc_from_transitionFinder_GeV": 84.5754478006687,
    "T_spinodal_high_GeV": NaN,
    "T_spinodal_low_GeV": NaN,
    "gw_T_star_GeV": 71.08805647135499,
    "gw_alpha": 0.03945900736479757,
    "gw_beta_over_H": 1322.0353004846975,
    "gw_R_star_times_H": NaN,
    "gw_Gamma_Tstar_GeV4": NaN,
    "gw_dT_for_beta_GeV": NaN,
    "gw_f_sw_peak_Hz": NaN,
    "gw_f_turb_peak_Hz": NaN,
    "gw_f_coll_peak_Hz": NaN,
    "gw_g_star": 106.75,
    "gw_v_w": 1.0,
    "omega_sw_peak": NaN,
    "omega_turb_peak": NaN,
    "omega_coll_peak": NaN,
    "omega_tot_peak": NaN
  }
}