{
  "label": "results_eft68_c6f23p34949_c8f40_f1000_mh125_Glauber_off",
  "model_parameters": {
    "c6_over_f2_TeV2": 3.3494949494949497,
    "c8_over_f4_TeV4": 0.0,
    "f_GeV": 1000.0,
    "m_h": 125.0,
    "v": 246.0,
    "m_w": 80.36,
    "m_z": 91.19,
    "m_t": 173.1,
    "use_glauber_measure": false,
    "C_glauber": 0.0,
    "Lambda_glauber": 1000.0
  },
  "derived_tree_coefficients": {
    "glauber_scheme": "counterterm_subtracted",
    "lambda_tree": -0.17494896478406918,
    "mu2_tree_GeV2": -1387.355776436365,
    "a0_mean_field": 0.2478017061366191,
    "glauber_t0": 0.0,
    "glauber_lambda_shift": 0.0,
    "glauber_mu2_shift_after_lambda_GeV2": 0.0,
    "lambda_tree_raw_glauber_equivalent": -0.17494896478406918,
    "mu2_tree_raw_glauber_equivalent_GeV2": -1387.355776436365,
    "combo_TeV2": 6.6989898989898995
  },
  "scan_parameters": {
    "T_min": 1.0,
    "T_max": 250.0,
    "phi_scan_range": [
      -10,
      1000.0
    ],
    "n_phi_scan": 1200,
    "n_T_seeds": 3,
    "deltaX_target": 0.1,
    "x_eps": 0.001,
    "T_eps": 0.01,
    "deriv_order": 4,
    "phitol": 0.0001,
    "overlapAngle": 45.0,
    "Tn_Ttol": 0.01,
    "Tn_maxiter": 160,
    "include_zeroT_loops": true,
    "include_scalar_loops": true,
    "include_thermal": true,
    "include_scalar_thermal": true,
    "include_daisy": false,
    "renormalize_zeroT_loops": true,
    "thermal_approx": "spline"
  },
  "key_temperatures": {
    "Tn": 73.45977478237461,
    "Tc": 90.84663412693241,
    "Ts_false": 39.94248144530697,
    "Ts_true": 94.13183593749969,
    "S_at_Tn": 10284.355471691057,
    "S_over_Tn": 139.9998230617855,
    "false_phase_key": 2,
    "true_phase_key": 0,
    "phi_false_Tn": -4.2897424641793557e-05,
    "phi_true_Tn": 231.7899059208386,
    "vTn_over_Tn": 3.1553310176558362,
    "Tc_minus_Tn_over_Tc": 0.19138694032697567
  },
  "gw_scales": {
    "gw_T_star_GeV": 73.45977478237461,
    "gw_alpha": 0.03429067143119507,
    "gw_beta_over_H": 660.5885842352753,
    "gw_v_w": 1.0,
    "gw_g_star": 106.75
  },
  "gw_peaks": {
    "sw": {
      "f_peak_mHz": 9.33200535103738,
      "f_peak_Hz": 0.009332005351037379,
      "omega_peak": 8.758935775255259e-16
    },
    "turb": {
      "f_peak_mHz": 15.977282681122281,
      "f_peak_Hz": 0.015977282681122282,
      "omega_peak": 6.36389491849956e-20
    },
    "coll": {
      "f_peak_mHz": NaN,
      "f_peak_Hz": NaN,
      "omega_peak": NaN
    },
    "total": {
      "f_peak_mHz": 9.33200535103738,
      "f_peak_Hz": 0.009332005351037379,
      "omega_peak": 8.759494887562321e-16
    }
  },
  "gw_run_parameters": {
    "g_star": 106.75,
    "v_w": 1.0,
    "epsilon_turb": 1.0,
    "frequency_unit": "mHz"
  },
  "S3": 10288.449505454284,
  "S3_over_T": 140.05555470233782,
  "bounce_diagnostics": {
    "label": "results_eft68_c6f23p34949_c8f40_f1000_mh125_Glauber_off",
    "C": NaN,
    "Lambda_GeV": NaN,
    "finiteT": null,
    "temperature_GeV": NaN,
    "phi_metaMin": -4.2897424641793557e-05,
    "phi_absMin": 231.7899059208386,
    "phi_bar": 117.19700459242677,
    "phi_top": 79.34789082974548,
    "V(phi_meta)": -74182683.24102849,
    "V(phi_true)": -91942704.57892871,
    "V(phi_top)": -72744849.1700816,
    "DeltaV_true_minus_meta": -17760021.33790022,
    "r0": 2.701503978780711e-06,
    "phi0": 225.00330579479927,
    "dphi0": -0.05798759072514456,
    "rscale_cubic": 0.02701503978780711,
    "rscale_curv": 0.025726358935154243,
    "wall_r_hi": 0.10853654978085993,
    "wall_thickness": 0.07621789913880322,
    "S_total": 10288.449505454284,
    "S_kin": 15437.481410685436,
    "S_pot": -5149.031905231149,
    "S_interior": 0.0,
    "S3_over_T": NaN,
    "beta_rscale": 37.01641781224905,
    "beta_curvature": 38.87063841906578,
    "beta_wall": 13.120277668357968,
    "Tn_from_transitionFinder_GeV": 73.45977478237461,
    "Tc_from_transitionFinder_GeV": 90.84663412693241,
    "T_spinodal_high_GeV": NaN,
    "T_spinodal_low_GeV": NaN,
    "gw_T_star_GeV": 73.45977478237461,
    "gw_alpha": 0.03429067143119507,
    "gw_beta_over_H": 660.5885842352753,
    "gw_R_star_times_H": NaN,
    "gw_Gamma_Tstar_GeV4": NaN,
    "gw_dT_for_beta_GeV": NaN,
    "gw_f_sw_peak_Hz": NaN,
    "gw_f_turb_peak_Hz": NaN,
    "gw_f_coll_peak_Hz": NaN,
    "gw_g_star": 106.75,
    "gw_v_w": 1.0,
    "omega_sw_peak": NaN,
    "omega_turb_peak": NaN,
    "omega_coll_peak": NaN,
    "omega_tot_peak": NaN
  }
}