{
  "label": "results_eft68_c6f20_c8f40_f778p053_mh125_Glauber_C6p60758_Lambda2000",
  "model_parameters": {
    "c6_over_f2_TeV2": 0.0,
    "c8_over_f4_TeV4": 0.0,
    "f_GeV": 778.0525315184951,
    "m_h": 125.0,
    "v": 246.0,
    "m_w": 80.36,
    "m_z": 91.19,
    "m_t": 173.1,
    "use_glauber_measure": true,
    "C_glauber": 6.607575757575758,
    "Lambda_glauber": 2000.0
  },
  "derived_tree_coefficients": {
    "glauber_scheme": "counterterm_subtracted",
    "lambda_tree": 0.12909808976138543,
    "mu2_tree_GeV2": 7812.5,
    "a0_mean_field": 0.3998252334093464,
    "glauber_t0": 0.09996601363636363,
    "glauber_lambda_shift": 0.0,
    "glauber_mu2_shift_after_lambda_GeV2": 0.0,
    "lambda_tree_raw_glauber_equivalent": -1.2361348150467746,
    "mu2_tree_raw_glauber_equivalent_GeV2": 669040.8612174124,
    "combo_TeV2": 0.0
  },
  "scan_parameters": {
    "T_min": 1.0,
    "T_max": 250.0,
    "phi_scan_range": [
      -10.0,
      778.0525315184951
    ],
    "n_phi_scan": 1200,
    "n_T_seeds": 3,
    "deltaX_target": 0.1,
    "x_eps": 0.001,
    "T_eps": 0.01,
    "deriv_order": 4,
    "phitol": 0.0001,
    "overlapAngle": 45.0,
    "Tn_Ttol": 0.01,
    "Tn_maxiter": 160,
    "include_zeroT_loops": true,
    "include_scalar_loops": true,
    "include_thermal": true,
    "include_scalar_thermal": true,
    "include_daisy": false,
    "renormalize_zeroT_loops": true,
    "thermal_approx": "spline"
  },
  "key_temperatures": {
    "Tn": 63.16899987333391,
    "Tc": 81.56432755266705,
    "Ts_false": 45.714029101557685,
    "Ts_true": 93.46313476562472,
    "S_at_Tn": 8843.526169986284,
    "S_over_Tn": 139.9978816780267,
    "false_phase_key": "2_1",
    "true_phase_key": 0,
    "phi_false_Tn": -0.0012341159280365066,
    "phi_true_Tn": 238.3598403808865,
    "vTn_over_Tn": 3.773367329842869,
    "Tc_minus_Tn_over_Tc": 0.2255315311397015
  },
  "gw_scales": {
    "gw_T_star_GeV": 63.16899987333391,
    "gw_alpha": 0.06448670810394654,
    "gw_beta_over_H": 676.7097625982951,
    "gw_v_w": 1.0,
    "gw_g_star": 106.75
  },
  "gw_peaks": {
    "sw": {
      "f_peak_mHz": 8.252721021916784,
      "f_peak_Hz": 0.008252721021916784,
      "omega_peak": 4.639435582818798e-15
    },
    "turb": {
      "f_peak_mHz": 13.914028141593606,
      "f_peak_Hz": 0.013914028141593607,
      "omega_peak": 3.370951892188932e-19
    },
    "coll": {
      "f_peak_mHz": NaN,
      "f_peak_Hz": NaN,
      "omega_peak": NaN
    },
    "total": {
      "f_peak_mHz": 8.252721021916784,
      "f_peak_Hz": 0.008252721021916784,
      "omega_peak": 4.639732304979003e-15
    }
  },
  "gw_run_parameters": {
    "g_star": 106.75,
    "v_w": 1.0,
    "epsilon_turb": 1.0,
    "frequency_unit": "mHz"
  },
  "S3": 8843.29685301544,
  "S3_over_T": 139.99425146429363,
  "bounce_diagnostics": {
    "label": "results_eft68_c6f20_c8f40_f778p053_mh125_Glauber_C6p60758_Lambda2000",
    "C": NaN,
    "Lambda_GeV": NaN,
    "finiteT": null,
    "temperature_GeV": NaN,
    "phi_metaMin": -0.0012341159280365066,
    "phi_absMin": 238.3598403808865,
    "phi_bar": 115.20130791777818,
    "phi_top": 79.25898329070975,
    "V(phi_meta)": -45777880.98726434,
    "V(phi_true)": -66682192.678919375,
    "V(phi_top)": -44720291.59109399,
    "DeltaV_true_minus_meta": -20904311.691655032,
    "r0": 3.146451850251006e-06,
    "phi0": 229.8211440025576,
    "dphi0": -0.09678970219895493,
    "rscale_cubic": 0.03146451850251006,
    "rscale_curv": 0.029116607836993925,
    "wall_r_hi": 0.10635474438502172,
    "wall_thickness": 0.0791942102502629,
    "S_total": 8843.29685301544,
    "S_kin": 13251.961807574056,
    "S_pot": -4408.664954558615,
    "S_interior": 0.0,
    "S3_over_T": NaN,
    "beta_rscale": 31.781830696701295,
    "beta_curvature": 34.34470722591883,
    "beta_wall": 12.627185710165982,
    "Tn_from_transitionFinder_GeV": 63.16899987333391,
    "Tc_from_transitionFinder_GeV": 81.56432755266705,
    "T_spinodal_high_GeV": NaN,
    "T_spinodal_low_GeV": NaN,
    "gw_T_star_GeV": 63.16899987333391,
    "gw_alpha": 0.06448670810394654,
    "gw_beta_over_H": 676.7097625982951,
    "gw_R_star_times_H": NaN,
    "gw_Gamma_Tstar_GeV4": NaN,
    "gw_dT_for_beta_GeV": NaN,
    "gw_f_sw_peak_Hz": NaN,
    "gw_f_turb_peak_Hz": NaN,
    "gw_f_coll_peak_Hz": NaN,
    "gw_g_star": 106.75,
    "gw_v_w": 1.0,
    "omega_sw_peak": NaN,
    "omega_turb_peak": NaN,
    "omega_coll_peak": NaN,
    "omega_tot_peak": NaN
  }
}