{
  "label": "results_eft68_c6f23p06869_c8f42_f1000_mh125_Glauber_off",
  "model_parameters": {
    "c6_over_f2_TeV2": 3.0686868686868687,
    "c8_over_f4_TeV4": 2.0,
    "f_GeV": 1000.0,
    "m_h": 125.0,
    "v": 246.0,
    "m_w": 80.36,
    "m_z": 91.19,
    "m_t": 173.1,
    "use_glauber_measure": false,
    "C_glauber": 0.0,
    "Lambda_glauber": 1000.0
  },
  "derived_tree_coefficients": {
    "glauber_scheme": "counterterm_subtracted",
    "lambda_tree": -0.16044545082479636,
    "mu2_tree_GeV2": -1059.3188827907352,
    "a0_mean_field": 0.2550534631162555,
    "glauber_t0": 0.0,
    "glauber_lambda_shift": 0.0,
    "glauber_mu2_shift_after_lambda_GeV2": 0.0,
    "lambda_tree_raw_glauber_equivalent": -0.16044545082479636,
    "mu2_tree_raw_glauber_equivalent_GeV2": -1059.3188827907352,
    "combo_TeV2": 6.500469737373737
  },
  "scan_parameters": {
    "T_min": 1.0,
    "T_max": 250.0,
    "phi_scan_range": [
      -10,
      1000.0
    ],
    "n_phi_scan": 1200,
    "n_T_seeds": 3,
    "deltaX_target": 0.1,
    "x_eps": 0.001,
    "T_eps": 0.01,
    "deriv_order": 4,
    "phitol": 0.0001,
    "overlapAngle": 45.0,
    "Tn_Ttol": 0.01,
    "Tn_maxiter": 160,
    "include_zeroT_loops": true,
    "include_scalar_loops": true,
    "include_thermal": true,
    "include_scalar_thermal": true,
    "include_daisy": true,
    "renormalize_zeroT_loops": true,
    "thermal_approx": "spline"
  },
  "key_temperatures": {
    "Tn": 81.2094282766774,
    "Tc": 94.84462198062059,
    "Ts_false": 54.620010156245634,
    "Ts_true": 96.23180078124965,
    "S_at_Tn": 11369.881433027209,
    "S_over_Tn": 140.0069139052483,
    "false_phase_key": 2,
    "true_phase_key": 0,
    "phi_false_Tn": -5.142415762637256e-05,
    "phi_true_Tn": 225.92849139383972,
    "vTn_over_Tn": 2.782047555169457,
    "Tc_minus_Tn_over_Tc": 0.1437634883159663
  },
  "gw_scales": {
    "gw_T_star_GeV": 81.2094282766774,
    "gw_alpha": 0.022517968984049497,
    "gw_beta_over_H": 1017.1212045114141,
    "gw_v_w": 1.0,
    "gw_g_star": 106.75
  },
  "gw_peaks": {
    "sw": {
      "f_peak_mHz": 15.977282681122281,
      "f_peak_Hz": 0.015977282681122282,
      "omega_peak": 1.1396080253849472e-16
    },
    "turb": {
      "f_peak_mHz": 26.937583405636264,
      "f_peak_Hz": 0.026937583405636265,
      "omega_peak": 8.280646031466398e-21
    },
    "coll": {
      "f_peak_mHz": NaN,
      "f_peak_Hz": NaN,
      "omega_peak": NaN
    },
    "total": {
      "f_peak_mHz": 15.977282681122281,
      "f_peak_Hz": 0.015977282681122282,
      "omega_peak": 1.1396809808092403e-16
    }
  },
  "gw_run_parameters": {
    "g_star": 106.75,
    "v_w": 1.0,
    "epsilon_turb": 1.0,
    "frequency_unit": "mHz"
  },
  "S3": 11369.798116148275,
  "S3_over_T": 140.00588795443565,
  "bounce_diagnostics": {
    "label": "results_eft68_c6f23p06869_c8f42_f1000_mh125_Glauber_off",
    "C": NaN,
    "Lambda_GeV": NaN,
    "finiteT": null,
    "temperature_GeV": NaN,
    "phi_metaMin": -5.142415762637256e-05,
    "phi_absMin": 225.92849139383972,
    "phi_bar": 116.64707039950683,
    "phi_top": 77.88531458308032,
    "V(phi_meta)": -112804215.20373482,
    "V(phi_true)": -126819534.26331232,
    "V(phi_top)": -111530559.4111912,
    "DeltaV_true_minus_meta": -14015319.05957751,
    "r0": 2.8174369267497184e-06,
    "phi0": 220.2880342681477,
    "dphi0": -0.04296859573493943,
    "rscale_cubic": 0.028174369267497182,
    "rscale_curv": 0.02669063726774115,
    "wall_r_hi": 0.11896854435268522,
    "wall_thickness": 0.08125856054012612,
    "S_total": 11369.798116148275,
    "S_kin": 17071.53355845827,
    "S_pot": -5701.735442309998,
    "S_interior": 0.0,
    "S3_over_T": NaN,
    "beta_rscale": 35.493252413413586,
    "beta_curvature": 37.466322639301346,
    "beta_wall": 12.306395699763746,
    "Tn_from_transitionFinder_GeV": 81.2094282766774,
    "Tc_from_transitionFinder_GeV": 94.84462198062059,
    "T_spinodal_high_GeV": NaN,
    "T_spinodal_low_GeV": NaN,
    "gw_T_star_GeV": 81.2094282766774,
    "gw_alpha": 0.022517968984049497,
    "gw_beta_over_H": 1017.1212045114141,
    "gw_R_star_times_H": NaN,
    "gw_Gamma_Tstar_GeV4": NaN,
    "gw_dT_for_beta_GeV": NaN,
    "gw_f_sw_peak_Hz": NaN,
    "gw_f_turb_peak_Hz": NaN,
    "gw_f_coll_peak_Hz": NaN,
    "gw_g_star": 106.75,
    "gw_v_w": 1.0,
    "omega_sw_peak": NaN,
    "omega_turb_peak": NaN,
    "omega_coll_peak": NaN,
    "omega_tot_peak": NaN
  }
}