{
  "label": "results_eft68_c6f23p51515_c8f40_f1000_mh125_Glauber_off",
  "model_parameters": {
    "c6_over_f2_TeV2": 3.515151515151515,
    "c8_over_f4_TeV4": 0.0,
    "f_GeV": 1000.0,
    "m_h": 125.0,
    "v": 246.0,
    "m_w": 80.36,
    "m_z": 91.19,
    "m_t": 173.1,
    "use_glauber_measure": false,
    "C_glauber": 0.0,
    "Lambda_glauber": 1000.0
  },
  "derived_tree_coefficients": {
    "glauber_scheme": "counterterm_subtracted",
    "lambda_tree": -0.18998627387497818,
    "mu2_tree_GeV2": -1842.354674909091,
    "a0_mean_field": 0.2402830515911646,
    "glauber_t0": 0.0,
    "glauber_lambda_shift": 0.0,
    "glauber_mu2_shift_after_lambda_GeV2": 0.0,
    "lambda_tree_raw_glauber_equivalent": -0.18998627387497818,
    "mu2_tree_raw_glauber_equivalent_GeV2": -1842.354674909091,
    "combo_TeV2": 7.03030303030303
  },
  "scan_parameters": {
    "T_min": 1.0,
    "T_max": 250.0,
    "phi_scan_range": [
      -10,
      1000.0
    ],
    "n_phi_scan": 1200,
    "n_T_seeds": 3,
    "deltaX_target": 0.1,
    "x_eps": 0.001,
    "T_eps": 0.01,
    "deriv_order": 4,
    "phitol": 0.0001,
    "overlapAngle": 45.0,
    "Tn_Ttol": 0.01,
    "Tn_maxiter": 160,
    "include_zeroT_loops": true,
    "include_scalar_loops": true,
    "include_thermal": true,
    "include_scalar_thermal": true,
    "include_daisy": true,
    "renormalize_zeroT_loops": true,
    "thermal_approx": "spline"
  },
  "key_temperatures": {
    "Tn": 64.6152562241415,
    "Tc": 88.92237965089687,
    "Ts_false": 11.657199999994393,
    "Ts_true": 93.88186328124968,
    "S_at_Tn": 9043.40212585577,
    "S_over_Tn": 139.9576919494901,
    "false_phase_key": 2,
    "true_phase_key": 0,
    "phi_false_Tn": -4.4200996461790614e-05,
    "phi_true_Tn": 237.5818695270659,
    "vTn_over_Tn": 3.6768695724571114,
    "Tc_minus_Tn_over_Tc": 0.27335214736923885
  },
  "gw_scales": {
    "gw_T_star_GeV": 64.6152562241415,
    "gw_alpha": 0.056790954956316836,
    "gw_beta_over_H": 367.97292436014095,
    "gw_v_w": 1.0,
    "gw_g_star": 106.75
  },
  "gw_peaks": {
    "sw": {
      "f_peak_mHz": 4.532943615001923,
      "f_peak_Hz": 0.004532943615001923,
      "omega_peak": 1.1176483153862537e-14
    },
    "turb": {
      "f_peak_mHz": 7.760831545860945,
      "f_peak_Hz": 0.007760831545860945,
      "omega_peak": 8.121203375519648e-19
    },
    "coll": {
      "f_peak_mHz": NaN,
      "f_peak_Hz": NaN,
      "omega_peak": NaN
    },
    "total": {
      "f_peak_mHz": 4.532943615001923,
      "f_peak_Hz": 0.004532943615001923,
      "omega_peak": 1.1177193639142465e-14
    }
  },
  "gw_run_parameters": {
    "g_star": 106.75,
    "v_w": 1.0,
    "epsilon_turb": 1.0,
    "frequency_unit": "mHz"
  },
  "S3": 9043.42753066209,
  "S3_over_T": 139.95808511989296,
  "bounce_diagnostics": {
    "label": "results_eft68_c6f23p51515_c8f40_f1000_mh125_Glauber_off",
    "C": NaN,
    "Lambda_GeV": NaN,
    "finiteT": null,
    "temperature_GeV": NaN,
    "phi_metaMin": -4.4200996461790614e-05,
    "phi_absMin": 237.5818695270659,
    "phi_bar": 116.52278233863429,
    "phi_top": 79.35646662594925,
    "V(phi_meta)": -44795702.07073028,
    "V(phi_true)": -67210882.95110306,
    "V(phi_top)": -43280662.314065434,
    "DeltaV_true_minus_meta": -22415180.880372785,
    "r0": 2.632054783609238e-06,
    "phi0": 228.8152759015714,
    "dphi0": -0.08373485320738555,
    "rscale_cubic": 0.02632054783609238,
    "rscale_curv": 0.02554742967556715,
    "wall_r_hi": 0.09930189317269345,
    "wall_thickness": 0.07271169075910344,
    "S_total": 9043.42753066209,
    "S_kin": 13548.726809915366,
    "S_pot": -4505.299279253276,
    "S_interior": 0.0,
    "S3_over_T": NaN,
    "beta_rscale": 37.99313016687052,
    "beta_curvature": 39.142881158556015,
    "beta_wall": 13.752946597171526,
    "Tn_from_transitionFinder_GeV": 64.6152562241415,
    "Tc_from_transitionFinder_GeV": 88.92237965089687,
    "T_spinodal_high_GeV": NaN,
    "T_spinodal_low_GeV": NaN,
    "gw_T_star_GeV": 64.6152562241415,
    "gw_alpha": 0.056790954956316836,
    "gw_beta_over_H": 367.97292436014095,
    "gw_R_star_times_H": NaN,
    "gw_Gamma_Tstar_GeV4": NaN,
    "gw_dT_for_beta_GeV": NaN,
    "gw_f_sw_peak_Hz": NaN,
    "gw_f_turb_peak_Hz": NaN,
    "gw_f_coll_peak_Hz": NaN,
    "gw_g_star": 106.75,
    "gw_v_w": 1.0,
    "omega_sw_peak": NaN,
    "omega_turb_peak": NaN,
    "omega_coll_peak": NaN,
    "omega_tot_peak": NaN
  }
}