{
  "label": "results_eft68_c6f20_c8f40_f781p32_mh125_Glauber_C6p55242_Lambda2000",
  "model_parameters": {
    "c6_over_f2_TeV2": 0.0,
    "c8_over_f4_TeV4": 0.0,
    "f_GeV": 781.3200900437362,
    "m_h": 125.0,
    "v": 246.0,
    "m_w": 80.36,
    "m_z": 91.19,
    "m_t": 173.1,
    "use_glauber_measure": true,
    "C_glauber": 6.552424242424243,
    "Lambda_glauber": 2000.0
  },
  "derived_tree_coefficients": {
    "glauber_scheme": "counterterm_subtracted",
    "lambda_tree": 0.12909808976138543,
    "mu2_tree_GeV2": 7812.5,
    "a0_mean_field": 0.3998252334093464,
    "glauber_t0": 0.09913162636363637,
    "glauber_lambda_shift": 0.0,
    "glauber_mu2_shift_after_lambda_GeV2": 0.0,
    "lambda_tree_raw_glauber_equivalent": -1.2109537487882196,
    "mu2_tree_raw_glauber_equivalent_GeV2": 663672.8426557783,
    "combo_TeV2": 0.0
  },
  "scan_parameters": {
    "T_min": 1.0,
    "T_max": 250.0,
    "phi_scan_range": [
      -10.0,
      781.3200900437362
    ],
    "n_phi_scan": 1200,
    "n_T_seeds": 3,
    "deltaX_target": 0.1,
    "x_eps": 0.001,
    "T_eps": 0.01,
    "deriv_order": 4,
    "phitol": 0.0001,
    "overlapAngle": 45.0,
    "Tn_Ttol": 0.01,
    "Tn_maxiter": 160,
    "include_zeroT_loops": true,
    "include_scalar_loops": true,
    "include_thermal": true,
    "include_scalar_thermal": true,
    "include_daisy": false,
    "renormalize_zeroT_loops": true,
    "thermal_approx": "spline"
  },
  "key_temperatures": {
    "Tn": 67.30823035453756,
    "Tc": 83.33207276787819,
    "Ts_false": 51.72888671874565,
    "Ts_true": 94.2359101562497,
    "S_at_Tn": 9423.927038342845,
    "S_over_Tn": 140.0115110544952,
    "false_phase_key": 1,
    "true_phase_key": 0,
    "phi_false_Tn": -0.0010175991194193888,
    "phi_true_Tn": 236.31357696779693,
    "vTn_over_Tn": 3.5109165063922374,
    "Tc_minus_Tn_over_Tc": 0.19228901767480458
  },
  "gw_scales": {
    "gw_T_star_GeV": 67.30823035453756,
    "gw_alpha": 0.050858228077562614,
    "gw_beta_over_H": 928.1034797416509,
    "gw_v_w": 1.0,
    "gw_g_star": 106.75
  },
  "gw_peaks": {
    "sw": {
      "f_peak_mHz": 11.932477079945759,
      "f_peak_Hz": 0.011932477079945759,
      "omega_peak": 1.3053260737278679e-15
    },
    "turb": {
      "f_peak_mHz": 20.42953815613841,
      "f_peak_Hz": 0.020429538156138412,
      "omega_peak": 9.484566114974034e-20
    },
    "coll": {
      "f_peak_mHz": NaN,
      "f_peak_Hz": NaN,
      "omega_peak": NaN
    },
    "total": {
      "f_peak_mHz": 11.932477079945759,
      "f_peak_Hz": 0.011932477079945759,
      "omega_peak": 1.3054091278718109e-15
    }
  },
  "gw_run_parameters": {
    "g_star": 106.75,
    "v_w": 1.0,
    "epsilon_turb": 1.0,
    "frequency_unit": "mHz"
  },
  "S3": 9423.941745630422,
  "S3_over_T": 140.01172956102107,
  "bounce_diagnostics": {
    "label": "results_eft68_c6f20_c8f40_f781p32_mh125_Glauber_C6p55242_Lambda2000",
    "C": NaN,
    "Lambda_GeV": NaN,
    "finiteT": null,
    "temperature_GeV": NaN,
    "phi_metaMin": -0.0010175991194193888,
    "phi_absMin": 236.31357696779693,
    "phi_bar": 116.43555252939218,
    "phi_top": 79.79197329260113,
    "V(phi_meta)": -58290307.025583334,
    "V(phi_true)": -77334330.03729416,
    "V(phi_top)": -57234894.01705056,
    "DeltaV_true_minus_meta": -19044023.01171083,
    "r0": 3.170866060408073e-06,
    "phi0": 228.91339537266725,
    "dphi0": -0.08082962614870447,
    "rscale_cubic": 0.03170866060408073,
    "rscale_curv": 0.02973707693696382,
    "wall_r_hi": 0.11030169838231117,
    "wall_thickness": 0.08038626815196193,
    "S_total": 9423.941745630422,
    "S_kin": 14128.882570798954,
    "S_pot": -4704.940825168533,
    "S_interior": 0.0,
    "S3_over_T": NaN,
    "beta_rscale": 31.5371252190736,
    "beta_curvature": 33.62803070117547,
    "beta_wall": 12.439935613251798,
    "Tn_from_transitionFinder_GeV": 67.30823035453756,
    "Tc_from_transitionFinder_GeV": 83.33207276787819,
    "T_spinodal_high_GeV": NaN,
    "T_spinodal_low_GeV": NaN,
    "gw_T_star_GeV": 67.30823035453756,
    "gw_alpha": 0.050858228077562614,
    "gw_beta_over_H": 928.1034797416509,
    "gw_R_star_times_H": NaN,
    "gw_Gamma_Tstar_GeV4": NaN,
    "gw_dT_for_beta_GeV": NaN,
    "gw_f_sw_peak_Hz": NaN,
    "gw_f_turb_peak_Hz": NaN,
    "gw_f_coll_peak_Hz": NaN,
    "gw_g_star": 106.75,
    "gw_v_w": 1.0,
    "omega_sw_peak": NaN,
    "omega_turb_peak": NaN,
    "omega_coll_peak": NaN,
    "omega_tot_peak": NaN
  }
}