{
  "label": "results_eft68_c6f22p88889_c8f45_f1000_mh125_Glauber_off",
  "model_parameters": {
    "c6_over_f2_TeV2": 2.888888888888889,
    "c8_over_f4_TeV4": 5.0,
    "f_GeV": 1000.0,
    "m_h": 125.0,
    "v": 246.0,
    "m_w": 80.36,
    "m_z": 91.19,
    "m_t": 173.1,
    "use_glauber_measure": false,
    "C_glauber": 0.0,
    "Lambda_glauber": 1000.0
  },
  "derived_tree_coefficients": {
    "glauber_scheme": "counterterm_subtracted",
    "lambda_tree": -0.16060430715861454,
    "mu2_tree_GeV2": -1230.341205340479,
    "a0_mean_field": 0.25497403494934645,
    "glauber_t0": 0.0,
    "glauber_lambda_shift": 0.0,
    "glauber_mu2_shift_after_lambda_GeV2": 0.0,
    "lambda_tree_raw_glauber_equivalent": -0.16060430715861454,
    "mu2_tree_raw_glauber_equivalent_GeV2": -1230.341205340479,
    "combo_TeV2": 6.685517777777777
  },
  "scan_parameters": {
    "T_min": 1.0,
    "T_max": 250.0,
    "phi_scan_range": [
      -10,
      1000.0
    ],
    "n_phi_scan": 1200,
    "n_T_seeds": 3,
    "deltaX_target": 0.1,
    "x_eps": 0.001,
    "T_eps": 0.01,
    "deriv_order": 4,
    "phitol": 0.0001,
    "overlapAngle": 45.0,
    "Tn_Ttol": 0.01,
    "Tn_maxiter": 160,
    "include_zeroT_loops": true,
    "include_scalar_loops": true,
    "include_thermal": true,
    "include_scalar_thermal": true,
    "include_daisy": true,
    "renormalize_zeroT_loops": true,
    "thermal_approx": "spline"
  },
  "key_temperatures": {
    "Tn": 78.34555458100314,
    "Tc": 93.38074149673878,
    "Ts_false": 50.30807910155783,
    "Ts_true": 95.24358203124966,
    "S_at_Tn": 10969.301454066323,
    "S_over_Tn": 140.0117915142834,
    "false_phase_key": 2,
    "true_phase_key": 0,
    "phi_false_Tn": 3.412567760496994e-05,
    "phi_true_Tn": 228.44552122369433,
    "vTn_over_Tn": 2.91587088055519,
    "Tc_minus_Tn_over_Tc": 0.16100950447326148
  },
  "gw_scales": {
    "gw_T_star_GeV": 78.34555458100314,
    "gw_alpha": 0.025877391361002637,
    "gw_beta_over_H": 724.16909579812,
    "gw_v_w": 1.0,
    "gw_g_star": 106.75
  },
  "gw_peaks": {
    "sw": {
      "f_peak_mHz": 10.881712506287604,
      "f_peak_Hz": 0.010881712506287604,
      "omega_peak": 3.325068765813659e-16
    },
    "turb": {
      "f_peak_mHz": 18.630529047900055,
      "f_peak_Hz": 0.018630529047900055,
      "omega_peak": 2.4158885499523822e-20
    },
    "coll": {
      "f_peak_mHz": NaN,
      "f_peak_Hz": NaN,
      "omega_peak": NaN
    },
    "total": {
      "f_peak_mHz": 10.881712506287604,
      "f_peak_Hz": 0.010881712506287604,
      "omega_peak": 3.325280743302904e-16
    }
  },
  "gw_run_parameters": {
    "g_star": 106.75,
    "v_w": 1.0,
    "epsilon_turb": 1.0,
    "frequency_unit": "mHz"
  },
  "S3": 10972.131426348235,
  "S3_over_T": 140.04791318445405,
  "bounce_diagnostics": {
    "label": "results_eft68_c6f22p88889_c8f45_f1000_mh125_Glauber_off",
    "C": NaN,
    "Lambda_GeV": NaN,
    "finiteT": null,
    "temperature_GeV": NaN,
    "phi_metaMin": 3.412567760496994e-05,
    "phi_absMin": 228.44552122369433,
    "phi_bar": 117.05004316213515,
    "phi_top": 78.84101716565696,
    "V(phi_meta)": -97561028.83997114,
    "V(phi_true)": -112793498.70308572,
    "V(phi_top)": -96253483.96950608,
    "DeltaV_true_minus_meta": -15232469.86311458,
    "r0": 2.814803645799038e-06,
    "phi0": 222.40368174864372,
    "dphi0": -0.048795195520734455,
    "rscale_cubic": 0.02814803645799038,
    "rscale_curv": 0.026860190958775253,
    "wall_r_hi": 0.11562860478543609,
    "wall_thickness": 0.07995833327015839,
    "S_total": 10972.131426348235,
    "S_kin": 16461.37341623236,
    "S_pot": -5489.241989884127,
    "S_interior": 0.0,
    "S3_over_T": NaN,
    "beta_rscale": 35.52645675631595,
    "beta_curvature": 37.22981700745205,
    "beta_wall": 12.50651381915704,
    "Tn_from_transitionFinder_GeV": 78.34555458100314,
    "Tc_from_transitionFinder_GeV": 93.38074149673878,
    "T_spinodal_high_GeV": NaN,
    "T_spinodal_low_GeV": NaN,
    "gw_T_star_GeV": 78.34555458100314,
    "gw_alpha": 0.025877391361002637,
    "gw_beta_over_H": 724.16909579812,
    "gw_R_star_times_H": NaN,
    "gw_Gamma_Tstar_GeV4": NaN,
    "gw_dT_for_beta_GeV": NaN,
    "gw_f_sw_peak_Hz": NaN,
    "gw_f_turb_peak_Hz": NaN,
    "gw_f_coll_peak_Hz": NaN,
    "gw_g_star": 106.75,
    "gw_v_w": 1.0,
    "omega_sw_peak": NaN,
    "omega_turb_peak": NaN,
    "omega_coll_peak": NaN,
    "omega_tot_peak": NaN
  }
}