{
  "label": "results_eft68_c6f23p35354_c8f40_f1000_mh125_Glauber_off",
  "model_parameters": {
    "c6_over_f2_TeV2": 3.353535353535354,
    "c8_over_f4_TeV4": 0.0,
    "f_GeV": 1000.0,
    "m_h": 125.0,
    "v": 246.0,
    "m_w": 80.36,
    "m_z": 91.19,
    "m_t": 173.1,
    "use_glauber_measure": false,
    "C_glauber": 0.0,
    "Lambda_glauber": 1000.0
  },
  "derived_tree_coefficients": {
    "glauber_scheme": "counterterm_subtracted",
    "lambda_tree": -0.17531572842043275,
    "mu2_tree_GeV2": -1398.4533105454539,
    "a0_mean_field": 0.2476183243184373,
    "glauber_t0": 0.0,
    "glauber_lambda_shift": 0.0,
    "glauber_mu2_shift_after_lambda_GeV2": 0.0,
    "lambda_tree_raw_glauber_equivalent": -0.17531572842043275,
    "mu2_tree_raw_glauber_equivalent_GeV2": -1398.4533105454539,
    "combo_TeV2": 6.707070707070708
  },
  "scan_parameters": {
    "T_min": 1.0,
    "T_max": 250.0,
    "phi_scan_range": [
      -10,
      1000.0
    ],
    "n_phi_scan": 1200,
    "n_T_seeds": 3,
    "deltaX_target": 0.1,
    "x_eps": 0.001,
    "T_eps": 0.01,
    "deriv_order": 4,
    "phitol": 0.0001,
    "overlapAngle": 45.0,
    "Tn_Ttol": 0.01,
    "Tn_maxiter": 160,
    "include_zeroT_loops": true,
    "include_scalar_loops": true,
    "include_thermal": true,
    "include_scalar_thermal": true,
    "include_daisy": false,
    "renormalize_zeroT_loops": true,
    "thermal_approx": "spline"
  },
  "key_temperatures": {
    "Tn": 73.24136396218117,
    "Tc": 90.76339722972862,
    "Ts_false": 39.46962460936945,
    "Ts_true": 94.0953613281247,
    "S_at_Tn": 10254.989196998877,
    "S_over_Tn": 140.01636018540196,
    "false_phase_key": 2,
    "true_phase_key": 0,
    "phi_false_Tn": -4.932949221007016e-05,
    "phi_true_Tn": 231.9497517760065,
    "vTn_over_Tn": 3.1669228865778063,
    "Tc_minus_Tn_over_Tc": 0.19305175657096596
  },
  "gw_scales": {
    "gw_T_star_GeV": 73.24136396218117,
    "gw_alpha": 0.03470264038216323,
    "gw_beta_over_H": 715.9589008343871,
    "gw_v_w": 1.0,
    "gw_g_star": 106.75
  },
  "gw_peaks": {
    "sw": {
      "f_peak_mHz": 10.077112648825867,
      "f_peak_Hz": 0.010077112648825867,
      "omega_peak": 7.707143136922702e-16
    },
    "turb": {
      "f_peak_mHz": 17.252977398036524,
      "f_peak_Hz": 0.017252977398036523,
      "omega_peak": 5.599710167233799e-20
    },
    "coll": {
      "f_peak_mHz": NaN,
      "f_peak_Hz": NaN,
      "omega_peak": NaN
    },
    "total": {
      "f_peak_mHz": 10.077112648825867,
      "f_peak_Hz": 0.010077112648825867,
      "omega_peak": 7.707634942581569e-16
    }
  },
  "gw_run_parameters": {
    "g_star": 106.75,
    "v_w": 1.0,
    "epsilon_turb": 1.0,
    "frequency_unit": "mHz"
  },
  "S3": 10256.52785813387,
  "S3_over_T": 140.0373682749808,
  "bounce_diagnostics": {
    "label": "results_eft68_c6f23p35354_c8f40_f1000_mh125_Glauber_off",
    "C": NaN,
    "Lambda_GeV": NaN,
    "finiteT": null,
    "temperature_GeV": NaN,
    "phi_metaMin": -4.932949221007016e-05,
    "phi_absMin": 231.9497517760065,
    "phi_bar": 117.19716045669409,
    "phi_top": 79.37949417563699,
    "V(phi_meta)": -73294940.45885696,
    "V(phi_true)": -91167113.47483563,
    "V(phi_top)": -71853977.57310735,
    "DeltaV_true_minus_meta": -17872173.01597868,
    "r0": 2.699644475454586e-06,
    "phi0": 225.12130756693713,
    "dphi0": -0.05853299802874344,
    "rscale_cubic": 0.026996444754545858,
    "rscale_curv": 0.025718633603850773,
    "wall_r_hi": 0.10828200574560302,
    "wall_thickness": 0.07611441288663595,
    "S_total": 10256.52785813387,
    "S_kin": 15384.52939620214,
    "S_pot": -5128.001538068272,
    "S_interior": 0.0,
    "S3_over_T": NaN,
    "beta_rscale": 37.041914559198126,
    "beta_curvature": 38.88231338085217,
    "beta_wall": 13.138116186869759,
    "Tn_from_transitionFinder_GeV": 73.24136396218117,
    "Tc_from_transitionFinder_GeV": 90.76339722972862,
    "T_spinodal_high_GeV": NaN,
    "T_spinodal_low_GeV": NaN,
    "gw_T_star_GeV": 73.24136396218117,
    "gw_alpha": 0.03470264038216323,
    "gw_beta_over_H": 715.9589008343871,
    "gw_R_star_times_H": NaN,
    "gw_Gamma_Tstar_GeV4": NaN,
    "gw_dT_for_beta_GeV": NaN,
    "gw_f_sw_peak_Hz": NaN,
    "gw_f_turb_peak_Hz": NaN,
    "gw_f_coll_peak_Hz": NaN,
    "gw_g_star": 106.75,
    "gw_v_w": 1.0,
    "omega_sw_peak": NaN,
    "omega_turb_peak": NaN,
    "omega_coll_peak": NaN,
    "omega_tot_peak": NaN
  }
}