{
  "label": "Glauber_Paper_",
  "C": 3.75,
  "Lambda_GeV": 1000.0,
  "finiteT": true,
  "temperature_GeV": 66.03976310598935,
  "phi_metaMin": -0.0002947086765642211,
  "phi_absMin": 240.38192268491315,
  "phi_bar": 116.87636173348325,
  "phi_top": 80.78787247770543,
  "V(phi_meta)": 76823851.57075915,
  "V(phi_true)": 56582594.334253274,
  "V(phi_top)": 77855212.91271837,
  "DeltaV_true_minus_meta": -20241257.236505874,
  "r0": 3.2476312065850266e-06,
  "phi0": 232.44865039171432,
  "dphi0": -0.09383359887097081,
  "rscale_cubic": 0.03247631206585026,
  "rscale_curv": 0.02943663175974348,
  "wall_r_hi": 0.10959906364740307,
  "wall_thickness": 0.08122280446691615,
  "S_total": 9240.742624958577,
  "S_kin": 13859.22608538463,
  "S_pot": -4618.483460426056,
  "S_interior": 0.0,
  "S3_over_T": 139.92694992148608,
  "beta_rscale": 30.791673573414375,
  "beta_curvature": 33.97127706313247,
  "beta_wall": 12.311813247070559,
  "Tn_from_transitionFinder_GeV": 66.03976310598935,
  "Tc_from_transitionFinder_GeV": 86.6829482842142,
  "T_spinodal_high_GeV": 46.95524023438488,
  "T_spinodal_low_GeV": 99.64165039062385,
  "S_at_Tn_from_transitionFinder": 9245.748292257715,
  "S_over_Tn_from_transitionFinder": 140.00274769942638,
  "T_star_from_obs_GeV": 66.03976310598935,
  "S_obs": 9245.748292257715,
  "S_over_T_obs": 140.00274769942638,
  "alpha_strength": 0.11030902955585278,
  "beta_eff_geom": 30.791786643072847,
  "beta_over_H_eff_geom": 5025877966566451.0
}