{
  "label": "results_eft68_c6f23p04444_c8f42_f1000_mh125_Glauber_off",
  "model_parameters": {
    "c6_over_f2_TeV2": 3.0444444444444443,
    "c8_over_f4_TeV4": 2.0,
    "f_GeV": 1000.0,
    "m_h": 125.0,
    "v": 246.0,
    "m_w": 80.36,
    "m_z": 91.19,
    "m_t": 173.1,
    "use_glauber_measure": false,
    "C_glauber": 0.0,
    "Lambda_glauber": 1000.0
  },
  "derived_tree_coefficients": {
    "glauber_scheme": "counterterm_subtracted",
    "lambda_tree": -0.15824486900661458,
    "mu2_tree_GeV2": -992.7336781361929,
    "a0_mean_field": 0.25615375402534635,
    "glauber_t0": 0.0,
    "glauber_lambda_shift": 0.0,
    "glauber_mu2_shift_after_lambda_GeV2": 0.0,
    "lambda_tree_raw_glauber_equivalent": -0.15824486900661458,
    "mu2_tree_raw_glauber_equivalent_GeV2": -992.7336781361929,
    "combo_TeV2": 6.451984888888888
  },
  "scan_parameters": {
    "T_min": 1.0,
    "T_max": 250.0,
    "phi_scan_range": [
      -10,
      1000.0
    ],
    "n_phi_scan": 1200,
    "n_T_seeds": 3,
    "deltaX_target": 0.1,
    "x_eps": 0.001,
    "T_eps": 0.01,
    "deriv_order": 4,
    "phitol": 0.0001,
    "overlapAngle": 45.0,
    "Tn_Ttol": 0.01,
    "Tn_maxiter": 160,
    "include_zeroT_loops": true,
    "include_scalar_loops": true,
    "include_thermal": true,
    "include_scalar_thermal": true,
    "include_daisy": true,
    "renormalize_zeroT_loops": true,
    "thermal_approx": "spline"
  },
  "key_temperatures": {
    "Tn": 82.30055921665769,
    "Tc": 95.34686995688756,
    "Ts_false": 56.822687499995816,
    "Ts_true": 96.46621093749964,
    "S_at_Tn": 11520.76472202987,
    "S_over_Tn": 139.98403937573804,
    "false_phase_key": 2,
    "true_phase_key": 0,
    "phi_false_Tn": -5.759700146474797e-05,
    "phi_true_Tn": 224.84521591413613,
    "vTn_over_Tn": 2.7320010708824847,
    "Tc_minus_Tn_over_Tc": 0.13682998451998418
  },
  "gw_scales": {
    "gw_T_star_GeV": 82.30055921665769,
    "gw_alpha": 0.021309743164143295,
    "gw_beta_over_H": 1090.3394067986933,
    "gw_v_w": 1.0,
    "gw_g_star": 106.75
  },
  "gw_peaks": {
    "sw": {
      "f_peak_mHz": 17.252977398036524,
      "f_peak_Hz": 0.017252977398036523,
      "omega_peak": 8.486976754392299e-17
    },
    "turb": {
      "f_peak_mHz": 29.538741847035077,
      "f_peak_Hz": 0.029538741847035078,
      "omega_peak": 6.166301623785898e-21
    },
    "coll": {
      "f_peak_mHz": NaN,
      "f_peak_Hz": NaN,
      "omega_peak": NaN
    },
    "total": {
      "f_peak_mHz": 17.252977398036524,
      "f_peak_Hz": 0.017252977398036523,
      "omega_peak": 8.487518448941209e-17
    }
  },
  "gw_run_parameters": {
    "g_star": 106.75,
    "v_w": 1.0,
    "epsilon_turb": 1.0,
    "frequency_unit": "mHz"
  },
  "S3": 11520.762885087717,
  "S3_over_T": 139.98401705581495,
  "bounce_diagnostics": {
    "label": "results_eft68_c6f23p04444_c8f42_f1000_mh125_Glauber_off",
    "C": NaN,
    "Lambda_GeV": NaN,
    "finiteT": null,
    "temperature_GeV": NaN,
    "phi_metaMin": -5.759700146474797e-05,
    "phi_absMin": 224.84521591413613,
    "phi_bar": 116.35000201648857,
    "phi_top": 77.45875942451707,
    "V(phi_meta)": -119057988.15316884,
    "V(phi_true)": -132515672.87832159,
    "V(phi_top)": -117818768.79833396,
    "DeltaV_true_minus_meta": -13457684.725152746,
    "r0": 2.84067232932809e-06,
    "phi0": 219.29715176771768,
    "dphi0": -0.04134778622556652,
    "rscale_cubic": 0.028406723293280898,
    "rscale_curv": 0.026867842675152943,
    "wall_r_hi": 0.12073140960260657,
    "wall_thickness": 0.0822435557579597,
    "S_total": 11520.762885087717,
    "S_kin": 17286.80729138564,
    "S_pot": -5766.044406297927,
    "S_interior": 0.0,
    "S3_over_T": NaN,
    "beta_rscale": 35.20293381519762,
    "beta_curvature": 37.2192138602656,
    "beta_wall": 12.159007362752769,
    "Tn_from_transitionFinder_GeV": 82.30055921665769,
    "Tc_from_transitionFinder_GeV": 95.34686995688756,
    "T_spinodal_high_GeV": NaN,
    "T_spinodal_low_GeV": NaN,
    "gw_T_star_GeV": 82.30055921665769,
    "gw_alpha": 0.021309743164143295,
    "gw_beta_over_H": 1090.3394067986933,
    "gw_R_star_times_H": NaN,
    "gw_Gamma_Tstar_GeV4": NaN,
    "gw_dT_for_beta_GeV": NaN,
    "gw_f_sw_peak_Hz": NaN,
    "gw_f_turb_peak_Hz": NaN,
    "gw_f_coll_peak_Hz": NaN,
    "gw_g_star": 106.75,
    "gw_v_w": 1.0,
    "omega_sw_peak": NaN,
    "omega_turb_peak": NaN,
    "omega_coll_peak": NaN,
    "omega_tot_peak": NaN
  }
}