{
  "label": "results_eft68_c6f23p28687_c8f42_f1000_mh125_Glauber_off",
  "model_parameters": {
    "c6_over_f2_TeV2": 3.286868686868687,
    "c8_over_f4_TeV4": 2.0,
    "f_GeV": 1000.0,
    "m_h": 125.0,
    "v": 246.0,
    "m_w": 80.36,
    "m_z": 91.19,
    "m_t": 173.1,
    "use_glauber_measure": false,
    "C_glauber": 0.0,
    "Lambda_glauber": 1000.0
  },
  "derived_tree_coefficients": {
    "glauber_scheme": "counterterm_subtracted",
    "lambda_tree": -0.18025068718843276,
    "mu2_tree_GeV2": -1658.5857246816458,
    "a0_mean_field": 0.2451508449344373,
    "glauber_t0": 0.0,
    "glauber_lambda_shift": 0.0,
    "glauber_mu2_shift_after_lambda_GeV2": 0.0,
    "lambda_tree_raw_glauber_equivalent": -0.18025068718843276,
    "mu2_tree_raw_glauber_equivalent_GeV2": -1658.5857246816458,
    "combo_TeV2": 6.9368333737373735
  },
  "scan_parameters": {
    "T_min": 1.0,
    "T_max": 250.0,
    "phi_scan_range": [
      -10,
      1000.0
    ],
    "n_phi_scan": 1200,
    "n_T_seeds": 3,
    "deltaX_target": 0.1,
    "x_eps": 0.001,
    "T_eps": 0.01,
    "deriv_order": 4,
    "phitol": 0.0001,
    "overlapAngle": 45.0,
    "Tn_Ttol": 0.01,
    "Tn_maxiter": 160,
    "include_zeroT_loops": true,
    "include_scalar_loops": true,
    "include_thermal": true,
    "include_scalar_thermal": true,
    "include_daisy": true,
    "renormalize_zeroT_loops": true,
    "thermal_approx": "spline"
  },
  "key_temperatures": {
    "Tn": 69.51771085745085,
    "Tc": 90.24733784807147,
    "Ts_false": 29.11565019530635,
    "Ts_true": 94.21159374999968,
    "S_at_Tn": 9732.085716533114,
    "S_over_Tn": 139.99433520601949,
    "false_phase_key": 2,
    "true_phase_key": 0,
    "phi_false_Tn": -5.153349487334066e-05,
    "phi_true_Tn": 234.9175214546276,
    "vTn_over_Tn": 3.3792470804502814,
    "Tc_minus_Tn_over_Tc": 0.2296979333120971
  },
  "gw_scales": {
    "gw_T_star_GeV": 69.51771085745085,
    "gw_alpha": 0.04218527948437673,
    "gw_beta_over_H": 448.63006824516316,
    "gw_v_w": 1.0,
    "gw_g_star": 106.75
  },
  "gw_peaks": {
    "sw": {
      "f_peak_mHz": 5.976960701163556,
      "f_peak_Hz": 0.005976960701163556,
      "omega_peak": 3.359374922970104e-15
    },
    "turb": {
      "f_peak_mHz": 10.23312644005646,
      "f_peak_Hz": 0.010233126440056459,
      "omega_peak": 2.440830503374512e-19
    },
    "coll": {
      "f_peak_mHz": NaN,
      "f_peak_Hz": NaN,
      "omega_peak": NaN
    },
    "total": {
      "f_peak_mHz": 5.976960701163556,
      "f_peak_Hz": 0.005976960701163556,
      "omega_peak": 3.3595890054210052e-15
    }
  },
  "gw_run_parameters": {
    "g_star": 106.75,
    "v_w": 1.0,
    "epsilon_turb": 1.0,
    "frequency_unit": "mHz"
  },
  "S3": 9733.631268885983,
  "S3_over_T": 140.01656770380754,
  "bounce_diagnostics": {
    "label": "results_eft68_c6f23p28687_c8f42_f1000_mh125_Glauber_off",
    "C": NaN,
    "Lambda_GeV": NaN,
    "finiteT": null,
    "temperature_GeV": NaN,
    "phi_metaMin": -5.153349487334066e-05,
    "phi_absMin": 234.9175214546276,
    "phi_bar": 117.32825002552796,
    "phi_top": 79.90988861547962,
    "V(phi_meta)": -60182117.02066903,
    "V(phi_true)": -80079500.97192417,
    "V(phi_top)": -58707179.82902792,
    "DeltaV_true_minus_meta": -19897383.951255143,
    "r0": 2.6862004454560773e-06,
    "phi0": 227.39509591320606,
    "dphi0": -0.06892583934495403,
    "rscale_cubic": 0.026862004454560773,
    "rscale_curv": 0.026144027304487304,
    "wall_r_hi": 0.10421337309667605,
    "wall_thickness": 0.07448684050732633,
    "S_total": 9733.631268885983,
    "S_kin": 14603.572069033673,
    "S_pot": -4869.940800147691,
    "S_interior": 0.0,
    "S3_over_T": NaN,
    "beta_rscale": 37.227303781129955,
    "beta_curvature": 38.24965551887956,
    "beta_wall": 13.425190183783437,
    "Tn_from_transitionFinder_GeV": 69.51771085745085,
    "Tc_from_transitionFinder_GeV": 90.24733784807147,
    "T_spinodal_high_GeV": NaN,
    "T_spinodal_low_GeV": NaN,
    "gw_T_star_GeV": 69.51771085745085,
    "gw_alpha": 0.04218527948437673,
    "gw_beta_over_H": 448.63006824516316,
    "gw_R_star_times_H": NaN,
    "gw_Gamma_Tstar_GeV4": NaN,
    "gw_dT_for_beta_GeV": NaN,
    "gw_f_sw_peak_Hz": NaN,
    "gw_f_turb_peak_Hz": NaN,
    "gw_f_coll_peak_Hz": NaN,
    "gw_g_star": 106.75,
    "gw_v_w": 1.0,
    "omega_sw_peak": NaN,
    "omega_turb_peak": NaN,
    "omega_coll_peak": NaN,
    "omega_tot_peak": NaN
  }
}