{
  "mean_field": {
    "v_c": 228.75206632368673,
    "T_c": 59.115062820102956,
    "v_c_over_T_c": 3.869607091847599
  },
  "current_point_fast_record": {
    "c6_over_f2_TeV2": 3.0,
    "c8_over_f4_TeV4": 4.0,
    "allowed_T0": true,
    "has_second_tree_minimum_below_f": false,
    "mean_field_vc_GeV": 228.75206632368673,
    "mean_field_Tc_GeV": 59.115062820102956,
    "mean_field_vc_over_Tc": 3.869607091847599,
    "category": 4,
    "category_label": "SFO, vc/Tc > 1.3",
    "combo_no_nucleation_guide": 6.726192,
    "combo_too_weak_guide": 3.363096,
    "expected_useful_for_full_scan": false
  },
  "physicality": {
    "lambda_tree": -0.1651970277746146,
    "mu2_tree": -1313.9025298723848,
    "a0_mean_field": 0.25267767464134644,
    "combo_TeV2": 6.726192,
    "upper_c6_over_f2_TeV2_from_Eq_2_14": 3.903481095689914,
    "passes_Eq_2_14": true,
    "passes_EFT_tree_condition_Vv_lower_than_v_to_f": true,
    "min_after_v_tree": -25028729.9567778,
    "V_tree_v": -25028782.569237486,
    "sampled_min_phi_full_zeroT": 246.08202734244747,
    "sampled_min_deltaV_full_zeroT": -25028729.9567778,
    "dV_at_v_numeric": 5.060721113066363,
    "d2V_at_v_numeric": 15625.043957514452,
    "mh2_target": 15625.0
  }
}