{
  "label": "results_eft68_c6f22p8_c8f45_f1000_mh125_Glauber_off",
  "model_parameters": {
    "c6_over_f2_TeV2": 2.8,
    "c8_over_f4_TeV4": 5.0,
    "f_GeV": 1000.0,
    "m_h": 125.0,
    "v": 246.0,
    "m_w": 80.36,
    "m_z": 91.19,
    "m_t": 173.1,
    "use_glauber_measure": false,
    "C_glauber": 0.0,
    "Lambda_glauber": 1000.0
  },
  "scan_parameters": {
    "T_min": 1.0,
    "T_max": 250.0,
    "phi_scan_range": [
      -10,
      1000.0
    ],
    "n_phi_scan": 1400,
    "n_T_seeds": 3,
    "deltaX_target": 0.1,
    "x_eps": 0.001,
    "T_eps": 0.01,
    "deriv_order": 4,
    "phitol": 1e-05,
    "overlapAngle": 45.0,
    "Tn_Ttol": 0.001,
    "Tn_maxiter": 160,
    "include_zeroT_loops": true,
    "include_scalar_loops": true,
    "include_thermal": true,
    "include_scalar_thermal": true,
    "include_daisy": false,
    "renormalize_zeroT_loops": true,
    "thermal_approx": "spline"
  },
  "key_temperatures": {
    "Tn": 80.59003632362942,
    "Tc": 93.55398263422569,
    "Ts_false": 56.792875585933494,
    "Ts_true": 94.83360742187467,
    "S_at_Tn": 11282.5728292467,
    "S_over_Tn": 139.99959975124852,
    "false_phase_key": 2,
    "true_phase_key": 0,
    "phi_false_Tn": -3.943065481357581e-05,
    "phi_true_Tn": 225.4845436547169,
    "vTn_over_Tn": 2.797920858966081,
    "Tc_minus_Tn_over_Tc": 0.1385718271479931
  },
  "gw_scales": {
    "gw_T_star_GeV": 80.59003632362942,
    "gw_alpha": 0.02326621133205281,
    "gw_beta_over_H": 1292.5509693352406,
    "gw_v_w": 1.0,
    "gw_g_star": 106.75
  },
  "gw_peaks": {
    "sw": {
      "f_peak_mHz": 20.0516943288031,
      "f_peak_Hz": 0.0200516943288031,
      "omega_peak": 7.738817226349581e-17
    },
    "turb": {
      "f_peak_mHz": 34.218985801216256,
      "f_peak_Hz": 0.03421898580121625,
      "omega_peak": 5.622796005102935e-21
    },
    "coll": {
      "f_peak_mHz": NaN,
      "f_peak_Hz": NaN,
      "omega_peak": NaN
    },
    "total": {
      "f_peak_mHz": 20.0516943288031,
      "f_peak_Hz": 0.0200516943288031,
      "omega_peak": 7.739311459408684e-17
    }
  },
  "gw_run_parameters": {
    "g_star": 106.75,
    "v_w": 1.0,
    "epsilon_turb": 1.0,
    "frequency_unit": "mHz"
  },
  "S3": 11272.831732388742,
  "S3_over_T": 139.87872752805163,
  "bounce_diagnostics": {
    "label": "results_eft68_c6f22p8_c8f45_f1000_mh125_Glauber_off",
    "C": NaN,
    "Lambda_GeV": NaN,
    "finiteT": null,
    "temperature_GeV": NaN,
    "phi_metaMin": -3.943065481357581e-05,
    "phi_absMin": 225.4845436547169,
    "phi_bar": 115.81301221518167,
    "phi_top": 77.27297722536466,
    "V(phi_meta)": -107893611.42668039,
    "V(phi_true)": -121568907.94223285,
    "V(phi_top)": -106691434.39694735,
    "DeltaV_true_minus_meta": -13675296.515552461,
    "r0": 2.877186600133526e-06,
    "phi0": 219.61653512736967,
    "dphi0": -0.044511962833961874,
    "rscale_cubic": 0.02877186600133526,
    "rscale_curv": 0.02732110889267985,
    "wall_r_hi": 0.12017457411286699,
    "wall_thickness": 0.0826780130025972,
    "S_total": 11272.831732388742,
    "S_kin": 16918.624696161918,
    "S_pot": -5645.792963773174,
    "S_interior": 0.0,
    "S3_over_T": NaN,
    "beta_rscale": 34.756174658730565,
    "beta_curvature": 36.60173450347726,
    "beta_wall": 12.095114089988915,
    "Tn_from_transitionFinder_GeV": 80.59003632362942,
    "Tc_from_transitionFinder_GeV": 93.55398263422569,
    "T_spinodal_high_GeV": NaN,
    "T_spinodal_low_GeV": NaN,
    "gw_T_star_GeV": 80.59003632362942,
    "gw_alpha": 0.02326621133205281,
    "gw_beta_over_H": 1292.5509693352406,
    "gw_R_star_times_H": NaN,
    "gw_Gamma_Tstar_GeV4": NaN,
    "gw_dT_for_beta_GeV": NaN,
    "gw_f_sw_peak_Hz": NaN,
    "gw_f_turb_peak_Hz": NaN,
    "gw_f_coll_peak_Hz": NaN,
    "gw_g_star": 106.75,
    "gw_v_w": 1.0,
    "omega_sw_peak": NaN,
    "omega_turb_peak": NaN,
    "omega_coll_peak": NaN,
    "omega_tot_peak": NaN
  }
}