{
  "label": "results_eft68_c6f20_c8f40_f785p426_mh125_Glauber_C6p48409_Lambda2000",
  "model_parameters": {
    "c6_over_f2_TeV2": 0.0,
    "c8_over_f4_TeV4": 0.0,
    "f_GeV": 785.4263154622971,
    "m_h": 125.0,
    "v": 246.0,
    "m_w": 80.36,
    "m_z": 91.19,
    "m_t": 173.1,
    "use_glauber_measure": true,
    "C_glauber": 6.484090909090909,
    "Lambda_glauber": 2000.0
  },
  "scan_parameters": {
    "T_min": 1.0,
    "T_max": 250.0,
    "phi_scan_range": [
      -10.0,
      785.4263154622971
    ],
    "n_phi_scan": 1200,
    "n_T_seeds": 3,
    "deltaX_target": 0.1,
    "x_eps": 0.001,
    "T_eps": 0.01,
    "deriv_order": 4,
    "phitol": 1e-05,
    "overlapAngle": 45.0,
    "Tn_Ttol": 0.001,
    "Tn_maxiter": 160,
    "include_zeroT_loops": true,
    "include_scalar_loops": true,
    "include_thermal": true,
    "include_scalar_thermal": true,
    "include_daisy": true,
    "renormalize_zeroT_loops": true,
    "thermal_approx": "spline"
  },
  "key_temperatures": {
    "Tn": 72.95408737203067,
    "Tc": 86.60473008570001,
    "Ts_false": 59.357526953121116,
    "Ts_true": 96.43994921874966,
    "S_at_Tn": 10213.60419446637,
    "S_over_Tn": 140.00043811639932,
    "false_phase_key": 1,
    "true_phase_key": 0,
    "phi_false_Tn": -0.0011193740643605065,
    "phi_true_Tn": 233.45753271559946,
    "vTn_over_Tn": 3.2000610401042864,
    "Tc_minus_Tn_over_Tc": 0.15762005955288239
  },
  "gw_scales": {
    "gw_T_star_GeV": 72.95408737203067,
    "gw_alpha": 0.03735643831562185,
    "gw_beta_over_H": 1216.2941206196886,
    "gw_v_w": 1.0,
    "gw_g_star": 106.75
  },
  "gw_peaks": {
    "sw": {
      "f_peak_mHz": 16.989939270866806,
      "f_peak_Hz": 0.016989939270866807,
      "omega_peak": 3.2731051860352967e-16
    },
    "turb": {
      "f_peak_mHz": 29.088395500712377,
      "f_peak_Hz": 0.029088395500712377,
      "omega_peak": 2.3781718887142565e-20
    },
    "coll": {
      "f_peak_mHz": NaN,
      "f_peak_Hz": NaN,
      "omega_peak": NaN
    },
    "total": {
      "f_peak_mHz": 16.989939270866806,
      "f_peak_Hz": 0.016989939270866807,
      "omega_peak": 3.2733136804857273e-16
    }
  },
  "gw_run_parameters": {
    "g_star": 106.75,
    "v_w": 1.0,
    "epsilon_turb": 1.0,
    "frequency_unit": "mHz"
  },
  "S3": 10201.276855943712,
  "S3_over_T": 139.8314641909249,
  "bounce_diagnostics": {
    "label": "results_eft68_c6f20_c8f40_f785p426_mh125_Glauber_C6p48409_Lambda2000",
    "C": NaN,
    "Lambda_GeV": NaN,
    "finiteT": null,
    "temperature_GeV": NaN,
    "phi_metaMin": -0.0011193740643605065,
    "phi_absMin": 233.45753271559946,
    "phi_bar": 117.77801260994185,
    "phi_top": 80.27335429069056,
    "V(phi_meta)": -80404441.18709724,
    "V(phi_true)": -97102958.3363708,
    "V(phi_top)": -79375616.25075033,
    "DeltaV_true_minus_meta": -16698517.14927356,
    "r0": 3.2309564225228296e-06,
    "phi0": 227.3166325644533,
    "dphi0": -0.06390391809911215,
    "rscale_cubic": 0.03230956422522829,
    "rscale_curv": 0.03057839747244307,
    "wall_r_hi": 0.11633028065733725,
    "wall_thickness": 0.08263297177951234,
    "S_total": 10201.276855943712,
    "S_kin": 15298.264759416721,
    "S_pot": -5096.987903473009,
    "S_interior": 0.0,
    "S3_over_T": NaN,
    "beta_rscale": 30.950587665901402,
    "beta_curvature": 32.70277965183325,
    "beta_wall": 12.101706842497169,
    "Tn_from_transitionFinder_GeV": 72.95408737203067,
    "Tc_from_transitionFinder_GeV": 86.60473008570001,
    "T_spinodal_high_GeV": NaN,
    "T_spinodal_low_GeV": NaN,
    "gw_T_star_GeV": 72.95408737203067,
    "gw_alpha": 0.03735643831562185,
    "gw_beta_over_H": 1216.2941206196886,
    "gw_R_star_times_H": NaN,
    "gw_Gamma_Tstar_GeV4": NaN,
    "gw_dT_for_beta_GeV": NaN,
    "gw_f_sw_peak_Hz": NaN,
    "gw_f_turb_peak_Hz": NaN,
    "gw_f_coll_peak_Hz": NaN,
    "gw_g_star": 106.75,
    "gw_v_w": 1.0,
    "omega_sw_peak": NaN,
    "omega_turb_peak": NaN,
    "omega_coll_peak": NaN,
    "omega_tot_peak": NaN
  }
}