{
  "label": "results_eft68_c6f20_c8f40_f516p398_mh125_Glauber_C3p75_Lambda1000",
  "model_parameters": {
    "c6_over_f2_TeV2": 0.0,
    "c8_over_f4_TeV4": 0.0,
    "f_GeV": 516.3977794943222,
    "m_h": 125.0,
    "v": 246.0,
    "m_w": 80.36,
    "m_z": 91.19,
    "m_t": 173.1,
    "use_glauber_measure": true,
    "C_glauber": 3.75,
    "Lambda_glauber": 1000.0
  },
  "derived_tree_coefficients": {
    "glauber_scheme": "counterterm_subtracted",
    "lambda_tree": 0.12909808976138543,
    "mu2_tree_GeV2": 7812.5,
    "a0_mean_field": 0.3998252334093464,
    "glauber_t0": 0.226935,
    "glauber_lambda_shift": 0.0,
    "glauber_mu2_shift_after_lambda_GeV2": 0.0,
    "lambda_tree_raw_glauber_equivalent": -0.4669355559751253,
    "mu2_tree_raw_glauber_equivalent_GeV2": 94615.66131895484,
    "combo_TeV2": 0.0
  },
  "scan_parameters": {
    "T_min": 1.0,
    "T_max": 250.0,
    "phi_scan_range": [
      -10,
      516.3977794943222
    ],
    "n_phi_scan": 1400,
    "n_T_seeds": 3,
    "deltaX_target": 0.1,
    "x_eps": 0.001,
    "T_eps": 0.01,
    "deriv_order": 4,
    "phitol": 0.0001,
    "overlapAngle": 45.0,
    "Tn_Ttol": 0.01,
    "Tn_maxiter": 160,
    "include_zeroT_loops": true,
    "include_scalar_loops": true,
    "include_thermal": true,
    "include_scalar_thermal": true,
    "include_daisy": false,
    "renormalize_zeroT_loops": true,
    "thermal_approx": "spline"
  },
  "key_temperatures": {
    "Tn": 62.0212524804839,
    "Tc": 79.82655358721699,
    "Ts_false": 47.57394238280807,
    "Ts_true": 91.37921874999975,
    "S_at_Tn": 8676.5560094043,
    "S_over_Tn": 139.89649777122017,
    "false_phase_key": 1,
    "true_phase_key": 0,
    "phi_false_Tn": -0.0003152279265681233,
    "phi_true_Tn": 238.7842071302706,
    "vTn_over_Tn": 3.8500384558568586,
    "Tc_minus_Tn_over_Tc": 0.22304985379682404
  },
  "gw_scales": {
    "gw_T_star_GeV": 62.0212524804839,
    "gw_alpha": 0.06586884172771398,
    "gw_beta_over_H": 842.3711982792597,
    "gw_v_w": 1.0,
    "gw_g_star": 106.75
  },
  "gw_peaks": {
    "sw": {
      "f_peak_mHz": 10.046181046515878,
      "f_peak_Hz": 0.010046181046515877,
      "omega_peak": 3.1675112211960534e-15
    },
    "turb": {
      "f_peak_mHz": 17.14419345069353,
      "f_peak_Hz": 0.01714419345069353,
      "omega_peak": 2.301411620311772e-19
    },
    "coll": {
      "f_peak_mHz": NaN,
      "f_peak_Hz": NaN,
      "omega_peak": NaN
    },
    "total": {
      "f_peak_mHz": 10.046181046515878,
      "f_peak_Hz": 0.010046181046515877,
      "omega_peak": 3.1677134055891952e-15
    }
  },
  "gw_run_parameters": {
    "g_star": 106.75,
    "v_w": 1.0,
    "epsilon_turb": 1.0,
    "frequency_unit": "mHz"
  },
  "S3": 8676.604421021995,
  "S3_over_T": 139.89727833620006,
  "bounce_diagnostics": {
    "label": "results_eft68_c6f20_c8f40_f516p398_mh125_Glauber_C3p75_Lambda1000",
    "C": NaN,
    "Lambda_GeV": NaN,
    "finiteT": null,
    "temperature_GeV": NaN,
    "phi_metaMin": -0.0003152279265681233,
    "phi_absMin": 238.7842071302706,
    "phi_bar": 112.6607019052404,
    "phi_top": 77.71781881626279,
    "V(phi_meta)": -42703313.049265414,
    "V(phi_true)": -62444504.41905816,
    "V(phi_top)": -41868048.896414086,
    "DeltaV_true_minus_meta": -19741191.369792745,
    "r0": 3.4716410756909603e-06,
    "phi0": 229.7247708385943,
    "dphi0": -0.11017530368020678,
    "rscale_cubic": 0.0347164107569096,
    "rscale_curv": 0.03208847330866751,
    "wall_r_hi": 0.1110632034934102,
    "wall_thickness": 0.08438284872205092,
    "S_total": 8676.604421021995,
    "S_kin": 13020.63322195904,
    "S_pot": -4344.028800937046,
    "S_interior": 0.0,
    "S3_over_T": NaN,
    "beta_rscale": 28.80482106869214,
    "beta_curvature": 31.163832877043102,
    "beta_wall": 11.850749472726442,
    "Tn_from_transitionFinder_GeV": 62.0212524804839,
    "Tc_from_transitionFinder_GeV": 79.82655358721699,
    "T_spinodal_high_GeV": NaN,
    "T_spinodal_low_GeV": NaN,
    "gw_T_star_GeV": 62.0212524804839,
    "gw_alpha": 0.06586884172771398,
    "gw_beta_over_H": 842.3711982792597,
    "gw_R_star_times_H": NaN,
    "gw_Gamma_Tstar_GeV4": NaN,
    "gw_dT_for_beta_GeV": NaN,
    "gw_f_sw_peak_Hz": NaN,
    "gw_f_turb_peak_Hz": NaN,
    "gw_f_coll_peak_Hz": NaN,
    "gw_g_star": 106.75,
    "gw_v_w": 1.0,
    "omega_sw_peak": NaN,
    "omega_turb_peak": NaN,
    "omega_coll_peak": NaN,
    "omega_tot_peak": NaN
  }
}