{
  "mean_field": {
    "v_c": null,
    "T_c": null,
    "v_c_over_T_c": null
  },
  "tree_level_coefficients": {
    "glauber_scheme": "counterterm_subtracted",
    "lambda_tree": 0.12909808976138543,
    "mu2_tree_GeV2": 7812.5,
    "a0_mean_field": 0.3998252334093464,
    "glauber_t0": 0.09455625,
    "glauber_lambda_shift": 0.0,
    "glauber_mu2_shift_after_lambda_GeV2": 0.0,
    "lambda_tree_raw_glauber_equivalent": -1.077818751394807,
    "mu2_tree_raw_glauber_equivalent_GeV2": 634163.7192211468,
    "combo_TeV2": 0.0
  },
  "physicality_tree_level": {
    "glauber_scheme": "counterterm_subtracted",
    "lambda_tree": 0.12909808976138543,
    "mu2_tree_GeV2": 7812.5,
    "a0_mean_field": 0.3998252334093464,
    "glauber_t0": 0.09455625,
    "glauber_lambda_shift": 0.0,
    "glauber_mu2_shift_after_lambda_GeV2": 0.0,
    "lambda_tree_raw_glauber_equivalent": -1.077818751394807,
    "mu2_tree_raw_glauber_equivalent_GeV2": 634163.7192211468,
    "combo_TeV2": 0.0,
    "upper_c6_over_f2_TeV2_from_Eq_2_14": 4.266577095689914,
    "Eq_2_14_is_pure_EFT68_only": true,
    "passes_Eq_2_14": true,
    "passes_EFT_tree_condition_Vv_lower_than_v_to_f": true,
    "min_after_v_tree_total": -46827244.73641628,
    "V_tree_total_v": -46827607.962770045,
    "V_tree_polynomial_v": -118195312.5,
    "sampled_min_phi_full_zeroT": 245.94864954984996,
    "sampled_min_deltaV_full_zeroT": -46827587.372129396,
    "dV_at_v_numeric": 4.42370030332387,
    "d2V_at_v_numeric": 15625.037411232131,
    "mh2_target": 15625.0
  },
  "physicality_full_zeroT": {
    "glauber_scheme": "counterterm_subtracted",
    "lambda_tree": 0.12909808976138543,
    "mu2_tree_GeV2": 7812.5,
    "a0_mean_field": 0.3998252334093464,
    "glauber_t0": 0.09455625,
    "glauber_lambda_shift": 0.0,
    "glauber_mu2_shift_after_lambda_GeV2": 0.0,
    "lambda_tree_raw_glauber_equivalent": -1.077818751394807,
    "mu2_tree_raw_glauber_equivalent_GeV2": 634163.7192211468,
    "combo_TeV2": 0.0,
    "upper_c6_over_f2_TeV2_from_Eq_2_14": 4.266577095689914,
    "Eq_2_14_is_pure_EFT68_only": true,
    "passes_Eq_2_14": true,
    "passes_EFT_tree_condition_Vv_lower_than_v_to_f": true,
    "min_after_v_tree_total": -46827244.73641628,
    "V_tree_total_v": -46827607.962770045,
    "V_tree_polynomial_v": -118195312.5,
    "sampled_min_phi_full_zeroT": 245.94864954984996,
    "sampled_min_deltaV_full_zeroT": -56003385.6417841,
    "dV_at_v_numeric": 4.311067392913307,
    "d2V_at_v_numeric": 15625.03718223352,
    "mh2_target": 15625.0
  }
}