{
  "label": "results_eft68_c6f23p25_c8f40_f1000_mh125_Glauber_C1_Lambda1000",
  "model_parameters": {
    "c6_over_f2_TeV2": 3.25,
    "c8_over_f4_TeV4": 0.0,
    "f_GeV": 1000.0,
    "m_h": 125.0,
    "v": 246.0,
    "m_w": 80.36,
    "m_z": 91.19,
    "m_t": 173.1,
    "use_glauber_measure": true,
    "C_glauber": 1.0,
    "Lambda_glauber": 1000.0
  },
  "derived_tree_coefficients": {
    "glauber_scheme": "counterterm_subtracted",
    "lambda_tree": -0.16591741023861456,
    "mu2_tree_GeV2": -1114.0789989999994,
    "a0_mean_field": 0.2523174834093464,
    "glauber_t0": 0.060516,
    "glauber_lambda_shift": 0.0,
    "glauber_mu2_shift_after_lambda_GeV2": 0.0,
    "lambda_tree_raw_glauber_equivalent": -0.19461606150277785,
    "mu2_tree_raw_glauber_equivalent_GeV2": 24111.11710535909,
    "combo_TeV2": 6.5
  },
  "scan_parameters": {
    "T_min": 1.0,
    "T_max": 250.0,
    "phi_scan_range": [
      -10.0,
      1000.0
    ],
    "n_phi_scan": 1200,
    "n_T_seeds": 3,
    "deltaX_target": 0.1,
    "x_eps": 0.001,
    "T_eps": 0.01,
    "deriv_order": 4,
    "phitol": 0.0001,
    "overlapAngle": 45.0,
    "Tn_Ttol": 0.01,
    "Tn_maxiter": 160,
    "include_zeroT_loops": true,
    "include_scalar_loops": true,
    "include_thermal": true,
    "include_scalar_thermal": true,
    "include_daisy": false,
    "renormalize_zeroT_loops": true,
    "thermal_approx": "spline"
  },
  "key_temperatures": {
    "Tn": 76.28346784830332,
    "Tc": 91.87594673599247,
    "Ts_false": 46.322911914057514,
    "Ts_true": 94.79178320312467,
    "S_at_Tn": 10674.551999694335,
    "S_over_Tn": 139.93270495937156,
    "false_phase_key": 2,
    "true_phase_key": 0,
    "phi_false_Tn": -0.00019083152940342683,
    "phi_true_Tn": 229.606854336237,
    "vTn_over_Tn": 3.0099163136216007,
    "Tc_minus_Tn_over_Tc": 0.16971230710138402
  },
  "gw_scales": {
    "gw_T_star_GeV": 76.28346784830332,
    "gw_alpha": 0.02946094181287765,
    "gw_beta_over_H": 863.4414507500048,
    "gw_v_w": 1.0,
    "gw_g_star": 106.75
  },
  "gw_peaks": {
    "sw": {
      "f_peak_mHz": 12.688769735470949,
      "f_peak_Hz": 0.012688769735470949,
      "omega_peak": 3.3620491225058133e-16
    },
    "turb": {
      "f_peak_mHz": 21.724383271678267,
      "f_peak_Hz": 0.021724383271678267,
      "omega_peak": 2.4427380595806778e-20
    },
    "coll": {
      "f_peak_mHz": NaN,
      "f_peak_Hz": NaN,
      "omega_peak": NaN
    },
    "total": {
      "f_peak_mHz": 12.688769735470949,
      "f_peak_Hz": 0.012688769735470949,
      "omega_peak": 3.3622639182377093e-16
    }
  },
  "gw_run_parameters": {
    "g_star": 106.75,
    "v_w": 1.0,
    "epsilon_turb": 1.0,
    "frequency_unit": "mHz"
  },
  "S3": 10674.228400935217,
  "S3_over_T": 139.92846290315356,
  "bounce_diagnostics": {
    "label": "results_eft68_c6f23p25_c8f40_f1000_mh125_Glauber_C1_Lambda1000",
    "C": NaN,
    "Lambda_GeV": NaN,
    "finiteT": null,
    "temperature_GeV": NaN,
    "phi_metaMin": -0.00019083152940342683,
    "phi_absMin": 229.606854336237,
    "phi_bar": 116.98958923075516,
    "phi_top": 78.47178444304797,
    "V(phi_meta)": -86476897.20043293,
    "V(phi_true)": -102726168.56988505,
    "V(phi_top)": -85107046.19822885,
    "DeltaV_true_minus_meta": -16249271.369452119,
    "r0": 2.7371732912625713e-06,
    "phi0": 223.30218806600712,
    "dphi0": -0.05161999476787256,
    "rscale_cubic": 0.02737173291262571,
    "rscale_curv": 0.025919666152206682,
    "wall_r_hi": 0.11234606790798164,
    "wall_thickness": 0.0780569901826299,
    "S_total": 10674.228400935217,
    "S_kin": 16021.65196114689,
    "S_pot": -5347.423560211671,
    "S_interior": 0.0,
    "S3_over_T": NaN,
    "beta_rscale": 36.53404054438701,
    "beta_curvature": 38.580746233561705,
    "beta_wall": 12.811152436960489,
    "Tn_from_transitionFinder_GeV": 76.28346784830332,
    "Tc_from_transitionFinder_GeV": 91.87594673599247,
    "T_spinodal_high_GeV": NaN,
    "T_spinodal_low_GeV": NaN,
    "gw_T_star_GeV": 76.28346784830332,
    "gw_alpha": 0.02946094181287765,
    "gw_beta_over_H": 863.4414507500048,
    "gw_R_star_times_H": NaN,
    "gw_Gamma_Tstar_GeV4": NaN,
    "gw_dT_for_beta_GeV": NaN,
    "gw_f_sw_peak_Hz": NaN,
    "gw_f_turb_peak_Hz": NaN,
    "gw_f_coll_peak_Hz": NaN,
    "gw_g_star": 106.75,
    "gw_v_w": 1.0,
    "omega_sw_peak": NaN,
    "omega_turb_peak": NaN,
    "omega_coll_peak": NaN,
    "omega_tot_peak": NaN
  }
}