{
  "label": "results_eft68_c6f21_c8f40_f1000_mh125_Glauber_C3p50333_Lambda1000",
  "model_parameters": {
    "c6_over_f2_TeV2": 1.0,
    "c8_over_f4_TeV4": 0.0,
    "f_GeV": 1000.0,
    "m_h": 125.0,
    "v": 246.0,
    "m_w": 80.36,
    "m_z": 91.19,
    "m_t": 173.1,
    "use_glauber_measure": true,
    "C_glauber": 3.503333333333333,
    "Lambda_glauber": 1000.0
  },
  "derived_tree_coefficients": {
    "glauber_scheme": "counterterm_subtracted",
    "lambda_tree": 0.03832408976138542,
    "mu2_tree_GeV2": 5065.860308,
    "a0_mean_field": 0.3544382334093464,
    "glauber_t0": 0.21200771999999998,
    "glauber_lambda_shift": 0.0,
    "glauber_mu2_shift_after_lambda_GeV2": 0.0,
    "lambda_tree_raw_glauber_equivalent": -0.46235477689977295,
    "mu2_tree_raw_glauber_equivalent_GeV2": 87382.69095932045,
    "combo_TeV2": 2.0
  },
  "scan_parameters": {
    "T_min": 1.0,
    "T_max": 250.0,
    "phi_scan_range": [
      -10.0,
      534.2681309749366
    ],
    "n_phi_scan": 1200,
    "n_T_seeds": 3,
    "deltaX_target": 0.1,
    "x_eps": 0.001,
    "T_eps": 0.01,
    "deriv_order": 4,
    "phitol": 0.0001,
    "overlapAngle": 45.0,
    "Tn_Ttol": 0.01,
    "Tn_maxiter": 160,
    "include_zeroT_loops": true,
    "include_scalar_loops": true,
    "include_thermal": true,
    "include_scalar_thermal": true,
    "include_daisy": false,
    "renormalize_zeroT_loops": true,
    "thermal_approx": "spline"
  },
  "key_temperatures": {
    "Tn": 41.172345053189886,
    "Tc": 76.18725946505327,
    "Ts_false": 8.566244335932241,
    "Ts_true": 90.83988085937476,
    "S_at_Tn": 5764.3123157960545,
    "S_over_Tn": 140.00446922197978,
    "false_phase_key": 1,
    "true_phase_key": 0,
    "phi_false_Tn": -0.0003974429816059654,
    "phi_true_Tn": 244.3122753465249,
    "vTn_over_Tn": 5.933892641551066,
    "Tc_minus_Tn_over_Tc": 0.4595901553320022
  },
  "gw_scales": {
    "gw_T_star_GeV": 41.172345053189886,
    "gw_alpha": 0.3236675772277525,
    "gw_beta_over_H": 123.52093210695614,
    "gw_v_w": 1.0,
    "gw_g_star": 106.75
  },
  "gw_peaks": {
    "sw": {
      "f_peak_mHz": 0.9753435838145139,
      "f_peak_Hz": 0.0009753435838145139,
      "omega_peak": 6.790099559144196e-12
    },
    "turb": {
      "f_peak_mHz": 1.6698811845506574,
      "f_peak_Hz": 0.0016698811845506573,
      "omega_peak": 4.933471013266123e-16
    },
    "coll": {
      "f_peak_mHz": NaN,
      "f_peak_Hz": NaN,
      "omega_peak": NaN
    },
    "total": {
      "f_peak_mHz": 0.9753435838145139,
      "f_peak_Hz": 0.0009753435838145139,
      "omega_peak": 6.790532421693116e-12
    }
  },
  "gw_run_parameters": {
    "g_star": 106.75,
    "v_w": 1.0,
    "epsilon_turb": 1.0,
    "frequency_unit": "mHz"
  },
  "S3": 5764.312124959086,
  "S3_over_T": 140.00446458690328,
  "bounce_diagnostics": {
    "label": "results_eft68_c6f21_c8f40_f1000_mh125_Glauber_C3p50333_Lambda1000",
    "C": NaN,
    "Lambda_GeV": NaN,
    "finiteT": null,
    "temperature_GeV": NaN,
    "phi_metaMin": -0.0003974429816059654,
    "phi_absMin": 244.3122753465249,
    "phi_bar": 97.41000078254369,
    "phi_top": 67.81908651676461,
    "V(phi_meta)": -8787646.231646998,
    "V(phi_true)": -36964106.60134484,
    "V(phi_top)": -8198480.506102016,
    "DeltaV_true_minus_meta": -28176460.36969784,
    "r0": 3.6071160816192174e-06,
    "phi0": 221.67649628326407,
    "dphi0": -0.2770652840739946,
    "rscale_cubic": 0.036071160816192174,
    "rscale_curv": 0.032174460520952824,
    "wall_r_hi": 0.09725782315485709,
    "wall_thickness": 0.09046642582818448,
    "S_total": 5764.312124959086,
    "S_kin": 8640.267510489015,
    "S_pot": -2875.955385529928,
    "S_interior": 0.0,
    "S3_over_T": NaN,
    "beta_rscale": 27.7229780626052,
    "beta_curvature": 31.080545446426367,
    "beta_wall": 11.05382456359245,
    "Tn_from_transitionFinder_GeV": 41.172345053189886,
    "Tc_from_transitionFinder_GeV": 76.18725946505327,
    "T_spinodal_high_GeV": NaN,
    "T_spinodal_low_GeV": NaN,
    "gw_T_star_GeV": 41.172345053189886,
    "gw_alpha": 0.3236675772277525,
    "gw_beta_over_H": 123.52093210695614,
    "gw_R_star_times_H": NaN,
    "gw_Gamma_Tstar_GeV4": NaN,
    "gw_dT_for_beta_GeV": NaN,
    "gw_f_sw_peak_Hz": NaN,
    "gw_f_turb_peak_Hz": NaN,
    "gw_f_coll_peak_Hz": NaN,
    "gw_g_star": 106.75,
    "gw_v_w": 1.0,
    "omega_sw_peak": NaN,
    "omega_turb_peak": NaN,
    "omega_coll_peak": NaN,
    "omega_tot_peak": NaN
  }
}