{
  "label": "results_eft68_c6f23p51111_c8f40_f1000_mh125_Glauber_off",
  "model_parameters": {
    "c6_over_f2_TeV2": 3.511111111111111,
    "c8_over_f4_TeV4": 0.0,
    "f_GeV": 1000.0,
    "m_h": 125.0,
    "v": 246.0,
    "m_w": 80.36,
    "m_z": 91.19,
    "m_t": 173.1,
    "use_glauber_measure": false,
    "C_glauber": 0.0,
    "Lambda_glauber": 1000.0
  },
  "derived_tree_coefficients": {
    "glauber_scheme": "counterterm_subtracted",
    "lambda_tree": -0.18961951023861456,
    "mu2_tree_GeV2": -1831.2571407999985,
    "a0_mean_field": 0.2404664334093464,
    "glauber_t0": 0.0,
    "glauber_lambda_shift": 0.0,
    "glauber_mu2_shift_after_lambda_GeV2": 0.0,
    "lambda_tree_raw_glauber_equivalent": -0.18961951023861456,
    "mu2_tree_raw_glauber_equivalent_GeV2": -1831.2571407999985,
    "combo_TeV2": 7.022222222222222
  },
  "scan_parameters": {
    "T_min": 1.0,
    "T_max": 250.0,
    "phi_scan_range": [
      -10,
      1000.0
    ],
    "n_phi_scan": 1200,
    "n_T_seeds": 3,
    "deltaX_target": 0.1,
    "x_eps": 0.001,
    "T_eps": 0.01,
    "deriv_order": 4,
    "phitol": 0.0001,
    "overlapAngle": 45.0,
    "Tn_Ttol": 0.01,
    "Tn_maxiter": 160,
    "include_zeroT_loops": true,
    "include_scalar_loops": true,
    "include_thermal": true,
    "include_scalar_thermal": true,
    "include_daisy": false,
    "renormalize_zeroT_loops": true,
    "thermal_approx": "spline"
  },
  "key_temperatures": {
    "Tn": 63.05618751082908,
    "Tc": 87.47194105625192,
    "Ts_false": 12.726830078119564,
    "Ts_true": 92.7088398437497,
    "S_at_Tn": 8828.05290990965,
    "S_over_Tn": 140.00296019155212,
    "false_phase_key": 2,
    "true_phase_key": 0,
    "phi_false_Tn": -4.443622151000513e-05,
    "phi_true_Tn": 237.95996479814735,
    "vTn_over_Tn": 3.7737765981693836,
    "Tc_minus_Tn_over_Tc": 0.27912669194938095
  },
  "gw_scales": {
    "gw_T_star_GeV": 63.05618751082908,
    "gw_alpha": 0.06306968935765148,
    "gw_beta_over_H": 473.7509969074764,
    "gw_v_w": 1.0,
    "gw_g_star": 106.75
  },
  "gw_peaks": {
    "sw": {
      "f_peak_mHz": 5.707733927270761,
      "f_peak_Hz": 0.005707733927270761,
      "omega_peak": 8.923172153743877e-15
    },
    "turb": {
      "f_peak_mHz": 9.772184540646425,
      "f_peak_Hz": 0.009772184540646425,
      "omega_peak": 6.483591532463224e-19
    },
    "coll": {
      "f_peak_mHz": NaN,
      "f_peak_Hz": NaN,
      "omega_peak": NaN
    },
    "total": {
      "f_peak_mHz": 5.707733927270761,
      "f_peak_Hz": 0.005707733927270761,
      "omega_peak": 8.923739983415433e-15
    }
  },
  "gw_run_parameters": {
    "g_star": 106.75,
    "v_w": 1.0,
    "epsilon_turb": 1.0,
    "frequency_unit": "mHz"
  },
  "S3": 8827.381051491679,
  "S3_over_T": 139.99230527496908,
  "bounce_diagnostics": {
    "label": "results_eft68_c6f23p51111_c8f40_f1000_mh125_Glauber_off",
    "C": NaN,
    "Lambda_GeV": NaN,
    "finiteT": null,
    "temperature_GeV": NaN,
    "phi_metaMin": -4.443622151000513e-05,
    "phi_absMin": 237.95996479814735,
    "phi_bar": 115.6078389696718,
    "phi_top": 78.73232953769062,
    "V(phi_meta)": -40026973.345186576,
    "V(phi_true)": -62931702.49356358,
    "V(phi_top)": -38544597.16105189,
    "DeltaV_true_minus_meta": -22904729.148377,
    "r0": 2.6399670537398307e-06,
    "phi0": 228.7159418664154,
    "dphi0": -0.08887048458480054,
    "rscale_cubic": 0.026399670537398306,
    "rscale_curv": 0.02557567121545392,
    "wall_r_hi": 0.09846249324156778,
    "wall_thickness": 0.0727469488875876,
    "S_total": 8827.381051491679,
    "S_kin": 13263.961377739017,
    "S_pot": -4436.580326247338,
    "S_interior": 0.0,
    "S3_over_T": NaN,
    "beta_rscale": 37.87926059847526,
    "beta_curvature": 39.09965775907841,
    "beta_wall": 13.746280982110362,
    "Tn_from_transitionFinder_GeV": 63.05618751082908,
    "Tc_from_transitionFinder_GeV": 87.47194105625192,
    "T_spinodal_high_GeV": NaN,
    "T_spinodal_low_GeV": NaN,
    "gw_T_star_GeV": 63.05618751082908,
    "gw_alpha": 0.06306968935765148,
    "gw_beta_over_H": 473.7509969074764,
    "gw_R_star_times_H": NaN,
    "gw_Gamma_Tstar_GeV4": NaN,
    "gw_dT_for_beta_GeV": NaN,
    "gw_f_sw_peak_Hz": NaN,
    "gw_f_turb_peak_Hz": NaN,
    "gw_f_coll_peak_Hz": NaN,
    "gw_g_star": 106.75,
    "gw_v_w": 1.0,
    "omega_sw_peak": NaN,
    "omega_turb_peak": NaN,
    "omega_coll_peak": NaN,
    "omega_tot_peak": NaN
  }
}