{
  "label": "results_eft68_c6f20_c8f40_f785p913_mh125_Glauber_C6p47606_Lambda2000",
  "model_parameters": {
    "c6_over_f2_TeV2": 0.0,
    "c8_over_f4_TeV4": 0.0,
    "f_GeV": 785.913128177884,
    "m_h": 125.0,
    "v": 246.0,
    "m_w": 80.36,
    "m_z": 91.19,
    "m_t": 173.1,
    "use_glauber_measure": true,
    "C_glauber": 6.4760606060606065,
    "Lambda_glauber": 2000.0
  },
  "derived_tree_coefficients": {
    "glauber_scheme": "counterterm_subtracted",
    "lambda_tree": 0.12909808976138543,
    "mu2_tree_GeV2": 7812.5,
    "a0_mean_field": 0.3998252334093464,
    "glauber_t0": 0.09797632090909092,
    "glauber_lambda_shift": 0.0,
    "glauber_mu2_shift_after_lambda_GeV2": 0.0,
    "lambda_tree_raw_glauber_equivalent": -1.1765501734512995,
    "mu2_tree_raw_glauber_equivalent_GeV2": 656233.2610832935,
    "combo_TeV2": 0.0
  },
  "scan_parameters": {
    "T_min": 1.0,
    "T_max": 250.0,
    "phi_scan_range": [
      -10.0,
      785.913128177884
    ],
    "n_phi_scan": 1200,
    "n_T_seeds": 3,
    "deltaX_target": 0.1,
    "x_eps": 0.001,
    "T_eps": 0.01,
    "deriv_order": 4,
    "phitol": 0.0001,
    "overlapAngle": 45.0,
    "Tn_Ttol": 0.01,
    "Tn_maxiter": 160,
    "include_zeroT_loops": true,
    "include_scalar_loops": true,
    "include_thermal": true,
    "include_scalar_thermal": true,
    "include_daisy": true,
    "renormalize_zeroT_loops": true,
    "thermal_approx": "spline"
  },
  "key_temperatures": {
    "Tn": 73.44660025574684,
    "Tc": 86.85078151641235,
    "Ts_false": 59.961157421871164,
    "Ts_true": 96.55666796874965,
    "S_at_Tn": 10284.845150610217,
    "S_over_Tn": 140.03160275353218,
    "false_phase_key": 1,
    "true_phase_key": 0,
    "phi_false_Tn": -0.0011610320681988543,
    "phi_true_Tn": 233.12809052333262,
    "vTn_over_Tn": 3.1741168374242275,
    "Tc_minus_Tn_over_Tc": 0.15433575871890684
  },
  "gw_scales": {
    "gw_T_star_GeV": 73.44660025574684,
    "gw_alpha": 0.036429136035333584,
    "gw_beta_over_H": 1334.278270742132,
    "gw_v_w": 1.0,
    "gw_g_star": 106.75
  },
  "gw_peaks": {
    "sw": {
      "f_peak_mHz": 18.918966775122765,
      "f_peak_Hz": 0.018918966775122767,
      "omega_peak": 2.537621080493483e-16
    },
    "turb": {
      "f_peak_mHz": 31.89724157884989,
      "f_peak_Hz": 0.03189724157884989,
      "omega_peak": 1.8438004700553973e-20
    },
    "coll": {
      "f_peak_mHz": NaN,
      "f_peak_Hz": NaN,
      "omega_peak": NaN
    },
    "total": {
      "f_peak_mHz": 18.918966775122765,
      "f_peak_Hz": 0.018918966775122767,
      "omega_peak": 2.537783375787325e-16
    }
  },
  "gw_run_parameters": {
    "g_star": 106.75,
    "v_w": 1.0,
    "epsilon_turb": 1.0,
    "frequency_unit": "mHz"
  },
  "S3": 10284.951510303534,
  "S3_over_T": 140.03305087629002,
  "bounce_diagnostics": {
    "label": "results_eft68_c6f20_c8f40_f785p913_mh125_Glauber_C6p47606_Lambda2000",
    "C": NaN,
    "Lambda_GeV": NaN,
    "finiteT": null,
    "temperature_GeV": NaN,
    "phi_metaMin": -0.0011610320681988543,
    "phi_absMin": 233.12809052333262,
    "phi_bar": 117.79934530791465,
    "phi_top": 80.23878328049636,
    "V(phi_meta)": -82512740.23480105,
    "V(phi_true)": -98978584.28281228,
    "V(phi_top)": -81490042.80478813,
    "DeltaV_true_minus_meta": -16465844.048011228,
    "r0": 3.239227204072022e-06,
    "phi0": 227.08761877043764,
    "dphi0": -0.062499853585211776,
    "rscale_cubic": 0.03239227204072022,
    "rscale_curv": 0.030669571580861858,
    "wall_r_hi": 0.1169761877551868,
    "wall_thickness": 0.08290677742797327,
    "S_total": 10284.951510303534,
    "S_kin": 15422.883772630326,
    "S_pot": -5137.9322623267935,
    "S_interior": 0.0,
    "S3_over_T": NaN,
    "beta_rscale": 30.87156093104254,
    "beta_curvature": 32.605566937452096,
    "beta_wall": 12.06174007750775,
    "Tn_from_transitionFinder_GeV": 73.44660025574684,
    "Tc_from_transitionFinder_GeV": 86.85078151641235,
    "T_spinodal_high_GeV": NaN,
    "T_spinodal_low_GeV": NaN,
    "gw_T_star_GeV": 73.44660025574684,
    "gw_alpha": 0.036429136035333584,
    "gw_beta_over_H": 1334.278270742132,
    "gw_R_star_times_H": NaN,
    "gw_Gamma_Tstar_GeV4": NaN,
    "gw_dT_for_beta_GeV": NaN,
    "gw_f_sw_peak_Hz": NaN,
    "gw_f_turb_peak_Hz": NaN,
    "gw_f_coll_peak_Hz": NaN,
    "gw_g_star": 106.75,
    "gw_v_w": 1.0,
    "omega_sw_peak": NaN,
    "omega_turb_peak": NaN,
    "omega_coll_peak": NaN,
    "omega_tot_peak": NaN
  }
}