{
  "interpretation": "Combined EFT68 + Gl\u00e1uber zero-temperature consistency check. The local electroweak conditions are safe when dV_at_v_numeric is close to zero and d2V_at_v_numeric is close to mh2_target.",
  "parameters": {
    "c6_over_f2_TeV2": 2.0,
    "c8_over_f4_TeV4": 0.0,
    "f_GeV": 1000.0,
    "m_h": 125.0,
    "v": 246.0,
    "m_w": 80.36,
    "m_z": 91.19,
    "m_t": 173.1,
    "use_glauber_measure": true,
    "C_glauber": 3.5,
    "Lambda_glauber": 1000.0
  },
  "limits": {
    "f_GeV": 1000.0,
    "Lambda_glauber_GeV": 1000.0,
    "C_glauber": 3.5,
    "phi_branch_GeV": 534.5224838248488,
    "phi_scan_upper_GeV": 534.5224838248488,
    "branch_over_v": 2.1728556253042632,
    "scan_upper_over_v": 2.1728556253042632
  },
  "tree_level_report": {
    "lambda_tree": -0.05244991023861459,
    "mu2_tree": 2319.220616,
    "a0_mean_field": 0.30905123340934637,
    "combo_TeV2": 4.0,
    "upper_c6_over_f2_TeV2_from_Eq_2_14": 4.266577095689914,
    "passes_Eq_2_14": true,
    "passes_EFT_tree_condition_Vv_lower_than_v_to_f": true,
    "min_after_v_tree": -62790044.03271724,
    "V_tree_v": -62790096.632976,
    "sampled_min_phi_full_zeroT": 0.0,
    "sampled_min_deltaV_full_zeroT": 0.0,
    "dV_at_v_numeric": 6.3878312646373505,
    "d2V_at_v_numeric": 15625.067093391808,
    "mh2_target": 15625.0
  },
  "loop_renormalized_report": {
    "lambda_tree": -0.05244991023861459,
    "mu2_tree": 2319.220616,
    "a0_mean_field": 0.30905123340934637,
    "combo_TeV2": 4.0,
    "upper_c6_over_f2_TeV2_from_Eq_2_14": 4.266577095689914,
    "passes_Eq_2_14": true,
    "passes_EFT_tree_condition_Vv_lower_than_v_to_f": true,
    "min_after_v_tree": -62790044.03271724,
    "V_tree_v": -62790096.632976,
    "sampled_min_phi_full_zeroT": 246.08202734244747,
    "sampled_min_deltaV_full_zeroT": -8742526.435859844,
    "dV_at_v_numeric": 6.379941402654338,
    "d2V_at_v_numeric": 15625.067077632762,
    "mh2_target": 15625.0
  }
}