{
  "label": "results_eft68_c6f21_c8f40_f1000_mh125_Glauber_C3p38667_Lambda1000",
  "model_parameters": {
    "c6_over_f2_TeV2": 1.0,
    "c8_over_f4_TeV4": 0.0,
    "f_GeV": 1000.0,
    "m_h": 125.0,
    "v": 246.0,
    "m_w": 80.36,
    "m_z": 91.19,
    "m_t": 173.1,
    "use_glauber_measure": true,
    "C_glauber": 3.3866666666666667,
    "Lambda_glauber": 1000.0
  },
  "derived_tree_coefficients": {
    "glauber_scheme": "counterterm_subtracted",
    "lambda_tree": 0.03832408976138542,
    "mu2_tree_GeV2": 5065.860308,
    "a0_mean_field": 0.3544382334093464,
    "glauber_t0": 0.20494752,
    "glauber_lambda_shift": 0.0,
    "glauber_mu2_shift_after_lambda_GeV2": 0.0,
    "lambda_tree_raw_glauber_equivalent": -0.42129025688073135,
    "mu2_tree_raw_glauber_equivalent_GeV2": 85150.71433575761,
    "combo_TeV2": 2.0
  },
  "scan_parameters": {
    "T_min": 1.0,
    "T_max": 250.0,
    "phi_scan_range": [
      -10.0,
      543.3926670016638
    ],
    "n_phi_scan": 1200,
    "n_T_seeds": 3,
    "deltaX_target": 0.1,
    "x_eps": 0.001,
    "T_eps": 0.01,
    "deriv_order": 4,
    "phitol": 0.0001,
    "overlapAngle": 45.0,
    "Tn_Ttol": 0.01,
    "Tn_maxiter": 160,
    "include_zeroT_loops": true,
    "include_scalar_loops": true,
    "include_thermal": true,
    "include_scalar_thermal": true,
    "include_daisy": false,
    "renormalize_zeroT_loops": true,
    "thermal_approx": "spline"
  },
  "key_temperatures": {
    "Tn": 65.07858495114436,
    "Tc": 82.80727625548484,
    "Ts_false": 46.875380664057744,
    "Ts_true": 93.5783945312497,
    "S_at_Tn": 9109.709458621923,
    "S_over_Tn": 139.98014040195775,
    "false_phase_key": 1,
    "true_phase_key": 0,
    "phi_false_Tn": -0.00026318274062843823,
    "phi_true_Tn": 237.27979475334425,
    "vTn_over_Tn": 3.64605030873788,
    "Tc_minus_Tn_over_Tc": 0.2140958150784025
  },
  "gw_scales": {
    "gw_T_star_GeV": 65.07858495114436,
    "gw_alpha": 0.05531362554452531,
    "gw_beta_over_H": 1068.1909556945186,
    "gw_v_w": 1.0,
    "gw_g_star": 106.75
  },
  "gw_peaks": {
    "sw": {
      "f_peak_mHz": 13.287283363484955,
      "f_peak_Hz": 0.013287283363484954,
      "omega_peak": 1.2357467958824194e-15
    },
    "turb": {
      "f_peak_mHz": 22.749095652733732,
      "f_peak_Hz": 0.022749095652733732,
      "omega_peak": 8.978901112758524e-20
    },
    "coll": {
      "f_peak_mHz": NaN,
      "f_peak_Hz": NaN,
      "omega_peak": NaN
    },
    "total": {
      "f_peak_mHz": 13.287283363484955,
      "f_peak_Hz": 0.013287283363484954,
      "omega_peak": 1.2358254471097827e-15
    }
  },
  "gw_run_parameters": {
    "g_star": 106.75,
    "v_w": 1.0,
    "epsilon_turb": 1.0,
    "frequency_unit": "mHz"
  },
  "S3": 9109.78729548518,
  "S3_over_T": 139.98133644614518,
  "bounce_diagnostics": {
    "label": "results_eft68_c6f21_c8f40_f1000_mh125_Glauber_C3p38667_Lambda1000",
    "C": NaN,
    "Lambda_GeV": NaN,
    "finiteT": null,
    "temperature_GeV": NaN,
    "phi_metaMin": -0.00026318274062843823,
    "phi_absMin": 237.27979475334425,
    "phi_bar": 114.65676585894482,
    "phi_top": 78.7796493460334,
    "V(phi_meta)": -49600056.14658685,
    "V(phi_true)": -69058518.07991394,
    "V(phi_top)": -48590745.659384504,
    "DeltaV_true_minus_meta": -19458461.933327094,
    "r0": 3.201308119830713e-06,
    "phi0": 229.17496682917454,
    "dphi0": -0.09049760010606198,
    "rscale_cubic": 0.032013081198307126,
    "rscale_curv": 0.029812724312261712,
    "wall_r_hi": 0.10953662296459918,
    "wall_thickness": 0.0811326328952974,
    "S_total": 9109.78729548518,
    "S_kin": 13646.431549187664,
    "S_pot": -4536.644253702485,
    "S_interior": 0.0,
    "S3_over_T": NaN,
    "beta_rscale": 31.237230612243618,
    "beta_curvature": 33.542724281889676,
    "beta_wall": 12.325496712161573,
    "Tn_from_transitionFinder_GeV": 65.07858495114436,
    "Tc_from_transitionFinder_GeV": 82.80727625548484,
    "T_spinodal_high_GeV": NaN,
    "T_spinodal_low_GeV": NaN,
    "gw_T_star_GeV": 65.07858495114436,
    "gw_alpha": 0.05531362554452531,
    "gw_beta_over_H": 1068.1909556945186,
    "gw_R_star_times_H": NaN,
    "gw_Gamma_Tstar_GeV4": NaN,
    "gw_dT_for_beta_GeV": NaN,
    "gw_f_sw_peak_Hz": NaN,
    "gw_f_turb_peak_Hz": NaN,
    "gw_f_coll_peak_Hz": NaN,
    "gw_g_star": 106.75,
    "gw_v_w": 1.0,
    "omega_sw_peak": NaN,
    "omega_turb_peak": NaN,
    "omega_coll_peak": NaN,
    "omega_tot_peak": NaN
  }
}