{
  "label": "results_eft68_c6f20_c8f40_f781p465_mh125_Glauber_C6p55_Lambda2000",
  "model_parameters": {
    "c6_over_f2_TeV2": 0.0,
    "c8_over_f4_TeV4": 0.0,
    "f_GeV": 781.4646651645635,
    "m_h": 125.0,
    "v": 246.0,
    "m_w": 80.36,
    "m_z": 91.19,
    "m_t": 173.1,
    "use_glauber_measure": true,
    "C_glauber": 6.55,
    "Lambda_glauber": 2000.0
  },
  "derived_tree_coefficients": {
    "glauber_scheme": "counterterm_subtracted",
    "lambda_tree": 0.12909808976138543,
    "mu2_tree_GeV2": 7812.5,
    "a0_mean_field": 0.3998252334093464,
    "glauber_t0": 0.09909495,
    "glauber_lambda_shift": 0.0,
    "glauber_mu2_shift_after_lambda_GeV2": 0.0,
    "lambda_tree_raw_glauber_equivalent": -1.2098533314450461,
    "mu2_tree_raw_glauber_equivalent_GeV2": 663436.788813845,
    "combo_TeV2": 0.0
  },
  "scan_parameters": {
    "T_min": 1.0,
    "T_max": 250.0,
    "phi_scan_range": [
      -10,
      781.4646651645635
    ],
    "n_phi_scan": 1400,
    "n_T_seeds": 3,
    "deltaX_target": 0.1,
    "x_eps": 0.001,
    "T_eps": 0.01,
    "deriv_order": 4,
    "phitol": 0.0001,
    "overlapAngle": 45.0,
    "Tn_Ttol": 0.01,
    "Tn_maxiter": 160,
    "include_zeroT_loops": true,
    "include_scalar_loops": true,
    "include_thermal": true,
    "include_scalar_thermal": true,
    "include_daisy": false,
    "renormalize_zeroT_loops": true,
    "thermal_approx": "spline"
  },
  "key_temperatures": {
    "Tn": 67.47567191381165,
    "Tc": 83.40834552616398,
    "Ts_false": 52.991010836246744,
    "Ts_true": 94.2699531249997,
    "S_at_Tn": 9446.212785599933,
    "S_over_Tn": 139.99434933624397,
    "false_phase_key": "2_1",
    "true_phase_key": 0,
    "phi_false_Tn": -0.001100896797242234,
    "phi_true_Tn": 236.22227477165092,
    "vTn_over_Tn": 3.5008510189180995,
    "Tc_minus_Tn_over_Tc": 0.19102013727576558
  },
  "gw_scales": {
    "gw_T_star_GeV": 67.47567191381165,
    "gw_alpha": 0.05039044397220947,
    "gw_beta_over_H": 935.0186546748583,
    "gw_v_w": 1.0,
    "gw_g_star": 106.75
  },
  "gw_peaks": {
    "sw": {
      "f_peak_mHz": 12.07927922395006,
      "f_peak_Hz": 0.01207927922395006,
      "omega_peak": 1.2543924439612292e-15
    },
    "turb": {
      "f_peak_mHz": 20.61375350508574,
      "f_peak_Hz": 0.02061375350508574,
      "omega_peak": 9.114145185851118e-20
    },
    "coll": {
      "f_peak_mHz": NaN,
      "f_peak_Hz": NaN,
      "omega_peak": NaN
    },
    "total": {
      "f_peak_mHz": 12.07927922395006,
      "f_peak_Hz": 0.01207927922395006,
      "omega_peak": 1.2544723452182843e-15
    }
  },
  "gw_run_parameters": {
    "g_star": 106.75,
    "v_w": 1.0,
    "epsilon_turb": 1.0,
    "frequency_unit": "mHz"
  },
  "S3": 9446.13268934733,
  "S3_over_T": 139.99316229726634,
  "bounce_diagnostics": {
    "label": "results_eft68_c6f20_c8f40_f781p465_mh125_Glauber_C6p55_Lambda2000",
    "C": NaN,
    "Lambda_GeV": NaN,
    "finiteT": null,
    "temperature_GeV": NaN,
    "phi_metaMin": -0.001100896797242234,
    "phi_absMin": 236.22227477165092,
    "phi_bar": 116.4633179998455,
    "phi_top": 79.79618150764435,
    "V(phi_meta)": -58846028.7260097,
    "V(phi_true)": -77814287.97732493,
    "V(phi_top)": -57791648.0584256,
    "DeltaV_true_minus_meta": -18968259.251315236,
    "r0": 3.1725885957625547e-06,
    "phi0": 228.86160018018802,
    "dphi0": -0.08027103039926295,
    "rscale_cubic": 0.031725885957625544,
    "rscale_curv": 0.02977268646812915,
    "wall_r_hi": 0.11047529783020829,
    "wall_thickness": 0.08045010301036638,
    "S_total": 9446.13268934733,
    "S_kin": 14163.113256258159,
    "S_pot": -4716.980566910829,
    "S_interior": 0.0,
    "S3_over_T": NaN,
    "beta_rscale": 31.52000235188524,
    "beta_curvature": 33.58784019464434,
    "beta_wall": 12.430064879732289,
    "Tn_from_transitionFinder_GeV": 67.47567191381165,
    "Tc_from_transitionFinder_GeV": 83.40834552616398,
    "T_spinodal_high_GeV": NaN,
    "T_spinodal_low_GeV": NaN,
    "gw_T_star_GeV": 67.47567191381165,
    "gw_alpha": 0.05039044397220947,
    "gw_beta_over_H": 935.0186546748583,
    "gw_R_star_times_H": NaN,
    "gw_Gamma_Tstar_GeV4": NaN,
    "gw_dT_for_beta_GeV": NaN,
    "gw_f_sw_peak_Hz": NaN,
    "gw_f_turb_peak_Hz": NaN,
    "gw_f_coll_peak_Hz": NaN,
    "gw_g_star": 106.75,
    "gw_v_w": 1.0,
    "omega_sw_peak": NaN,
    "omega_turb_peak": NaN,
    "omega_coll_peak": NaN,
    "omega_tot_peak": NaN
  }
}