{
  "label": "results_eft68_c6f23p43434_c8f40_f1000_mh125_Glauber_off",
  "model_parameters": {
    "c6_over_f2_TeV2": 3.4343434343434343,
    "c8_over_f4_TeV4": 0.0,
    "f_GeV": 1000.0,
    "m_h": 125.0,
    "v": 246.0,
    "m_w": 80.36,
    "m_z": 91.19,
    "m_t": 173.1,
    "use_glauber_measure": false,
    "C_glauber": 0.0,
    "Lambda_glauber": 1000.0
  },
  "derived_tree_coefficients": {
    "glauber_scheme": "counterterm_subtracted",
    "lambda_tree": -0.18265100114770544,
    "mu2_tree_GeV2": -1620.4039927272715,
    "a0_mean_field": 0.24395068795480096,
    "glauber_t0": 0.0,
    "glauber_lambda_shift": 0.0,
    "glauber_mu2_shift_after_lambda_GeV2": 0.0,
    "lambda_tree_raw_glauber_equivalent": -0.18265100114770544,
    "mu2_tree_raw_glauber_equivalent_GeV2": -1620.4039927272715,
    "combo_TeV2": 6.8686868686868685
  },
  "scan_parameters": {
    "T_min": 1.0,
    "T_max": 250.0,
    "phi_scan_range": [
      -10,
      1000.0
    ],
    "n_phi_scan": 1200,
    "n_T_seeds": 3,
    "deltaX_target": 0.1,
    "x_eps": 0.001,
    "T_eps": 0.01,
    "deriv_order": 4,
    "phitol": 0.0001,
    "overlapAngle": 45.0,
    "Tn_Ttol": 0.01,
    "Tn_maxiter": 160,
    "include_zeroT_loops": true,
    "include_scalar_loops": true,
    "include_thermal": true,
    "include_scalar_thermal": true,
    "include_daisy": false,
    "renormalize_zeroT_loops": true,
    "thermal_approx": "spline"
  },
  "key_temperatures": {
    "Tn": 68.47681413805789,
    "Tc": 89.08759430546594,
    "Ts_false": 28.63593613280648,
    "Ts_true": 93.3765683593747,
    "S_at_Tn": 9588.686633317096,
    "S_over_Tn": 140.02822347992264,
    "false_phase_key": 2,
    "true_phase_key": 0,
    "phi_false_Tn": -4.6393875052105586e-05,
    "phi_true_Tn": 235.08742416623193,
    "vTn_over_Tn": 3.4330952326763633,
    "Tc_minus_Tn_over_Tc": 0.2313540996150065
  },
  "gw_scales": {
    "gw_T_star_GeV": 68.47681413805789,
    "gw_alpha": 0.04541488858488823,
    "gw_beta_over_H": 165.2656700694545,
    "gw_v_w": 1.0,
    "gw_g_star": 106.75
  },
  "gw_peaks": {
    "sw": {
      "f_peak_mHz": 2.1682703338466793,
      "f_peak_Hz": 0.0021682703338466794,
      "omega_peak": 3.027895314818827e-14
    },
    "turb": {
      "f_peak_mHz": 3.7122854895393615,
      "f_peak_Hz": 0.003712285489539362,
      "omega_peak": 2.199991612209926e-18
    },
    "coll": {
      "f_peak_mHz": NaN,
      "f_peak_Hz": NaN,
      "omega_peak": NaN
    },
    "total": {
      "f_peak_mHz": 2.1682703338466793,
      "f_peak_Hz": 0.0021682703338466794,
      "omega_peak": 3.028088249799423e-14
    }
  },
  "gw_run_parameters": {
    "g_star": 106.75,
    "v_w": 1.0,
    "epsilon_turb": 1.0,
    "frequency_unit": "mHz"
  },
  "S3": 9588.634023030758,
  "S3_over_T": 140.02745518649368,
  "bounce_diagnostics": {
    "label": "results_eft68_c6f23p43434_c8f40_f1000_mh125_Glauber_off",
    "C": NaN,
    "Lambda_GeV": NaN,
    "finiteT": null,
    "temperature_GeV": NaN,
    "phi_metaMin": -4.6393875052105586e-05,
    "phi_absMin": 235.08742416623193,
    "phi_bar": 116.78686205310397,
    "phi_top": 79.54725952723904,
    "V(phi_meta)": -55847605.50317701,
    "V(phi_true)": -76136649.58976656,
    "V(phi_top)": -54364973.66462507,
    "DeltaV_true_minus_meta": -20289044.086589552,
    "r0": 2.6670624778946595e-06,
    "phi0": 227.26828599164065,
    "dphi0": -0.0714150021274027,
    "rscale_cubic": 0.026670624778946595,
    "rscale_curv": 0.025834067209561058,
    "wall_r_hi": 0.10314218671814773,
    "wall_thickness": 0.0740881635151845,
    "S_total": 9588.634023030758,
    "S_kin": 14388.776904899441,
    "S_pot": -4800.142881868682,
    "S_interior": 0.0,
    "S3_over_T": NaN,
    "beta_rscale": 37.49443473065489,
    "beta_curvature": 38.70857706603245,
    "beta_wall": 13.497432687679566,
    "Tn_from_transitionFinder_GeV": 68.47681413805789,
    "Tc_from_transitionFinder_GeV": 89.08759430546594,
    "T_spinodal_high_GeV": NaN,
    "T_spinodal_low_GeV": NaN,
    "gw_T_star_GeV": 68.47681413805789,
    "gw_alpha": 0.04541488858488823,
    "gw_beta_over_H": 165.2656700694545,
    "gw_R_star_times_H": NaN,
    "gw_Gamma_Tstar_GeV4": NaN,
    "gw_dT_for_beta_GeV": NaN,
    "gw_f_sw_peak_Hz": NaN,
    "gw_f_turb_peak_Hz": NaN,
    "gw_f_coll_peak_Hz": NaN,
    "gw_g_star": 106.75,
    "gw_v_w": 1.0,
    "omega_sw_peak": NaN,
    "omega_turb_peak": NaN,
    "omega_coll_peak": NaN,
    "omega_tot_peak": NaN
  }
}