{
  "label": "results_eft68_c6f21_c8f40_f1000_mh125_Glauber_C3p305_Lambda1000",
  "model_parameters": {
    "c6_over_f2_TeV2": 1.0,
    "c8_over_f4_TeV4": 0.0,
    "f_GeV": 1000.0,
    "m_h": 125.0,
    "v": 246.0,
    "m_w": 80.36,
    "m_z": 91.19,
    "m_t": 173.1,
    "use_glauber_measure": true,
    "C_glauber": 3.305,
    "Lambda_glauber": 1000.0
  },
  "derived_tree_coefficients": {
    "glauber_scheme": "counterterm_subtracted",
    "lambda_tree": 0.03832408976138542,
    "mu2_tree_GeV2": 5065.860308,
    "a0_mean_field": 0.3544382334093464,
    "glauber_t0": 0.20000538,
    "glauber_lambda_shift": 0.0,
    "glauber_mu2_shift_after_lambda_GeV2": 0.0,
    "lambda_tree_raw_glauber_equivalent": -0.39399962417412693,
    "mu2_tree_raw_glauber_equivalent_GeV2": 83549.84716371723,
    "combo_TeV2": 2.0
  },
  "scan_parameters": {
    "T_min": 1.0,
    "T_max": 250.0,
    "phi_scan_range": [
      -10.0,
      550.065324136092
    ],
    "n_phi_scan": 1200,
    "n_T_seeds": 3,
    "deltaX_target": 0.1,
    "x_eps": 0.001,
    "T_eps": 0.01,
    "deriv_order": 4,
    "phitol": 0.0001,
    "overlapAngle": 45.0,
    "Tn_Ttol": 0.01,
    "Tn_maxiter": 160,
    "include_zeroT_loops": true,
    "include_scalar_loops": true,
    "include_thermal": true,
    "include_scalar_thermal": true,
    "include_daisy": false,
    "renormalize_zeroT_loops": true,
    "thermal_approx": "spline"
  },
  "key_temperatures": {
    "Tn": 73.87174937461342,
    "Tc": 86.87905947385606,
    "Ts_false": 59.41107167968372,
    "Ts_true": 95.50084960937467,
    "S_at_Tn": 10342.353041603566,
    "S_over_Tn": 140.00417113660225,
    "false_phase_key": 1,
    "true_phase_key": 0,
    "phi_false_Tn": -0.00029030214736690767,
    "phi_true_Tn": 231.87782754419786,
    "vTn_over_Tn": 3.1389242776465833,
    "Tc_minus_Tn_over_Tc": 0.14971743683708785
  },
  "gw_scales": {
    "gw_T_star_GeV": 73.87174937461342,
    "gw_alpha": 0.03432470447091566,
    "gw_beta_over_H": 1205.4286366008876,
    "gw_v_w": 1.0,
    "gw_g_star": 106.75
  },
  "gw_peaks": {
    "sw": {
      "f_peak_mHz": 16.989939270866806,
      "f_peak_Hz": 0.016989939270866807,
      "omega_peak": 2.637490250743495e-16
    },
    "turb": {
      "f_peak_mHz": 29.088395500712377,
      "f_peak_Hz": 0.029088395500712377,
      "omega_peak": 1.9164554988142022e-20
    },
    "coll": {
      "f_peak_mHz": NaN,
      "f_peak_Hz": NaN,
      "omega_peak": NaN
    },
    "total": {
      "f_peak_mHz": 16.989939270866806,
      "f_peak_Hz": 0.016989939270866807,
      "omega_peak": 2.637657976962678e-16
    }
  },
  "gw_run_parameters": {
    "g_star": 106.75,
    "v_w": 1.0,
    "epsilon_turb": 1.0,
    "frequency_unit": "mHz"
  },
  "S3": 10342.372394951191,
  "S3_over_T": 140.0044331223788,
  "bounce_diagnostics": {
    "label": "results_eft68_c6f21_c8f40_f1000_mh125_Glauber_C3p305_Lambda1000",
    "C": NaN,
    "Lambda_GeV": NaN,
    "finiteT": null,
    "temperature_GeV": NaN,
    "phi_metaMin": -0.00029030214736690767,
    "phi_absMin": 231.87782754419786,
    "phi_bar": 115.67083183309737,
    "phi_top": 78.64341019782081,
    "V(phi_meta)": -81107917.01676652,
    "V(phi_true)": -96576942.67086658,
    "V(phi_top)": -80153116.0266549,
    "DeltaV_true_minus_meta": -15469025.65410006,
    "r0": 3.285730090768593e-06,
    "phi0": 225.68881139372314,
    "dphi0": -0.06209440094280669,
    "rscale_cubic": 0.032857300907685925,
    "rscale_curv": 0.03118717212020972,
    "wall_r_hi": 0.1196815953471656,
    "wall_thickness": 0.08526486135110399,
    "S_total": 10342.372394951191,
    "S_kin": 15510.37638423879,
    "S_pot": -5168.003989287599,
    "S_interior": 0.0,
    "S3_over_T": NaN,
    "beta_rscale": 30.434636210976223,
    "beta_curvature": 32.0644639597542,
    "beta_wall": 11.728160747042043,
    "Tn_from_transitionFinder_GeV": 73.87174937461342,
    "Tc_from_transitionFinder_GeV": 86.87905947385606,
    "T_spinodal_high_GeV": NaN,
    "T_spinodal_low_GeV": NaN,
    "gw_T_star_GeV": 73.87174937461342,
    "gw_alpha": 0.03432470447091566,
    "gw_beta_over_H": 1205.4286366008876,
    "gw_R_star_times_H": NaN,
    "gw_Gamma_Tstar_GeV4": NaN,
    "gw_dT_for_beta_GeV": NaN,
    "gw_f_sw_peak_Hz": NaN,
    "gw_f_turb_peak_Hz": NaN,
    "gw_f_coll_peak_Hz": NaN,
    "gw_g_star": 106.75,
    "gw_v_w": 1.0,
    "omega_sw_peak": NaN,
    "omega_turb_peak": NaN,
    "omega_coll_peak": NaN,
    "omega_tot_peak": NaN
  }
}