{
  "label": "results_eft68_c6f23p33333_c8f40_f1000_mh125_Glauber_off",
  "model_parameters": {
    "c6_over_f2_TeV2": 3.3333333333333335,
    "c8_over_f4_TeV4": 0.0,
    "f_GeV": 1000.0,
    "m_h": 125.0,
    "v": 246.0,
    "m_w": 80.36,
    "m_z": 91.19,
    "m_t": 173.1,
    "use_glauber_measure": false,
    "C_glauber": 0.0,
    "Lambda_glauber": 1000.0
  },
  "derived_tree_coefficients": {
    "glauber_scheme": "counterterm_subtracted",
    "lambda_tree": -0.17348191023861453,
    "mu2_tree_GeV2": -1342.9656399999985,
    "a0_mean_field": 0.2485352334093464,
    "glauber_t0": 0.0,
    "glauber_lambda_shift": 0.0,
    "glauber_mu2_shift_after_lambda_GeV2": 0.0,
    "lambda_tree_raw_glauber_equivalent": -0.17348191023861453,
    "mu2_tree_raw_glauber_equivalent_GeV2": -1342.9656399999985,
    "combo_TeV2": 6.666666666666667
  },
  "scan_parameters": {
    "T_min": 1.0,
    "T_max": 250.0,
    "phi_scan_range": [
      -10,
      1000.0
    ],
    "n_phi_scan": 1200,
    "n_T_seeds": 3,
    "deltaX_target": 0.1,
    "x_eps": 0.001,
    "T_eps": 0.01,
    "deriv_order": 4,
    "phitol": 0.0001,
    "overlapAngle": 45.0,
    "Tn_Ttol": 0.01,
    "Tn_maxiter": 160,
    "include_zeroT_loops": true,
    "include_scalar_loops": true,
    "include_thermal": true,
    "include_scalar_thermal": true,
    "include_daisy": true,
    "renormalize_zeroT_loops": true,
    "thermal_approx": "spline"
  },
  "key_temperatures": {
    "Tn": 76.13573926757942,
    "Tc": 92.79940054084717,
    "Ts_false": 42.95742402343211,
    "Ts_true": 95.52030273437465,
    "S_at_Tn": 10659.97489291895,
    "S_over_Tn": 140.0127587315389,
    "false_phase_key": 2,
    "true_phase_key": 0,
    "phi_false_Tn": -3.9182852414524795e-05,
    "phi_true_Tn": 230.424005938907,
    "vTn_over_Tn": 3.0264893748398594,
    "Tc_minus_Tn_over_Tc": 0.17956647538830778
  },
  "gw_scales": {
    "gw_T_star_GeV": 76.13573926757942,
    "gw_alpha": 0.029437643201182386,
    "gw_beta_over_H": 962.0816101734372,
    "gw_v_w": 1.0,
    "gw_g_star": 106.75
  },
  "gw_peaks": {
    "sw": {
      "f_peak_mHz": 14.129445033049324,
      "f_peak_Hz": 0.014129445033049325,
      "omega_peak": 2.7019699743618123e-16
    },
    "turb": {
      "f_peak_mHz": 23.82214245372448,
      "f_peak_Hz": 0.023822142453724483,
      "omega_peak": 1.9631787205130896e-20
    },
    "coll": {
      "f_peak_mHz": NaN,
      "f_peak_Hz": NaN,
      "omega_peak": NaN
    },
    "total": {
      "f_peak_mHz": 14.129445033049324,
      "f_peak_Hz": 0.014129445033049325,
      "omega_peak": 2.702142710526815e-16
    }
  },
  "gw_run_parameters": {
    "g_star": 106.75,
    "v_w": 1.0,
    "epsilon_turb": 1.0,
    "frequency_unit": "mHz"
  },
  "S3": 10663.184860756757,
  "S3_over_T": 140.05491984888914,
  "bounce_diagnostics": {
    "label": "results_eft68_c6f23p33333_c8f40_f1000_mh125_Glauber_off",
    "C": NaN,
    "Lambda_GeV": NaN,
    "finiteT": null,
    "temperature_GeV": NaN,
    "phi_metaMin": -3.9182852414524795e-05,
    "phi_absMin": 230.424005938907,
    "phi_bar": 117.64254917266257,
    "phi_top": 79.42841402010924,
    "V(phi_meta)": -86908762.26024894,
    "V(phi_true)": -103671237.01555507,
    "V(phi_top)": -85480706.45087396,
    "DeltaV_true_minus_meta": -16762474.755306125,
    "r0": 2.713487903076562e-06,
    "phi0": 224.13677412139293,
    "dphi0": -0.05228071758550997,
    "rscale_cubic": 0.027134879030765616,
    "rscale_curv": 0.025796227041008944,
    "wall_r_hi": 0.11107761233596508,
    "wall_thickness": 0.07709652491608195,
    "S_total": 10663.184860756757,
    "S_kin": 15981.635524780013,
    "S_pot": -5318.450664023257,
    "S_interior": 0.0,
    "S3_over_T": NaN,
    "beta_rscale": 36.852937463483684,
    "beta_curvature": 38.765360722261036,
    "beta_wall": 12.97075323548604,
    "Tn_from_transitionFinder_GeV": 76.13573926757942,
    "Tc_from_transitionFinder_GeV": 92.79940054084717,
    "T_spinodal_high_GeV": NaN,
    "T_spinodal_low_GeV": NaN,
    "gw_T_star_GeV": 76.13573926757942,
    "gw_alpha": 0.029437643201182386,
    "gw_beta_over_H": 962.0816101734372,
    "gw_R_star_times_H": NaN,
    "gw_Gamma_Tstar_GeV4": NaN,
    "gw_dT_for_beta_GeV": NaN,
    "gw_f_sw_peak_Hz": NaN,
    "gw_f_turb_peak_Hz": NaN,
    "gw_f_coll_peak_Hz": NaN,
    "gw_g_star": 106.75,
    "gw_v_w": 1.0,
    "omega_sw_peak": NaN,
    "omega_turb_peak": NaN,
    "omega_coll_peak": NaN,
    "omega_tot_peak": NaN
  }
}