{
  "label": "results_eft68_c6f21p25_c8f40_f1000_mh125_Glauber_C3p2_Lambda1000",
  "model_parameters": {
    "c6_over_f2_TeV2": 1.25,
    "c8_over_f4_TeV4": 0.0,
    "f_GeV": 1000.0,
    "m_h": 125.0,
    "v": 246.0,
    "m_w": 80.36,
    "m_z": 91.19,
    "m_t": 173.1,
    "use_glauber_measure": true,
    "C_glauber": 3.2,
    "Lambda_glauber": 1000.0
  },
  "derived_tree_coefficients": {
    "glauber_scheme": "counterterm_subtracted",
    "lambda_tree": 0.01563058976138544,
    "mu2_tree_GeV2": 4379.200385000001,
    "a0_mean_field": 0.3430914834093464,
    "glauber_t0": 0.19365120000000002,
    "glauber_lambda_shift": 0.0,
    "glauber_mu2_shift_after_lambda_GeV2": 0.0,
    "lambda_tree_raw_glauber_equivalent": -0.38329723781578307,
    "mu2_tree_raw_glauber_equivalent_GeV2": 80761.11367554528,
    "combo_TeV2": 2.5
  },
  "scan_parameters": {
    "T_min": 1.0,
    "T_max": 250.0,
    "phi_scan_range": [
      -10.0,
      559.0169943749474
    ],
    "n_phi_scan": 1200,
    "n_T_seeds": 3,
    "deltaX_target": 0.1,
    "x_eps": 0.001,
    "T_eps": 0.01,
    "deriv_order": 4,
    "phitol": 0.0001,
    "overlapAngle": 45.0,
    "Tn_Ttol": 0.01,
    "Tn_maxiter": 160,
    "include_zeroT_loops": true,
    "include_scalar_loops": true,
    "include_thermal": true,
    "include_scalar_thermal": true,
    "include_daisy": false,
    "renormalize_zeroT_loops": true,
    "thermal_approx": "spline"
  },
  "key_temperatures": {
    "Tn": 73.79313416743393,
    "Tc": 87.20745673973742,
    "Ts_false": 58.17852167968357,
    "Ts_true": 95.82085351562466,
    "S_at_Tn": 10329.503394322557,
    "S_over_Tn": 139.97919333369538,
    "false_phase_key": 1,
    "true_phase_key": 0,
    "phi_false_Tn": -0.0002738605236504555,
    "phi_true_Tn": 231.91661677770153,
    "vTn_over_Tn": 3.1427939657840143,
    "Tc_minus_Tn_over_Tc": 0.1538208207623494
  },
  "gw_scales": {
    "gw_T_star_GeV": 73.79313416743393,
    "gw_alpha": 0.034379238975392266,
    "gw_beta_over_H": 1190.3389762223096,
    "gw_v_w": 1.0,
    "gw_g_star": 106.75
  },
  "gw_peaks": {
    "sw": {
      "f_peak_mHz": 16.989939270866806,
      "f_peak_Hz": 0.016989939270866807,
      "omega_peak": 2.716680297697097e-16
    },
    "turb": {
      "f_peak_mHz": 28.64491511478483,
      "f_peak_Hz": 0.02864491511478483,
      "omega_peak": 1.9739981331592923e-20
    },
    "coll": {
      "f_peak_mHz": NaN,
      "f_peak_Hz": NaN,
      "omega_peak": NaN
    },
    "total": {
      "f_peak_mHz": 16.989939270866806,
      "f_peak_Hz": 0.016989939270866807,
      "omega_peak": 2.71685421039506e-16
    }
  },
  "gw_run_parameters": {
    "g_star": 106.75,
    "v_w": 1.0,
    "epsilon_turb": 1.0,
    "frequency_unit": "mHz"
  },
  "S3": 10329.485201066242,
  "S3_over_T": 139.97894678967037,
  "bounce_diagnostics": {
    "label": "results_eft68_c6f21p25_c8f40_f1000_mh125_Glauber_C3p2_Lambda1000",
    "C": NaN,
    "Lambda_GeV": NaN,
    "finiteT": null,
    "temperature_GeV": NaN,
    "phi_metaMin": -0.0002738605236504555,
    "phi_absMin": 231.91661677770153,
    "phi_bar": 115.91424043961128,
    "phi_top": 78.8316467340276,
    "V(phi_meta)": -80210145.98344503,
    "V(phi_true)": -95933104.43227988,
    "V(phi_top)": -79212249.54638265,
    "DeltaV_true_minus_meta": -15722958.448834851,
    "r0": 3.2216899793541358e-06,
    "phi0": 225.69161774826853,
    "dphi0": -0.061762396143302596,
    "rscale_cubic": 0.03221689979354136,
    "rscale_curv": 0.030542999238153703,
    "wall_r_hi": 0.11834681688117128,
    "wall_thickness": 0.0841745204542804,
    "S_total": 10329.485201066242,
    "S_kin": 15484.000068185082,
    "S_pot": -5154.514867118841,
    "S_interior": 0.0,
    "S3_over_T": NaN,
    "beta_rscale": 31.039609844783193,
    "beta_curvature": 32.74072703523598,
    "beta_wall": 11.880079560930229,
    "Tn_from_transitionFinder_GeV": 73.79313416743393,
    "Tc_from_transitionFinder_GeV": 87.20745673973742,
    "T_spinodal_high_GeV": NaN,
    "T_spinodal_low_GeV": NaN,
    "gw_T_star_GeV": 73.79313416743393,
    "gw_alpha": 0.034379238975392266,
    "gw_beta_over_H": 1190.3389762223096,
    "gw_R_star_times_H": NaN,
    "gw_Gamma_Tstar_GeV4": NaN,
    "gw_dT_for_beta_GeV": NaN,
    "gw_f_sw_peak_Hz": NaN,
    "gw_f_turb_peak_Hz": NaN,
    "gw_f_coll_peak_Hz": NaN,
    "gw_g_star": 106.75,
    "gw_v_w": 1.0,
    "omega_sw_peak": NaN,
    "omega_turb_peak": NaN,
    "omega_coll_peak": NaN,
    "omega_tot_peak": NaN
  }
}