{
  "label": "results_eft68_c6f20_c8f40_f513p974_mh125_Glauber_C3p78545_Lambda1000",
  "model_parameters": {
    "c6_over_f2_TeV2": 0.0,
    "c8_over_f4_TeV4": 0.0,
    "f_GeV": 513.9738010868359,
    "m_h": 125.0,
    "v": 246.0,
    "m_w": 80.36,
    "m_z": 91.19,
    "m_t": 173.1,
    "use_glauber_measure": true,
    "C_glauber": 3.785454545454545,
    "Lambda_glauber": 1000.0
  },
  "scan_parameters": {
    "T_min": 1.0,
    "T_max": 250.0,
    "phi_scan_range": [
      -10.0,
      513.9738010868359
    ],
    "n_phi_scan": 1200,
    "n_T_seeds": 3,
    "deltaX_target": 0.1,
    "x_eps": 0.001,
    "T_eps": 0.01,
    "deriv_order": 4,
    "phitol": 1e-05,
    "overlapAngle": 45.0,
    "Tn_Ttol": 0.001,
    "Tn_maxiter": 160,
    "include_zeroT_loops": true,
    "include_scalar_loops": true,
    "include_thermal": true,
    "include_scalar_thermal": true,
    "include_daisy": true,
    "renormalize_zeroT_loops": true,
    "thermal_approx": "spline"
  },
  "key_temperatures": {
    "Tn": 56.516177523503046,
    "Tc": 78.3935168623479,
    "Ts_false": 38.87192734374474,
    "Ts_true": 91.51004101562474,
    "S_at_Tn": 7912.272658340079,
    "S_over_Tn": 140.00013810292901,
    "false_phase_key": 1,
    "true_phase_key": 0,
    "phi_false_Tn": -0.00035204060863529377,
    "phi_true_Tn": 241.13399761768727,
    "vTn_over_Tn": 4.266636708001144,
    "Tc_minus_Tn_over_Tc": 0.279070772870919
  },
  "gw_scales": {
    "gw_T_star_GeV": 56.516177523503046,
    "gw_alpha": 0.09255470695710626,
    "gw_beta_over_H": 561.4956690683451,
    "gw_v_w": 1.0,
    "gw_g_star": 106.75
  },
  "gw_peaks": {
    "sw": {
      "f_peak_mHz": 6.069495967119274,
      "f_peak_Hz": 0.006069495967119275,
      "omega_peak": 1.732522453541359e-14
    },
    "turb": {
      "f_peak_mHz": 10.391555635768707,
      "f_peak_Hz": 0.010391555635768707,
      "omega_peak": 1.2588333723774449e-18
    },
    "coll": {
      "f_peak_mHz": NaN,
      "f_peak_Hz": NaN,
      "omega_peak": NaN
    },
    "total": {
      "f_peak_mHz": 6.069495967119274,
      "f_peak_Hz": 0.006069495967119275,
      "omega_peak": 1.7326327571100588e-14
    }
  },
  "gw_run_parameters": {
    "g_star": 106.75,
    "v_w": 1.0,
    "epsilon_turb": 1.0,
    "frequency_unit": "mHz"
  },
  "S3": 7901.029682860411,
  "S3_over_T": 139.80120434674933,
  "bounce_diagnostics": {
    "label": "results_eft68_c6f20_c8f40_f513p974_mh125_Glauber_C3p78545_Lambda1000",
    "C": NaN,
    "Lambda_GeV": NaN,
    "finiteT": null,
    "temperature_GeV": NaN,
    "phi_metaMin": -0.00035204060863529377,
    "phi_absMin": 241.13399761768727,
    "phi_bar": 110.17217450574712,
    "phi_top": 76.40447210280526,
    "V(phi_meta)": -30461182.305418435,
    "V(phi_true)": -52533616.115555316,
    "V(phi_top)": -29665136.801579364,
    "DeltaV_true_minus_meta": -22072433.81013688,
    "r0": 3.4960385142051923e-06,
    "phi0": 230.0361442402904,
    "dphi0": -0.14191591866574113,
    "rscale_cubic": 0.03496038514205192,
    "rscale_curv": 0.03169563645727721,
    "wall_r_hi": 0.10677189160167634,
    "wall_thickness": 0.08387358287299725,
    "S_total": 7901.029682860411,
    "S_kin": 11849.670889047835,
    "S_pot": -3948.641206187421,
    "S_interior": 0.0,
    "S3_over_T": NaN,
    "beta_rscale": 28.603803875065296,
    "beta_curvature": 31.550091885952554,
    "beta_wall": 11.922705168255616,
    "Tn_from_transitionFinder_GeV": 56.516177523503046,
    "Tc_from_transitionFinder_GeV": 78.3935168623479,
    "T_spinodal_high_GeV": NaN,
    "T_spinodal_low_GeV": NaN,
    "gw_T_star_GeV": 56.516177523503046,
    "gw_alpha": 0.09255470695710626,
    "gw_beta_over_H": 561.4956690683451,
    "gw_R_star_times_H": NaN,
    "gw_Gamma_Tstar_GeV4": NaN,
    "gw_dT_for_beta_GeV": NaN,
    "gw_f_sw_peak_Hz": NaN,
    "gw_f_turb_peak_Hz": NaN,
    "gw_f_coll_peak_Hz": NaN,
    "gw_g_star": 106.75,
    "gw_v_w": 1.0,
    "omega_sw_peak": NaN,
    "omega_turb_peak": NaN,
    "omega_coll_peak": NaN,
    "omega_tot_peak": NaN
  }
}