{
  "label": "results_eft68_c6f22_c8f40_f1000_mh125_Glauber_C2p88667_Lambda1000",
  "model_parameters": {
    "c6_over_f2_TeV2": 2.0,
    "c8_over_f4_TeV4": 0.0,
    "f_GeV": 1000.0,
    "m_h": 125.0,
    "v": 246.0,
    "m_w": 80.36,
    "m_z": 91.19,
    "m_t": 173.1,
    "use_glauber_measure": true,
    "C_glauber": 2.8866666666666667,
    "Lambda_glauber": 1000.0
  },
  "derived_tree_coefficients": {
    "glauber_scheme": "counterterm_subtracted",
    "lambda_tree": -0.05244991023861459,
    "mu2_tree_GeV2": 2319.220616,
    "a0_mean_field": 0.30905123340934637,
    "glauber_t0": 0.17468952,
    "glauber_lambda_shift": 0.0,
    "glauber_mu2_shift_after_lambda_GeV2": 0.0,
    "lambda_tree_raw_glauber_equivalent": -0.36233367106274705,
    "mu2_tree_raw_glauber_equivalent_GeV2": 72163.4018939933,
    "combo_TeV2": 4.0
  },
  "scan_parameters": {
    "T_min": 1.0,
    "T_max": 250.0,
    "phi_scan_range": [
      -10.0,
      588.5748238972128
    ],
    "n_phi_scan": 1200,
    "n_T_seeds": 3,
    "deltaX_target": 0.1,
    "x_eps": 0.001,
    "T_eps": 0.01,
    "deriv_order": 4,
    "phitol": 0.0001,
    "overlapAngle": 45.0,
    "Tn_Ttol": 0.01,
    "Tn_maxiter": 160,
    "include_zeroT_loops": true,
    "include_scalar_loops": true,
    "include_thermal": true,
    "include_scalar_thermal": true,
    "include_daisy": false,
    "renormalize_zeroT_loops": true,
    "thermal_approx": "spline"
  },
  "key_temperatures": {
    "Tn": 68.341986887469,
    "Tc": 85.92446884838989,
    "Ts_false": 45.40769101561986,
    "Ts_true": 95.49549999999964,
    "S_at_Tn": 9567.244636021798,
    "S_over_Tn": 139.99073002918533,
    "false_phase_key": 1,
    "true_phase_key": 0,
    "phi_false_Tn": -0.00023529752312858055,
    "phi_true_Tn": 235.40719753612714,
    "vTn_over_Tn": 3.444547170156839,
    "Tc_minus_Tn_over_Tc": 0.20462718241464414
  },
  "gw_scales": {
    "gw_T_star_GeV": 68.341986887469,
    "gw_alpha": 0.04576899847365007,
    "gw_beta_over_H": 849.2854061970121,
    "gw_v_w": 1.0,
    "gw_g_star": 106.75
  },
  "gw_peaks": {
    "sw": {
      "f_peak_mHz": 11.22126196879453,
      "f_peak_Hz": 0.011221261968794529,
      "omega_peak": 1.1710039443080794e-15
    },
    "turb": {
      "f_peak_mHz": 18.918966775122765,
      "f_peak_Hz": 0.018918966775122767,
      "omega_peak": 8.508656058389162e-20
    },
    "coll": {
      "f_peak_mHz": NaN,
      "f_peak_Hz": NaN,
      "omega_peak": NaN
    },
    "total": {
      "f_peak_mHz": 11.22126196879453,
      "f_peak_Hz": 0.011221261968794529,
      "omega_peak": 1.1710788902616653e-15
    }
  },
  "gw_run_parameters": {
    "g_star": 106.75,
    "v_w": 1.0,
    "epsilon_turb": 1.0,
    "frequency_unit": "mHz"
  },
  "S3": 9567.248798626944,
  "S3_over_T": 139.99079093764493,
  "bounce_diagnostics": {
    "label": "results_eft68_c6f22_c8f40_f1000_mh125_Glauber_C2p88667_Lambda1000",
    "C": NaN,
    "Lambda_GeV": NaN,
    "finiteT": null,
    "temperature_GeV": NaN,
    "phi_metaMin": -0.00023529752312858055,
    "phi_absMin": 235.40719753612714,
    "phi_bar": 116.32960569223337,
    "phi_top": 79.63673578690432,
    "V(phi_meta)": -57977708.81903038,
    "V(phi_true)": -76850552.395154,
    "V(phi_top)": -56810232.34524831,
    "DeltaV_true_minus_meta": -18872843.576123618,
    "r0": 3.0089504750194863e-06,
    "phi0": 228.07443465769722,
    "dphi0": -0.0753823351851843,
    "rscale_cubic": 0.030089504750194864,
    "rscale_curv": 0.028248042373654168,
    "wall_r_hi": 0.10919403567706118,
    "wall_thickness": 0.07905813368193865,
    "S_total": 9567.248798626944,
    "S_kin": 14333.12927385596,
    "S_pot": -4765.880475229017,
    "S_interior": 0.0,
    "S3_over_T": NaN,
    "beta_rscale": 33.23417943572248,
    "beta_curvature": 35.40066855873576,
    "beta_wall": 12.648919895113291,
    "Tn_from_transitionFinder_GeV": 68.341986887469,
    "Tc_from_transitionFinder_GeV": 85.92446884838989,
    "T_spinodal_high_GeV": NaN,
    "T_spinodal_low_GeV": NaN,
    "gw_T_star_GeV": 68.341986887469,
    "gw_alpha": 0.04576899847365007,
    "gw_beta_over_H": 849.2854061970121,
    "gw_R_star_times_H": NaN,
    "gw_Gamma_Tstar_GeV4": NaN,
    "gw_dT_for_beta_GeV": NaN,
    "gw_f_sw_peak_Hz": NaN,
    "gw_f_turb_peak_Hz": NaN,
    "gw_f_coll_peak_Hz": NaN,
    "gw_g_star": 106.75,
    "gw_v_w": 1.0,
    "omega_sw_peak": NaN,
    "omega_turb_peak": NaN,
    "omega_coll_peak": NaN,
    "omega_tot_peak": NaN
  }
}