{
  "label": "results_eft68_c6f23p41414_c8f40_f1000_mh125_Glauber_off",
  "model_parameters": {
    "c6_over_f2_TeV2": 3.4141414141414144,
    "c8_over_f4_TeV4": 0.0,
    "f_GeV": 1000.0,
    "m_h": 125.0,
    "v": 246.0,
    "m_w": 80.36,
    "m_z": 91.19,
    "m_t": 173.1,
    "use_glauber_measure": false,
    "C_glauber": 0.0,
    "Lambda_glauber": 1000.0
  },
  "derived_tree_coefficients": {
    "glauber_scheme": "counterterm_subtracted",
    "lambda_tree": -0.18081718296588728,
    "mu2_tree_GeV2": -1564.9163221818162,
    "a0_mean_field": 0.24486759704571004,
    "glauber_t0": 0.0,
    "glauber_lambda_shift": 0.0,
    "glauber_mu2_shift_after_lambda_GeV2": 0.0,
    "lambda_tree_raw_glauber_equivalent": -0.18081718296588728,
    "mu2_tree_raw_glauber_equivalent_GeV2": -1564.9163221818162,
    "combo_TeV2": 6.828282828282829
  },
  "scan_parameters": {
    "T_min": 1.0,
    "T_max": 250.0,
    "phi_scan_range": [
      -10,
      1000.0
    ],
    "n_phi_scan": 1200,
    "n_T_seeds": 3,
    "deltaX_target": 0.1,
    "x_eps": 0.001,
    "T_eps": 0.01,
    "deriv_order": 4,
    "phitol": 0.0001,
    "overlapAngle": 45.0,
    "Tn_Ttol": 0.01,
    "Tn_maxiter": 160,
    "include_zeroT_loops": true,
    "include_scalar_loops": true,
    "include_thermal": true,
    "include_scalar_thermal": true,
    "include_daisy": true,
    "renormalize_zeroT_loops": true,
    "thermal_approx": "spline"
  },
  "key_temperatures": {
    "Tn": 71.56188995307745,
    "Tc": 91.09054159181237,
    "Ts_false": 32.510415039056205,
    "Ts_true": 94.78108398437467,
    "S_at_Tn": 10009.737434367376,
    "S_over_Tn": 139.87525260904482,
    "false_phase_key": 2,
    "true_phase_key": 0,
    "phi_false_Tn": -5.29186846645157e-05,
    "phi_true_Tn": 233.68355617168206,
    "vTn_over_Tn": 3.2654749102477094,
    "Tc_minus_Tn_over_Tc": 0.21438726016412485
  },
  "gw_scales": {
    "gw_T_star_GeV": 71.56188995307745,
    "gw_alpha": 0.03776998434966633,
    "gw_beta_over_H": 827.6499486635013,
    "gw_v_w": 1.0,
    "gw_g_star": 106.75
  },
  "gw_peaks": {
    "sw": {
      "f_peak_mHz": 11.39498947221261,
      "f_peak_Hz": 0.011394989472212609,
      "omega_peak": 7.286554409302361e-16
    },
    "turb": {
      "f_peak_mHz": 19.50930813876084,
      "f_peak_Hz": 0.01950930813876084,
      "omega_peak": 5.294120876606599e-20
    },
    "coll": {
      "f_peak_mHz": NaN,
      "f_peak_Hz": NaN,
      "omega_peak": NaN
    },
    "total": {
      "f_peak_mHz": 11.39498947221261,
      "f_peak_Hz": 0.011394989472212609,
      "omega_peak": 7.287019634675512e-16
    }
  },
  "gw_run_parameters": {
    "g_star": 106.75,
    "v_w": 1.0,
    "epsilon_turb": 1.0,
    "frequency_unit": "mHz"
  },
  "S3": 10000.06803761367,
  "S3_over_T": 139.74013324928438,
  "bounce_diagnostics": {
    "label": "results_eft68_c6f23p41414_c8f40_f1000_mh125_Glauber_off",
    "C": NaN,
    "Lambda_GeV": NaN,
    "finiteT": null,
    "temperature_GeV": NaN,
    "phi_metaMin": -5.29186846645157e-05,
    "phi_absMin": 233.68355617168206,
    "phi_bar": 117.627197308071,
    "phi_top": 79.9861140023193,
    "V(phi_meta)": -67658989.99960235,
    "V(phi_true)": -86728420.45884085,
    "V(phi_top)": -66168027.4270075,
    "DeltaV_true_minus_meta": -19069430.4592385,
    "r0": 2.6742739207319455e-06,
    "phi0": 226.5680105847287,
    "dphi0": -0.06325771145549632,
    "rscale_cubic": 0.026742739207319455,
    "rscale_curv": 0.025680798466092464,
    "wall_r_hi": 0.10576753334894053,
    "wall_thickness": 0.0748614898849444,
    "S_total": 10000.06803761367,
    "S_kin": 14963.421546349753,
    "S_pot": -4963.353508736084,
    "S_interior": 0.0,
    "S3_over_T": NaN,
    "beta_rscale": 37.39332729708934,
    "beta_curvature": 38.93959659907371,
    "beta_wall": 13.358002913606356,
    "Tn_from_transitionFinder_GeV": 71.56188995307745,
    "Tc_from_transitionFinder_GeV": 91.09054159181237,
    "T_spinodal_high_GeV": NaN,
    "T_spinodal_low_GeV": NaN,
    "gw_T_star_GeV": 71.56188995307745,
    "gw_alpha": 0.03776998434966633,
    "gw_beta_over_H": 827.6499486635013,
    "gw_R_star_times_H": NaN,
    "gw_Gamma_Tstar_GeV4": NaN,
    "gw_dT_for_beta_GeV": NaN,
    "gw_f_sw_peak_Hz": NaN,
    "gw_f_turb_peak_Hz": NaN,
    "gw_f_coll_peak_Hz": NaN,
    "gw_g_star": 106.75,
    "gw_v_w": 1.0,
    "omega_sw_peak": NaN,
    "omega_turb_peak": NaN,
    "omega_coll_peak": NaN,
    "omega_tot_peak": NaN
  }
}