{
  "label": "results_eft68_c6f20_c8f40_f793p222_mh125_Glauber_C6p35727_Lambda2000",
  "model_parameters": {
    "c6_over_f2_TeV2": 0.0,
    "c8_over_f4_TeV4": 0.0,
    "f_GeV": 793.2216772130154,
    "m_h": 125.0,
    "v": 246.0,
    "m_w": 80.36,
    "m_z": 91.19,
    "m_t": 173.1,
    "use_glauber_measure": true,
    "C_glauber": 6.357272727272727,
    "Lambda_glauber": 2000.0
  },
  "derived_tree_coefficients": {
    "glauber_scheme": "counterterm_subtracted",
    "lambda_tree": 0.12909808976138543,
    "mu2_tree_GeV2": 7812.5,
    "a0_mean_field": 0.3998252334093464,
    "glauber_t0": 0.09617917909090909,
    "glauber_lambda_shift": 0.0,
    "glauber_mu2_shift_after_lambda_GeV2": 0.0,
    "lambda_tree_raw_glauber_equivalent": -1.1240929064165386,
    "mu2_tree_raw_glauber_equivalent_GeV2": 644644.8506543065,
    "combo_TeV2": 0.0
  },
  "scan_parameters": {
    "T_min": 1.0,
    "T_max": 250.0,
    "phi_scan_range": [
      -10.0,
      793.2216772130154
    ],
    "n_phi_scan": 1200,
    "n_T_seeds": 3,
    "deltaX_target": 0.1,
    "x_eps": 0.001,
    "T_eps": 0.01,
    "deriv_order": 4,
    "phitol": 0.0001,
    "overlapAngle": 45.0,
    "Tn_Ttol": 0.01,
    "Tn_maxiter": 160,
    "include_zeroT_loops": true,
    "include_scalar_loops": true,
    "include_thermal": true,
    "include_scalar_thermal": true,
    "include_daisy": true,
    "renormalize_zeroT_loops": true,
    "thermal_approx": "spline"
  },
  "key_temperatures": {
    "Tn": 80.02980615106347,
    "Tc": 90.36796829309152,
    "Ts_false": 69.12143945312178,
    "Ts_true": 98.30696289062462,
    "S_at_Tn": 11189.133014135383,
    "S_over_Tn": 139.81207192998676,
    "false_phase_key": 1,
    "true_phase_key": 0,
    "phi_false_Tn": -0.0011165367315128854,
    "phi_true_Tn": 227.9793842330662,
    "vTn_over_Tn": 2.848680950229151,
    "Tc_minus_Tn_over_Tc": 0.11440073664706246
  },
  "gw_scales": {
    "gw_T_star_GeV": 80.02980615106347,
    "gw_alpha": 0.026402083838302746,
    "gw_beta_over_H": 1754.5318897345437,
    "gw_v_w": 1.0,
    "gw_g_star": 106.75
  },
  "gw_peaks": {
    "sw": {
      "f_peak_mHz": 26.937583405636264,
      "f_peak_Hz": 0.026937583405636265,
      "omega_peak": 5.99251639746554e-17
    },
    "turb": {
      "f_peak_mHz": 46.11971046183719,
      "f_peak_Hz": 0.04611971046183719,
      "omega_peak": 4.353963452117267e-21
    },
    "coll": {
      "f_peak_mHz": NaN,
      "f_peak_Hz": NaN,
      "omega_peak": NaN
    },
    "total": {
      "f_peak_mHz": 26.937583405636264,
      "f_peak_Hz": 0.026937583405636265,
      "omega_peak": 5.992898471799342e-17
    }
  },
  "gw_run_parameters": {
    "g_star": 106.75,
    "v_w": 1.0,
    "epsilon_turb": 1.0,
    "frequency_unit": "mHz"
  },
  "S3": 11187.328249090226,
  "S3_over_T": 139.7895207689637,
  "bounce_diagnostics": {
    "label": "results_eft68_c6f20_c8f40_f793p222_mh125_Glauber_C6p35727_Lambda2000",
    "C": NaN,
    "Lambda_GeV": NaN,
    "finiteT": null,
    "temperature_GeV": NaN,
    "phi_metaMin": -0.0011165367315128854,
    "phi_absMin": 227.9793842330662,
    "phi_bar": 117.0614737477865,
    "phi_top": 79.09318828190543,
    "V(phi_meta)": -114920815.42956008,
    "V(phi_true)": -128237670.94317596,
    "V(phi_top)": -114015689.30879739,
    "DeltaV_true_minus_meta": -13316855.513615876,
    "r0": 3.394025015615253e-06,
    "phi0": 222.90311679634087,
    "dphi0": -0.04799721796451735,
    "rscale_cubic": 0.03394025015615253,
    "rscale_curv": 0.0323290675398968,
    "wall_r_hi": 0.12707379943850977,
    "wall_thickness": 0.0881181601049912,
    "S_total": 11187.328249090226,
    "S_kin": 16766.621341891547,
    "S_pot": -5579.293092801323,
    "S_interior": 0.0,
    "S3_over_T": NaN,
    "beta_rscale": 29.463542413482323,
    "beta_curvature": 30.931913485741322,
    "beta_wall": 11.34839854586748,
    "Tn_from_transitionFinder_GeV": 80.02980615106347,
    "Tc_from_transitionFinder_GeV": 90.36796829309152,
    "T_spinodal_high_GeV": NaN,
    "T_spinodal_low_GeV": NaN,
    "gw_T_star_GeV": 80.02980615106347,
    "gw_alpha": 0.026402083838302746,
    "gw_beta_over_H": 1754.5318897345437,
    "gw_R_star_times_H": NaN,
    "gw_Gamma_Tstar_GeV4": NaN,
    "gw_dT_for_beta_GeV": NaN,
    "gw_f_sw_peak_Hz": NaN,
    "gw_f_turb_peak_Hz": NaN,
    "gw_f_coll_peak_Hz": NaN,
    "gw_g_star": 106.75,
    "gw_v_w": 1.0,
    "omega_sw_peak": NaN,
    "omega_turb_peak": NaN,
    "omega_coll_peak": NaN,
    "omega_tot_peak": NaN
  }
}