{
  "label": "results_eft68_c6f20_c8f40_f513p912_mh125_Glauber_C3p78636_Lambda1000",
  "model_parameters": {
    "c6_over_f2_TeV2": 0.0,
    "c8_over_f4_TeV4": 0.0,
    "f_GeV": 513.9120958460725,
    "m_h": 125.0,
    "v": 246.0,
    "m_w": 80.36,
    "m_z": 91.19,
    "m_t": 173.1,
    "use_glauber_measure": true,
    "C_glauber": 3.7863636363636366,
    "Lambda_glauber": 1000.0
  },
  "derived_tree_coefficients": {
    "glauber_scheme": "counterterm_subtracted",
    "lambda_tree": 0.12909808976138543,
    "mu2_tree_GeV2": 7812.5,
    "a0_mean_field": 0.3998252334093464,
    "glauber_t0": 0.22913558181818186,
    "glauber_lambda_shift": 0.0,
    "glauber_mu2_shift_after_lambda_GeV2": 0.0,
    "lambda_tree_raw_glauber_equivalent": -0.4820252983785355,
    "mu2_tree_raw_glauber_equivalent_GeV2": 95248.14900955737,
    "combo_TeV2": 0.0
  },
  "scan_parameters": {
    "T_min": 1.0,
    "T_max": 250.0,
    "phi_scan_range": [
      -10.0,
      513.9120958460725
    ],
    "n_phi_scan": 1200,
    "n_T_seeds": 3,
    "deltaX_target": 0.1,
    "x_eps": 0.001,
    "T_eps": 0.01,
    "deriv_order": 4,
    "phitol": 0.0001,
    "overlapAngle": 45.0,
    "Tn_Ttol": 0.01,
    "Tn_maxiter": 160,
    "include_zeroT_loops": true,
    "include_scalar_loops": true,
    "include_thermal": true,
    "include_scalar_thermal": true,
    "include_daisy": false,
    "renormalize_zeroT_loops": true,
    "thermal_approx": "spline"
  },
  "key_temperatures": {
    "Tn": 55.29514417629623,
    "Tc": 77.29036325016452,
    "Ts_false": 37.66262382811974,
    "Ts_true": 90.32729101562477,
    "S_at_Tn": 7740.312798805222,
    "S_over_Tn": 139.98178165748084,
    "false_phase_key": 1,
    "true_phase_key": 0,
    "phi_false_Tn": -0.00035632999836439166,
    "phi_true_Tn": 241.27740275005632,
    "vTn_over_Tn": 4.363446489637447,
    "Tc_minus_Tn_over_Tc": 0.2845790619805564
  },
  "gw_scales": {
    "gw_T_star_GeV": 55.29514417629623,
    "gw_alpha": 0.10113865069982685,
    "gw_beta_over_H": 497.1436744066698,
    "gw_v_w": 1.0,
    "gw_g_star": 106.75
  },
  "gw_peaks": {
    "sw": {
      "f_peak_mHz": 5.285700915310741,
      "f_peak_Hz": 0.005285700915310741,
      "omega_peak": 2.7723647761778872e-14
    },
    "turb": {
      "f_peak_mHz": 9.049623796282821,
      "f_peak_Hz": 0.009049623796282822,
      "omega_peak": 2.0142903708223348e-18
    },
    "coll": {
      "f_peak_mHz": NaN,
      "f_peak_Hz": NaN,
      "omega_peak": NaN
    },
    "total": {
      "f_peak_mHz": 5.285700915310741,
      "f_peak_Hz": 0.005285700915310741,
      "omega_peak": 2.7725417334676237e-14
    }
  },
  "gw_run_parameters": {
    "g_star": 106.75,
    "v_w": 1.0,
    "epsilon_turb": 1.0,
    "frequency_unit": "mHz"
  },
  "S3": 7740.312463915471,
  "S3_over_T": 139.9817756010765,
  "bounce_diagnostics": {
    "label": "results_eft68_c6f20_c8f40_f513p912_mh125_Glauber_C3p78636_Lambda1000",
    "C": NaN,
    "Lambda_GeV": NaN,
    "finiteT": null,
    "temperature_GeV": NaN,
    "phi_metaMin": -0.00035632999836439166,
    "phi_absMin": 241.27740275005632,
    "phi_bar": 109.07732594670487,
    "phi_top": 75.61239947917198,
    "V(phi_meta)": -27726954.14132265,
    "V(phi_true)": -50099741.48384152,
    "V(phi_top)": -26952334.897211522,
    "DeltaV_true_minus_meta": -22372787.342518874,
    "r0": 3.507319263612066e-06,
    "phi0": 229.50496118276553,
    "dphi0": -0.15003281853002182,
    "rscale_cubic": 0.03507319263612066,
    "rscale_curv": 0.03182192393409961,
    "wall_r_hi": 0.106134372010664,
    "wall_thickness": 0.08418749038537118,
    "S_total": 7740.312463915471,
    "S_kin": 11595.787327541313,
    "S_pot": -3855.474863625841,
    "S_interior": 0.0,
    "S3_over_T": NaN,
    "beta_rscale": 28.511804168353205,
    "beta_curvature": 31.424888476706954,
    "beta_wall": 11.878249314980943,
    "Tn_from_transitionFinder_GeV": 55.29514417629623,
    "Tc_from_transitionFinder_GeV": 77.29036325016452,
    "T_spinodal_high_GeV": NaN,
    "T_spinodal_low_GeV": NaN,
    "gw_T_star_GeV": 55.29514417629623,
    "gw_alpha": 0.10113865069982685,
    "gw_beta_over_H": 497.1436744066698,
    "gw_R_star_times_H": NaN,
    "gw_Gamma_Tstar_GeV4": NaN,
    "gw_dT_for_beta_GeV": NaN,
    "gw_f_sw_peak_Hz": NaN,
    "gw_f_turb_peak_Hz": NaN,
    "gw_f_coll_peak_Hz": NaN,
    "gw_g_star": 106.75,
    "gw_v_w": 1.0,
    "omega_sw_peak": NaN,
    "omega_turb_peak": NaN,
    "omega_coll_peak": NaN,
    "omega_tot_peak": NaN
  }
}