{
  "label": "results_eft68_c6f23p31919_c8f42_f1000_mh125_Glauber_off",
  "model_parameters": {
    "c6_over_f2_TeV2": 3.319191919191919,
    "c8_over_f4_TeV4": 2.0,
    "f_GeV": 1000.0,
    "m_h": 125.0,
    "v": 246.0,
    "m_w": 80.36,
    "m_z": 91.19,
    "m_t": 173.1,
    "use_glauber_measure": false,
    "C_glauber": 0.0,
    "Lambda_glauber": 1000.0
  },
  "derived_tree_coefficients": {
    "glauber_scheme": "counterterm_subtracted",
    "lambda_tree": -0.18318479627934184,
    "mu2_tree_GeV2": -1747.3659975543733,
    "a0_mean_field": 0.24368379038898277,
    "glauber_t0": 0.0,
    "glauber_lambda_shift": 0.0,
    "glauber_mu2_shift_after_lambda_GeV2": 0.0,
    "lambda_tree_raw_glauber_equivalent": -0.18318479627934184,
    "mu2_tree_raw_glauber_equivalent_GeV2": -1747.3659975543733,
    "combo_TeV2": 7.001479838383838
  },
  "scan_parameters": {
    "T_min": 1.0,
    "T_max": 250.0,
    "phi_scan_range": [
      -10,
      1000.0
    ],
    "n_phi_scan": 1200,
    "n_T_seeds": 3,
    "deltaX_target": 0.1,
    "x_eps": 0.001,
    "T_eps": 0.01,
    "deriv_order": 4,
    "phitol": 0.0001,
    "overlapAngle": 45.0,
    "Tn_Ttol": 0.01,
    "Tn_maxiter": 160,
    "include_zeroT_loops": true,
    "include_scalar_loops": true,
    "include_thermal": true,
    "include_scalar_thermal": true,
    "include_daisy": true,
    "renormalize_zeroT_loops": true,
    "thermal_approx": "spline"
  },
  "key_temperatures": {
    "Tn": 67.31097637549104,
    "Tc": 89.55343809226254,
    "Ts_false": 23.422304101556666,
    "Ts_true": 93.9241738281247,
    "S_at_Tn": 9434.56402626261,
    "S_over_Tn": 140.16382667861402,
    "false_phase_key": 2,
    "true_phase_key": 0,
    "phi_false_Tn": -2.4772903845710108e-05,
    "phi_true_Tn": 236.17547005976337,
    "vTn_over_Tn": 3.5087215009669435,
    "Tc_minus_Tn_over_Tc": 0.24837082964761417
  },
  "gw_scales": {
    "gw_T_star_GeV": 67.31097637549104,
    "gw_alpha": 0.047993275918764164,
    "gw_beta_over_H": 406.10908413461533,
    "gw_v_w": 1.0,
    "gw_g_star": 106.75
  },
  "gw_peaks": {
    "sw": {
      "f_peak_mHz": 5.285700915310741,
      "f_peak_Hz": 0.005285700915310741,
      "omega_peak": 5.8264388304504264e-15
    },
    "turb": {
      "f_peak_mHz": 8.91165363379737,
      "f_peak_Hz": 0.008911653633797369,
      "omega_peak": 4.233579999331278e-19
    },
    "coll": {
      "f_peak_mHz": NaN,
      "f_peak_Hz": NaN,
      "omega_peak": NaN
    },
    "total": {
      "f_peak_mHz": 5.285700915310741,
      "f_peak_Hz": 0.005285700915310741,
      "omega_peak": 5.826811762702228e-15
    }
  },
  "gw_run_parameters": {
    "g_star": 106.75,
    "v_w": 1.0,
    "epsilon_turb": 1.0,
    "frequency_unit": "mHz"
  },
  "S3": 9434.635477337184,
  "S3_over_T": 140.16488818564338,
  "bounce_diagnostics": {
    "label": "results_eft68_c6f23p31919_c8f42_f1000_mh125_Glauber_off",
    "C": NaN,
    "Lambda_GeV": NaN,
    "finiteT": null,
    "temperature_GeV": NaN,
    "phi_metaMin": -2.4772903845710108e-05,
    "phi_absMin": 236.17547005976337,
    "phi_bar": 116.94943538950871,
    "phi_top": 79.64630058533132,
    "V(phi_meta)": -52831099.92991157,
    "V(phi_true)": -73799309.12355226,
    "V(phi_top)": -51349668.1242916,
    "DeltaV_true_minus_meta": -20968209.193640694,
    "r0": 2.671463753963071e-06,
    "phi0": 228.15483584204978,
    "dphi0": -0.07524363384474073,
    "rscale_cubic": 0.026714637539630708,
    "rscale_curv": 0.02609730092056301,
    "wall_r_hi": 0.10214165603181814,
    "wall_thickness": 0.07377020920382193,
    "S_total": 9434.635477337184,
    "S_kin": 14167.550134011568,
    "S_pot": -4732.914656674385,
    "S_interior": 0.0,
    "S3_over_T": NaN,
    "beta_rscale": 37.432662094573324,
    "beta_curvature": 38.318138531762635,
    "beta_wall": 13.555607484276882,
    "Tn_from_transitionFinder_GeV": 67.31097637549104,
    "Tc_from_transitionFinder_GeV": 89.55343809226254,
    "T_spinodal_high_GeV": NaN,
    "T_spinodal_low_GeV": NaN,
    "gw_T_star_GeV": 67.31097637549104,
    "gw_alpha": 0.047993275918764164,
    "gw_beta_over_H": 406.10908413461533,
    "gw_R_star_times_H": NaN,
    "gw_Gamma_Tstar_GeV4": NaN,
    "gw_dT_for_beta_GeV": NaN,
    "gw_f_sw_peak_Hz": NaN,
    "gw_f_turb_peak_Hz": NaN,
    "gw_f_coll_peak_Hz": NaN,
    "gw_g_star": 106.75,
    "gw_v_w": 1.0,
    "omega_sw_peak": NaN,
    "omega_turb_peak": NaN,
    "omega_coll_peak": NaN,
    "omega_tot_peak": NaN
  }
}