{
  "lambda_tree": -0.18144266900661457,
  "mu2_tree": -1694.6527105361902,
  "a0_mean_field": 0.2445548540253464,
  "combo_TeV2": 6.963095999999999,
  "upper_c6_over_f2_TeV2_from_Eq_2_14": 4.085029095689913,
  "passes_Eq_2_14": true,
  "passes_EFT_tree_condition_Vv_lower_than_v_to_f": true,
  "min_after_v_tree": -21747300.641361583,
  "V_tree_v": -21747353.25429722,
  "sampled_min_phi_full_zeroT": 246.08202734244747,
  "sampled_min_deltaV_full_zeroT": -21747300.641361583,
  "dV_at_v_numeric": 5.112915330119734,
  "d2V_at_v_numeric": 15625.043708263007,
  "mh2_target": 15625.0
}