{
  "label": "results_eft68_c6f23p3_c8f42_f1000_mh125_Glauber_off",
  "model_parameters": {
    "c6_over_f2_TeV2": 3.3,
    "c8_over_f4_TeV4": 2.0,
    "f_GeV": 1000.0,
    "m_h": 125.0,
    "v": 246.0,
    "m_w": 80.36,
    "m_z": 91.19,
    "m_t": 173.1,
    "use_glauber_measure": false,
    "C_glauber": 0.0,
    "Lambda_glauber": 1000.0
  },
  "scan_parameters": {
    "T_min": 1.0,
    "T_max": 250.0,
    "phi_scan_range": [
      -10,
      1000.0
    ],
    "n_phi_scan": 1400,
    "n_T_seeds": 3,
    "deltaX_target": 0.1,
    "x_eps": 0.001,
    "T_eps": 0.01,
    "deriv_order": 4,
    "phitol": 1e-05,
    "overlapAngle": 45.0,
    "Tn_Ttol": 0.001,
    "Tn_maxiter": 160,
    "include_zeroT_loops": true,
    "include_scalar_loops": true,
    "include_thermal": true,
    "include_scalar_thermal": true,
    "include_daisy": false,
    "renormalize_zeroT_loops": true,
    "thermal_approx": "spline"
  },
  "key_temperatures": {
    "Tn": 66.84785453950626,
    "Tc": 88.40746989295502,
    "Ts_false": 26.233669726556638,
    "Ts_true": 92.8809999999997,
    "S_at_Tn": 9359.385191335421,
    "S_over_Tn": 140.01025546458098,
    "false_phase_key": 2,
    "true_phase_key": 0,
    "phi_false_Tn": -3.894292836395196e-05,
    "phi_true_Tn": 235.99302731250697,
    "vTn_over_Tn": 3.5303006945875577,
    "Tc_minus_Tn_over_Tc": 0.24386644453860562
  },
  "gw_scales": {
    "gw_T_star_GeV": 66.84785453950626,
    "gw_alpha": 0.04970202939816821,
    "gw_beta_over_H": 232.23510084176743,
    "gw_v_w": 1.0,
    "gw_g_star": 106.75
  },
  "gw_peaks": {
    "sw": {
      "f_peak_mHz": 2.9767123440802723,
      "f_peak_Hz": 0.0029767123440802724,
      "omega_peak": 1.9590907072635822e-14
    },
    "turb": {
      "f_peak_mHz": 5.07987383839538,
      "f_peak_Hz": 0.00507987383839538,
      "omega_peak": 1.4234182043301694e-18
    },
    "coll": {
      "f_peak_mHz": NaN,
      "f_peak_Hz": NaN,
      "omega_peak": NaN
    },
    "total": {
      "f_peak_mHz": 2.9767123440802723,
      "f_peak_Hz": 0.0029767123440802724,
      "omega_peak": 1.959215585047914e-14
    }
  },
  "gw_run_parameters": {
    "g_star": 106.75,
    "v_w": 1.0,
    "epsilon_turb": 1.0,
    "frequency_unit": "mHz"
  },
  "S3": 9349.394961089898,
  "S3_over_T": 139.86080818142818,
  "bounce_diagnostics": {
    "label": "results_eft68_c6f23p3_c8f42_f1000_mh125_Glauber_off",
    "C": NaN,
    "Lambda_GeV": NaN,
    "finiteT": null,
    "temperature_GeV": NaN,
    "phi_metaMin": -3.894292836395196e-05,
    "phi_absMin": 235.99302731250697,
    "phi_bar": 116.45792772830205,
    "phi_top": 79.32046722510525,
    "V(phi_meta)": -50669330.855422534,
    "V(phi_true)": -71567168.00926593,
    "V(phi_top)": -49210420.22536122,
    "DeltaV_true_minus_meta": -20897837.153843395,
    "r0": 2.6809919339549044e-06,
    "phi0": 227.75092824500402,
    "dphi0": -0.07689478522786701,
    "rscale_cubic": 0.026809919339549043,
    "rscale_curv": 0.026188867281481776,
    "wall_r_hi": 0.10214574498431979,
    "wall_thickness": 0.07409373475396845,
    "S_total": 9349.394961089898,
    "S_kin": 14027.115575193695,
    "S_pot": -4677.720614103797,
    "S_interior": 0.0,
    "S3_over_T": NaN,
    "beta_rscale": 37.299627325802334,
    "beta_curvature": 38.1841630859841,
    "beta_wall": 13.496417791875988,
    "Tn_from_transitionFinder_GeV": 66.84785453950626,
    "Tc_from_transitionFinder_GeV": 88.40746989295502,
    "T_spinodal_high_GeV": NaN,
    "T_spinodal_low_GeV": NaN,
    "gw_T_star_GeV": 66.84785453950626,
    "gw_alpha": 0.04970202939816821,
    "gw_beta_over_H": 232.23510084176743,
    "gw_R_star_times_H": NaN,
    "gw_Gamma_Tstar_GeV4": NaN,
    "gw_dT_for_beta_GeV": NaN,
    "gw_f_sw_peak_Hz": NaN,
    "gw_f_turb_peak_Hz": NaN,
    "gw_f_coll_peak_Hz": NaN,
    "gw_g_star": 106.75,
    "gw_v_w": 1.0,
    "omega_sw_peak": NaN,
    "omega_turb_peak": NaN,
    "omega_coll_peak": NaN,
    "omega_tot_peak": NaN
  }
}