{
  "label": "results_eft68_c6f23p05657_c8f42_f1000_mh125_Glauber_off",
  "model_parameters": {
    "c6_over_f2_TeV2": 3.0565656565656565,
    "c8_over_f4_TeV4": 2.0,
    "f_GeV": 1000.0,
    "m_h": 125.0,
    "v": 246.0,
    "m_w": 80.36,
    "m_z": 91.19,
    "m_t": 173.1,
    "use_glauber_measure": false,
    "C_glauber": 0.0,
    "Lambda_glauber": 1000.0
  },
  "derived_tree_coefficients": {
    "glauber_scheme": "counterterm_subtracted",
    "lambda_tree": -0.1593451599157055,
    "mu2_tree_GeV2": -1026.0262804634667,
    "a0_mean_field": 0.2556036085708009,
    "glauber_t0": 0.0,
    "glauber_lambda_shift": 0.0,
    "glauber_mu2_shift_after_lambda_GeV2": 0.0,
    "lambda_tree_raw_glauber_equivalent": -0.1593451599157055,
    "mu2_tree_raw_glauber_equivalent_GeV2": -1026.0262804634667,
    "combo_TeV2": 6.476227313131313
  },
  "scan_parameters": {
    "T_min": 1.0,
    "T_max": 250.0,
    "phi_scan_range": [
      -10,
      1000.0
    ],
    "n_phi_scan": 1200,
    "n_T_seeds": 3,
    "deltaX_target": 0.1,
    "x_eps": 0.001,
    "T_eps": 0.01,
    "deriv_order": 4,
    "phitol": 0.0001,
    "overlapAngle": 45.0,
    "Tn_Ttol": 0.01,
    "Tn_maxiter": 160,
    "include_zeroT_loops": true,
    "include_scalar_loops": true,
    "include_thermal": true,
    "include_scalar_thermal": true,
    "include_daisy": true,
    "renormalize_zeroT_loops": true,
    "thermal_approx": "spline"
  },
  "key_temperatures": {
    "Tn": 81.77452444728284,
    "Tc": 95.09600675943469,
    "Ts_false": 55.72922734374573,
    "Ts_true": 96.34900585937464,
    "S_at_Tn": 11454.091340791143,
    "S_over_Tn": 140.06918925190683,
    "false_phase_key": 2,
    "true_phase_key": 0,
    "phi_false_Tn": -5.3991471054883744e-05,
    "phi_true_Tn": 225.37321831838673,
    "vTn_over_Tn": 2.756032148663572,
    "Tc_minus_Tn_over_Tc": 0.140084560499489
  },
  "gw_scales": {
    "gw_T_star_GeV": 81.77452444728284,
    "gw_alpha": 0.021877419273060382,
    "gw_beta_over_H": 990.6802586183757,
    "gw_v_w": 1.0,
    "gw_g_star": 106.75
  },
  "gw_peaks": {
    "sw": {
      "f_peak_mHz": 15.49381854297249,
      "f_peak_Hz": 0.01549381854297249,
      "omega_peak": 1.1073093017610597e-16
    },
    "turb": {
      "f_peak_mHz": 26.52689420538825,
      "f_peak_Hz": 0.02652689420538825,
      "omega_peak": 8.045605115924808e-21
    },
    "coll": {
      "f_peak_mHz": NaN,
      "f_peak_Hz": NaN,
      "omega_peak": NaN
    },
    "total": {
      "f_peak_mHz": 15.49381854297249,
      "f_peak_Hz": 0.01549381854297249,
      "omega_peak": 1.1073797981823474e-16
    }
  },
  "gw_run_parameters": {
    "g_star": 106.75,
    "v_w": 1.0,
    "epsilon_turb": 1.0,
    "frequency_unit": "mHz"
  },
  "S3": 11458.923142927428,
  "S3_over_T": 140.12827613952794,
  "bounce_diagnostics": {
    "label": "results_eft68_c6f23p05657_c8f42_f1000_mh125_Glauber_off",
    "C": NaN,
    "Lambda_GeV": NaN,
    "finiteT": null,
    "temperature_GeV": NaN,
    "phi_metaMin": -5.3991471054883744e-05,
    "phi_absMin": 225.37321831838673,
    "phi_bar": 116.56227963320168,
    "phi_top": 77.7087374562434,
    "V(phi_meta)": -116010663.82886861,
    "V(phi_true)": -129729210.94060361,
    "V(phi_top)": -114752043.08808665,
    "DeltaV_true_minus_meta": -13718547.111735001,
    "r0": 2.8277895643711674e-06,
    "phi0": 219.81081680669817,
    "dphi0": -0.041896110512516856,
    "rscale_cubic": 0.02827789564371167,
    "rscale_curv": 0.026768108532920516,
    "wall_r_hi": 0.1199193564118831,
    "wall_thickness": 0.08172890405612349,
    "S_total": 11458.923142927428,
    "S_kin": 17203.7709593926,
    "S_pot": -5744.847816465179,
    "S_interior": 0.0,
    "S3_over_T": NaN,
    "beta_rscale": 35.36331036083925,
    "beta_curvature": 37.35788696923832,
    "beta_wall": 12.235573345181491,
    "Tn_from_transitionFinder_GeV": 81.77452444728284,
    "Tc_from_transitionFinder_GeV": 95.09600675943469,
    "T_spinodal_high_GeV": NaN,
    "T_spinodal_low_GeV": NaN,
    "gw_T_star_GeV": 81.77452444728284,
    "gw_alpha": 0.021877419273060382,
    "gw_beta_over_H": 990.6802586183757,
    "gw_R_star_times_H": NaN,
    "gw_Gamma_Tstar_GeV4": NaN,
    "gw_dT_for_beta_GeV": NaN,
    "gw_f_sw_peak_Hz": NaN,
    "gw_f_turb_peak_Hz": NaN,
    "gw_f_coll_peak_Hz": NaN,
    "gw_g_star": 106.75,
    "gw_v_w": 1.0,
    "omega_sw_peak": NaN,
    "omega_turb_peak": NaN,
    "omega_coll_peak": NaN,
    "omega_tot_peak": NaN
  }
}