{
  "label": "results_eft68_c6f20_c8f40_f799p38_mh125_Glauber_C6p2597_Lambda2000",
  "model_parameters": {
    "c6_over_f2_TeV2": 0.0,
    "c8_over_f4_TeV4": 0.0,
    "f_GeV": 799.3801151667378,
    "m_h": 125.0,
    "v": 246.0,
    "m_w": 80.36,
    "m_z": 91.19,
    "m_t": 173.1,
    "use_glauber_measure": true,
    "C_glauber": 6.25969696969697,
    "Lambda_glauber": 2000.0
  },
  "derived_tree_coefficients": {
    "glauber_scheme": "counterterm_subtracted",
    "lambda_tree": 0.12909808976138543,
    "mu2_tree_GeV2": 7812.5,
    "a0_mean_field": 0.3998252334093464,
    "glauber_t0": 0.09470295545454546,
    "glauber_lambda_shift": 0.0,
    "glauber_mu2_shift_after_lambda_GeV2": 0.0,
    "lambda_tree_raw_glauber_equivalent": -1.0819591700176663,
    "mu2_tree_raw_glauber_equivalent_GeV2": 635111.7837064159,
    "combo_TeV2": 0.0
  },
  "scan_parameters": {
    "T_min": 1.0,
    "T_max": 250.0,
    "phi_scan_range": [
      -10.0,
      799.3801151667378
    ],
    "n_phi_scan": 1200,
    "n_T_seeds": 3,
    "deltaX_target": 0.1,
    "x_eps": 0.001,
    "T_eps": 0.01,
    "deriv_order": 4,
    "phitol": 0.0001,
    "overlapAngle": 45.0,
    "Tn_Ttol": 0.01,
    "Tn_maxiter": 160,
    "include_zeroT_loops": true,
    "include_scalar_loops": true,
    "include_thermal": true,
    "include_scalar_thermal": true,
    "include_daisy": true,
    "renormalize_zeroT_loops": true,
    "thermal_approx": "spline"
  },
  "key_temperatures": {
    "Tn": 84.71683183975107,
    "Tc": 93.1060181547033,
    "Ts_false": 75.48849589843478,
    "Ts_true": 99.77518749999959,
    "S_at_Tn": 11868.595590409284,
    "S_over_Tn": 140.09725496887938,
    "false_phase_key": 1,
    "true_phase_key": 0,
    "phi_false_Tn": -0.0010457393091760792,
    "phi_true_Tn": 223.30729424622228,
    "vTn_over_Tn": 2.6359259358119838,
    "Tc_minus_Tn_over_Tc": 0.09010358815917698
  },
  "gw_scales": {
    "gw_T_star_GeV": 84.71683183975107,
    "gw_alpha": 0.021244655085235247,
    "gw_beta_over_H": 2417.6731456638436,
    "gw_v_w": 1.0,
    "gw_g_star": 106.75
  },
  "gw_peaks": {
    "sw": {
      "f_peak_mHz": 39.551622464706206,
      "f_peak_Hz": 0.039551622464706206,
      "omega_peak": 1.711211106954774e-17
    },
    "turb": {
      "f_peak_mHz": 66.68375031194131,
      "f_peak_Hz": 0.0666837503119413,
      "omega_peak": 1.243350290394964e-21
    },
    "coll": {
      "f_peak_mHz": NaN,
      "f_peak_Hz": NaN,
      "omega_peak": NaN
    },
    "total": {
      "f_peak_mHz": 39.551622464706206,
      "f_peak_Hz": 0.039551622464706206,
      "omega_peak": 1.7113205634280697e-17
    }
  },
  "gw_run_parameters": {
    "g_star": 106.75,
    "v_w": 1.0,
    "epsilon_turb": 1.0,
    "frequency_unit": "mHz"
  },
  "S3": 11868.373674210263,
  "S3_over_T": 140.09463546347294,
  "bounce_diagnostics": {
    "label": "results_eft68_c6f20_c8f40_f799p38_mh125_Glauber_C6p2597_Lambda2000",
    "C": NaN,
    "Lambda_GeV": NaN,
    "finiteT": null,
    "temperature_GeV": NaN,
    "phi_metaMin": -0.0010457393091760792,
    "phi_absMin": 223.30729424622228,
    "phi_bar": 115.42846443354475,
    "phi_top": 77.65967115871337,
    "V(phi_meta)": -143293172.75851306,
    "V(phi_true)": -154344288.47889602,
    "V(phi_top)": -142501076.8443572,
    "DeltaV_true_minus_meta": -11051115.720382959,
    "r0": 3.562352436045171e-06,
    "phi0": 218.76596381763366,
    "dphi0": -0.039731938505617286,
    "rscale_cubic": 0.03562352436045171,
    "rscale_curv": 0.033770357734267724,
    "wall_r_hi": 0.1364700771650444,
    "wall_thickness": 0.09344067824035085,
    "S_total": 11868.373674210263,
    "S_kin": 17747.092783668028,
    "S_pot": -5878.719109457764,
    "S_interior": 0.0,
    "S3_over_T": NaN,
    "beta_rscale": 28.071338194436862,
    "beta_curvature": 29.61182256065684,
    "beta_wall": 10.701977113519774,
    "Tn_from_transitionFinder_GeV": 84.71683183975107,
    "Tc_from_transitionFinder_GeV": 93.1060181547033,
    "T_spinodal_high_GeV": NaN,
    "T_spinodal_low_GeV": NaN,
    "gw_T_star_GeV": 84.71683183975107,
    "gw_alpha": 0.021244655085235247,
    "gw_beta_over_H": 2417.6731456638436,
    "gw_R_star_times_H": NaN,
    "gw_Gamma_Tstar_GeV4": NaN,
    "gw_dT_for_beta_GeV": NaN,
    "gw_f_sw_peak_Hz": NaN,
    "gw_f_turb_peak_Hz": NaN,
    "gw_f_coll_peak_Hz": NaN,
    "gw_g_star": 106.75,
    "gw_v_w": 1.0,
    "omega_sw_peak": NaN,
    "omega_turb_peak": NaN,
    "omega_coll_peak": NaN,
    "omega_tot_peak": NaN
  }
}