{
  "label": "results_eft68_c6f22p87273_c8f45_f1000_mh125_Glauber_off",
  "model_parameters": {
    "c6_over_f2_TeV2": 2.8727272727272726,
    "c8_over_f4_TeV4": 5.0,
    "f_GeV": 1000.0,
    "m_h": 125.0,
    "v": 246.0,
    "m_w": 80.36,
    "m_z": 91.19,
    "m_t": 173.1,
    "use_glauber_measure": false,
    "C_glauber": 0.0,
    "Lambda_glauber": 1000.0
  },
  "derived_tree_coefficients": {
    "glauber_scheme": "counterterm_subtracted",
    "lambda_tree": -0.15913725261316,
    "mu2_tree_GeV2": -1185.9510689041153,
    "a0_mean_field": 0.2557075622220737,
    "glauber_t0": 0.0,
    "glauber_lambda_shift": 0.0,
    "glauber_mu2_shift_after_lambda_GeV2": 0.0,
    "lambda_tree_raw_glauber_equivalent": -0.15913725261316,
    "mu2_tree_raw_glauber_equivalent_GeV2": -1185.9510689041153,
    "combo_TeV2": 6.653194545454545
  },
  "scan_parameters": {
    "T_min": 1.0,
    "T_max": 250.0,
    "phi_scan_range": [
      -10,
      1000.0
    ],
    "n_phi_scan": 1200,
    "n_T_seeds": 3,
    "deltaX_target": 0.1,
    "x_eps": 0.001,
    "T_eps": 0.01,
    "deriv_order": 4,
    "phitol": 0.0001,
    "overlapAngle": 45.0,
    "Tn_Ttol": 0.01,
    "Tn_maxiter": 160,
    "include_zeroT_loops": true,
    "include_scalar_loops": true,
    "include_thermal": true,
    "include_scalar_thermal": true,
    "include_daisy": false,
    "renormalize_zeroT_loops": true,
    "thermal_approx": "spline"
  },
  "key_temperatures": {
    "Tn": 77.29757192044204,
    "Tc": 92.07519169309427,
    "Ts_false": 50.44376464843296,
    "Ts_true": 94.15128906249967,
    "S_at_Tn": 10819.532912661276,
    "S_over_Tn": 139.97248094412592,
    "false_phase_key": 2,
    "true_phase_key": 0,
    "phi_false_Tn": -4.78750068803062e-05,
    "phi_true_Tn": 228.5715534818376,
    "vTn_over_Tn": 2.95703406721615,
    "Tc_minus_Tn_over_Tc": 0.16049512904528188
  },
  "gw_scales": {
    "gw_T_star_GeV": 77.29757192044204,
    "gw_alpha": 0.02757536282744025,
    "gw_beta_over_H": 1006.0091436877627,
    "gw_v_w": 1.0,
    "gw_g_star": 106.75
  },
  "gw_peaks": {
    "sw": {
      "f_peak_mHz": 15.024983774380862,
      "f_peak_Hz": 0.015024983774380862,
      "omega_peak": 2.058689632379243e-16
    },
    "turb": {
      "f_peak_mHz": 25.332014314857652,
      "f_peak_Hz": 0.025332014314857654,
      "omega_peak": 1.4958460150021892e-20
    },
    "coll": {
      "f_peak_mHz": NaN,
      "f_peak_Hz": NaN,
      "omega_peak": NaN
    },
    "total": {
      "f_peak_mHz": 15.024983774380862,
      "f_peak_Hz": 0.015024983774380862,
      "omega_peak": 2.0588213528538842e-16
    }
  },
  "gw_run_parameters": {
    "g_star": 106.75,
    "v_w": 1.0,
    "epsilon_turb": 1.0,
    "frequency_unit": "mHz"
  },
  "S3": 10825.495690390462,
  "S3_over_T": 140.04962150082184,
  "bounce_diagnostics": {
    "label": "results_eft68_c6f22p87273_c8f45_f1000_mh125_Glauber_off",
    "C": NaN,
    "Lambda_GeV": NaN,
    "finiteT": null,
    "temperature_GeV": NaN,
    "phi_metaMin": -4.78750068803062e-05,
    "phi_absMin": 228.5715534818376,
    "phi_bar": 116.53097800450388,
    "phi_top": 78.42980918371512,
    "V(phi_meta)": -91142401.59627102,
    "V(phi_true)": -106513270.31508192,
    "V(phi_top)": -89852058.65452734,
    "DeltaV_true_minus_meta": -15370868.718810901,
    "r0": 2.818728346826137e-06,
    "phi0": 222.3017934878442,
    "dphi0": -0.05069438996454783,
    "rscale_cubic": 0.028187283468261368,
    "rscale_curv": 0.026903559771075048,
    "wall_r_hi": 0.11508291110558432,
    "wall_thickness": 0.08001743804111769,
    "S_total": 10825.495690390462,
    "S_kin": 16238.467223421138,
    "S_pot": -5412.971533030675,
    "S_interior": 0.0,
    "S3_over_T": NaN,
    "beta_rscale": 35.47699093195664,
    "beta_curvature": 37.169803117252734,
    "beta_wall": 12.497275899862489,
    "Tn_from_transitionFinder_GeV": 77.29757192044204,
    "Tc_from_transitionFinder_GeV": 92.07519169309427,
    "T_spinodal_high_GeV": NaN,
    "T_spinodal_low_GeV": NaN,
    "gw_T_star_GeV": 77.29757192044204,
    "gw_alpha": 0.02757536282744025,
    "gw_beta_over_H": 1006.0091436877627,
    "gw_R_star_times_H": NaN,
    "gw_Gamma_Tstar_GeV4": NaN,
    "gw_dT_for_beta_GeV": NaN,
    "gw_f_sw_peak_Hz": NaN,
    "gw_f_turb_peak_Hz": NaN,
    "gw_f_coll_peak_Hz": NaN,
    "gw_g_star": 106.75,
    "gw_v_w": 1.0,
    "omega_sw_peak": NaN,
    "omega_turb_peak": NaN,
    "omega_coll_peak": NaN,
    "omega_tot_peak": NaN
  }
}