{
  "label": "results_eft68_c6f20_c8f40_f782p588_mh125_Glauber_C6p53121_Lambda2000",
  "model_parameters": {
    "c6_over_f2_TeV2": 0.0,
    "c8_over_f4_TeV4": 0.0,
    "f_GeV": 782.5878502317773,
    "m_h": 125.0,
    "v": 246.0,
    "m_w": 80.36,
    "m_z": 91.19,
    "m_t": 173.1,
    "use_glauber_measure": true,
    "C_glauber": 6.531212121212121,
    "Lambda_glauber": 2000.0
  },
  "derived_tree_coefficients": {
    "glauber_scheme": "counterterm_subtracted",
    "lambda_tree": 0.12909808976138543,
    "mu2_tree_GeV2": 7812.5,
    "a0_mean_field": 0.3998252334093464,
    "glauber_t0": 0.09881070818181818,
    "glauber_lambda_shift": 0.0,
    "glauber_mu2_shift_after_lambda_GeV2": 0.0,
    "lambda_tree_raw_glauber_equivalent": -1.201343449431992,
    "mu2_tree_raw_glauber_equivalent_GeV2": 661607.0961741915,
    "combo_TeV2": 0.0
  },
  "scan_parameters": {
    "T_min": 1.0,
    "T_max": 250.0,
    "phi_scan_range": [
      -10.0,
      782.5878502317773
    ],
    "n_phi_scan": 1200,
    "n_T_seeds": 3,
    "deltaX_target": 0.1,
    "x_eps": 0.001,
    "T_eps": 0.01,
    "deriv_order": 4,
    "phitol": 0.0001,
    "overlapAngle": 45.0,
    "Tn_Ttol": 0.01,
    "Tn_maxiter": 160,
    "include_zeroT_loops": true,
    "include_scalar_loops": true,
    "include_thermal": true,
    "include_scalar_thermal": true,
    "include_daisy": false,
    "renormalize_zeroT_loops": true,
    "thermal_approx": "spline"
  },
  "key_temperatures": {
    "Tn": 68.76200617962215,
    "Tc": 83.99556903210392,
    "Ts_false": 54.14482724053719,
    "Ts_true": 94.5354882812497,
    "S_at_Tn": 9628.064378803472,
    "S_over_Tn": 140.02012032128263,
    "false_phase_key": 1,
    "true_phase_key": 0,
    "phi_false_Tn": -0.0011571971089041424,
    "phi_true_Tn": 235.49934363618053,
    "vTn_over_Tn": 3.424846899041924,
    "Tc_minus_Tn_over_Tc": 0.18136150547012014
  },
  "gw_scales": {
    "gw_T_star_GeV": 68.76200617962215,
    "gw_alpha": 0.046960703886835986,
    "gw_beta_over_H": 996.4853119690862,
    "gw_v_w": 1.0,
    "gw_g_star": 106.75
  },
  "gw_peaks": {
    "sw": {
      "f_peak_mHz": 13.084706031441257,
      "f_peak_Hz": 0.013084706031441257,
      "omega_peak": 9.122167324630995e-16
    },
    "turb": {
      "f_peak_mHz": 22.402263950746985,
      "f_peak_Hz": 0.022402263950746987,
      "omega_peak": 6.628246866058939e-20
    },
    "coll": {
      "f_peak_mHz": NaN,
      "f_peak_Hz": NaN,
      "omega_peak": NaN
    },
    "total": {
      "f_peak_mHz": 13.084706031441257,
      "f_peak_Hz": 0.013084706031441257,
      "omega_peak": 9.122747665417595e-16
    }
  },
  "gw_run_parameters": {
    "g_star": 106.75,
    "v_w": 1.0,
    "epsilon_turb": 1.0,
    "frequency_unit": "mHz"
  },
  "S3": 9628.066878747552,
  "S3_over_T": 140.02015667775646,
  "bounce_diagnostics": {
    "label": "results_eft68_c6f20_c8f40_f782p588_mh125_Glauber_C6p53121_Lambda2000",
    "C": NaN,
    "Lambda_GeV": NaN,
    "finiteT": null,
    "temperature_GeV": NaN,
    "phi_metaMin": -0.0011571971089041424,
    "phi_absMin": 235.49934363618053,
    "phi_bar": 116.7329635031272,
    "phi_top": 79.86074679492617,
    "V(phi_meta)": -63250956.1062771,
    "V(phi_true)": -81622063.97349882,
    "V(phi_top)": -62203003.34851347,
    "DeltaV_true_minus_meta": -18371107.86722172,
    "r0": 3.18488079766715e-06,
    "phi0": 228.44567431225343,
    "dphi0": -0.075907291536224,
    "rscale_cubic": 0.0318488079766715,
    "rscale_curv": 0.030044958333989232,
    "wall_r_hi": 0.11183802435127448,
    "wall_thickness": 0.0809351114962523,
    "S_total": 9628.066878747552,
    "S_kin": 14445.692144340896,
    "S_pot": -4817.625265593345,
    "S_interior": 0.0,
    "S3_over_T": NaN,
    "beta_rscale": 31.398349374095144,
    "beta_curvature": 33.28341958792023,
    "beta_wall": 12.355576974108512,
    "Tn_from_transitionFinder_GeV": 68.76200617962215,
    "Tc_from_transitionFinder_GeV": 83.99556903210392,
    "T_spinodal_high_GeV": NaN,
    "T_spinodal_low_GeV": NaN,
    "gw_T_star_GeV": 68.76200617962215,
    "gw_alpha": 0.046960703886835986,
    "gw_beta_over_H": 996.4853119690862,
    "gw_R_star_times_H": NaN,
    "gw_Gamma_Tstar_GeV4": NaN,
    "gw_dT_for_beta_GeV": NaN,
    "gw_f_sw_peak_Hz": NaN,
    "gw_f_turb_peak_Hz": NaN,
    "gw_f_coll_peak_Hz": NaN,
    "gw_g_star": 106.75,
    "gw_v_w": 1.0,
    "omega_sw_peak": NaN,
    "omega_turb_peak": NaN,
    "omega_coll_peak": NaN,
    "omega_tot_peak": NaN
  }
}