{
  "label": "results_eft68_c6f23p325_c8f40_f1000_mh125_Glauber_C1_Lambda1000",
  "model_parameters": {
    "c6_over_f2_TeV2": 3.325,
    "c8_over_f4_TeV4": 0.0,
    "f_GeV": 1000.0,
    "m_h": 125.0,
    "v": 246.0,
    "m_w": 80.36,
    "m_z": 91.19,
    "m_t": 173.1,
    "use_glauber_measure": true,
    "C_glauber": 1.0,
    "Lambda_glauber": 1000.0
  },
  "derived_tree_coefficients": {
    "glauber_scheme": "counterterm_subtracted",
    "lambda_tree": -0.17272546023861457,
    "mu2_tree_GeV2": -1320.0769758999995,
    "a0_mean_field": 0.2489134584093464,
    "glauber_t0": 0.060516,
    "glauber_lambda_shift": 0.0,
    "glauber_mu2_shift_after_lambda_GeV2": 0.0,
    "lambda_tree_raw_glauber_equivalent": -0.20142411150277786,
    "mu2_tree_raw_glauber_equivalent_GeV2": 23905.11912845909,
    "combo_TeV2": 6.65
  },
  "scan_parameters": {
    "T_min": 1.0,
    "T_max": 250.0,
    "phi_scan_range": [
      -10.0,
      1000.0
    ],
    "n_phi_scan": 1200,
    "n_T_seeds": 3,
    "deltaX_target": 0.1,
    "x_eps": 0.001,
    "T_eps": 0.01,
    "deriv_order": 4,
    "phitol": 0.0001,
    "overlapAngle": 45.0,
    "Tn_Ttol": 0.01,
    "Tn_maxiter": 160,
    "include_zeroT_loops": true,
    "include_scalar_loops": true,
    "include_thermal": true,
    "include_scalar_thermal": true,
    "include_daisy": false,
    "renormalize_zeroT_loops": true,
    "thermal_approx": "spline"
  },
  "key_temperatures": {
    "Tn": 72.40722419696769,
    "Tc": 90.34083337550929,
    "Ts_false": 38.083249023431804,
    "Ts_true": 94.11043749999969,
    "S_at_Tn": 10135.76817613145,
    "S_over_Tn": 139.98283028443896,
    "false_phase_key": 2,
    "true_phase_key": 0,
    "phi_false_Tn": -0.00018397159746946258,
    "phi_true_Tn": 232.55682707318437,
    "vTn_over_Tn": 3.2117903931873624,
    "Tc_minus_Tn_over_Tc": 0.19851055728032796
  },
  "gw_scales": {
    "gw_T_star_GeV": 72.40722419696769,
    "gw_alpha": 0.03631375159374668,
    "gw_beta_over_H": 401.25114695733544,
    "gw_v_w": 1.0,
    "gw_g_star": 106.75
  },
  "gw_peaks": {
    "sw": {
      "f_peak_mHz": 5.6207140693079705,
      "f_peak_Hz": 0.0056207140693079706,
      "omega_peak": 2.7814118808132876e-15
    },
    "turb": {
      "f_peak_mHz": 9.47648339602273,
      "f_peak_Hz": 0.00947648339602273,
      "omega_peak": 2.0210449621408928e-19
    },
    "coll": {
      "f_peak_mHz": NaN,
      "f_peak_Hz": NaN,
      "omega_peak": NaN
    },
    "total": {
      "f_peak_mHz": 5.6207140693079705,
      "f_peak_Hz": 0.0056207140693079706,
      "omega_peak": 2.7815899555829397e-15
    }
  },
  "gw_run_parameters": {
    "g_star": 106.75,
    "v_w": 1.0,
    "epsilon_turb": 1.0,
    "frequency_unit": "mHz"
  },
  "S3": 10135.840945842167,
  "S3_over_T": 139.9838352906593,
  "bounce_diagnostics": {
    "label": "results_eft68_c6f23p325_c8f40_f1000_mh125_Glauber_C1_Lambda1000",
    "C": NaN,
    "Lambda_GeV": NaN,
    "finiteT": null,
    "temperature_GeV": NaN,
    "phi_metaMin": -0.00018397159746946258,
    "phi_absMin": 232.55682707318437,
    "phi_bar": 117.19712431835156,
    "phi_top": 79.36413451691266,
    "V(phi_meta)": -70035325.26196618,
    "V(phi_true)": -88271700.79666373,
    "V(phi_top)": -68592981.65615228,
    "DeltaV_true_minus_meta": -18236375.534697548,
    "r0": 2.6978344698341905e-06,
    "phi0": 225.60149677813476,
    "dphi0": -0.060503438833878924,
    "rscale_cubic": 0.026978344698341903,
    "rscale_curv": 0.025566823509038394,
    "wall_r_hi": 0.10751651201003187,
    "wall_thickness": 0.07584891508495772,
    "S_total": 10135.840945842167,
    "S_kin": 15192.553076208127,
    "S_pot": -5056.712130365961,
    "S_interior": 0.0,
    "S3_over_T": NaN,
    "beta_rscale": 37.06676637063875,
    "beta_curvature": 39.11319827700746,
    "beta_wall": 13.184104200830143,
    "Tn_from_transitionFinder_GeV": 72.40722419696769,
    "Tc_from_transitionFinder_GeV": 90.34083337550929,
    "T_spinodal_high_GeV": NaN,
    "T_spinodal_low_GeV": NaN,
    "gw_T_star_GeV": 72.40722419696769,
    "gw_alpha": 0.03631375159374668,
    "gw_beta_over_H": 401.25114695733544,
    "gw_R_star_times_H": NaN,
    "gw_Gamma_Tstar_GeV4": NaN,
    "gw_dT_for_beta_GeV": NaN,
    "gw_f_sw_peak_Hz": NaN,
    "gw_f_turb_peak_Hz": NaN,
    "gw_f_coll_peak_Hz": NaN,
    "gw_g_star": 106.75,
    "gw_v_w": 1.0,
    "omega_sw_peak": NaN,
    "omega_turb_peak": NaN,
    "omega_coll_peak": NaN,
    "omega_tot_peak": NaN
  }
}