{
  "label": "results_eft68_c6f20_c8f40_f779p556_mh125_Glauber_C6p58212_Lambda2000",
  "model_parameters": {
    "c6_over_f2_TeV2": 0.0,
    "c8_over_f4_TeV4": 0.0,
    "f_GeV": 779.5555320143204,
    "m_h": 125.0,
    "v": 246.0,
    "m_w": 80.36,
    "m_z": 91.19,
    "m_t": 173.1,
    "use_glauber_measure": true,
    "C_glauber": 6.582121212121212,
    "Lambda_glauber": 2000.0
  },
  "derived_tree_coefficients": {
    "glauber_scheme": "counterterm_subtracted",
    "lambda_tree": 0.12909808976138543,
    "mu2_tree_GeV2": 7812.5,
    "a0_mean_field": 0.3998252334093464,
    "glauber_t0": 0.09958091181818182,
    "glauber_lambda_shift": 0.0,
    "glauber_mu2_shift_after_lambda_GeV2": 0.0,
    "lambda_tree_raw_glauber_equivalent": -1.224477857549646,
    "mu2_tree_raw_glauber_equivalent_GeV2": 666563.8406577999,
    "combo_TeV2": 0.0
  },
  "scan_parameters": {
    "T_min": 1.0,
    "T_max": 250.0,
    "phi_scan_range": [
      -10.0,
      779.5555320143204
    ],
    "n_phi_scan": 1200,
    "n_T_seeds": 3,
    "deltaX_target": 0.1,
    "x_eps": 0.001,
    "T_eps": 0.01,
    "deriv_order": 4,
    "phitol": 0.0001,
    "overlapAngle": 45.0,
    "Tn_Ttol": 0.01,
    "Tn_maxiter": 160,
    "include_zeroT_loops": true,
    "include_scalar_loops": true,
    "include_thermal": true,
    "include_scalar_thermal": true,
    "include_daisy": false,
    "renormalize_zeroT_loops": true,
    "thermal_approx": "spline"
  },
  "key_temperatures": {
    "Tn": 65.15620208176402,
    "Tc": 82.3881158747257,
    "Ts_false": 49.14905622125375,
    "Ts_true": 93.8186406249997,
    "S_at_Tn": 9120.568235723013,
    "S_over_Tn": 139.98004709172093,
    "false_phase_key": 1,
    "true_phase_key": 0,
    "phi_false_Tn": -0.0011095923687081796,
    "phi_true_Tn": 237.4256909887739,
    "vTn_over_Tn": 3.6439461387087944,
    "Tc_minus_Tn_over_Tc": 0.20915533278080378
  },
  "gw_scales": {
    "gw_T_star_GeV": 65.15620208176402,
    "gw_alpha": 0.05741933958669475,
    "gw_beta_over_H": 841.5204679742891,
    "gw_v_w": 1.0,
    "gw_g_star": 106.75
  },
  "gw_peaks": {
    "sw": {
      "f_peak_mHz": 10.55243763123881,
      "f_peak_Hz": 0.01055243763123881,
      "omega_peak": 2.201199498785648e-15
    },
    "turb": {
      "f_peak_mHz": 18.06677907556844,
      "f_peak_Hz": 0.018066779075568442,
      "omega_peak": 1.5993045586488485e-19
    },
    "coll": {
      "f_peak_mHz": NaN,
      "f_peak_Hz": NaN,
      "omega_peak": NaN
    },
    "total": {
      "f_peak_mHz": 10.55243763123881,
      "f_peak_Hz": 0.01055243763123881,
      "omega_peak": 2.2013400622921213e-15
    }
  },
  "gw_run_parameters": {
    "g_star": 106.75,
    "v_w": 1.0,
    "epsilon_turb": 1.0,
    "frequency_unit": "mHz"
  },
  "S3": 9120.546644482456,
  "S3_over_T": 139.97971571512335,
  "bounce_diagnostics": {
    "label": "results_eft68_c6f20_c8f40_f779p556_mh125_Glauber_C6p58212_Lambda2000",
    "C": NaN,
    "Lambda_GeV": NaN,
    "finiteT": null,
    "temperature_GeV": NaN,
    "phi_metaMin": -0.0011095923687081796,
    "phi_absMin": 237.4256909887739,
    "phi_bar": 115.88651593416697,
    "phi_top": 79.58987720160377,
    "V(phi_meta)": -51497744.72241956,
    "V(phi_true)": -71517061.14599666,
    "V(phi_top)": -50436885.96682916,
    "DeltaV_true_minus_meta": -20019316.4235771,
    "r0": 3.154710283811763e-06,
    "phi0": 229.4778091209986,
    "dphi0": -0.08858660081923321,
    "rscale_cubic": 0.03154710283811763,
    "rscale_curv": 0.029363983046833134,
    "wall_r_hi": 0.10817473175432818,
    "wall_thickness": 0.07967387208345182,
    "S_total": 9120.546644482456,
    "S_kin": 13675.564457123415,
    "S_pot": -4555.017812640961,
    "S_interior": 0.0,
    "S3_over_T": NaN,
    "beta_rscale": 31.698631888051644,
    "beta_curvature": 34.055361378852666,
    "beta_wall": 12.551166070510321,
    "Tn_from_transitionFinder_GeV": 65.15620208176402,
    "Tc_from_transitionFinder_GeV": 82.3881158747257,
    "T_spinodal_high_GeV": NaN,
    "T_spinodal_low_GeV": NaN,
    "gw_T_star_GeV": 65.15620208176402,
    "gw_alpha": 0.05741933958669475,
    "gw_beta_over_H": 841.5204679742891,
    "gw_R_star_times_H": NaN,
    "gw_Gamma_Tstar_GeV4": NaN,
    "gw_dT_for_beta_GeV": NaN,
    "gw_f_sw_peak_Hz": NaN,
    "gw_f_turb_peak_Hz": NaN,
    "gw_f_coll_peak_Hz": NaN,
    "gw_g_star": 106.75,
    "gw_v_w": 1.0,
    "omega_sw_peak": NaN,
    "omega_turb_peak": NaN,
    "omega_coll_peak": NaN,
    "omega_tot_peak": NaN
  }
}