{
  "label": "results_eft68_c6f20_c8f40_f516p231_mh125_Glauber_C3p75242_Lambda1000",
  "model_parameters": {
    "c6_over_f2_TeV2": 0.0,
    "c8_over_f4_TeV4": 0.0,
    "f_GeV": 516.2309439259606,
    "m_h": 125.0,
    "v": 246.0,
    "m_w": 80.36,
    "m_z": 91.19,
    "m_t": 173.1,
    "use_glauber_measure": true,
    "C_glauber": 3.7524242424242424,
    "Lambda_glauber": 1000.0
  },
  "derived_tree_coefficients": {
    "glauber_scheme": "counterterm_subtracted",
    "lambda_tree": 0.12909808976138543,
    "mu2_tree_GeV2": 7812.5,
    "a0_mean_field": 0.3998252334093464,
    "glauber_t0": 0.22708170545454545,
    "glauber_lambda_shift": 0.0,
    "glauber_mu2_shift_after_lambda_GeV2": 0.0,
    "lambda_tree_raw_glauber_equivalent": -0.46793301151561634,
    "mu2_tree_raw_glauber_equivalent_GeV2": 94658.0693836188,
    "combo_TeV2": 0.0
  },
  "scan_parameters": {
    "T_min": 1.0,
    "T_max": 250.0,
    "phi_scan_range": [
      -10.0,
      516.2309439259606
    ],
    "n_phi_scan": 1200,
    "n_T_seeds": 3,
    "deltaX_target": 0.1,
    "x_eps": 0.001,
    "T_eps": 0.01,
    "deriv_order": 4,
    "phitol": 0.0001,
    "overlapAngle": 45.0,
    "Tn_Ttol": 0.01,
    "Tn_maxiter": 160,
    "include_zeroT_loops": true,
    "include_scalar_loops": true,
    "include_thermal": true,
    "include_scalar_thermal": true,
    "include_daisy": false,
    "renormalize_zeroT_loops": true,
    "thermal_approx": "spline"
  },
  "key_temperatures": {
    "Tn": 61.63218353146455,
    "Tc": 79.66188467059737,
    "Ts_false": 47.03163789062051,
    "Ts_true": 91.30821484374974,
    "S_at_Tn": 8630.408937000186,
    "S_over_Tn": 140.03088066146768,
    "false_phase_key": 1,
    "true_phase_key": 0,
    "phi_false_Tn": -0.00032347711312288597,
    "phi_true_Tn": 238.95209765916925,
    "vTn_over_Tn": 3.877066882389119,
    "Tc_minus_Tn_over_Tc": 0.22632782558039902
  },
  "gw_scales": {
    "gw_T_star_GeV": 61.63218353146455,
    "gw_alpha": 0.06741520510275271,
    "gw_beta_over_H": 797.670222861638,
    "gw_v_w": 1.0,
    "gw_g_star": 106.75
  },
  "gw_peaks": {
    "sw": {
      "f_peak_mHz": 9.47648339602273,
      "f_peak_Hz": 0.00947648339602273,
      "omega_peak": 3.756302827044078e-15
    },
    "turb": {
      "f_peak_mHz": 16.22464286568221,
      "f_peak_Hz": 0.01622464286568221,
      "omega_peak": 2.7291953121219164e-19
    },
    "coll": {
      "f_peak_mHz": NaN,
      "f_peak_Hz": NaN,
      "omega_peak": NaN
    },
    "total": {
      "f_peak_mHz": 9.47648339602273,
      "f_peak_Hz": 0.00947648339602273,
      "omega_peak": 3.7565428819551195e-15
    }
  },
  "gw_run_parameters": {
    "g_star": 106.75,
    "v_w": 1.0,
    "epsilon_turb": 1.0,
    "frequency_unit": "mHz"
  },
  "S3": 8630.411748564653,
  "S3_over_T": 140.03092627991418,
  "bounce_diagnostics": {
    "label": "results_eft68_c6f20_c8f40_f516p231_mh125_Glauber_C3p75242_Lambda1000",
    "C": NaN,
    "Lambda_GeV": NaN,
    "finiteT": null,
    "temperature_GeV": NaN,
    "phi_metaMin": -0.00032347711312288597,
    "phi_absMin": 238.95209765916925,
    "phi_bar": 112.54438470375362,
    "phi_top": 77.6647025286635,
    "V(phi_meta)": -41697778.40990253,
    "V(phi_true)": -61593584.67031182,
    "V(phi_top)": -40862964.8457025,
    "DeltaV_true_minus_meta": -19895806.260409296,
    "r0": 3.470204897239846e-06,
    "phi0": 229.7767060695318,
    "dphi0": -0.11193617841384987,
    "rscale_cubic": 0.03470204897239846,
    "rscale_curv": 0.032035757620801804,
    "wall_r_hi": 0.11073530708480521,
    "wall_thickness": 0.08430020757596031,
    "S_total": 8630.411748564653,
    "S_kin": 12946.999845273253,
    "S_pot": -4316.5880967086,
    "S_interior": 0.0,
    "S3_over_T": NaN,
    "beta_rscale": 28.816742227393732,
    "beta_curvature": 31.215114927806724,
    "beta_wall": 11.862366994754206,
    "Tn_from_transitionFinder_GeV": 61.63218353146455,
    "Tc_from_transitionFinder_GeV": 79.66188467059737,
    "T_spinodal_high_GeV": NaN,
    "T_spinodal_low_GeV": NaN,
    "gw_T_star_GeV": 61.63218353146455,
    "gw_alpha": 0.06741520510275271,
    "gw_beta_over_H": 797.670222861638,
    "gw_R_star_times_H": NaN,
    "gw_Gamma_Tstar_GeV4": NaN,
    "gw_dT_for_beta_GeV": NaN,
    "gw_f_sw_peak_Hz": NaN,
    "gw_f_turb_peak_Hz": NaN,
    "gw_f_coll_peak_Hz": NaN,
    "gw_g_star": 106.75,
    "gw_v_w": 1.0,
    "omega_sw_peak": NaN,
    "omega_turb_peak": NaN,
    "omega_coll_peak": NaN,
    "omega_tot_peak": NaN
  }
}