{
  "label": "results_eft68_c6f23_c8f42_f1000_mh125_Glauber_off",
  "model_parameters": {
    "c6_over_f2_TeV2": 3.0,
    "c8_over_f4_TeV4": 2.0,
    "f_GeV": 1000.0,
    "m_h": 125.0,
    "v": 246.0,
    "m_w": 80.36,
    "m_z": 91.19,
    "m_t": 173.1,
    "use_glauber_measure": false,
    "C_glauber": 0.0,
    "Lambda_glauber": 1000.0
  },
  "derived_tree_coefficients": {
    "glauber_scheme": "counterterm_subtracted",
    "lambda_tree": -0.1542104690066146,
    "mu2_tree_GeV2": -870.6608029361915,
    "a0_mean_field": 0.2581709540253464,
    "glauber_t0": 0.0,
    "glauber_lambda_shift": 0.0,
    "glauber_mu2_shift_after_lambda_GeV2": 0.0,
    "lambda_tree_raw_glauber_equivalent": -0.1542104690066146,
    "mu2_tree_raw_glauber_equivalent_GeV2": -870.6608029361915,
    "combo_TeV2": 6.363096
  },
  "scan_parameters": {
    "T_min": 1.0,
    "T_max": 250.0,
    "phi_scan_range": [
      -10,
      1000.0
    ],
    "n_phi_scan": 1200,
    "n_T_seeds": 3,
    "deltaX_target": 0.1,
    "x_eps": 0.001,
    "T_eps": 0.01,
    "deriv_order": 4,
    "phitol": 0.0001,
    "overlapAngle": 45.0,
    "Tn_Ttol": 0.01,
    "Tn_maxiter": 160,
    "include_zeroT_loops": true,
    "include_scalar_loops": true,
    "include_thermal": true,
    "include_scalar_thermal": true,
    "include_daisy": true,
    "renormalize_zeroT_loops": true,
    "thermal_approx": "spline"
  },
  "key_temperatures": {
    "Tn": 84.26092913159758,
    "Tc": 96.26203696797683,
    "Ts_false": 60.65519628905862,
    "Ts_true": 96.91168749999963,
    "S_at_Tn": 11798.293214886584,
    "S_over_Tn": 140.0209247213518,
    "false_phase_key": 2,
    "true_phase_key": 0,
    "phi_false_Tn": -5.268996370922871e-05,
    "phi_true_Tn": 222.76760001938004,
    "vTn_over_Tn": 2.6437828577876776,
    "Tc_minus_Tn_over_Tc": 0.12467124335184822
  },
  "gw_scales": {
    "gw_T_star_GeV": 84.26092913159758,
    "gw_alpha": 0.01930907677861909,
    "gw_beta_over_H": 1401.5413770809837,
    "gw_v_w": 1.0,
    "gw_g_star": 106.75
  },
  "gw_peaks": {
    "sw": {
      "f_peak_mHz": 22.749095652733732,
      "f_peak_Hz": 0.022749095652733732,
      "omega_peak": 3.884704332166246e-17
    },
    "turb": {
      "f_peak_mHz": 38.94862018517942,
      "f_peak_Hz": 0.038948620185179424,
      "omega_peak": 2.8224790612933366e-21
    },
    "coll": {
      "f_peak_mHz": NaN,
      "f_peak_Hz": NaN,
      "omega_peak": NaN
    },
    "total": {
      "f_peak_mHz": 22.749095652733732,
      "f_peak_Hz": 0.022749095652733732,
      "omega_peak": 3.884952512651238e-17
    }
  },
  "gw_run_parameters": {
    "g_star": 106.75,
    "v_w": 1.0,
    "epsilon_turb": 1.0,
    "frequency_unit": "mHz"
  },
  "S3": 11798.20605133252,
  "S3_over_T": 140.01989027329904,
  "bounce_diagnostics": {
    "label": "results_eft68_c6f23_c8f42_f1000_mh125_Glauber_off",
    "C": NaN,
    "Lambda_GeV": NaN,
    "finiteT": null,
    "temperature_GeV": NaN,
    "phi_metaMin": -5.268996370922871e-05,
    "phi_absMin": 222.76760001938004,
    "phi_bar": 115.84092680156125,
    "phi_top": 76.68536245702275,
    "V(phi_meta)": -130943299.8502153,
    "V(phi_true)": -143385050.10520473,
    "V(phi_top)": -129768793.58827385,
    "DeltaV_true_minus_meta": -12441750.25498943,
    "r0": 2.888746814282654e-06,
    "phi0": 217.4150737609585,
    "dphi0": -0.03830616752000818,
    "rscale_cubic": 0.028887468142826535,
    "rscale_curv": 0.0272281303057034,
    "wall_r_hi": 0.12429843587903146,
    "wall_thickness": 0.08420791229544572,
    "S_total": 11798.20605133252,
    "S_kin": 17675.30480121941,
    "S_pot": -5877.098749886888,
    "S_interior": 0.0,
    "S3_over_T": NaN,
    "beta_rscale": 34.61708707235128,
    "beta_curvature": 36.726723479310905,
    "beta_wall": 11.875368629155336,
    "Tn_from_transitionFinder_GeV": 84.26092913159758,
    "Tc_from_transitionFinder_GeV": 96.26203696797683,
    "T_spinodal_high_GeV": NaN,
    "T_spinodal_low_GeV": NaN,
    "gw_T_star_GeV": 84.26092913159758,
    "gw_alpha": 0.01930907677861909,
    "gw_beta_over_H": 1401.5413770809837,
    "gw_R_star_times_H": NaN,
    "gw_Gamma_Tstar_GeV4": NaN,
    "gw_dT_for_beta_GeV": NaN,
    "gw_f_sw_peak_Hz": NaN,
    "gw_f_turb_peak_Hz": NaN,
    "gw_f_coll_peak_Hz": NaN,
    "gw_g_star": 106.75,
    "gw_v_w": 1.0,
    "omega_sw_peak": NaN,
    "omega_turb_peak": NaN,
    "omega_coll_peak": NaN,
    "omega_tot_peak": NaN
  }
}