{
  "label": "results_eft68_c6f23p01616_c8f42_f1000_mh125_Glauber_off",
  "model_parameters": {
    "c6_over_f2_TeV2": 3.0161616161616163,
    "c8_over_f4_TeV4": 2.0,
    "f_GeV": 1000.0,
    "m_h": 125.0,
    "v": 246.0,
    "m_w": 80.36,
    "m_z": 91.19,
    "m_t": 173.1,
    "use_glauber_measure": false,
    "C_glauber": 0.0,
    "Lambda_glauber": 1000.0
  },
  "derived_tree_coefficients": {
    "glauber_scheme": "counterterm_subtracted",
    "lambda_tree": -0.15567752355206912,
    "mu2_tree_GeV2": -915.0509393725544,
    "a0_mean_field": 0.2574374267526191,
    "glauber_t0": 0.0,
    "glauber_lambda_shift": 0.0,
    "glauber_mu2_shift_after_lambda_GeV2": 0.0,
    "lambda_tree_raw_glauber_equivalent": -0.15567752355206912,
    "mu2_tree_raw_glauber_equivalent_GeV2": -915.0509393725544,
    "combo_TeV2": 6.395419232323232
  },
  "scan_parameters": {
    "T_min": 1.0,
    "T_max": 250.0,
    "phi_scan_range": [
      -10,
      1000.0
    ],
    "n_phi_scan": 1200,
    "n_T_seeds": 3,
    "deltaX_target": 0.1,
    "x_eps": 0.001,
    "T_eps": 0.01,
    "deriv_order": 4,
    "phitol": 0.0001,
    "overlapAngle": 45.0,
    "Tn_Ttol": 0.01,
    "Tn_maxiter": 160,
    "include_zeroT_loops": true,
    "include_scalar_loops": true,
    "include_thermal": true,
    "include_scalar_thermal": true,
    "include_daisy": true,
    "renormalize_zeroT_loops": true,
    "thermal_approx": "spline"
  },
  "key_temperatures": {
    "Tn": 83.55375686450814,
    "Tc": 95.93007801431794,
    "Ts_false": 59.302036914058526,
    "Ts_true": 96.75314453124963,
    "S_at_Tn": 11694.884808265258,
    "S_over_Tn": 139.96838977844928,
    "false_phase_key": 2,
    "true_phase_key": 0,
    "phi_false_Tn": -5.463782537018395e-05,
    "phi_true_Tn": 223.5377384406739,
    "vTn_over_Tn": 2.675376270670457,
    "Tc_minus_Tn_over_Tc": 0.12901397982770932
  },
  "gw_scales": {
    "gw_T_star_GeV": 83.55375686450814,
    "gw_alpha": 0.020006757328224177,
    "gw_beta_over_H": 1516.776457368955,
    "gw_v_w": 1.0,
    "gw_g_star": 106.75
  },
  "gw_peaks": {
    "sw": {
      "f_peak_mHz": 24.19095670528232,
      "f_peak_Hz": 0.02419095670528232,
      "omega_peak": 3.667966106131698e-17
    },
    "turb": {
      "f_peak_mHz": 41.4172237443178,
      "f_peak_Hz": 0.041417223744317805,
      "omega_peak": 2.6651971107975333e-21
    },
    "coll": {
      "f_peak_mHz": NaN,
      "f_peak_Hz": NaN,
      "omega_peak": NaN
    },
    "total": {
      "f_peak_mHz": 24.19095670528232,
      "f_peak_Hz": 0.02419095670528232,
      "omega_peak": 3.668199412287648e-17
    }
  },
  "gw_run_parameters": {
    "g_star": 106.75,
    "v_w": 1.0,
    "epsilon_turb": 1.0,
    "frequency_unit": "mHz"
  },
  "S3": 11694.463382930508,
  "S3_over_T": 139.96334601560048,
  "bounce_diagnostics": {
    "label": "results_eft68_c6f23p01616_c8f42_f1000_mh125_Glauber_off",
    "C": NaN,
    "Lambda_GeV": NaN,
    "finiteT": null,
    "temperature_GeV": NaN,
    "phi_metaMin": -5.463782537018395e-05,
    "phi_absMin": 223.5377384406739,
    "phi_bar": 116.01914411577805,
    "phi_top": 76.96529853390298,
    "V(phi_meta)": -126557749.4555528,
    "V(phi_true)": -139367976.58270293,
    "V(phi_top)": -125359511.37286802,
    "DeltaV_true_minus_meta": -12810227.127150133,
    "r0": 2.8704374147270737e-06,
    "phi0": 218.0996353807274,
    "dphi0": -0.03948697670992023,
    "rscale_cubic": 0.028704374147270735,
    "rscale_curv": 0.02709451310635417,
    "wall_r_hi": 0.12301826580150288,
    "wall_thickness": 0.08356750228915721,
    "S_total": 11694.463382930508,
    "S_kin": 17478.701148285996,
    "S_pot": -5784.237765355487,
    "S_interior": 0.0,
    "S3_over_T": NaN,
    "beta_rscale": 34.83789595513901,
    "beta_curvature": 36.90784093066303,
    "beta_wall": 11.966374159895752,
    "Tn_from_transitionFinder_GeV": 83.55375686450814,
    "Tc_from_transitionFinder_GeV": 95.93007801431794,
    "T_spinodal_high_GeV": NaN,
    "T_spinodal_low_GeV": NaN,
    "gw_T_star_GeV": 83.55375686450814,
    "gw_alpha": 0.020006757328224177,
    "gw_beta_over_H": 1516.776457368955,
    "gw_R_star_times_H": NaN,
    "gw_Gamma_Tstar_GeV4": NaN,
    "gw_dT_for_beta_GeV": NaN,
    "gw_f_sw_peak_Hz": NaN,
    "gw_f_turb_peak_Hz": NaN,
    "gw_f_coll_peak_Hz": NaN,
    "gw_g_star": 106.75,
    "gw_v_w": 1.0,
    "omega_sw_peak": NaN,
    "omega_turb_peak": NaN,
    "omega_coll_peak": NaN,
    "omega_tot_peak": NaN
  }
}