{
  "label": "results_eft68_c6f20_c8f40_f765p835_mh125_Glauber_C6p55_Lambda2000",
  "model_parameters": {
    "c6_over_f2_TeV2": 0.0,
    "c8_over_f4_TeV4": 0.0,
    "f_GeV": 765.8353718612722,
    "m_h": 125.0,
    "v": 246.0,
    "m_w": 80.36,
    "m_z": 91.19,
    "m_t": 173.1,
    "use_glauber_measure": true,
    "C_glauber": 6.55,
    "Lambda_glauber": 2000.0
  },
  "scan_parameters": {
    "T_min": 1.0,
    "T_max": 250.0,
    "phi_scan_range": [
      -10,
      765.8353718612722
    ],
    "n_phi_scan": 1400,
    "n_T_seeds": 3,
    "deltaX_target": 0.1,
    "x_eps": 0.001,
    "T_eps": 0.01,
    "deriv_order": 4,
    "phitol": 1e-05,
    "overlapAngle": 45.0,
    "Tn_Ttol": 0.001,
    "Tn_maxiter": 200,
    "include_zeroT_loops": true,
    "include_scalar_loops": true,
    "include_thermal": true,
    "include_scalar_thermal": true,
    "include_daisy": false,
    "renormalize_zeroT_loops": true,
    "thermal_approx": "spline"
  },
  "key_temperatures": {
    "Tn": 67.4688234359068,
    "Tc": 83.40834552629833,
    "Ts_false": 52.050592773433166,
    "Ts_true": 94.2699531249997,
    "S_at_Tn": 9446.013159292395,
    "S_over_Tn": 140.00560078338705,
    "false_phase_key": 1,
    "true_phase_key": 0,
    "phi_false_Tn": -0.0011139904520363038,
    "phi_true_Tn": 236.2261820067322,
    "vTn_over_Tn": 3.5012642873658444
  },
  "gw_scales": {
    "gw_T_star_GeV": 67.4688234359068,
    "gw_alpha": 0.05041511342125329,
    "gw_beta_over_H": 994.0282577888601,
    "gw_v_w": 1.0,
    "gw_g_star": 106.75
  },
  "gw_peaks": {
    "sw": {
      "f_peak_mHz": 12.884127903804684,
      "f_peak_Hz": 0.012884127903804684,
      "omega_peak": 1.1113717732749772e-15
    },
    "turb": {
      "f_peak_mHz": 21.987258661131918,
      "f_peak_Hz": 0.02198725866113192,
      "omega_peak": 8.074862523328647e-20
    },
    "coll": {
      "f_peak_mHz": NaN,
      "f_peak_Hz": NaN,
      "omega_peak": NaN
    },
    "total": {
      "f_peak_mHz": 12.884127903804684,
      "f_peak_Hz": 0.012884127903804684,
      "omega_peak": 1.1114426807692929e-15
    }
  },
  "gw_run_parameters": {
    "g_star": 106.75,
    "v_w": 1.0,
    "epsilon_turb": 1.0,
    "frequency_unit": "mHz"
  },
  "S3": 9422.905805268305,
  "S3_over_T": 139.66311142537947,
  "bounce_diagnostics": {
    "label": "results_eft68_c6f20_c8f40_f765p835_mh125_Glauber_C6p55_Lambda2000",
    "C": NaN,
    "Lambda_GeV": NaN,
    "finiteT": null,
    "temperature_GeV": NaN,
    "phi_metaMin": -0.0011139904520363038,
    "phi_absMin": 236.2261820067322,
    "phi_bar": 116.42926118537387,
    "phi_top": 79.77353639891055,
    "V(phi_meta)": -58823220.4920675,
    "V(phi_true)": -77798671.78068246,
    "V(phi_top)": -57769926.286516905,
    "DeltaV_true_minus_meta": -18975451.28861496,
    "r0": 3.1733241501865797e-06,
    "phi0": 228.84529852152446,
    "dphi0": -0.08049164323287201,
    "rscale_cubic": 0.031733241501865794,
    "rscale_curv": 0.02977984692954149,
    "wall_r_hi": 0.11045660223846168,
    "wall_thickness": 0.08047245158974378,
    "S_total": 9422.905805268305,
    "S_kin": 14133.013003881686,
    "S_pot": -4710.10719861338,
    "S_interior": 0.0,
    "S3_over_T": NaN,
    "beta_rscale": 31.51269623499395,
    "beta_curvature": 33.57978643121088,
    "beta_wall": 12.42661283762169,
    "Tn_from_transitionFinder_GeV": 67.4688234359068,
    "Tc_from_transitionFinder_GeV": 83.40834552629833,
    "T_spinodal_high_GeV": NaN,
    "T_spinodal_low_GeV": NaN,
    "gw_T_star_GeV": 67.4688234359068,
    "gw_alpha": 0.05041511342125329,
    "gw_beta_over_H": 994.0282577888601,
    "gw_R_star_times_H": NaN,
    "gw_Gamma_Tstar_GeV4": NaN,
    "gw_dT_for_beta_GeV": NaN,
    "gw_f_sw_peak_Hz": NaN,
    "gw_f_turb_peak_Hz": NaN,
    "gw_f_coll_peak_Hz": NaN,
    "gw_g_star": 106.75,
    "gw_v_w": 1.0,
    "omega_sw_peak": NaN,
    "omega_turb_peak": NaN,
    "omega_coll_peak": NaN,
    "omega_tot_peak": NaN
  }
}