{
  "label": "results_eft68_c6f23p23838_c8f42_f1000_mh125_Glauber_off",
  "model_parameters": {
    "c6_over_f2_TeV2": 3.238383838383838,
    "c8_over_f4_TeV4": 2.0,
    "f_GeV": 1000.0,
    "m_h": 125.0,
    "v": 246.0,
    "m_w": 80.36,
    "m_z": 91.19,
    "m_t": 173.1,
    "use_glauber_measure": false,
    "C_glauber": 0.0,
    "Lambda_glauber": 1000.0
  },
  "derived_tree_coefficients": {
    "glauber_scheme": "counterterm_subtracted",
    "lambda_tree": -0.1758495235520691,
    "mu2_tree_GeV2": -1525.4153153725538,
    "a0_mean_field": 0.24735142675261915,
    "glauber_t0": 0.0,
    "glauber_lambda_shift": 0.0,
    "glauber_mu2_shift_after_lambda_GeV2": 0.0,
    "lambda_tree_raw_glauber_equivalent": -0.1758495235520691,
    "mu2_tree_raw_glauber_equivalent_GeV2": -1525.4153153725538,
    "combo_TeV2": 6.839863676767676
  },
  "scan_parameters": {
    "T_min": 1.0,
    "T_max": 250.0,
    "phi_scan_range": [
      -10,
      1000.0
    ],
    "n_phi_scan": 1200,
    "n_T_seeds": 3,
    "deltaX_target": 0.1,
    "x_eps": 0.001,
    "T_eps": 0.01,
    "deriv_order": 4,
    "phitol": 0.0001,
    "overlapAngle": 45.0,
    "Tn_Ttol": 0.01,
    "Tn_maxiter": 160,
    "include_zeroT_loops": true,
    "include_scalar_loops": true,
    "include_thermal": true,
    "include_scalar_thermal": true,
    "include_daisy": false,
    "renormalize_zeroT_loops": true,
    "thermal_approx": "spline"
  },
  "key_temperatures": {
    "Tn": 70.7169381993385,
    "Tc": 89.693967906511,
    "Ts_false": 35.22378554686909,
    "Ts_true": 93.42325585937469,
    "S_at_Tn": 9897.733064939335,
    "S_over_Tn": 139.96269234733242,
    "false_phase_key": 2,
    "true_phase_key": 0,
    "phi_false_Tn": -4.281776717256185e-05,
    "phi_true_Tn": 233.65100261633285,
    "vTn_over_Tn": 3.3040316586913328,
    "Tc_minus_Tn_over_Tc": 0.21157531716015138
  },
  "gw_scales": {
    "gw_T_star_GeV": 70.7169381993385,
    "gw_alpha": 0.03971738751231937,
    "gw_beta_over_H": 774.8245855536121,
    "gw_v_w": 1.0,
    "gw_g_star": 106.75
  },
  "gw_peaks": {
    "sw": {
      "f_peak_mHz": 10.55243763123881,
      "f_peak_Hz": 0.01055243763123881,
      "omega_peak": 9.546739524186527e-16
    },
    "turb": {
      "f_peak_mHz": 18.06677907556844,
      "f_peak_Hz": 0.018066779075568442,
      "omega_peak": 6.936293724129282e-20
    },
    "coll": {
      "f_peak_mHz": NaN,
      "f_peak_Hz": NaN,
      "omega_peak": NaN
    },
    "total": {
      "f_peak_mHz": 10.55243763123881,
      "f_peak_Hz": 0.01055243763123881,
      "omega_peak": 9.547349359415478e-16
    }
  },
  "gw_run_parameters": {
    "g_star": 106.75,
    "v_w": 1.0,
    "epsilon_turb": 1.0,
    "frequency_unit": "mHz"
  },
  "S3": 9897.804069207856,
  "S3_over_T": 139.96369641043708,
  "bounce_diagnostics": {
    "label": "results_eft68_c6f23p23838_c8f42_f1000_mh125_Glauber_off",
    "C": NaN,
    "Lambda_GeV": NaN,
    "finiteT": null,
    "temperature_GeV": NaN,
    "phi_metaMin": -4.281776717256185e-05,
    "phi_absMin": 233.65100261633285,
    "phi_bar": 116.9767603423608,
    "phi_top": 79.55787916286727,
    "V(phi_meta)": -63603766.80010848,
    "V(phi_true)": -82584145.45949507,
    "V(phi_top)": -62165046.07261155,
    "DeltaV_true_minus_meta": -18980378.65938659,
    "r0": 2.7078185282727256e-06,
    "phi0": 226.30808499631496,
    "dphi0": -0.06552220812533019,
    "rscale_cubic": 0.027078185282727256,
    "rscale_curv": 0.026067580003463625,
    "wall_r_hi": 0.10599304331899961,
    "wall_thickness": 0.07544848010046111,
    "S_total": 9897.804069207856,
    "S_kin": 14852.072493374551,
    "S_pot": -4954.268424166696,
    "S_interior": 0.0,
    "S3_over_T": NaN,
    "beta_rscale": 36.93009666485605,
    "beta_curvature": 38.36182796408399,
    "beta_wall": 13.254077466749239,
    "Tn_from_transitionFinder_GeV": 70.7169381993385,
    "Tc_from_transitionFinder_GeV": 89.693967906511,
    "T_spinodal_high_GeV": NaN,
    "T_spinodal_low_GeV": NaN,
    "gw_T_star_GeV": 70.7169381993385,
    "gw_alpha": 0.03971738751231937,
    "gw_beta_over_H": 774.8245855536121,
    "gw_R_star_times_H": NaN,
    "gw_Gamma_Tstar_GeV4": NaN,
    "gw_dT_for_beta_GeV": NaN,
    "gw_f_sw_peak_Hz": NaN,
    "gw_f_turb_peak_Hz": NaN,
    "gw_f_coll_peak_Hz": NaN,
    "gw_g_star": 106.75,
    "gw_v_w": 1.0,
    "omega_sw_peak": NaN,
    "omega_turb_peak": NaN,
    "omega_coll_peak": NaN,
    "omega_tot_peak": NaN
  }
}