{
  "label": "results_eft68_c6f22p9899_c8f45_f1000_mh125_Glauber_off",
  "model_parameters": {
    "c6_over_f2_TeV2": 2.98989898989899,
    "c8_over_f4_TeV4": 5.0,
    "f_GeV": 1000.0,
    "m_h": 125.0,
    "v": 246.0,
    "m_w": 80.36,
    "m_z": 91.19,
    "m_t": 173.1,
    "use_glauber_measure": false,
    "C_glauber": 0.0,
    "Lambda_glauber": 1000.0
  },
  "derived_tree_coefficients": {
    "glauber_scheme": "counterterm_subtracted",
    "lambda_tree": -0.16977339806770544,
    "mu2_tree_GeV2": -1507.7795580677503,
    "a0_mean_field": 0.250389489494801,
    "glauber_t0": 0.0,
    "glauber_lambda_shift": 0.0,
    "glauber_mu2_shift_after_lambda_GeV2": 0.0,
    "lambda_tree_raw_glauber_equivalent": -0.16977339806770544,
    "mu2_tree_raw_glauber_equivalent_GeV2": -1507.7795580677503,
    "combo_TeV2": 6.88753797979798
  },
  "scan_parameters": {
    "T_min": 1.0,
    "T_max": 250.0,
    "phi_scan_range": [
      -10,
      1000.0
    ],
    "n_phi_scan": 1200,
    "n_T_seeds": 3,
    "deltaX_target": 0.1,
    "x_eps": 0.001,
    "T_eps": 0.01,
    "deriv_order": 4,
    "phitol": 0.0001,
    "overlapAngle": 45.0,
    "Tn_Ttol": 0.01,
    "Tn_maxiter": 160,
    "include_zeroT_loops": true,
    "include_scalar_loops": true,
    "include_thermal": true,
    "include_scalar_thermal": true,
    "include_daisy": false,
    "renormalize_zeroT_loops": true,
    "thermal_approx": "spline"
  },
  "key_temperatures": {
    "Tn": 71.23935843422218,
    "Tc": 89.66260229717224,
    "Ts_false": 38.24616894530693,
    "Ts_true": 93.0891484374997,
    "S_at_Tn": 9974.051690425398,
    "S_over_Tn": 140.00760127050825,
    "false_phase_key": 2,
    "true_phase_key": 0,
    "phi_false_Tn": -4.9769787553627263e-05,
    "phi_true_Tn": 233.24100004740595,
    "vTn_over_Tn": 3.2740468916879086,
    "Tc_minus_Tn_over_Tc": 0.20547299978969144
  },
  "gw_scales": {
    "gw_T_star_GeV": 71.23935843422218,
    "gw_alpha": 0.03825724555377165,
    "gw_beta_over_H": 390.470076750276,
    "gw_v_w": 1.0,
    "gw_g_star": 106.75
  },
  "gw_peaks": {
    "sw": {
      "f_peak_mHz": 5.36753410184406,
      "f_peak_Hz": 0.00536753410184406,
      "omega_peak": 3.391199610680592e-15
    },
    "turb": {
      "f_peak_mHz": 9.049623796282821,
      "f_peak_Hz": 0.009049623796282822,
      "omega_peak": 2.463971694848331e-19
    },
    "coll": {
      "f_peak_mHz": NaN,
      "f_peak_Hz": NaN,
      "omega_peak": NaN
    },
    "total": {
      "f_peak_mHz": 5.36753410184406,
      "f_peak_Hz": 0.00536753410184406,
      "omega_peak": 3.391416444407041e-15
    }
  },
  "gw_run_parameters": {
    "g_star": 106.75,
    "v_w": 1.0,
    "epsilon_turb": 1.0,
    "frequency_unit": "mHz"
  },
  "S3": 9973.281521253786,
  "S3_over_T": 139.99679026394475,
  "bounce_diagnostics": {
    "label": "results_eft68_c6f22p9899_c8f45_f1000_mh125_Glauber_off",
    "C": NaN,
    "Lambda_GeV": NaN,
    "finiteT": null,
    "temperature_GeV": NaN,
    "phi_metaMin": -4.9769787553627263e-05,
    "phi_absMin": 233.24100004740595,
    "phi_bar": 116.8437979268208,
    "phi_top": 79.46337356943613,
    "V(phi_meta)": -65521370.97824332,
    "V(phi_true)": -83973150.07650651,
    "V(phi_top)": -64133722.78796452,
    "DeltaV_true_minus_meta": -18451779.09826319,
    "r0": 2.753924050468146e-06,
    "phi0": 225.95837164250688,
    "dphi0": -0.06495660798943084,
    "rscale_cubic": 0.02753924050468146,
    "rscale_curv": 0.026565581220251593,
    "wall_r_hi": 0.10738601378560587,
    "wall_thickness": 0.07645482645496904,
    "S_total": 9973.281521253786,
    "S_kin": 14976.456323963996,
    "S_pot": -5003.17480271021,
    "S_interior": 0.0,
    "S3_over_T": NaN,
    "beta_rscale": 36.311822028280254,
    "beta_curvature": 37.64269069842461,
    "beta_wall": 13.07961899029341,
    "Tn_from_transitionFinder_GeV": 71.23935843422218,
    "Tc_from_transitionFinder_GeV": 89.66260229717224,
    "T_spinodal_high_GeV": NaN,
    "T_spinodal_low_GeV": NaN,
    "gw_T_star_GeV": 71.23935843422218,
    "gw_alpha": 0.03825724555377165,
    "gw_beta_over_H": 390.470076750276,
    "gw_R_star_times_H": NaN,
    "gw_Gamma_Tstar_GeV4": NaN,
    "gw_dT_for_beta_GeV": NaN,
    "gw_f_sw_peak_Hz": NaN,
    "gw_f_turb_peak_Hz": NaN,
    "gw_f_coll_peak_Hz": NaN,
    "gw_g_star": 106.75,
    "gw_v_w": 1.0,
    "omega_sw_peak": NaN,
    "omega_turb_peak": NaN,
    "omega_coll_peak": NaN,
    "omega_tot_peak": NaN
  }
}