{
  "label": "results_eft68_c6f23p44167_c8f40_f1000_mh125_Glauber_C1_Lambda1000",
  "model_parameters": {
    "c6_over_f2_TeV2": 3.441666666666667,
    "c8_over_f4_TeV4": 0.0,
    "f_GeV": 1000.0,
    "m_h": 125.0,
    "v": 246.0,
    "m_w": 80.36,
    "m_z": 91.19,
    "m_t": 173.1,
    "use_glauber_measure": true,
    "C_glauber": 1.0,
    "Lambda_glauber": 1000.0
  },
  "derived_tree_coefficients": {
    "glauber_scheme": "counterterm_subtracted",
    "lambda_tree": -0.18331576023861457,
    "mu2_tree_GeV2": -1640.5182732999983,
    "a0_mean_field": 0.2436183084093464,
    "glauber_t0": 0.060516,
    "glauber_lambda_shift": 0.0,
    "glauber_mu2_shift_after_lambda_GeV2": 0.0,
    "lambda_tree_raw_glauber_equivalent": -0.21201441150277786,
    "mu2_tree_raw_glauber_equivalent_GeV2": 23584.677831059093,
    "combo_TeV2": 6.883333333333334
  },
  "scan_parameters": {
    "T_min": 1.0,
    "T_max": 250.0,
    "phi_scan_range": [
      -10.0,
      1000.0
    ],
    "n_phi_scan": 1200,
    "n_T_seeds": 3,
    "deltaX_target": 0.1,
    "x_eps": 0.001,
    "T_eps": 0.01,
    "deriv_order": 4,
    "phitol": 0.0001,
    "overlapAngle": 45.0,
    "Tn_Ttol": 0.01,
    "Tn_maxiter": 160,
    "include_zeroT_loops": true,
    "include_scalar_loops": true,
    "include_thermal": true,
    "include_scalar_thermal": true,
    "include_daisy": false,
    "renormalize_zeroT_loops": true,
    "thermal_approx": "spline"
  },
  "key_temperatures": {
    "Tn": 65.05517484333467,
    "Tc": 87.9155335508194,
    "Ts_false": 20.039211132806916,
    "Ts_true": 93.0803945312497,
    "S_at_Tn": 9109.303717654091,
    "S_over_Tn": 140.02427538763888,
    "false_phase_key": 2,
    "true_phase_key": 0,
    "phi_false_Tn": -0.0001869970434153244,
    "phi_true_Tn": 236.98616088300335,
    "vTn_over_Tn": 3.642848727310494,
    "Tc_minus_Tn_over_Tc": 0.2600263887868047
  },
  "gw_scales": {
    "gw_T_star_GeV": 65.05517484333467,
    "gw_alpha": 0.055657014221698727,
    "gw_beta_over_H": 661.9901385890211,
    "gw_v_w": 1.0,
    "gw_g_star": 106.75
  },
  "gw_peaks": {
    "sw": {
      "f_peak_mHz": 8.252721021916784,
      "f_peak_Hz": 0.008252721021916784,
      "omega_peak": 3.271596363136521e-15
    },
    "turb": {
      "f_peak_mHz": 14.129445033049324,
      "f_peak_Hz": 0.014129445033049325,
      "omega_peak": 2.377054715540556e-19
    },
    "coll": {
      "f_peak_mHz": NaN,
      "f_peak_Hz": NaN,
      "omega_peak": NaN
    },
    "total": {
      "f_peak_mHz": 8.252721021916784,
      "f_peak_Hz": 0.008252721021916784,
      "omega_peak": 3.2718048441954774e-15
    }
  },
  "gw_run_parameters": {
    "g_star": 106.75,
    "v_w": 1.0,
    "epsilon_turb": 1.0,
    "frequency_unit": "mHz"
  },
  "S3": 9109.305514887134,
  "S3_over_T": 140.0243030139276,
  "bounce_diagnostics": {
    "label": "results_eft68_c6f23p44167_c8f40_f1000_mh125_Glauber_C1_Lambda1000",
    "C": NaN,
    "Lambda_GeV": NaN,
    "finiteT": null,
    "temperature_GeV": NaN,
    "phi_metaMin": -0.0001869970434153244,
    "phi_absMin": 236.98616088300335,
    "phi_bar": 116.11651936511042,
    "phi_top": 79.25589538269972,
    "V(phi_meta)": -45438598.13772712,
    "V(phi_true)": -67336871.19488707,
    "V(phi_top)": -43958042.25665215,
    "DeltaV_true_minus_meta": -21898273.057159953,
    "r0": 2.6591606428205717e-06,
    "phi0": 228.32366500442888,
    "dphi0": -0.08225943560479303,
    "rscale_cubic": 0.026591606428205718,
    "rscale_curv": 0.02575832407146717,
    "wall_r_hi": 0.1002464156136581,
    "wall_thickness": 0.07329119981904908,
    "S_total": 9109.305514887134,
    "S_kin": 13651.377571848077,
    "S_pot": -4542.072056960946,
    "S_interior": 0.0,
    "S3_over_T": NaN,
    "beta_rscale": 37.60585140652879,
    "beta_curvature": 38.822406446815165,
    "beta_wall": 13.644202884779224,
    "Tn_from_transitionFinder_GeV": 65.05517484333467,
    "Tc_from_transitionFinder_GeV": 87.9155335508194,
    "T_spinodal_high_GeV": NaN,
    "T_spinodal_low_GeV": NaN,
    "gw_T_star_GeV": 65.05517484333467,
    "gw_alpha": 0.055657014221698727,
    "gw_beta_over_H": 661.9901385890211,
    "gw_R_star_times_H": NaN,
    "gw_Gamma_Tstar_GeV4": NaN,
    "gw_dT_for_beta_GeV": NaN,
    "gw_f_sw_peak_Hz": NaN,
    "gw_f_turb_peak_Hz": NaN,
    "gw_f_coll_peak_Hz": NaN,
    "gw_g_star": 106.75,
    "gw_v_w": 1.0,
    "omega_sw_peak": NaN,
    "omega_turb_peak": NaN,
    "omega_coll_peak": NaN,
    "omega_tot_peak": NaN
  }
}