{
  "label": "daisy_effective_potential_",
  "C": NaN,
  "Lambda_GeV": NaN,
  "finiteT": true,
  "temperature_GeV": 85.78801787759132,
  "phi_metaMin": -2.707228109952488e-05,
  "phi_absMin": 54.42977891958227,
  "phi_bar": 30.14822670608477,
  "phi_top": 18.600511084912426,
  "V(phi_meta)": -98899620.44526476,
  "V(phi_true)": -98905768.6193771,
  "V(phi_top)": -98898308.58056621,
  "DeltaV_true_minus_meta": -6148.174112349749,
  "r0": 2.096550662945807e-05,
  "phi0": 53.661449860842495,
  "dphi0": -0.00026608211294811284,
  "rscale_cubic": 0.2096550662945807,
  "rscale_curv": 0.23582578754221142,
  "wall_r_hi": 1.3466202477058344,
  "wall_thickness": 0.7572696731741565,
  "S_total": 11980.313921661738,
  "S_kin": 17964.31367284672,
  "S_pot": -5983.999751184983,
  "S_interior": 0.0,
  "S3_over_T": 139.6502007862699,
  "beta_rscale": 4.769739256359905,
  "beta_curvature": 4.240413519728441,
  "beta_wall": 1.3205335370270672,
  "Tn_from_transitionFinder_GeV": 85.78801787759132,
  "Tc_from_transitionFinder_GeV": 85.87347190962187,
  "T_spinodal_high_GeV": 85.28530859374963,
  "T_spinodal_low_GeV": 85.94708984374935,
  "gw_T_star_GeV": 85.78801787759132,
  "gw_alpha": 0.0008967490172962257,
  "gw_beta_over_H": 223410.9957970141,
  "gw_R_star_times_H": 1.3111188930845788e-05,
  "gw_Gamma_Tstar_GeV4": 1.018161687037262e-51,
  "gw_dT_for_beta_GeV": 0.00015907196615803798,
  "gw_f_sw_peak_Hz": 3681.39789378,
  "gw_f_turb_peak_Hz": 5231.4601648452635,
  "gw_f_coll_peak_Hz": 734.1267144906316,
  "gw_g_star": 106.75,
  "gw_v_w": 1.0,
  "omega_sw_peak": 1.9243862990873552e-25,
  "omega_turb_peak": 1.3993686174864543e-29,
  "omega_coll_peak": 0.0,
  "omega_tot_peak": 1.9245078305842684e-25
}