{
  "label": "results_eft68_c6f20_c8f40_f510p915_mh125_Glauber_C3p83091_Lambda1000",
  "model_parameters": {
    "c6_over_f2_TeV2": 0.0,
    "c8_over_f4_TeV4": 0.0,
    "f_GeV": 510.91549831327904,
    "m_h": 125.0,
    "v": 246.0,
    "m_w": 80.36,
    "m_z": 91.19,
    "m_t": 173.1,
    "use_glauber_measure": true,
    "C_glauber": 3.8309090909090906,
    "Lambda_glauber": 1000.0
  },
  "scan_parameters": {
    "T_min": 1.0,
    "T_max": 250.0,
    "phi_scan_range": [
      -10.0,
      510.91549831327904
    ],
    "n_phi_scan": 1200,
    "n_T_seeds": 3,
    "deltaX_target": 0.1,
    "x_eps": 0.001,
    "T_eps": 0.01,
    "deriv_order": 4,
    "phitol": 1e-05,
    "overlapAngle": 45.0,
    "Tn_Ttol": 0.001,
    "Tn_maxiter": 160,
    "include_zeroT_loops": true,
    "include_scalar_loops": true,
    "include_thermal": true,
    "include_scalar_thermal": true,
    "include_daisy": true,
    "renormalize_zeroT_loops": true,
    "thermal_approx": "spline"
  },
  "key_temperatures": {
    "Tn": 43.54273759716764,
    "Tc": 74.95259188411646,
    "Ts_false": 18.69650781249484,
    "Ts_true": 90.19938671874976,
    "S_at_Tn": 6095.992288153268,
    "S_over_Tn": 140.00020725729013,
    "false_phase_key": 1,
    "true_phase_key": 0,
    "phi_false_Tn": -0.00043766093375539444,
    "phi_true_Tn": 244.08770521670073,
    "vTn_over_Tn": 5.605704158403171,
    "Tc_minus_Tn_over_Tc": 0.41906295029144985
  },
  "gw_scales": {
    "gw_T_star_GeV": 43.54273759716764,
    "gw_alpha": 0.2505695953612765,
    "gw_beta_over_H": 212.7351137891864,
    "gw_v_w": 1.0,
    "gw_g_star": 106.75
  },
  "gw_peaks": {
    "sw": {
      "f_peak_mHz": 1.775719969491454,
      "f_peak_Hz": 0.0017757199694914542,
      "omega_peak": 1.3216003847545508e-12
    },
    "turb": {
      "f_peak_mHz": 3.040201848140277,
      "f_peak_Hz": 0.003040201848140277,
      "omega_peak": 9.602364222647136e-17
    },
    "coll": {
      "f_peak_mHz": NaN,
      "f_peak_Hz": NaN,
      "omega_peak": NaN
    },
    "total": {
      "f_peak_mHz": 1.775719969491454,
      "f_peak_Hz": 0.0017757199694914542,
      "omega_peak": 1.3216846176576364e-12
    }
  },
  "gw_run_parameters": {
    "g_star": 106.75,
    "v_w": 1.0,
    "epsilon_turb": 1.0,
    "frequency_unit": "mHz"
  },
  "S3": 6094.127856095205,
  "S3_over_T": 139.95738881818986,
  "bounce_diagnostics": {
    "label": "results_eft68_c6f20_c8f40_f510p915_mh125_Glauber_C3p83091_Lambda1000",
    "C": NaN,
    "Lambda_GeV": NaN,
    "finiteT": null,
    "temperature_GeV": NaN,
    "phi_metaMin": -0.00043766093375539444,
    "phi_absMin": 244.08770521670073,
    "phi_bar": 98.74928465280261,
    "phi_top": 68.78919221211063,
    "V(phi_meta)": -11718021.487426732,
    "V(phi_true)": -38027909.9840769,
    "V(phi_top)": -11171696.760508336,
    "DeltaV_true_minus_meta": -26309888.49665017,
    "r0": 3.7994603687329474e-06,
    "phi0": 223.98025868160968,
    "dphi0": -0.2631108568294265,
    "rscale_cubic": 0.03799460368732947,
    "rscale_curv": 0.03382913141992113,
    "wall_r_hi": 0.10149140580098157,
    "wall_thickness": 0.09054676227832772,
    "S_total": 6094.127856095205,
    "S_kin": 9139.135202001044,
    "S_pot": -3045.007345905837,
    "S_interior": 0.0,
    "S3_over_T": NaN,
    "beta_rscale": 26.31952706308876,
    "beta_curvature": 29.560334004331843,
    "beta_wall": 11.04401719993194,
    "Tn_from_transitionFinder_GeV": 43.54273759716764,
    "Tc_from_transitionFinder_GeV": 74.95259188411646,
    "T_spinodal_high_GeV": NaN,
    "T_spinodal_low_GeV": NaN,
    "gw_T_star_GeV": 43.54273759716764,
    "gw_alpha": 0.2505695953612765,
    "gw_beta_over_H": 212.7351137891864,
    "gw_R_star_times_H": NaN,
    "gw_Gamma_Tstar_GeV4": NaN,
    "gw_dT_for_beta_GeV": NaN,
    "gw_f_sw_peak_Hz": NaN,
    "gw_f_turb_peak_Hz": NaN,
    "gw_f_coll_peak_Hz": NaN,
    "gw_g_star": 106.75,
    "gw_v_w": 1.0,
    "omega_sw_peak": NaN,
    "omega_turb_peak": NaN,
    "omega_coll_peak": NaN,
    "omega_tot_peak": NaN
  }
}