{
  "label": "results_eft68_c6f21_c8f40_f1000_mh125_Glauber_C3p35167_Lambda1000",
  "model_parameters": {
    "c6_over_f2_TeV2": 1.0,
    "c8_over_f4_TeV4": 0.0,
    "f_GeV": 1000.0,
    "m_h": 125.0,
    "v": 246.0,
    "m_w": 80.36,
    "m_z": 91.19,
    "m_t": 173.1,
    "use_glauber_measure": true,
    "C_glauber": 3.3516666666666666,
    "Lambda_glauber": 1000.0
  },
  "derived_tree_coefficients": {
    "glauber_scheme": "counterterm_subtracted",
    "lambda_tree": 0.03832408976138542,
    "mu2_tree_GeV2": 5065.860308,
    "a0_mean_field": 0.3544382334093464,
    "glauber_t0": 0.20282946,
    "glauber_lambda_shift": 0.0,
    "glauber_mu2_shift_after_lambda_GeV2": 0.0,
    "lambda_tree_raw_glauber_equivalent": -0.4094504770156914,
    "mu2_tree_raw_glauber_equivalent_GeV2": 84468.3922666733,
    "combo_TeV2": 2.0
  },
  "scan_parameters": {
    "T_min": 1.0,
    "T_max": 250.0,
    "phi_scan_range": [
      -10.0,
      546.2225053588667
    ],
    "n_phi_scan": 1200,
    "n_T_seeds": 3,
    "deltaX_target": 0.1,
    "x_eps": 0.001,
    "T_eps": 0.01,
    "deriv_order": 4,
    "phitol": 0.0001,
    "overlapAngle": 45.0,
    "Tn_Ttol": 0.01,
    "Tn_maxiter": 160,
    "include_zeroT_loops": true,
    "include_scalar_loops": true,
    "include_thermal": true,
    "include_scalar_thermal": true,
    "include_daisy": false,
    "renormalize_zeroT_loops": true,
    "thermal_approx": "spline"
  },
  "key_temperatures": {
    "Tn": 69.14899048666717,
    "Tc": 84.6004230507733,
    "Ts_false": 52.72848554687074,
    "Ts_true": 94.40369335937469,
    "S_at_Tn": 9681.06075855668,
    "S_over_Tn": 140.00292253613324,
    "false_phase_key": 1,
    "true_phase_key": 0,
    "phi_false_Tn": -0.00028067051883424955,
    "phi_true_Tn": 235.03934034245438,
    "vTn_over_Tn": 3.3990277904024215,
    "Tc_minus_Tn_over_Tc": 0.1826401335467659
  },
  "gw_scales": {
    "gw_T_star_GeV": 69.14899048666717,
    "gw_alpha": 0.044033234901496486,
    "gw_beta_over_H": 1118.5936124835814,
    "gw_v_w": 1.0,
    "gw_g_star": 106.75
  },
  "gw_peaks": {
    "sw": {
      "f_peak_mHz": 14.79591353904755,
      "f_peak_Hz": 0.01479591353904755,
      "omega_peak": 6.075303582081985e-16
    },
    "turb": {
      "f_peak_mHz": 25.332014314857652,
      "f_peak_Hz": 0.025332014314857654,
      "omega_peak": 4.414247255962574e-20
    },
    "coll": {
      "f_peak_mHz": NaN,
      "f_peak_Hz": NaN,
      "omega_peak": NaN
    },
    "total": {
      "f_peak_mHz": 14.79591353904755,
      "f_peak_Hz": 0.01479591353904755,
      "omega_peak": 6.075690396374833e-16
    }
  },
  "gw_run_parameters": {
    "g_star": 106.75,
    "v_w": 1.0,
    "epsilon_turb": 1.0,
    "frequency_unit": "mHz"
  },
  "S3": 9681.349350659157,
  "S3_over_T": 140.00709601864466,
  "bounce_diagnostics": {
    "label": "results_eft68_c6f21_c8f40_f1000_mh125_Glauber_C3p35167_Lambda1000",
    "C": NaN,
    "Lambda_GeV": NaN,
    "finiteT": null,
    "temperature_GeV": NaN,
    "phi_metaMin": -0.00028067051883424955,
    "phi_absMin": 235.03934034245438,
    "phi_bar": 115.39924013982282,
    "phi_top": 78.92340557022632,
    "V(phi_meta)": -62737121.9043933,
    "V(phi_true)": -80394100.30919956,
    "V(phi_top)": -61741194.429924294,
    "DeltaV_true_minus_meta": -17656978.404806256,
    "r0": 3.228627038711014e-06,
    "phi0": 227.90381770454377,
    "dphi0": -0.07620586432824114,
    "rscale_cubic": 0.03228627038711014,
    "rscale_curv": 0.030535384270109166,
    "wall_r_hi": 0.11372558000887935,
    "wall_thickness": 0.08266385704302612,
    "S_total": 9681.349350659157,
    "S_kin": 14508.108035718678,
    "S_pot": -4826.758685059521,
    "S_interior": 0.0,
    "S3_over_T": NaN,
    "beta_rscale": 30.972917838142013,
    "beta_curvature": 32.74889201989536,
    "beta_wall": 12.097185345216895,
    "Tn_from_transitionFinder_GeV": 69.14899048666717,
    "Tc_from_transitionFinder_GeV": 84.6004230507733,
    "T_spinodal_high_GeV": NaN,
    "T_spinodal_low_GeV": NaN,
    "gw_T_star_GeV": 69.14899048666717,
    "gw_alpha": 0.044033234901496486,
    "gw_beta_over_H": 1118.5936124835814,
    "gw_R_star_times_H": NaN,
    "gw_Gamma_Tstar_GeV4": NaN,
    "gw_dT_for_beta_GeV": NaN,
    "gw_f_sw_peak_Hz": NaN,
    "gw_f_turb_peak_Hz": NaN,
    "gw_f_coll_peak_Hz": NaN,
    "gw_g_star": 106.75,
    "gw_v_w": 1.0,
    "omega_sw_peak": NaN,
    "omega_turb_peak": NaN,
    "omega_coll_peak": NaN,
    "omega_tot_peak": NaN
  }
}