{
  "label": "results_eft68_c6f20_c8f40_f769p8_mh125_Glauber_C6p75_Lambda2000",
  "model_parameters": {
    "c6_over_f2_TeV2": 0.0,
    "c8_over_f4_TeV4": 0.0,
    "f_GeV": 769.800358919501,
    "m_h": 125.0,
    "v": 246.0,
    "m_w": 80.36,
    "m_z": 91.19,
    "m_t": 173.1,
    "use_glauber_measure": true,
    "C_glauber": 6.75,
    "Lambda_glauber": 2000.0
  },
  "derived_tree_coefficients": {
    "glauber_scheme": "counterterm_subtracted",
    "lambda_tree": 0.12909808976138543,
    "mu2_tree_GeV2": 7812.5,
    "a0_mean_field": 0.3998252334093464,
    "glauber_t0": 0.10212075,
    "glauber_lambda_shift": 0.0,
    "glauber_mu2_shift_after_lambda_GeV2": 0.0,
    "lambda_tree_raw_glauber_equivalent": -1.3024697675154178,
    "mu2_tree_raw_glauber_equivalent_GeV2": 682883.4871139573,
    "combo_TeV2": 0.0
  },
  "scan_parameters": {
    "T_min": 1.0,
    "T_max": 250.0,
    "phi_scan_range": [
      -10,
      769.800358919501
    ],
    "n_phi_scan": 1400,
    "n_T_seeds": 3,
    "deltaX_target": 0.1,
    "x_eps": 0.001,
    "T_eps": 0.01,
    "deriv_order": 4,
    "phitol": 0.0001,
    "overlapAngle": 45.0,
    "Tn_Ttol": 0.01,
    "Tn_maxiter": 160,
    "include_zeroT_loops": true,
    "include_scalar_loops": true,
    "include_thermal": true,
    "include_scalar_thermal": true,
    "include_daisy": true,
    "renormalize_zeroT_loops": true,
    "thermal_approx": "spline"
  },
  "key_temperatures": {
    "Tn": 48.69045871814057,
    "Tc": 77.6961064647094,
    "Ts_false": 20.315231783674566,
    "Ts_true": 92.68890039062474,
    "S_at_Tn": 6816.167643175197,
    "S_over_Tn": 139.98980134142178,
    "false_phase_key": 1,
    "true_phase_key": 0,
    "phi_false_Tn": -0.0013585747816557525,
    "phi_true_Tn": 243.1781356318978,
    "vTn_over_Tn": 4.994369369974678,
    "Tc_minus_Tn_over_Tc": 0.37332176689888036
  },
  "gw_scales": {
    "gw_T_star_GeV": 48.69045871814057,
    "gw_alpha": 0.17298713547301572,
    "gw_beta_over_H": 247.2560940367809,
    "gw_v_w": 1.0,
    "gw_g_star": 106.75
  },
  "gw_peaks": {
    "sw": {
      "f_peak_mHz": 2.3210411566310425,
      "f_peak_Hz": 0.0023210411566310426,
      "omega_peak": 4.191579928418957e-13
    },
    "turb": {
      "f_peak_mHz": 3.960945797418655,
      "f_peak_Hz": 0.003960945797418655,
      "omega_peak": 3.045509553421268e-17
    },
    "coll": {
      "f_peak_mHz": NaN,
      "f_peak_Hz": NaN,
      "omega_peak": NaN
    },
    "total": {
      "f_peak_mHz": 2.3210411566310425,
      "f_peak_Hz": 0.0023210411566310426,
      "omega_peak": 4.1918478237579516e-13
    }
  },
  "gw_run_parameters": {
    "g_star": 106.75,
    "v_w": 1.0,
    "epsilon_turb": 1.0,
    "frequency_unit": "mHz"
  },
  "S3": 6816.152194029504,
  "S3_over_T": 139.98948404834016,
  "bounce_diagnostics": {
    "label": "results_eft68_c6f20_c8f40_f769p8_mh125_Glauber_C6p75_Lambda2000",
    "C": NaN,
    "Lambda_GeV": NaN,
    "finiteT": null,
    "temperature_GeV": NaN,
    "phi_metaMin": -0.0013585747816557525,
    "phi_absMin": 243.1781356318978,
    "phi_bar": 106.49196311056073,
    "phi_top": 73.91771740182145,
    "V(phi_meta)": -17532644.530479398,
    "V(phi_true)": -44250850.347808376,
    "V(phi_top)": -16680161.599177245,
    "DeltaV_true_minus_meta": -26718205.81732898,
    "r0": 3.2684214956224486e-06,
    "phi0": 227.883246775984,
    "dphi0": -0.18781686115917262,
    "rscale_cubic": 0.032684214956224485,
    "rscale_curv": 0.02932625852713101,
    "wall_r_hi": 0.09736816316606424,
    "wall_thickness": 0.08056920336878164,
    "S_total": 6816.152194029504,
    "S_kin": 10213.188905517867,
    "S_pot": -3397.036711488363,
    "S_interior": 0.0,
    "S3_over_T": NaN,
    "beta_rscale": 30.59580905765512,
    "beta_curvature": 34.099180901198146,
    "beta_wall": 12.41169030085598,
    "Tn_from_transitionFinder_GeV": 48.69045871814057,
    "Tc_from_transitionFinder_GeV": 77.6961064647094,
    "T_spinodal_high_GeV": NaN,
    "T_spinodal_low_GeV": NaN,
    "gw_T_star_GeV": 48.69045871814057,
    "gw_alpha": 0.17298713547301572,
    "gw_beta_over_H": 247.2560940367809,
    "gw_R_star_times_H": NaN,
    "gw_Gamma_Tstar_GeV4": NaN,
    "gw_dT_for_beta_GeV": NaN,
    "gw_f_sw_peak_Hz": NaN,
    "gw_f_turb_peak_Hz": NaN,
    "gw_f_coll_peak_Hz": NaN,
    "gw_g_star": 106.75,
    "gw_v_w": 1.0,
    "omega_sw_peak": NaN,
    "omega_turb_peak": NaN,
    "omega_coll_peak": NaN,
    "omega_tot_peak": NaN
  }
}