{
  "label": "results_eft68_c6f23p21212_c8f40_f1000_mh125_Glauber_off",
  "model_parameters": {
    "c6_over_f2_TeV2": 3.2121212121212124,
    "c8_over_f4_TeV4": 0.0,
    "f_GeV": 1000.0,
    "m_h": 125.0,
    "v": 246.0,
    "m_w": 80.36,
    "m_z": 91.19,
    "m_t": 173.1,
    "use_glauber_measure": false,
    "C_glauber": 0.0,
    "Lambda_glauber": 1000.0
  },
  "derived_tree_coefficients": {
    "glauber_scheme": "counterterm_subtracted",
    "lambda_tree": -0.16247900114770547,
    "mu2_tree_GeV2": -1010.039616727272,
    "a0_mean_field": 0.25403668795480094,
    "glauber_t0": 0.0,
    "glauber_lambda_shift": 0.0,
    "glauber_mu2_shift_after_lambda_GeV2": 0.0,
    "lambda_tree_raw_glauber_equivalent": -0.16247900114770547,
    "mu2_tree_raw_glauber_equivalent_GeV2": -1010.039616727272,
    "combo_TeV2": 6.424242424242425
  },
  "scan_parameters": {
    "T_min": 1.0,
    "T_max": 250.0,
    "phi_scan_range": [
      -10,
      1000.0
    ],
    "n_phi_scan": 1200,
    "n_T_seeds": 3,
    "deltaX_target": 0.1,
    "x_eps": 0.001,
    "T_eps": 0.01,
    "deriv_order": 4,
    "phitol": 0.0001,
    "overlapAngle": 45.0,
    "Tn_Ttol": 0.01,
    "Tn_maxiter": 160,
    "include_zeroT_loops": true,
    "include_scalar_loops": true,
    "include_thermal": true,
    "include_scalar_thermal": true,
    "include_daisy": false,
    "renormalize_zeroT_loops": true,
    "thermal_approx": "spline"
  },
  "key_temperatures": {
    "Tn": 80.14305319706845,
    "Tc": 93.65188759686527,
    "Ts_false": 53.75176855468315,
    "Ts_true": 95.39726171874966,
    "S_at_Tn": 11219.04626935514,
    "S_over_Tn": 139.98775716427934,
    "false_phase_key": 2,
    "true_phase_key": 0,
    "phi_false_Tn": -5.1323169424728475e-05,
    "phi_true_Tn": 226.13594124265563,
    "vTn_over_Tn": 2.821653683278034,
    "Tc_minus_Tn_over_Tc": 0.14424519084919096
  },
  "gw_scales": {
    "gw_T_star_GeV": 80.14305319706845,
    "gw_alpha": 0.024105066586110495,
    "gw_beta_over_H": 1072.4113038193532,
    "gw_v_w": 1.0,
    "gw_g_star": 106.75
  },
  "gw_peaks": {
    "sw": {
      "f_peak_mHz": 16.47583267897981,
      "f_peak_Hz": 0.01647583267897981,
      "omega_peak": 1.2421386173576356e-16
    },
    "turb": {
      "f_peak_mHz": 28.208196011125306,
      "f_peak_Hz": 0.028208196011125307,
      "omega_peak": 9.025018710575437e-21
    },
    "coll": {
      "f_peak_mHz": NaN,
      "f_peak_Hz": NaN,
      "omega_peak": NaN
    },
    "total": {
      "f_peak_mHz": 16.47583267897981,
      "f_peak_Hz": 0.01647583267897981,
      "omega_peak": 1.242217785780149e-16
    }
  },
  "gw_run_parameters": {
    "g_star": 106.75,
    "v_w": 1.0,
    "epsilon_turb": 1.0,
    "frequency_unit": "mHz"
  },
  "S3": 11219.500822382965,
  "S3_over_T": 139.99342893506534,
  "bounce_diagnostics": {
    "label": "results_eft68_c6f23p21212_c8f40_f1000_mh125_Glauber_off",
    "C": NaN,
    "Lambda_GeV": NaN,
    "finiteT": null,
    "temperature_GeV": NaN,
    "phi_metaMin": -5.1323169424728475e-05,
    "phi_absMin": 226.13594124265563,
    "phi_bar": 116.39466180075638,
    "phi_top": 77.48883987502086,
    "V(phi_meta)": -105496313.61925654,
    "V(phi_true)": -119788073.76879576,
    "V(phi_top)": -104209414.83988526,
    "DeltaV_true_minus_meta": -14291760.149539217,
    "r0": 2.788634698244903e-06,
    "phi0": 220.30860827279602,
    "dphi0": -0.04431089774122742,
    "rscale_cubic": 0.027886346982449028,
    "rscale_curv": 0.02641766063312304,
    "wall_r_hi": 0.11770418158329628,
    "wall_thickness": 0.08070208085374383,
    "S_total": 11219.500822382965,
    "S_kin": 16808.267931841754,
    "S_pot": -5588.767109458791,
    "S_interior": 0.0,
    "S3_over_T": NaN,
    "beta_rscale": 35.85984211662342,
    "beta_curvature": 37.85346061201005,
    "beta_wall": 12.391254220721983,
    "Tn_from_transitionFinder_GeV": 80.14305319706845,
    "Tc_from_transitionFinder_GeV": 93.65188759686527,
    "T_spinodal_high_GeV": NaN,
    "T_spinodal_low_GeV": NaN,
    "gw_T_star_GeV": 80.14305319706845,
    "gw_alpha": 0.024105066586110495,
    "gw_beta_over_H": 1072.4113038193532,
    "gw_R_star_times_H": NaN,
    "gw_Gamma_Tstar_GeV4": NaN,
    "gw_dT_for_beta_GeV": NaN,
    "gw_f_sw_peak_Hz": NaN,
    "gw_f_turb_peak_Hz": NaN,
    "gw_f_coll_peak_Hz": NaN,
    "gw_g_star": 106.75,
    "gw_v_w": 1.0,
    "omega_sw_peak": NaN,
    "omega_turb_peak": NaN,
    "omega_coll_peak": NaN,
    "omega_tot_peak": NaN
  }
}