{
  "label": "results_eft68_c6f22p96566_c8f45_f1000_mh125_Glauber_off",
  "model_parameters": {
    "c6_over_f2_TeV2": 2.9656565656565657,
    "c8_over_f4_TeV4": 5.0,
    "f_GeV": 1000.0,
    "m_h": 125.0,
    "v": 246.0,
    "m_w": 80.36,
    "m_z": 91.19,
    "m_t": 173.1,
    "use_glauber_measure": false,
    "C_glauber": 0.0,
    "Lambda_glauber": 1000.0
  },
  "derived_tree_coefficients": {
    "glauber_scheme": "counterterm_subtracted",
    "lambda_tree": -0.16757281624952367,
    "mu2_tree_GeV2": -1441.194353413207,
    "a0_mean_field": 0.25148978040389186,
    "glauber_t0": 0.0,
    "glauber_lambda_shift": 0.0,
    "glauber_mu2_shift_after_lambda_GeV2": 0.0,
    "lambda_tree_raw_glauber_equivalent": -0.16757281624952367,
    "mu2_tree_raw_glauber_equivalent_GeV2": -1441.194353413207,
    "combo_TeV2": 6.839053131313131
  },
  "scan_parameters": {
    "T_min": 1.0,
    "T_max": 250.0,
    "phi_scan_range": [
      -10,
      1000.0
    ],
    "n_phi_scan": 1200,
    "n_T_seeds": 3,
    "deltaX_target": 0.1,
    "x_eps": 0.001,
    "T_eps": 0.01,
    "deriv_order": 4,
    "phitol": 0.0001,
    "overlapAngle": 45.0,
    "Tn_Ttol": 0.01,
    "Tn_maxiter": 160,
    "include_zeroT_loops": true,
    "include_scalar_loops": true,
    "include_thermal": true,
    "include_scalar_thermal": true,
    "include_daisy": false,
    "renormalize_zeroT_loops": true,
    "thermal_approx": "spline"
  },
  "key_temperatures": {
    "Tn": 72.59212905675909,
    "Tc": 90.16488229203016,
    "Ts_false": 41.043382421869666,
    "Ts_true": 93.3055644531247,
    "S_at_Tn": 10161.570512108114,
    "S_over_Tn": 139.98171212422878,
    "false_phase_key": 2,
    "true_phase_key": 0,
    "phi_false_Tn": -4.578896376963021e-05,
    "phi_true_Tn": 232.29944578454442,
    "vTn_over_Tn": 3.20006381963135,
    "Tc_minus_Tn_over_Tc": 0.19489575972999806
  },
  "gw_scales": {
    "gw_T_star_GeV": 72.59212905675909,
    "gw_alpha": 0.03548940642684239,
    "gw_beta_over_H": 605.288287872014,
    "gw_v_w": 1.0,
    "gw_g_star": 106.75
  },
  "gw_peaks": {
    "sw": {
      "f_peak_mHz": 8.380489594072982,
      "f_peak_Hz": 0.008380489594072981,
      "omega_peak": 1.1471801302644297e-15
    },
    "turb": {
      "f_peak_mHz": 14.348197007390617,
      "f_peak_Hz": 0.014348197007390618,
      "omega_peak": 8.335712301845984e-20
    },
    "coll": {
      "f_peak_mHz": NaN,
      "f_peak_Hz": NaN,
      "omega_peak": NaN
    },
    "total": {
      "f_peak_mHz": 8.380489594072982,
      "f_peak_Hz": 0.008380489594072981,
      "omega_peak": 1.1472530708847092e-15
    }
  },
  "gw_run_parameters": {
    "g_star": 106.75,
    "v_w": 1.0,
    "epsilon_turb": 1.0,
    "frequency_unit": "mHz"
  },
  "S3": 10163.42443969051,
  "S3_over_T": 140.0072510856353,
  "bounce_diagnostics": {
    "label": "results_eft68_c6f22p96566_c8f45_f1000_mh125_Glauber_off",
    "C": NaN,
    "Lambda_GeV": NaN,
    "finiteT": null,
    "temperature_GeV": NaN,
    "phi_metaMin": -4.578896376963021e-05,
    "phi_absMin": 232.29944578454442,
    "phi_bar": 116.8848946664586,
    "phi_top": 79.37043968911922,
    "V(phi_meta)": -70698565.8926859,
    "V(phi_true)": -88469253.72289795,
    "V(phi_top)": -69325870.70567974,
    "DeltaV_true_minus_meta": -17770687.83021204,
    "r0": 2.7656445098491563e-06,
    "phi0": 225.26153830453785,
    "dphi0": -0.06154966889219493,
    "rscale_cubic": 0.02765644509849156,
    "rscale_curv": 0.026541712183101474,
    "wall_r_hi": 0.10898914737175876,
    "wall_thickness": 0.07719363828552675,
    "S_total": 10163.42443969051,
    "S_kin": 15222.77792362153,
    "S_pot": -5059.353483931024,
    "S_interior": 0.0,
    "S3_over_T": NaN,
    "beta_rscale": 36.157937017528766,
    "beta_curvature": 37.676546162698656,
    "beta_wall": 12.954435394030298,
    "Tn_from_transitionFinder_GeV": 72.59212905675909,
    "Tc_from_transitionFinder_GeV": 90.16488229203016,
    "T_spinodal_high_GeV": NaN,
    "T_spinodal_low_GeV": NaN,
    "gw_T_star_GeV": 72.59212905675909,
    "gw_alpha": 0.03548940642684239,
    "gw_beta_over_H": 605.288287872014,
    "gw_R_star_times_H": NaN,
    "gw_Gamma_Tstar_GeV4": NaN,
    "gw_dT_for_beta_GeV": NaN,
    "gw_f_sw_peak_Hz": NaN,
    "gw_f_turb_peak_Hz": NaN,
    "gw_f_coll_peak_Hz": NaN,
    "gw_g_star": 106.75,
    "gw_v_w": 1.0,
    "omega_sw_peak": NaN,
    "omega_turb_peak": NaN,
    "omega_coll_peak": NaN,
    "omega_tot_peak": NaN
  }
}