{
  "label": "results_eft68_c6f23p32323_c8f42_f1000_mh125_Glauber_off",
  "model_parameters": {
    "c6_over_f2_TeV2": 3.323232323232323,
    "c8_over_f4_TeV4": 2.0,
    "f_GeV": 1000.0,
    "m_h": 125.0,
    "v": 246.0,
    "m_w": 80.36,
    "m_z": 91.19,
    "m_t": 173.1,
    "use_glauber_measure": false,
    "C_glauber": 0.0,
    "Lambda_glauber": 1000.0
  },
  "derived_tree_coefficients": {
    "glauber_scheme": "counterterm_subtracted",
    "lambda_tree": -0.18355155991570546,
    "mu2_tree_GeV2": -1758.463531663464,
    "a0_mean_field": 0.24350040857080096,
    "glauber_t0": 0.0,
    "glauber_lambda_shift": 0.0,
    "glauber_mu2_shift_after_lambda_GeV2": 0.0,
    "lambda_tree_raw_glauber_equivalent": -0.18355155991570546,
    "mu2_tree_raw_glauber_equivalent_GeV2": -1758.463531663464,
    "combo_TeV2": 7.009560646464646
  },
  "scan_parameters": {
    "T_min": 1.0,
    "T_max": 250.0,
    "phi_scan_range": [
      -10,
      1000.0
    ],
    "n_phi_scan": 1200,
    "n_T_seeds": 3,
    "deltaX_target": 0.1,
    "x_eps": 0.001,
    "T_eps": 0.01,
    "deriv_order": 4,
    "phitol": 0.0001,
    "overlapAngle": 45.0,
    "Tn_Ttol": 0.01,
    "Tn_maxiter": 160,
    "include_zeroT_loops": true,
    "include_scalar_loops": true,
    "include_thermal": true,
    "include_scalar_thermal": true,
    "include_daisy": true,
    "renormalize_zeroT_loops": true,
    "thermal_approx": "spline"
  },
  "key_temperatures": {
    "Tn": 67.03558164057394,
    "Tc": 89.46639362754689,
    "Ts_false": 22.625601367181687,
    "Ts_true": 93.88818554687468,
    "S_at_Tn": 9388.618800680893,
    "S_over_Tn": 140.05426030343176,
    "false_phase_key": 2,
    "true_phase_key": 0,
    "phi_false_Tn": -4.3090559168955546e-05,
    "phi_true_Tn": 236.32412770674566,
    "vTn_over_Tn": 3.5253535797429136,
    "Tc_minus_Tn_over_Tc": 0.25071773967277095
  },
  "gw_scales": {
    "gw_T_star_GeV": 67.03558164057394,
    "gw_alpha": 0.048779446201635705,
    "gw_beta_over_H": 672.768347065985,
    "gw_v_w": 1.0,
    "gw_g_star": 106.75
  },
  "gw_peaks": {
    "sw": {
      "f_peak_mHz": 8.641991700066688,
      "f_peak_Hz": 0.008641991700066689,
      "omega_peak": 2.2188541130592967e-15
    },
    "turb": {
      "f_peak_mHz": 14.79591353904755,
      "f_peak_Hz": 0.01479591353904755,
      "omega_peak": 1.612161001454666e-19
    },
    "coll": {
      "f_peak_mHz": NaN,
      "f_peak_Hz": NaN,
      "omega_peak": NaN
    },
    "total": {
      "f_peak_mHz": 8.641991700066688,
      "f_peak_Hz": 0.008641991700066689,
      "omega_peak": 2.2189955053150982e-15
    }
  },
  "gw_run_parameters": {
    "g_star": 106.75,
    "v_w": 1.0,
    "epsilon_turb": 1.0,
    "frequency_unit": "mHz"
  },
  "S3": 9387.817685685892,
  "S3_over_T": 140.0423097098008,
  "bounce_diagnostics": {
    "label": "results_eft68_c6f23p32323_c8f42_f1000_mh125_Glauber_off",
    "C": NaN,
    "Lambda_GeV": NaN,
    "finiteT": null,
    "temperature_GeV": NaN,
    "phi_metaMin": -4.3090559168955546e-05,
    "phi_absMin": 236.32412770674566,
    "phi_bar": 116.92138838611069,
    "phi_top": 79.6244822790795,
    "V(phi_meta)": -51963547.04466473,
    "V(phi_true)": -73059331.20467024,
    "V(phi_top)": -50480520.84663945,
    "DeltaV_true_minus_meta": -21095784.160005502,
    "r0": 2.669296517664072e-06,
    "phi0": 228.21536727281213,
    "dphi0": -0.07623243070878585,
    "rscale_cubic": 0.02669296517664072,
    "rscale_curv": 0.026060264379995857,
    "wall_r_hi": 0.10187611473449505,
    "wall_thickness": 0.07370975554881637,
    "S_total": 9387.817685685892,
    "S_kin": 14083.71154065554,
    "S_pot": -4695.893854969648,
    "S_interior": 0.0,
    "S3_over_T": NaN,
    "beta_rscale": 37.46305415612313,
    "beta_curvature": 38.372592941239795,
    "beta_wall": 13.566725225912895,
    "Tn_from_transitionFinder_GeV": 67.03558164057394,
    "Tc_from_transitionFinder_GeV": 89.46639362754689,
    "T_spinodal_high_GeV": NaN,
    "T_spinodal_low_GeV": NaN,
    "gw_T_star_GeV": 67.03558164057394,
    "gw_alpha": 0.048779446201635705,
    "gw_beta_over_H": 672.768347065985,
    "gw_R_star_times_H": NaN,
    "gw_Gamma_Tstar_GeV4": NaN,
    "gw_dT_for_beta_GeV": NaN,
    "gw_f_sw_peak_Hz": NaN,
    "gw_f_turb_peak_Hz": NaN,
    "gw_f_coll_peak_Hz": NaN,
    "gw_g_star": 106.75,
    "gw_v_w": 1.0,
    "omega_sw_peak": NaN,
    "omega_turb_peak": NaN,
    "omega_coll_peak": NaN,
    "omega_tot_peak": NaN
  }
}