{
  "label": "results_eft68_c6f20_c8f40_f1209p95_mh125_Glauber_C10p9291_Lambda4000",
  "model_parameters": {
    "c6_over_f2_TeV2": 0.0,
    "c8_over_f4_TeV4": 0.0,
    "f_GeV": 1209.9515272878875,
    "m_h": 125.0,
    "v": 246.0,
    "m_w": 80.36,
    "m_z": 91.19,
    "m_t": 173.1,
    "use_glauber_measure": true,
    "C_glauber": 10.92909090909091,
    "Lambda_glauber": 4000.0
  },
  "scan_parameters": {
    "T_min": 1.0,
    "T_max": 250.0,
    "phi_scan_range": [
      -10.0,
      1209.9515272878875
    ],
    "n_phi_scan": 1200,
    "n_T_seeds": 3,
    "deltaX_target": 0.1,
    "x_eps": 0.001,
    "T_eps": 0.01,
    "deriv_order": 4,
    "phitol": 1e-05,
    "overlapAngle": 45.0,
    "Tn_Ttol": 0.001,
    "Tn_maxiter": 160,
    "include_zeroT_loops": true,
    "include_scalar_loops": true,
    "include_thermal": true,
    "include_scalar_thermal": true,
    "include_daisy": true,
    "renormalize_zeroT_loops": true,
    "thermal_approx": "spline"
  },
  "key_temperatures": {
    "Tn": 65.90832568408717,
    "Tc": 83.85781642484963,
    "Ts_false": 60.30226861935209,
    "Ts_true": 95.73428710937458,
    "S_at_Tn": 9225.789416431826,
    "S_over_Tn": 139.9791197951686,
    "false_phase_key": 1,
    "true_phase_key": 0,
    "phi_false_Tn": -0.004402279073828122,
    "phi_true_Tn": 237.51157909306758,
    "vTn_over_Tn": 3.603665798331941,
    "Tc_minus_Tn_over_Tc": 0.21404672224977556
  },
  "gw_scales": {
    "gw_T_star_GeV": 65.90832568408717,
    "gw_alpha": 0.05561384279338358,
    "gw_beta_over_H": 527.087520123113,
    "gw_v_w": 1.0,
    "gw_g_star": 106.75
  },
  "gw_peaks": {
    "sw": {
      "f_peak_mHz": 6.655581230677283,
      "f_peak_Hz": 0.0066555812306772835,
      "omega_peak": 5.149809427955807e-15
    },
    "turb": {
      "f_peak_mHz": 11.39498947221261,
      "f_peak_Hz": 0.011394989472212609,
      "omega_peak": 3.741722774443626e-19
    },
    "coll": {
      "f_peak_mHz": NaN,
      "f_peak_Hz": NaN,
      "omega_peak": NaN
    },
    "total": {
      "f_peak_mHz": 6.655581230677283,
      "f_peak_Hz": 0.0066555812306772835,
      "omega_peak": 5.150137560813161e-15
    }
  },
  "gw_run_parameters": {
    "g_star": 106.75,
    "v_w": 1.0,
    "epsilon_turb": 1.0,
    "frequency_unit": "mHz"
  },
  "S3": 9215.631569546153,
  "S3_over_T": 139.82499894958133,
  "bounce_diagnostics": {
    "label": "results_eft68_c6f20_c8f40_f1209p95_mh125_Glauber_C10p9291_Lambda4000",
    "C": NaN,
    "Lambda_GeV": NaN,
    "finiteT": null,
    "temperature_GeV": NaN,
    "phi_metaMin": -0.004402279073828122,
    "phi_absMin": 237.51157909306758,
    "phi_bar": 117.27175415173633,
    "phi_top": 80.51207667816514,
    "V(phi_meta)": -54491260.25596494,
    "V(phi_true)": -75088447.57139084,
    "V(phi_top)": -53315430.67891939,
    "DeltaV_true_minus_meta": -20597187.315425895,
    "r0": 3.0313561166991223e-06,
    "phi0": 229.87300994428838,
    "dphi0": -0.08344665758493508,
    "rscale_cubic": 0.030313561166991222,
    "rscale_curv": 0.028164115429187606,
    "wall_r_hi": 0.10629975078502395,
    "wall_thickness": 0.07748863513808417,
    "S_total": 9215.631569546153,
    "S_kin": 13827.96922563287,
    "S_pot": -4612.337656086719,
    "S_interior": 0.0,
    "S3_over_T": NaN,
    "beta_rscale": 32.98853587314285,
    "beta_curvature": 35.50633449362038,
    "beta_wall": 12.905118256606372,
    "Tn_from_transitionFinder_GeV": 65.90832568408717,
    "Tc_from_transitionFinder_GeV": 83.85781642484963,
    "T_spinodal_high_GeV": NaN,
    "T_spinodal_low_GeV": NaN,
    "gw_T_star_GeV": 65.90832568408717,
    "gw_alpha": 0.05561384279338358,
    "gw_beta_over_H": 527.087520123113,
    "gw_R_star_times_H": NaN,
    "gw_Gamma_Tstar_GeV4": NaN,
    "gw_dT_for_beta_GeV": NaN,
    "gw_f_sw_peak_Hz": NaN,
    "gw_f_turb_peak_Hz": NaN,
    "gw_f_coll_peak_Hz": NaN,
    "gw_g_star": 106.75,
    "gw_v_w": 1.0,
    "omega_sw_peak": NaN,
    "omega_turb_peak": NaN,
    "omega_coll_peak": NaN,
    "omega_tot_peak": NaN
  }
}