{
  "label": "results_eft68_c6f23p2_c8f42_f1000_mh125_Glauber_off",
  "model_parameters": {
    "c6_over_f2_TeV2": 3.2,
    "c8_over_f4_TeV4": 2.0,
    "f_GeV": 1000.0,
    "m_h": 125.0,
    "v": 246.0,
    "m_w": 80.36,
    "m_z": 91.19,
    "m_t": 173.1,
    "use_glauber_measure": false,
    "C_glauber": 0.0,
    "Lambda_glauber": 1000.0
  },
  "scan_parameters": {
    "T_min": 1.0,
    "T_max": 250.0,
    "phi_scan_range": [
      -10,
      1000.0
    ],
    "n_phi_scan": 1400,
    "n_T_seeds": 3,
    "deltaX_target": 0.1,
    "x_eps": 0.001,
    "T_eps": 0.01,
    "deriv_order": 4,
    "phitol": 1e-05,
    "overlapAngle": 45.0,
    "Tn_Ttol": 0.001,
    "Tn_maxiter": 160,
    "include_zeroT_loops": true,
    "include_scalar_loops": true,
    "include_thermal": true,
    "include_scalar_thermal": true,
    "include_daisy": false,
    "renormalize_zeroT_loops": true,
    "thermal_approx": "spline"
  },
  "key_temperatures": {
    "Tn": 72.88269408970676,
    "Tc": 90.48855338493317,
    "Ts_false": 39.9132531249945,
    "Ts_true": 93.76611718749967,
    "S_at_Tn": 10205.892209643067,
    "S_over_Tn": 140.03176387910787,
    "false_phase_key": 2,
    "true_phase_key": 0,
    "phi_false_Tn": -4.089859028182201e-05,
    "phi_true_Tn": 232.16176750622836,
    "vTn_over_Tn": 3.1854169279263322,
    "Tc_minus_Tn_over_Tc": 0.19456449060835443
  },
  "gw_scales": {
    "gw_T_star_GeV": 72.88269408970676,
    "gw_alpha": 0.0352082024320431,
    "gw_beta_over_H": 720.4062948538971,
    "gw_v_w": 1.0,
    "gw_g_star": 106.75
  },
  "gw_peaks": {
    "sw": {
      "f_peak_mHz": 10.046181046515878,
      "f_peak_Hz": 0.010046181046515877,
      "omega_peak": 7.922768492154409e-16
    },
    "turb": {
      "f_peak_mHz": 17.14419345069353,
      "f_peak_Hz": 0.01714419345069353,
      "omega_peak": 5.756547878402769e-20
    },
    "coll": {
      "f_peak_mHz": NaN,
      "f_peak_Hz": NaN,
      "omega_peak": NaN
    },
    "total": {
      "f_peak_mHz": 10.046181046515878,
      "f_peak_Hz": 0.010046181046515877,
      "omega_peak": 7.923272998203562e-16
    }
  },
  "gw_run_parameters": {
    "g_star": 106.75,
    "v_w": 1.0,
    "epsilon_turb": 1.0,
    "frequency_unit": "mHz"
  },
  "S3": 10194.513157081186,
  "S3_over_T": 139.87563555942918,
  "bounce_diagnostics": {
    "label": "results_eft68_c6f23p2_c8f42_f1000_mh125_Glauber_off",
    "C": NaN,
    "Lambda_GeV": NaN,
    "finiteT": null,
    "temperature_GeV": NaN,
    "phi_metaMin": -4.089859028182201e-05,
    "phi_absMin": 232.16176750622836,
    "phi_bar": 117.05617603015205,
    "phi_top": 79.38723226319867,
    "V(phi_meta)": -71852860.93299408,
    "V(phi_true)": -89737694.25880271,
    "V(phi_top)": -70438447.47386369,
    "DeltaV_true_minus_meta": -17884833.32580863,
    "r0": 2.7251290256066214e-06,
    "phi0": 225.22612113613374,
    "dphi0": -0.06001575960356603,
    "rscale_cubic": 0.02725129025606621,
    "rscale_curv": 0.02603812144321825,
    "wall_r_hi": 0.10843947310913052,
    "wall_thickness": 0.07649860302241193,
    "S_total": 10194.513157081186,
    "S_kin": 15287.982846373015,
    "S_pot": -5093.469689291828,
    "S_interior": 0.0,
    "S3_over_T": NaN,
    "beta_rscale": 36.695510216342775,
    "beta_curvature": 38.4052282382816,
    "beta_wall": 13.072134136972778,
    "Tn_from_transitionFinder_GeV": 72.88269408970676,
    "Tc_from_transitionFinder_GeV": 90.48855338493317,
    "T_spinodal_high_GeV": NaN,
    "T_spinodal_low_GeV": NaN,
    "gw_T_star_GeV": 72.88269408970676,
    "gw_alpha": 0.0352082024320431,
    "gw_beta_over_H": 720.4062948538971,
    "gw_R_star_times_H": NaN,
    "gw_Gamma_Tstar_GeV4": NaN,
    "gw_dT_for_beta_GeV": NaN,
    "gw_f_sw_peak_Hz": NaN,
    "gw_f_turb_peak_Hz": NaN,
    "gw_f_coll_peak_Hz": NaN,
    "gw_g_star": 106.75,
    "gw_v_w": 1.0,
    "omega_sw_peak": NaN,
    "omega_turb_peak": NaN,
    "omega_coll_peak": NaN,
    "omega_tot_peak": NaN
  }
}