{
  "label": "results_eft68_c6f20_c8f40_f515p068_mh125_Glauber_C3p76939_Lambda1000",
  "model_parameters": {
    "c6_over_f2_TeV2": 0.0,
    "c8_over_f4_TeV4": 0.0,
    "f_GeV": 515.0676051089054,
    "m_h": 125.0,
    "v": 246.0,
    "m_w": 80.36,
    "m_z": 91.19,
    "m_t": 173.1,
    "use_glauber_measure": true,
    "C_glauber": 3.7693939393939395,
    "Lambda_glauber": 1000.0
  },
  "derived_tree_coefficients": {
    "glauber_scheme": "counterterm_subtracted",
    "lambda_tree": 0.12909808976138543,
    "mu2_tree_GeV2": 7812.5,
    "a0_mean_field": 0.3998252334093464,
    "glauber_t0": 0.22810864363636366,
    "glauber_lambda_shift": 0.0,
    "glauber_mu2_shift_after_lambda_GeV2": 0.0,
    "lambda_tree_raw_glauber_equivalent": -0.47494923287026175,
    "mu2_tree_raw_glauber_equivalent_GeV2": 94953.96013857503,
    "combo_TeV2": 0.0
  },
  "scan_parameters": {
    "T_min": 1.0,
    "T_max": 250.0,
    "phi_scan_range": [
      -10.0,
      515.0676051089054
    ],
    "n_phi_scan": 1200,
    "n_T_seeds": 3,
    "deltaX_target": 0.1,
    "x_eps": 0.001,
    "T_eps": 0.01,
    "deriv_order": 4,
    "phitol": 0.0001,
    "overlapAngle": 45.0,
    "Tn_Ttol": 0.01,
    "Tn_maxiter": 160,
    "include_zeroT_loops": true,
    "include_scalar_loops": true,
    "include_thermal": true,
    "include_scalar_thermal": true,
    "include_daisy": false,
    "renormalize_zeroT_loops": true,
    "thermal_approx": "spline"
  },
  "key_temperatures": {
    "Tn": 58.658118125687295,
    "Tc": 78.49199885171669,
    "Ts_false": 42.73609609374519,
    "Ts_true": 90.81605078124976,
    "S_at_Tn": 8213.219629460422,
    "S_over_Tn": 140.01846448366925,
    "false_phase_key": 1,
    "true_phase_key": 0,
    "phi_false_Tn": -0.0003082465620992697,
    "phi_true_Tn": 240.13398937540745,
    "vTn_over_Tn": 4.093789522208505,
    "Tc_minus_Tn_over_Tc": 0.25268665617114183
  },
  "gw_scales": {
    "gw_T_star_GeV": 58.658118125687295,
    "gw_alpha": 0.08105163943610738,
    "gw_beta_over_H": 508.4968175917647,
    "gw_v_w": 1.0,
    "gw_g_star": 106.75
  },
  "gw_peaks": {
    "sw": {
      "f_peak_mHz": 5.707733927270761,
      "f_peak_Hz": 0.005707733927270761,
      "omega_peak": 1.4989855988342663e-14
    },
    "turb": {
      "f_peak_mHz": 9.772184540646425,
      "f_peak_Hz": 0.009772184540646425,
      "omega_peak": 1.0891404759621884e-18
    },
    "coll": {
      "f_peak_mHz": NaN,
      "f_peak_Hz": NaN,
      "omega_peak": NaN
    },
    "total": {
      "f_peak_mHz": 5.707733927270761,
      "f_peak_Hz": 0.005707733927270761,
      "omega_peak": 1.499081056285003e-14
    }
  },
  "gw_run_parameters": {
    "g_star": 106.75,
    "v_w": 1.0,
    "epsilon_turb": 1.0,
    "frequency_unit": "mHz"
  },
  "S3": 8213.28863138888,
  "S3_over_T": 140.01964082431334,
  "bounce_diagnostics": {
    "label": "results_eft68_c6f20_c8f40_f515p068_mh125_Glauber_C3p76939_Lambda1000",
    "C": NaN,
    "Lambda_GeV": NaN,
    "finiteT": null,
    "temperature_GeV": NaN,
    "phi_metaMin": -0.0003082465620992697,
    "phi_absMin": 240.13398937540745,
    "phi_bar": 111.10073674784495,
    "phi_top": 76.85020451750204,
    "V(phi_meta)": -34596802.631485105,
    "V(phi_true)": -55686676.860290095,
    "V(phi_top)": -33783297.25456233,
    "DeltaV_true_minus_meta": -21089874.22880499,
    "r0": 3.478491371969054e-06,
    "phi0": 229.86414777511555,
    "dphi0": -0.12821112838819934,
    "rscale_cubic": 0.03478491371969054,
    "rscale_curv": 0.03182203295569918,
    "wall_r_hi": 0.10837423584412309,
    "wall_thickness": 0.08400012254258235,
    "S_total": 8213.28863138888,
    "S_kin": 12311.887625146519,
    "S_pot": -4098.59899375764,
    "S_interior": 0.0,
    "S3_over_T": NaN,
    "beta_rscale": 28.74809487981954,
    "beta_curvature": 31.424765239609517,
    "beta_wall": 11.904744537641216,
    "Tn_from_transitionFinder_GeV": 58.658118125687295,
    "Tc_from_transitionFinder_GeV": 78.49199885171669,
    "T_spinodal_high_GeV": NaN,
    "T_spinodal_low_GeV": NaN,
    "gw_T_star_GeV": 58.658118125687295,
    "gw_alpha": 0.08105163943610738,
    "gw_beta_over_H": 508.4968175917647,
    "gw_R_star_times_H": NaN,
    "gw_Gamma_Tstar_GeV4": NaN,
    "gw_dT_for_beta_GeV": NaN,
    "gw_f_sw_peak_Hz": NaN,
    "gw_f_turb_peak_Hz": NaN,
    "gw_f_coll_peak_Hz": NaN,
    "gw_g_star": 106.75,
    "gw_v_w": 1.0,
    "omega_sw_peak": NaN,
    "omega_turb_peak": NaN,
    "omega_coll_peak": NaN,
    "omega_tot_peak": NaN
  }
}