{
  "label": "results_eft68_c6f23p18667_c8f42_f1000_mh125_Glauber_off",
  "model_parameters": {
    "c6_over_f2_TeV2": 3.1866666666666665,
    "c8_over_f4_TeV4": 2.0,
    "f_GeV": 1000.0,
    "m_h": 125.0,
    "v": 246.0,
    "m_w": 80.36,
    "m_z": 91.19,
    "m_t": 173.1,
    "use_glauber_measure": false,
    "C_glauber": 0.0,
    "Lambda_glauber": 1000.0
  },
  "scan_parameters": {
    "T_min": 1.0,
    "T_max": 250.0,
    "phi_scan_range": [
      -10,
      1000.0
    ],
    "n_phi_scan": 1200,
    "n_T_seeds": 3,
    "deltaX_target": 0.1,
    "x_eps": 0.001,
    "T_eps": 0.01,
    "deriv_order": 4,
    "phitol": 1e-05,
    "overlapAngle": 45.0,
    "Tn_Ttol": 0.001,
    "Tn_maxiter": 160,
    "include_zeroT_loops": true,
    "include_scalar_loops": true,
    "include_thermal": true,
    "include_scalar_thermal": true,
    "include_daisy": false,
    "renormalize_zeroT_loops": true,
    "thermal_approx": "spline"
  },
  "key_temperatures": {
    "Tn": 73.60055116571829,
    "Tc": 90.76351233961499,
    "Ts_false": 41.43025644530715,
    "Ts_true": 93.8862402343747,
    "S_at_Tn": 10309.203620539354,
    "S_over_Tn": 140.06965243136904,
    "false_phase_key": 2,
    "true_phase_key": 0,
    "phi_false_Tn": -4.2238639007017e-05,
    "phi_true_Tn": 231.63719346136827,
    "vTn_over_Tn": 3.1472209078953255,
    "Tc_minus_Tn_over_Tc": 0.18909538350253655
  },
  "gw_scales": {
    "gw_T_star_GeV": 73.60055116571829,
    "gw_alpha": 0.03385295917887132,
    "gw_beta_over_H": 744.4006660557582,
    "gw_v_w": 1.0,
    "gw_g_star": 106.75
  },
  "gw_peaks": {
    "sw": {
      "f_peak_mHz": 10.55243763123881,
      "f_peak_Hz": 0.01055243763123881,
      "omega_peak": 6.65645391028093e-16
    },
    "turb": {
      "f_peak_mHz": 18.06677907556844,
      "f_peak_Hz": 0.018066779075568442,
      "omega_peak": 4.836324723258031e-20
    },
    "coll": {
      "f_peak_mHz": NaN,
      "f_peak_Hz": NaN,
      "omega_peak": NaN
    },
    "total": {
      "f_peak_mHz": 10.55243763123881,
      "f_peak_Hz": 0.01055243763123881,
      "omega_peak": 6.65687913605007e-16
    }
  },
  "gw_run_parameters": {
    "g_star": 106.75,
    "v_w": 1.0,
    "epsilon_turb": 1.0,
    "frequency_unit": "mHz"
  },
  "S3": 10292.220834148098,
  "S3_over_T": 139.83890977900742,
  "bounce_diagnostics": {
    "label": "results_eft68_c6f23p18667_c8f42_f1000_mh125_Glauber_off",
    "C": NaN,
    "Lambda_GeV": NaN,
    "finiteT": null,
    "temperature_GeV": NaN,
    "phi_metaMin": -4.2238639007017e-05,
    "phi_absMin": 231.63719346136827,
    "phi_bar": 117.05037396232815,
    "phi_top": 79.28814140759215,
    "V(phi_meta)": -74757561.1036665,
    "V(phi_true)": -92276190.95681429,
    "V(phi_top)": -73353276.7512084,
    "DeltaV_true_minus_meta": -17518629.85314779,
    "r0": 2.7315258542151946e-06,
    "phi0": 224.82492907413481,
    "dphi0": -0.05830459937652307,
    "rscale_cubic": 0.027315258542151947,
    "rscale_curv": 0.026060066759824228,
    "wall_r_hi": 0.10927829904237611,
    "wall_thickness": 0.07686849165711293,
    "S_total": 10292.220834148098,
    "S_kin": 15435.869924749908,
    "S_pot": -5143.64909060181,
    "S_interior": 0.0,
    "S3_over_T": NaN,
    "beta_rscale": 36.609574771435355,
    "beta_curvature": 38.372886720572104,
    "beta_wall": 13.009231460670481,
    "Tn_from_transitionFinder_GeV": 73.60055116571829,
    "Tc_from_transitionFinder_GeV": 90.76351233961499,
    "T_spinodal_high_GeV": NaN,
    "T_spinodal_low_GeV": NaN,
    "gw_T_star_GeV": 73.60055116571829,
    "gw_alpha": 0.03385295917887132,
    "gw_beta_over_H": 744.4006660557582,
    "gw_R_star_times_H": NaN,
    "gw_Gamma_Tstar_GeV4": NaN,
    "gw_dT_for_beta_GeV": NaN,
    "gw_f_sw_peak_Hz": NaN,
    "gw_f_turb_peak_Hz": NaN,
    "gw_f_coll_peak_Hz": NaN,
    "gw_g_star": 106.75,
    "gw_v_w": 1.0,
    "omega_sw_peak": NaN,
    "omega_turb_peak": NaN,
    "omega_coll_peak": NaN,
    "omega_tot_peak": NaN
  }
}