{
  "label": "results_eft68_c6f23p13939_c8f45_f1000_mh125_Glauber_off",
  "model_parameters": {
    "c6_over_f2_TeV2": 3.1393939393939396,
    "c8_over_f4_TeV4": 5.0,
    "f_GeV": 1000.0,
    "m_h": 125.0,
    "v": 246.0,
    "m_w": 80.36,
    "m_z": 91.19,
    "m_t": 173.1,
    "use_glauber_measure": false,
    "C_glauber": 0.0,
    "Lambda_glauber": 1000.0
  },
  "derived_tree_coefficients": {
    "glauber_scheme": "counterterm_subtracted",
    "lambda_tree": -0.18334365261316002,
    "mu2_tree_GeV2": -1918.3883201041153,
    "a0_mean_field": 0.24360436222207368,
    "glauber_t0": 0.0,
    "glauber_lambda_shift": 0.0,
    "glauber_mu2_shift_after_lambda_GeV2": 0.0,
    "lambda_tree_raw_glauber_equivalent": -0.18334365261316002,
    "mu2_tree_raw_glauber_equivalent_GeV2": -1918.3883201041153,
    "combo_TeV2": 7.18652787878788
  },
  "scan_parameters": {
    "T_min": 1.0,
    "T_max": 250.0,
    "phi_scan_range": [
      -10,
      1000.0
    ],
    "n_phi_scan": 1200,
    "n_T_seeds": 3,
    "deltaX_target": 0.1,
    "x_eps": 0.001,
    "T_eps": 0.01,
    "deriv_order": 4,
    "phitol": 0.0001,
    "overlapAngle": 45.0,
    "Tn_Ttol": 0.01,
    "Tn_maxiter": 160,
    "include_zeroT_loops": true,
    "include_scalar_loops": true,
    "include_thermal": true,
    "include_scalar_thermal": true,
    "include_daisy": false,
    "renormalize_zeroT_loops": true,
    "thermal_approx": "spline"
  },
  "key_temperatures": {
    "Tn": 60.99878215973781,
    "Tc": 86.51510537779018,
    "Ts_false": 12.609722265619665,
    "Ts_true": 91.78870703124971,
    "S_at_Tn": 8536.423294068605,
    "S_over_Tn": 139.9441594049244,
    "false_phase_key": 2,
    "true_phase_key": 0,
    "phi_false_Tn": -4.116817306955406e-05,
    "phi_true_Tn": 238.83666741696564,
    "vTn_over_Tn": 3.915433373596261,
    "Tc_minus_Tn_over_Tc": 0.29493489150396185
  },
  "gw_scales": {
    "gw_T_star_GeV": 60.99878215973781,
    "gw_alpha": 0.07091873100116915,
    "gw_beta_over_H": 249.57839021358316,
    "gw_v_w": 1.0,
    "gw_g_star": 106.75
  },
  "gw_peaks": {
    "sw": {
      "f_peak_mHz": 2.9032587132459153,
      "f_peak_Hz": 0.0029032587132459156,
      "omega_peak": 4.3858673819255244e-14
    },
    "turb": {
      "f_peak_mHz": 4.970655653643069,
      "f_peak_Hz": 0.004970655653643069,
      "omega_peak": 3.1868958370481394e-18
    },
    "coll": {
      "f_peak_mHz": NaN,
      "f_peak_Hz": NaN,
      "omega_peak": NaN
    },
    "total": {
      "f_peak_mHz": 2.9032587132459153,
      "f_peak_Hz": 0.0029032587132459156,
      "omega_peak": 4.3861462284613275e-14
    }
  },
  "gw_run_parameters": {
    "g_star": 106.75,
    "v_w": 1.0,
    "epsilon_turb": 1.0,
    "frequency_unit": "mHz"
  },
  "S3": 8544.412573665586,
  "S3_over_T": 140.07513381644722,
  "bounce_diagnostics": {
    "label": "results_eft68_c6f23p13939_c8f45_f1000_mh125_Glauber_off",
    "C": NaN,
    "Lambda_GeV": NaN,
    "finiteT": null,
    "temperature_GeV": NaN,
    "phi_metaMin": -4.116817306955406e-05,
    "phi_absMin": 238.83666741696564,
    "phi_bar": 114.73926194434378,
    "phi_top": 78.1106591168076,
    "V(phi_meta)": -35006754.348582305,
    "V(phi_true)": -58360273.30565235,
    "V(phi_top)": -33612988.34955763,
    "DeltaV_true_minus_meta": -23353518.957070045,
    "r0": 2.7010957113388916e-06,
    "phi0": 228.83977045580963,
    "dphi0": -0.09888033408217402,
    "rscale_cubic": 0.027010957113388915,
    "rscale_curv": 0.026082603112703738,
    "wall_r_hi": 0.0981880708025593,
    "wall_thickness": 0.0737471511407744,
    "S_total": 8544.412573665586,
    "S_kin": 12811.173928803231,
    "S_pot": -4266.761355137645,
    "S_interior": 0.0,
    "S3_over_T": NaN,
    "beta_rscale": 37.02201280029116,
    "beta_curvature": 38.33972970283289,
    "beta_wall": 13.559845831754515,
    "Tn_from_transitionFinder_GeV": 60.99878215973781,
    "Tc_from_transitionFinder_GeV": 86.51510537779018,
    "T_spinodal_high_GeV": NaN,
    "T_spinodal_low_GeV": NaN,
    "gw_T_star_GeV": 60.99878215973781,
    "gw_alpha": 0.07091873100116915,
    "gw_beta_over_H": 249.57839021358316,
    "gw_R_star_times_H": NaN,
    "gw_Gamma_Tstar_GeV4": NaN,
    "gw_dT_for_beta_GeV": NaN,
    "gw_f_sw_peak_Hz": NaN,
    "gw_f_turb_peak_Hz": NaN,
    "gw_f_coll_peak_Hz": NaN,
    "gw_g_star": 106.75,
    "gw_v_w": 1.0,
    "omega_sw_peak": NaN,
    "omega_turb_peak": NaN,
    "omega_coll_peak": NaN,
    "omega_tot_peak": NaN
  }
}