{
  "label": "results_eft68_c6f20_c8f40_f519p62_mh125_Glauber_C3p70364_Lambda1000",
  "model_parameters": {
    "c6_over_f2_TeV2": 0.0,
    "c8_over_f4_TeV4": 0.0,
    "f_GeV": 519.619966110009,
    "m_h": 125.0,
    "v": 246.0,
    "m_w": 80.36,
    "m_z": 91.19,
    "m_t": 173.1,
    "use_glauber_measure": true,
    "C_glauber": 3.7036363636363636,
    "Lambda_glauber": 1000.0
  },
  "scan_parameters": {
    "T_min": 1.0,
    "T_max": 250.0,
    "phi_scan_range": [
      -10.0,
      519.619966110009
    ],
    "n_phi_scan": 1200,
    "n_T_seeds": 3,
    "deltaX_target": 0.1,
    "x_eps": 0.001,
    "T_eps": 0.01,
    "deriv_order": 4,
    "phitol": 1e-05,
    "overlapAngle": 45.0,
    "Tn_Ttol": 0.001,
    "Tn_maxiter": 160,
    "include_zeroT_loops": true,
    "include_scalar_loops": true,
    "include_thermal": true,
    "include_scalar_thermal": true,
    "include_daisy": false,
    "renormalize_zeroT_loops": true,
    "thermal_approx": "spline"
  },
  "key_temperatures": {
    "Tn": 68.76798668983461,
    "Tc": 82.86788125322538,
    "Ts_false": 56.49042812499628,
    "Ts_true": 92.74628710937473,
    "S_at_Tn": 9629.17724311067,
    "S_over_Tn": 140.0241261466808,
    "false_phase_key": 1,
    "true_phase_key": 0,
    "phi_false_Tn": -0.0003293848665972369,
    "phi_true_Tn": 235.33227703537713,
    "vTn_over_Tn": 3.4221196280879966,
    "Tc_minus_Tn_over_Tc": 0.17014908973362908
  },
  "gw_scales": {
    "gw_T_star_GeV": 68.76798668983461,
    "gw_alpha": 0.044980542635082665,
    "gw_beta_over_H": 1166.841361379011,
    "gw_v_w": 1.0,
    "gw_g_star": 106.75
  },
  "gw_peaks": {
    "sw": {
      "f_peak_mHz": 15.49381854297249,
      "f_peak_Hz": 0.01549381854297249,
      "omega_peak": 5.916903550257013e-16
    },
    "turb": {
      "f_peak_mHz": 26.122466354447656,
      "f_peak_Hz": 0.026122466354447656,
      "omega_peak": 4.299159201210061e-20
    },
    "coll": {
      "f_peak_mHz": NaN,
      "f_peak_Hz": NaN,
      "omega_peak": NaN
    },
    "total": {
      "f_peak_mHz": 15.49381854297249,
      "f_peak_Hz": 0.01549381854297249,
      "omega_peak": 5.917282005082532e-16
    }
  },
  "gw_run_parameters": {
    "g_star": 106.75,
    "v_w": 1.0,
    "epsilon_turb": 1.0,
    "frequency_unit": "mHz"
  },
  "S3": 9611.140879809675,
  "S3_over_T": 139.76184766261898,
  "bounce_diagnostics": {
    "label": "results_eft68_c6f20_c8f40_f519p62_mh125_Glauber_C3p70364_Lambda1000",
    "C": NaN,
    "Lambda_GeV": NaN,
    "finiteT": null,
    "temperature_GeV": NaN,
    "phi_metaMin": -0.0003293848665972369,
    "phi_absMin": 235.33227703537713,
    "phi_bar": 114.5746374694602,
    "phi_top": 78.41023576291501,
    "V(phi_meta)": -63272004.58303533,
    "V(phi_true)": -80115973.37409864,
    "V(phi_top)": -62441614.84005104,
    "DeltaV_true_minus_meta": -16843968.791063316,
    "r0": 3.5128367764469734e-06,
    "phi0": 228.06365436110366,
    "dphi0": -0.0823423407346625,
    "rscale_cubic": 0.03512836776446973,
    "rscale_curv": 0.03336338520933054,
    "wall_r_hi": 0.11793974716531498,
    "wall_thickness": 0.08671974789629658,
    "S_total": 9611.140879809675,
    "S_kin": 14409.452835519549,
    "S_pot": -4798.311955709879,
    "S_interior": 0.0,
    "S3_over_T": NaN,
    "beta_rscale": 28.467021488298155,
    "beta_curvature": 29.972974840979745,
    "beta_wall": 11.531398836581554,
    "Tn_from_transitionFinder_GeV": 68.76798668983461,
    "Tc_from_transitionFinder_GeV": 82.86788125322538,
    "T_spinodal_high_GeV": NaN,
    "T_spinodal_low_GeV": NaN,
    "gw_T_star_GeV": 68.76798668983461,
    "gw_alpha": 0.044980542635082665,
    "gw_beta_over_H": 1166.841361379011,
    "gw_R_star_times_H": NaN,
    "gw_Gamma_Tstar_GeV4": NaN,
    "gw_dT_for_beta_GeV": NaN,
    "gw_f_sw_peak_Hz": NaN,
    "gw_f_turb_peak_Hz": NaN,
    "gw_f_coll_peak_Hz": NaN,
    "gw_g_star": 106.75,
    "gw_v_w": 1.0,
    "omega_sw_peak": NaN,
    "omega_turb_peak": NaN,
    "omega_coll_peak": NaN,
    "omega_tot_peak": NaN
  }
}