{
  "label": "results_eft68_c6f23p33535_c8f42_f1000_mh125_Glauber_off",
  "model_parameters": {
    "c6_over_f2_TeV2": 3.3353535353535353,
    "c8_over_f4_TeV4": 2.0,
    "f_GeV": 1000.0,
    "m_h": 125.0,
    "v": 246.0,
    "m_w": 80.36,
    "m_z": 91.19,
    "m_t": 173.1,
    "use_glauber_measure": false,
    "C_glauber": 0.0,
    "Lambda_glauber": 1000.0
  },
  "derived_tree_coefficients": {
    "glauber_scheme": "counterterm_subtracted",
    "lambda_tree": -0.18465185082479638,
    "mu2_tree_GeV2": -1791.756133990736,
    "a0_mean_field": 0.2429502631162555,
    "glauber_t0": 0.0,
    "glauber_lambda_shift": 0.0,
    "glauber_mu2_shift_after_lambda_GeV2": 0.0,
    "lambda_tree_raw_glauber_equivalent": -0.18465185082479638,
    "mu2_tree_raw_glauber_equivalent_GeV2": -1791.756133990736,
    "combo_TeV2": 7.03380307070707
  },
  "scan_parameters": {
    "T_min": 1.0,
    "T_max": 250.0,
    "phi_scan_range": [
      -10,
      1000.0
    ],
    "n_phi_scan": 1200,
    "n_T_seeds": 3,
    "deltaX_target": 0.1,
    "x_eps": 0.001,
    "T_eps": 0.01,
    "deriv_order": 4,
    "phitol": 0.0001,
    "overlapAngle": 45.0,
    "Tn_Ttol": 0.01,
    "Tn_maxiter": 160,
    "include_zeroT_loops": true,
    "include_scalar_loops": true,
    "include_thermal": true,
    "include_scalar_thermal": true,
    "include_daisy": true,
    "renormalize_zeroT_loops": true,
    "thermal_approx": "spline"
  },
  "key_temperatures": {
    "Tn": 66.1641508272466,
    "Tc": 89.20482734570228,
    "Ts_false": 20.075442578119322,
    "Ts_true": 93.78119335937468,
    "S_at_Tn": 9262.807980348753,
    "S_over_Tn": 139.99738324359026,
    "false_phase_key": 2,
    "true_phase_key": 0,
    "phi_false_Tn": -4.618388824661889e-05,
    "phi_true_Tn": 236.78354865051313,
    "vTn_over_Tn": 3.5787287479703425,
    "Tc_minus_Tn_over_Tc": 0.2582895702400094
  },
  "gw_scales": {
    "gw_T_star_GeV": 66.1641508272466,
    "gw_alpha": 0.05138972090924966,
    "gw_beta_over_H": 608.2493524043381,
    "gw_v_w": 1.0,
    "gw_g_star": 106.75
  },
  "gw_peaks": {
    "sw": {
      "f_peak_mHz": 7.760831545860945,
      "f_peak_Hz": 0.007760831545860945,
      "omega_peak": 3.125807020404372e-15
    },
    "turb": {
      "f_peak_mHz": 13.084706031441257,
      "f_peak_Hz": 0.013084706031441257,
      "omega_peak": 2.271114229732665e-19
    },
    "coll": {
      "f_peak_mHz": NaN,
      "f_peak_Hz": NaN,
      "omega_peak": NaN
    },
    "total": {
      "f_peak_mHz": 7.760831545860945,
      "f_peak_Hz": 0.007760831545860945,
      "omega_peak": 3.126006824790119e-15
    }
  },
  "gw_run_parameters": {
    "g_star": 106.75,
    "v_w": 1.0,
    "epsilon_turb": 1.0,
    "frequency_unit": "mHz"
  },
  "S3": 9262.779814966343,
  "S3_over_T": 139.99695755411858,
  "bounce_diagnostics": {
    "label": "results_eft68_c6f23p33535_c8f42_f1000_mh125_Glauber_off",
    "C": NaN,
    "Lambda_GeV": NaN,
    "finiteT": null,
    "temperature_GeV": NaN,
    "phi_metaMin": -4.618388824661889e-05,
    "phi_absMin": 236.78354865051313,
    "phi_bar": 116.75909243472307,
    "phi_top": 79.5069862626289,
    "V(phi_meta)": -49289377.89996658,
    "V(phi_true)": -70795692.90151197,
    "V(phi_top)": -47805016.343206115,
    "DeltaV_true_minus_meta": -21506315.001545385,
    "r0": 2.6641585661528273e-06,
    "phi0": 228.42691058118936,
    "dphi0": -0.07916293567692316,
    "rscale_cubic": 0.026641585661528272,
    "rscale_curv": 0.025962417344993164,
    "wall_r_hi": 0.10110663234339297,
    "wall_thickness": 0.07352143164150518,
    "S_total": 9262.779814966343,
    "S_kin": 13875.947689323024,
    "S_pot": -4613.167874356679,
    "S_interior": 0.0,
    "S3_over_T": NaN,
    "beta_rscale": 37.5353033676238,
    "beta_curvature": 38.51721521536118,
    "beta_wall": 13.60147616379478,
    "Tn_from_transitionFinder_GeV": 66.1641508272466,
    "Tc_from_transitionFinder_GeV": 89.20482734570228,
    "T_spinodal_high_GeV": NaN,
    "T_spinodal_low_GeV": NaN,
    "gw_T_star_GeV": 66.1641508272466,
    "gw_alpha": 0.05138972090924966,
    "gw_beta_over_H": 608.2493524043381,
    "gw_R_star_times_H": NaN,
    "gw_Gamma_Tstar_GeV4": NaN,
    "gw_dT_for_beta_GeV": NaN,
    "gw_f_sw_peak_Hz": NaN,
    "gw_f_turb_peak_Hz": NaN,
    "gw_f_coll_peak_Hz": NaN,
    "gw_g_star": 106.75,
    "gw_v_w": 1.0,
    "omega_sw_peak": NaN,
    "omega_turb_peak": NaN,
    "omega_coll_peak": NaN,
    "omega_tot_peak": NaN
  }
}