{
  "label": "results_eft68_c6f20_c8f40_f510p492_mh125_Glauber_C3p83727_Lambda1000",
  "model_parameters": {
    "c6_over_f2_TeV2": 0.0,
    "c8_over_f4_TeV4": 0.0,
    "f_GeV": 510.4916778352675,
    "m_h": 125.0,
    "v": 246.0,
    "m_w": 80.36,
    "m_z": 91.19,
    "m_t": 173.1,
    "use_glauber_measure": true,
    "C_glauber": 3.8372727272727274,
    "Lambda_glauber": 1000.0
  },
  "derived_tree_coefficients": {
    "glauber_scheme": "counterterm_subtracted",
    "lambda_tree": 0.12909808976138543,
    "mu2_tree_GeV2": 7812.5,
    "a0_mean_field": 0.3998252334093464,
    "glauber_t0": 0.23221639636363636,
    "glauber_lambda_shift": 0.0,
    "glauber_mu2_shift_after_lambda_GeV2": 0.0,
    "lambda_tree_raw_glauber_equivalent": -0.5036166189608748,
    "mu2_tree_raw_glauber_equivalent_GeV2": 96120.33570382227,
    "combo_TeV2": 0.0
  },
  "scan_parameters": {
    "T_min": 1.0,
    "T_max": 250.0,
    "phi_scan_range": [
      -10.0,
      510.4916778352675
    ],
    "n_phi_scan": 1200,
    "n_T_seeds": 3,
    "deltaX_target": 0.1,
    "x_eps": 0.001,
    "T_eps": 0.01,
    "deriv_order": 4,
    "phitol": 0.0001,
    "overlapAngle": 45.0,
    "Tn_Ttol": 0.01,
    "Tn_maxiter": 160,
    "include_zeroT_loops": true,
    "include_scalar_loops": true,
    "include_thermal": true,
    "include_scalar_thermal": true,
    "include_daisy": false,
    "renormalize_zeroT_loops": true,
    "thermal_approx": "spline"
  },
  "key_temperatures": {
    "Tn": 38.63546421639049,
    "Tc": 73.46810349981232,
    "Ts_false": 13.154507031245071,
    "Ts_true": 88.88532812499979,
    "S_at_Tn": 5408.75484608971,
    "S_over_Tn": 139.9945608469001,
    "false_phase_key": 1,
    "true_phase_key": 0,
    "phi_false_Tn": -0.0005138521166320134,
    "phi_true_Tn": 244.65218088469288,
    "vTn_over_Tn": 6.332321504264547,
    "Tc_minus_Tn_over_Tc": 0.47411921125078194
  },
  "gw_scales": {
    "gw_T_star_GeV": 38.63546421639049,
    "gw_alpha": 0.4009930835384833,
    "gw_beta_over_H": 108.61797714994974,
    "gw_v_w": 1.0,
    "gw_g_star": 106.75
  },
  "gw_peaks": {
    "sw": {
      "f_peak_mHz": 0.8111308307896873,
      "f_peak_Hz": 0.0008111308307896873,
      "omega_peak": 1.3555337007824986e-11
    },
    "turb": {
      "f_peak_mHz": 1.3675607325328658,
      "f_peak_Hz": 0.0013675607325328658,
      "omega_peak": 9.849411587896824e-16
    },
    "coll": {
      "f_peak_mHz": NaN,
      "f_peak_Hz": NaN,
      "omega_peak": NaN
    },
    "total": {
      "f_peak_mHz": 0.8111308307896873,
      "f_peak_Hz": 0.0008111308307896873,
      "omega_peak": 1.3556204471256706e-11
    }
  },
  "gw_run_parameters": {
    "g_star": 106.75,
    "v_w": 1.0,
    "epsilon_turb": 1.0,
    "frequency_unit": "mHz"
  },
  "S3": 5408.751505305499,
  "S3_over_T": 139.99447437753113,
  "bounce_diagnostics": {
    "label": "results_eft68_c6f20_c8f40_f510p492_mh125_Glauber_C3p83727_Lambda1000",
    "C": NaN,
    "Lambda_GeV": NaN,
    "finiteT": null,
    "temperature_GeV": NaN,
    "phi_metaMin": -0.0005138521166320134,
    "phi_absMin": 244.65218088469288,
    "phi_bar": 92.51686564584544,
    "phi_top": 64.5361848065283,
    "V(phi_meta)": -7702798.496658492,
    "V(phi_true)": -35326387.104585156,
    "V(phi_top)": -7272655.717775319,
    "DeltaV_true_minus_meta": -27623588.607926663,
    "r0": 4.017212469620493e-06,
    "phi0": 218.36080560770242,
    "dphi0": -0.33085687710299083,
    "rscale_cubic": 0.040172124696204924,
    "rscale_curv": 0.0356440355537907,
    "wall_r_hi": 0.10083980527552358,
    "wall_thickness": 0.10083980527552358,
    "S_total": 5408.751505305499,
    "S_kin": 8109.41305391987,
    "S_pot": -2700.661548614372,
    "S_interior": 0.0,
    "S3_over_T": NaN,
    "beta_rscale": 24.89288300189087,
    "beta_curvature": 28.055176735007674,
    "beta_wall": 9.91671887175615,
    "Tn_from_transitionFinder_GeV": 38.63546421639049,
    "Tc_from_transitionFinder_GeV": 73.46810349981232,
    "T_spinodal_high_GeV": NaN,
    "T_spinodal_low_GeV": NaN,
    "gw_T_star_GeV": 38.63546421639049,
    "gw_alpha": 0.4009930835384833,
    "gw_beta_over_H": 108.61797714994974,
    "gw_R_star_times_H": NaN,
    "gw_Gamma_Tstar_GeV4": NaN,
    "gw_dT_for_beta_GeV": NaN,
    "gw_f_sw_peak_Hz": NaN,
    "gw_f_turb_peak_Hz": NaN,
    "gw_f_coll_peak_Hz": NaN,
    "gw_g_star": 106.75,
    "gw_v_w": 1.0,
    "omega_sw_peak": NaN,
    "omega_turb_peak": NaN,
    "omega_coll_peak": NaN,
    "omega_tot_peak": NaN
  }
}