{
  "label": "results_eft68_c6f20_c8f40_f519p471_mh125_Glauber_C3p70576_Lambda1000",
  "model_parameters": {
    "c6_over_f2_TeV2": 0.0,
    "c8_over_f4_TeV4": 0.0,
    "f_GeV": 519.471227029787,
    "m_h": 125.0,
    "v": 246.0,
    "m_w": 80.36,
    "m_z": 91.19,
    "m_t": 173.1,
    "use_glauber_measure": true,
    "C_glauber": 3.705757575757576,
    "Lambda_glauber": 1000.0
  },
  "derived_tree_coefficients": {
    "glauber_scheme": "counterterm_subtracted",
    "lambda_tree": 0.12909808976138543,
    "mu2_tree_GeV2": 7812.5,
    "a0_mean_field": 0.3998252334093464,
    "glauber_t0": 0.22425762545454545,
    "glauber_lambda_shift": 0.0,
    "glauber_mu2_shift_after_lambda_GeV2": 0.0,
    "lambda_tree_raw_glauber_equivalent": -0.44894370804628586,
    "mu2_tree_raw_glauber_equivalent_GeV2": 93835.72988244922,
    "combo_TeV2": 0.0
  },
  "scan_parameters": {
    "T_min": 1.0,
    "T_max": 250.0,
    "phi_scan_range": [
      -10.0,
      519.471227029787
    ],
    "n_phi_scan": 1200,
    "n_T_seeds": 3,
    "deltaX_target": 0.1,
    "x_eps": 0.001,
    "T_eps": 0.01,
    "deriv_order": 4,
    "phitol": 0.0001,
    "overlapAngle": 45.0,
    "Tn_Ttol": 0.01,
    "Tn_maxiter": 160,
    "include_zeroT_loops": true,
    "include_scalar_loops": true,
    "include_thermal": true,
    "include_scalar_thermal": true,
    "include_daisy": false,
    "renormalize_zeroT_loops": true,
    "thermal_approx": "spline"
  },
  "key_temperatures": {
    "Tn": 68.48437713575468,
    "Tc": 82.73294001900807,
    "Ts_false": 56.11036269530873,
    "Ts_true": 92.68306445312473,
    "S_at_Tn": 9589.5704708887,
    "S_over_Tn": 140.02566529705834,
    "false_phase_key": 1,
    "true_phase_key": 0,
    "phi_false_Tn": -0.0002872532048101205,
    "phi_true_Tn": 235.49997760415832,
    "vTn_over_Tn": 3.438740154376132,
    "Tc_minus_Tn_over_Tc": 0.17222357721096032
  },
  "gw_scales": {
    "gw_T_star_GeV": 68.48437713575468,
    "gw_alpha": 0.04567445919153183,
    "gw_beta_over_H": 1191.4654185967327,
    "gw_v_w": 1.0,
    "gw_g_star": 106.75
  },
  "gw_peaks": {
    "sw": {
      "f_peak_mHz": 15.733693738950372,
      "f_peak_Hz": 0.015733693738950373,
      "omega_peak": 5.916678949340774e-16
    },
    "turb": {
      "f_peak_mHz": 26.52689420538825,
      "f_peak_Hz": 0.02652689420538825,
      "omega_peak": 4.298865881562681e-20
    },
    "coll": {
      "f_peak_mHz": NaN,
      "f_peak_Hz": NaN,
      "omega_peak": NaN
    },
    "total": {
      "f_peak_mHz": 15.733693738950372,
      "f_peak_Hz": 0.015733693738950373,
      "omega_peak": 5.917057128874015e-16
    }
  },
  "gw_run_parameters": {
    "g_star": 106.75,
    "v_w": 1.0,
    "epsilon_turb": 1.0,
    "frequency_unit": "mHz"
  },
  "S3": 9589.643546745861,
  "S3_over_T": 140.02673234125464,
  "bounce_diagnostics": {
    "label": "results_eft68_c6f20_c8f40_f519p471_mh125_Glauber_C3p70576_Lambda1000",
    "C": NaN,
    "Lambda_GeV": NaN,
    "finiteT": null,
    "temperature_GeV": NaN,
    "phi_metaMin": -0.0002872532048101205,
    "phi_absMin": 235.49997760415832,
    "phi_bar": 114.4995017950505,
    "phi_top": 78.39150758272505,
    "V(phi_meta)": -62279688.09006048,
    "V(phi_true)": -79252907.74423063,
    "V(phi_top)": -61448572.086551115,
    "DeltaV_true_minus_meta": -16973219.654170148,
    "r0": 3.510461063459569e-06,
    "phi0": 228.15337342597255,
    "dphi0": -0.08351457618463426,
    "rscale_cubic": 0.03510461063459569,
    "rscale_curv": 0.03331753510602382,
    "wall_r_hi": 0.11755689537480958,
    "wall_thickness": 0.08656137289749077,
    "S_total": 9589.643546745861,
    "S_kin": 14370.356122191437,
    "S_pot": -4780.712575445577,
    "S_interior": 0.0,
    "S3_over_T": NaN,
    "beta_rscale": 28.48628661371613,
    "beta_curvature": 30.01423921932103,
    "beta_wall": 11.55249699174986,
    "Tn_from_transitionFinder_GeV": 68.48437713575468,
    "Tc_from_transitionFinder_GeV": 82.73294001900807,
    "T_spinodal_high_GeV": NaN,
    "T_spinodal_low_GeV": NaN,
    "gw_T_star_GeV": 68.48437713575468,
    "gw_alpha": 0.04567445919153183,
    "gw_beta_over_H": 1191.4654185967327,
    "gw_R_star_times_H": NaN,
    "gw_Gamma_Tstar_GeV4": NaN,
    "gw_dT_for_beta_GeV": NaN,
    "gw_f_sw_peak_Hz": NaN,
    "gw_f_turb_peak_Hz": NaN,
    "gw_f_coll_peak_Hz": NaN,
    "gw_g_star": 106.75,
    "gw_v_w": 1.0,
    "omega_sw_peak": NaN,
    "omega_turb_peak": NaN,
    "omega_coll_peak": NaN,
    "omega_tot_peak": NaN
  }
}