{
  "glauber_scheme": "counterterm_subtracted",
  "lambda_tree": -0.17953351023861452,
  "mu2_tree_GeV2": -1526.074952799996,
  "a0_mean_field": 0.24550943340934642,
  "glauber_t0": 0.0,
  "glauber_lambda_shift": 0.0,
  "glauber_mu2_shift_after_lambda_GeV2": 0.0,
  "lambda_tree_raw_glauber_equivalent": -0.17953351023861452,
  "mu2_tree_raw_glauber_equivalent_GeV2": -1526.074952799996,
  "combo_TeV2": 6.8,
  "upper_c6_over_f2_TeV2_from_Eq_2_14": 4.266577095689914,
  "Eq_2_14_is_pure_EFT68_only": false,
  "passes_Eq_2_14": true,
  "passes_EFT_tree_condition_Vv_lower_than_v_to_f": true,
  "min_after_v_tree_total": -24006392.9142918,
  "V_tree_total_v": -24006445.52605927,
  "V_tree_polynomial_v": -24006445.52605927,
  "sampled_min_phi_full_zeroT": 246.08202734244747,
  "sampled_min_deltaV_full_zeroT": -24006392.9142918,
  "dV_at_v_numeric": 4.984929854792308,
  "d2V_at_v_numeric": 15625.041260132433,
  "mh2_target": 15625.0
}