{
  "label": "results_eft68_c6f23p35758_c8f40_f1000_mh125_Glauber_off",
  "model_parameters": {
    "c6_over_f2_TeV2": 3.357575757575758,
    "c8_over_f4_TeV4": 0.0,
    "f_GeV": 1000.0,
    "m_h": 125.0,
    "v": 246.0,
    "m_w": 80.36,
    "m_z": 91.19,
    "m_t": 173.1,
    "use_glauber_measure": false,
    "C_glauber": 0.0,
    "Lambda_glauber": 1000.0
  },
  "derived_tree_coefficients": {
    "glauber_scheme": "counterterm_subtracted",
    "lambda_tree": -0.17568249205679642,
    "mu2_tree_GeV2": -1409.5508446545464,
    "a0_mean_field": 0.24743494250025547,
    "glauber_t0": 0.0,
    "glauber_lambda_shift": 0.0,
    "glauber_mu2_shift_after_lambda_GeV2": 0.0,
    "lambda_tree_raw_glauber_equivalent": -0.17568249205679642,
    "mu2_tree_raw_glauber_equivalent_GeV2": -1409.5508446545464,
    "combo_TeV2": 6.715151515151516
  },
  "scan_parameters": {
    "T_min": 1.0,
    "T_max": 250.0,
    "phi_scan_range": [
      -10,
      1000.0
    ],
    "n_phi_scan": 1200,
    "n_T_seeds": 3,
    "deltaX_target": 0.1,
    "x_eps": 0.001,
    "T_eps": 0.01,
    "deriv_order": 4,
    "phitol": 0.0001,
    "overlapAngle": 45.0,
    "Tn_Ttol": 0.01,
    "Tn_maxiter": 160,
    "include_zeroT_loops": true,
    "include_scalar_loops": true,
    "include_thermal": true,
    "include_scalar_thermal": true,
    "include_daisy": false,
    "renormalize_zeroT_loops": true,
    "thermal_approx": "spline"
  },
  "key_temperatures": {
    "Tn": 73.01370569077179,
    "Tc": 90.68011302793762,
    "Ts_false": 38.99166132811939,
    "Ts_true": 94.05888671874968,
    "S_at_Tn": 10220.838725443456,
    "S_over_Tn": 139.9852072805458,
    "false_phase_key": 2,
    "true_phase_key": 0,
    "phi_false_Tn": -3.8403288319589427e-05,
    "phi_true_Tn": 232.11427807560983,
    "vTn_over_Tn": 3.1790507806666057,
    "Tc_minus_Tn_over_Tc": 0.1948211878796732
  },
  "gw_scales": {
    "gw_T_star_GeV": 73.01370569077179,
    "gw_alpha": 0.03514178276967065,
    "gw_beta_over_H": 873.4081083188414,
    "gw_v_w": 1.0,
    "gw_g_star": 106.75
  },
  "gw_peaks": {
    "sw": {
      "f_peak_mHz": 12.30481426276792,
      "f_peak_Hz": 0.01230481426276792,
      "omega_peak": 5.36198890056734e-16
    },
    "turb": {
      "f_peak_mHz": 20.74582813044975,
      "f_peak_Hz": 0.02074582813044975,
      "omega_peak": 3.89590167112842e-20
    },
    "coll": {
      "f_peak_mHz": NaN,
      "f_peak_Hz": NaN,
      "omega_peak": NaN
    },
    "total": {
      "f_peak_mHz": 12.30481426276792,
      "f_peak_Hz": 0.01230481426276792,
      "omega_peak": 5.362331741485853e-16
    }
  },
  "gw_run_parameters": {
    "g_star": 106.75,
    "v_w": 1.0,
    "epsilon_turb": 1.0,
    "frequency_unit": "mHz"
  },
  "S3": 10220.801396045272,
  "S3_over_T": 139.98469601491655,
  "bounce_diagnostics": {
    "label": "results_eft68_c6f23p35758_c8f40_f1000_mh125_Glauber_off",
    "C": NaN,
    "Lambda_GeV": NaN,
    "finiteT": null,
    "temperature_GeV": NaN,
    "phi_metaMin": -3.8403288319589427e-05,
    "phi_absMin": 232.11427807560983,
    "phi_bar": 117.17347075554046,
    "phi_top": 79.39571738648834,
    "V(phi_meta)": -72378357.64590597,
    "V(phi_true)": -90370557.92267257,
    "V(phi_top)": -70935235.94422922,
    "DeltaV_true_minus_meta": -17992200.2767666,
    "r0": 2.698175429961708e-06,
    "phi0": 225.24503652043524,
    "dphi0": -0.05909744389916673,
    "rscale_cubic": 0.02698175429961708,
    "rscale_curv": 0.025716116455116254,
    "wall_r_hi": 0.10800247260318213,
    "wall_thickness": 0.07598666970997683,
    "S_total": 10220.801396045272,
    "S_kin": 15340.780987204995,
    "S_pot": -5119.979591159725,
    "S_interior": 0.0,
    "S3_over_T": NaN,
    "beta_rscale": 37.062082357417054,
    "beta_curvature": 38.8861197551127,
    "beta_wall": 13.160203017407708,
    "Tn_from_transitionFinder_GeV": 73.01370569077179,
    "Tc_from_transitionFinder_GeV": 90.68011302793762,
    "T_spinodal_high_GeV": NaN,
    "T_spinodal_low_GeV": NaN,
    "gw_T_star_GeV": 73.01370569077179,
    "gw_alpha": 0.03514178276967065,
    "gw_beta_over_H": 873.4081083188414,
    "gw_R_star_times_H": NaN,
    "gw_Gamma_Tstar_GeV4": NaN,
    "gw_dT_for_beta_GeV": NaN,
    "gw_f_sw_peak_Hz": NaN,
    "gw_f_turb_peak_Hz": NaN,
    "gw_f_coll_peak_Hz": NaN,
    "gw_g_star": 106.75,
    "gw_v_w": 1.0,
    "omega_sw_peak": NaN,
    "omega_turb_peak": NaN,
    "omega_coll_peak": NaN,
    "omega_tot_peak": NaN
  }
}