{
  "label": "results_eft68_c6f23p31717_c8f40_f1000_mh125_Glauber_off",
  "model_parameters": {
    "c6_over_f2_TeV2": 3.317171717171717,
    "c8_over_f4_TeV4": 0.0,
    "f_GeV": 1000.0,
    "m_h": 125.0,
    "v": 246.0,
    "m_w": 80.36,
    "m_z": 91.19,
    "m_t": 173.1,
    "use_glauber_measure": false,
    "C_glauber": 0.0,
    "Lambda_glauber": 1000.0
  },
  "derived_tree_coefficients": {
    "glauber_scheme": "counterterm_subtracted",
    "lambda_tree": -0.17201485569316005,
    "mu2_tree_GeV2": -1298.5755035636357,
    "a0_mean_field": 0.24926876068207365,
    "glauber_t0": 0.0,
    "glauber_lambda_shift": 0.0,
    "glauber_mu2_shift_after_lambda_GeV2": 0.0,
    "lambda_tree_raw_glauber_equivalent": -0.17201485569316005,
    "mu2_tree_raw_glauber_equivalent_GeV2": -1298.5755035636357,
    "combo_TeV2": 6.634343434343434
  },
  "scan_parameters": {
    "T_min": 1.0,
    "T_max": 250.0,
    "phi_scan_range": [
      -10,
      1000.0
    ],
    "n_phi_scan": 1200,
    "n_T_seeds": 3,
    "deltaX_target": 0.1,
    "x_eps": 0.001,
    "T_eps": 0.01,
    "deriv_order": 4,
    "phitol": 0.0001,
    "overlapAngle": 45.0,
    "Tn_Ttol": 0.01,
    "Tn_maxiter": 160,
    "include_zeroT_loops": true,
    "include_scalar_loops": true,
    "include_thermal": true,
    "include_scalar_thermal": true,
    "include_daisy": true,
    "renormalize_zeroT_loops": true,
    "thermal_approx": "spline"
  },
  "key_temperatures": {
    "Tn": 76.97569645347464,
    "Tc": 93.13908009416474,
    "Ts_false": 44.78227304686977,
    "Ts_true": 95.67057812499965,
    "S_at_Tn": 10774.02969078046,
    "S_over_Tn": 139.96664125400227,
    "false_phase_key": 2,
    "true_phase_key": 0,
    "phi_false_Tn": -4.642823672073851e-05,
    "phi_true_Tn": 229.75575794717798,
    "vTn_over_Tn": 2.9847831008069683,
    "Tc_minus_Tn_over_Tc": 0.17354029720229922
  },
  "gw_scales": {
    "gw_T_star_GeV": 76.97569645347464,
    "gw_alpha": 0.028159264233483444,
    "gw_beta_over_H": 751.2437206889023,
    "gw_v_w": 1.0,
    "gw_g_star": 106.75
  },
  "gw_peaks": {
    "sw": {
      "f_peak_mHz": 11.050183107177936,
      "f_peak_Hz": 0.011050183107177937,
      "omega_peak": 3.9146235206813773e-16
    },
    "turb": {
      "f_peak_mHz": 18.918966775122765,
      "f_peak_Hz": 0.018918966775122767,
      "omega_peak": 2.844366516597688e-20
    },
    "coll": {
      "f_peak_mHz": NaN,
      "f_peak_Hz": NaN,
      "omega_peak": NaN
    },
    "total": {
      "f_peak_mHz": 11.050183107177936,
      "f_peak_Hz": 0.011050183107177937,
      "omega_peak": 3.9148726426455373e-16
    }
  },
  "gw_run_parameters": {
    "g_star": 106.75,
    "v_w": 1.0,
    "epsilon_turb": 1.0,
    "frequency_unit": "mHz"
  },
  "S3": 10774.030415320152,
  "S3_over_T": 139.96665066657957,
  "bounce_diagnostics": {
    "label": "results_eft68_c6f23p31717_c8f40_f1000_mh125_Glauber_off",
    "C": NaN,
    "Lambda_GeV": NaN,
    "finiteT": null,
    "temperature_GeV": NaN,
    "phi_metaMin": -4.642823672073851e-05,
    "phi_absMin": 229.75575794717798,
    "phi_bar": 117.56950654140918,
    "phi_top": 79.23678011091604,
    "V(phi_meta)": -90850108.45907848,
    "V(phi_true)": -107184576.81221521,
    "V(phi_top)": -89438607.28228997,
    "DeltaV_true_minus_meta": -16334468.353136733,
    "r0": 2.7227691805077853e-06,
    "phi0": 223.60024218206217,
    "dphi0": -0.050482028434381716,
    "rscale_cubic": 0.02722769180507785,
    "rscale_curv": 0.02587930910876018,
    "wall_r_hi": 0.11218403997252607,
    "wall_thickness": 0.0776113306283703,
    "S_total": 10774.030415320152,
    "S_kin": 16160.799415656227,
    "S_pot": -5386.769000336073,
    "S_interior": 0.0,
    "S3_over_T": NaN,
    "beta_rscale": 36.727314498745145,
    "beta_curvature": 38.640909655108366,
    "beta_wall": 12.884716598770137,
    "Tn_from_transitionFinder_GeV": 76.97569645347464,
    "Tc_from_transitionFinder_GeV": 93.13908009416474,
    "T_spinodal_high_GeV": NaN,
    "T_spinodal_low_GeV": NaN,
    "gw_T_star_GeV": 76.97569645347464,
    "gw_alpha": 0.028159264233483444,
    "gw_beta_over_H": 751.2437206889023,
    "gw_R_star_times_H": NaN,
    "gw_Gamma_Tstar_GeV4": NaN,
    "gw_dT_for_beta_GeV": NaN,
    "gw_f_sw_peak_Hz": NaN,
    "gw_f_turb_peak_Hz": NaN,
    "gw_f_coll_peak_Hz": NaN,
    "gw_g_star": 106.75,
    "gw_v_w": 1.0,
    "omega_sw_peak": NaN,
    "omega_turb_peak": NaN,
    "omega_coll_peak": NaN,
    "omega_tot_peak": NaN
  }
}