{
  "label": "results_eft68_c6f21p14_c8f45_f1000_mh125_Glauber_C3p2_Lambda1000",
  "model_parameters": {
    "c6_over_f2_TeV2": 1.14,
    "c8_over_f4_TeV4": 5.0,
    "f_GeV": 1000.0,
    "m_h": 125.0,
    "v": 246.0,
    "m_w": 80.36,
    "m_z": 91.19,
    "m_t": 173.1,
    "use_glauber_measure": true,
    "C_glauber": 3.2,
    "Lambda_glauber": 1000.0
  },
  "derived_tree_coefficients": {
    "glauber_scheme": "counterterm_subtracted",
    "lambda_tree": -0.0018506671586145558,
    "mu2_tree_GeV2": 3573.226433779521,
    "a0_mean_field": 0.3343508549493464,
    "glauber_t0": 0.19365120000000002,
    "glauber_lambda_shift": 0.0,
    "glauber_mu2_shift_after_lambda_GeV2": 0.0,
    "lambda_tree_raw_glauber_equivalent": -0.40077849473578303,
    "mu2_tree_raw_glauber_equivalent_GeV2": 79955.1397243248,
    "combo_TeV2": 3.18774
  },
  "scan_parameters": {
    "T_min": 1.0,
    "T_max": 250.0,
    "phi_scan_range": [
      -10.0,
      559.0169943749474
    ],
    "n_phi_scan": 1200,
    "n_T_seeds": 3,
    "deltaX_target": 0.1,
    "x_eps": 0.001,
    "T_eps": 0.01,
    "deriv_order": 4,
    "phitol": 0.0001,
    "overlapAngle": 45.0,
    "Tn_Ttol": 0.01,
    "Tn_maxiter": 160,
    "include_zeroT_loops": true,
    "include_scalar_loops": true,
    "include_thermal": true,
    "include_scalar_thermal": true,
    "include_daisy": false,
    "renormalize_zeroT_loops": true,
    "thermal_approx": "spline"
  },
  "key_temperatures": {
    "Tn": 59.56799214514903,
    "Tc": 81.30612137317988,
    "Ts_false": 37.46157578124442,
    "Ts_true": 92.96951171874971,
    "S_at_Tn": 8340.69561876911,
    "S_over_Tn": 140.01975420701405,
    "false_phase_key": 1,
    "true_phase_key": 0,
    "phi_false_Tn": -0.0003025855609642242,
    "phi_true_Tn": 239.64184014895775,
    "vTn_over_Tn": 4.0229967725792015,
    "Tc_minus_Tn_over_Tc": 0.2673615326976047
  },
  "gw_scales": {
    "gw_T_star_GeV": 59.56799214514903,
    "gw_alpha": 0.07632934606306215,
    "gw_beta_over_H": 511.4842420179902,
    "gw_v_w": 1.0,
    "gw_g_star": 106.75
  },
  "gw_peaks": {
    "sw": {
      "f_peak_mHz": 5.885836223762919,
      "f_peak_Hz": 0.005885836223762919,
      "omega_peak": 1.2666622229917392e-14
    },
    "turb": {
      "f_peak_mHz": 9.923477436927469,
      "f_peak_Hz": 0.009923477436927468,
      "omega_peak": 9.203536529680695e-19
    },
    "coll": {
      "f_peak_mHz": NaN,
      "f_peak_Hz": NaN,
      "omega_peak": NaN
    },
    "total": {
      "f_peak_mHz": 5.885836223762919,
      "f_peak_Hz": 0.005885836223762919,
      "omega_peak": 1.2667432596552378e-14
    }
  },
  "gw_run_parameters": {
    "g_star": 106.75,
    "v_w": 1.0,
    "epsilon_turb": 1.0,
    "frequency_unit": "mHz"
  },
  "S3": 8340.474985833516,
  "S3_over_T": 140.0160503229708,
  "bounce_diagnostics": {
    "label": "results_eft68_c6f21p14_c8f45_f1000_mh125_Glauber_C3p2_Lambda1000",
    "C": NaN,
    "Lambda_GeV": NaN,
    "finiteT": null,
    "temperature_GeV": NaN,
    "phi_metaMin": -0.0003025855609642242,
    "phi_absMin": 239.64184014895775,
    "phi_bar": 112.57307623932398,
    "phi_top": 77.75538861571547,
    "V(phi_meta)": -34474576.01931509,
    "V(phi_true)": -56245104.75383942,
    "V(phi_top)": -33485378.528501026,
    "DeltaV_true_minus_meta": -21770528.734524332,
    "r0": 3.1916485159128436e-06,
    "phi0": 229.75046599736467,
    "dphi0": -0.11554209443974092,
    "rscale_cubic": 0.031916485159128434,
    "rscale_curv": 0.02921402536440855,
    "wall_r_hi": 0.10492054859113731,
    "wall_thickness": 0.08021588941457777,
    "S_total": 8340.474985833516,
    "S_kin": 12496.43420301377,
    "S_pot": -4155.959217180253,
    "S_interior": 0.0,
    "S3_over_T": NaN,
    "beta_rscale": 31.33177087057752,
    "beta_curvature": 34.230136009206944,
    "beta_wall": 12.466358065691013,
    "Tn_from_transitionFinder_GeV": 59.56799214514903,
    "Tc_from_transitionFinder_GeV": 81.30612137317988,
    "T_spinodal_high_GeV": NaN,
    "T_spinodal_low_GeV": NaN,
    "gw_T_star_GeV": 59.56799214514903,
    "gw_alpha": 0.07632934606306215,
    "gw_beta_over_H": 511.4842420179902,
    "gw_R_star_times_H": NaN,
    "gw_Gamma_Tstar_GeV4": NaN,
    "gw_dT_for_beta_GeV": NaN,
    "gw_f_sw_peak_Hz": NaN,
    "gw_f_turb_peak_Hz": NaN,
    "gw_f_coll_peak_Hz": NaN,
    "gw_g_star": 106.75,
    "gw_v_w": 1.0,
    "omega_sw_peak": NaN,
    "omega_turb_peak": NaN,
    "omega_coll_peak": NaN,
    "omega_tot_peak": NaN
  }
}