{
  "label": "results_eft68_c6f23p02222_c8f45_f1000_mh125_Glauber_off",
  "model_parameters": {
    "c6_over_f2_TeV2": 3.022222222222222,
    "c8_over_f4_TeV4": 5.0,
    "f_GeV": 1000.0,
    "m_h": 125.0,
    "v": 246.0,
    "m_w": 80.36,
    "m_z": 91.19,
    "m_t": 173.1,
    "use_glauber_measure": false,
    "C_glauber": 0.0,
    "Lambda_glauber": 1000.0
  },
  "derived_tree_coefficients": {
    "glauber_scheme": "counterterm_subtracted",
    "lambda_tree": -0.17270750715861452,
    "mu2_tree_GeV2": -1596.5598309404759,
    "a0_mean_field": 0.24892243494934638,
    "glauber_t0": 0.0,
    "glauber_lambda_shift": 0.0,
    "glauber_mu2_shift_after_lambda_GeV2": 0.0,
    "lambda_tree_raw_glauber_equivalent": -0.17270750715861452,
    "mu2_tree_raw_glauber_equivalent_GeV2": -1596.5598309404759,
    "combo_TeV2": 6.952184444444445
  },
  "scan_parameters": {
    "T_min": 1.0,
    "T_max": 250.0,
    "phi_scan_range": [
      -10,
      1000.0
    ],
    "n_phi_scan": 1200,
    "n_T_seeds": 3,
    "deltaX_target": 0.1,
    "x_eps": 0.001,
    "T_eps": 0.01,
    "deriv_order": 4,
    "phitol": 0.0001,
    "overlapAngle": 45.0,
    "Tn_Ttol": 0.01,
    "Tn_maxiter": 160,
    "include_zeroT_loops": true,
    "include_scalar_loops": true,
    "include_thermal": true,
    "include_scalar_thermal": true,
    "include_daisy": false,
    "renormalize_zeroT_loops": true,
    "thermal_approx": "spline"
  },
  "key_temperatures": {
    "Tn": 69.29835551795018,
    "Tc": 88.98984479283493,
    "Ts_false": 34.20157246093159,
    "Ts_true": 92.80318749999971,
    "S_at_Tn": 9695.28977183042,
    "S_over_Tn": 139.9064912776909,
    "false_phase_key": 2,
    "true_phase_key": 0,
    "phi_false_Tn": -4.906462235774246e-05,
    "phi_true_Tn": 234.50122840880888,
    "vTn_over_Tn": 3.3839364102668585,
    "Tc_minus_Tn_over_Tc": 0.22127793705816437
  },
  "gw_scales": {
    "gw_T_star_GeV": 69.29835551795018,
    "gw_alpha": 0.04272649061713279,
    "gw_beta_over_H": 805.4352135606042,
    "gw_v_w": 1.0,
    "gw_g_star": 106.75
  },
  "gw_peaks": {
    "sw": {
      "f_peak_mHz": 10.715810400696313,
      "f_peak_Hz": 0.010715810400696314,
      "omega_peak": 1.079249827077585e-15
    },
    "turb": {
      "f_peak_mHz": 18.34648882945646,
      "f_peak_Hz": 0.018346488829456463,
      "omega_peak": 7.841436689949591e-20
    },
    "coll": {
      "f_peak_mHz": NaN,
      "f_peak_Hz": NaN,
      "omega_peak": NaN
    },
    "total": {
      "f_peak_mHz": 10.715810400696313,
      "f_peak_Hz": 0.010715810400696314,
      "omega_peak": 1.0793186634723476e-15
    }
  },
  "gw_run_parameters": {
    "g_star": 106.75,
    "v_w": 1.0,
    "epsilon_turb": 1.0,
    "frequency_unit": "mHz"
  },
  "S3": 9694.928350222035,
  "S3_over_T": 139.90127583490465,
  "bounce_diagnostics": {
    "label": "results_eft68_c6f23p02222_c8f45_f1000_mh125_Glauber_off",
    "C": NaN,
    "Lambda_GeV": NaN,
    "finiteT": null,
    "temperature_GeV": NaN,
    "phi_metaMin": -4.906462235774246e-05,
    "phi_absMin": 234.50122840880888,
    "phi_bar": 116.59350767135948,
    "phi_top": 79.39202137603887,
    "V(phi_meta)": -58600048.84497383,
    "V(phi_true)": -78031812.99653932,
    "V(phi_top)": -57200982.942223094,
    "DeltaV_true_minus_meta": -19431764.151565492,
    "r0": 2.740200975258924e-06,
    "phi0": 226.79333723200142,
    "dphi0": -0.07052666034261994,
    "rscale_cubic": 0.027402009752589235,
    "rscale_curv": 0.026713144190045564,
    "wall_r_hi": 0.10533019074613013,
    "wall_thickness": 0.07569190418734698,
    "S_total": 9694.928350222035,
    "S_kin": 14546.180568553165,
    "S_pot": -4851.25221833113,
    "S_interior": 0.0,
    "S3_over_T": NaN,
    "beta_rscale": 36.49367360383153,
    "beta_curvature": 37.43475855033493,
    "beta_wall": 13.211452542201533,
    "Tn_from_transitionFinder_GeV": 69.29835551795018,
    "Tc_from_transitionFinder_GeV": 88.98984479283493,
    "T_spinodal_high_GeV": NaN,
    "T_spinodal_low_GeV": NaN,
    "gw_T_star_GeV": 69.29835551795018,
    "gw_alpha": 0.04272649061713279,
    "gw_beta_over_H": 805.4352135606042,
    "gw_R_star_times_H": NaN,
    "gw_Gamma_Tstar_GeV4": NaN,
    "gw_dT_for_beta_GeV": NaN,
    "gw_f_sw_peak_Hz": NaN,
    "gw_f_turb_peak_Hz": NaN,
    "gw_f_coll_peak_Hz": NaN,
    "gw_g_star": 106.75,
    "gw_v_w": 1.0,
    "omega_sw_peak": NaN,
    "omega_turb_peak": NaN,
    "omega_coll_peak": NaN,
    "omega_tot_peak": NaN
  }
}