{
  "label": "results_eft68_c6f22p97374_c8f45_f1000_mh125_Glauber_off",
  "model_parameters": {
    "c6_over_f2_TeV2": 2.973737373737374,
    "c8_over_f4_TeV4": 5.0,
    "f_GeV": 1000.0,
    "m_h": 125.0,
    "v": 246.0,
    "m_w": 80.36,
    "m_z": 91.19,
    "m_t": 173.1,
    "use_glauber_measure": false,
    "C_glauber": 0.0,
    "Lambda_glauber": 1000.0
  },
  "derived_tree_coefficients": {
    "glauber_scheme": "counterterm_subtracted",
    "lambda_tree": -0.1683063435222509,
    "mu2_tree_GeV2": -1463.3894216313865,
    "a0_mean_field": 0.25112301676752824,
    "glauber_t0": 0.0,
    "glauber_lambda_shift": 0.0,
    "glauber_mu2_shift_after_lambda_GeV2": 0.0,
    "lambda_tree_raw_glauber_equivalent": -0.1683063435222509,
    "mu2_tree_raw_glauber_equivalent_GeV2": -1463.3894216313865,
    "combo_TeV2": 6.855214747474747
  },
  "scan_parameters": {
    "T_min": 1.0,
    "T_max": 250.0,
    "phi_scan_range": [
      -10,
      1000.0
    ],
    "n_phi_scan": 1200,
    "n_T_seeds": 3,
    "deltaX_target": 0.1,
    "x_eps": 0.001,
    "T_eps": 0.01,
    "deriv_order": 4,
    "phitol": 0.0001,
    "overlapAngle": 45.0,
    "Tn_Ttol": 0.01,
    "Tn_maxiter": 160,
    "include_zeroT_loops": true,
    "include_scalar_loops": true,
    "include_thermal": true,
    "include_scalar_thermal": true,
    "include_daisy": false,
    "renormalize_zeroT_loops": true,
    "thermal_approx": "spline"
  },
  "key_temperatures": {
    "Tn": 72.17206840742939,
    "Tc": 89.99765940742537,
    "Ts_false": 40.1304958984321,
    "Ts_true": 93.2331015624997,
    "S_at_Tn": 10105.357679281478,
    "S_over_Tn": 140.01757054036756,
    "false_phase_key": 2,
    "true_phase_key": 0,
    "phi_false_Tn": -5.6194076066576565e-05,
    "phi_true_Tn": 232.59748174168388,
    "vTn_over_Tn": 3.222818562281087,
    "Tc_minus_Tn_over_Tc": 0.19806727327538984
  },
  "gw_scales": {
    "gw_T_star_GeV": 72.17206840742939,
    "gw_alpha": 0.03631073701956515,
    "gw_beta_over_H": 959.1267122240008,
    "gw_v_w": 1.0,
    "gw_g_star": 106.75
  },
  "gw_peaks": {
    "sw": {
      "f_peak_mHz": 13.287283363484955,
      "f_peak_Hz": 0.013287283363484954,
      "omega_peak": 4.867257266854282e-16
    },
    "turb": {
      "f_peak_mHz": 22.749095652733732,
      "f_peak_Hz": 0.022749095652733732,
      "omega_peak": 3.536375439319295e-20
    },
    "coll": {
      "f_peak_mHz": NaN,
      "f_peak_Hz": NaN,
      "omega_peak": NaN
    },
    "total": {
      "f_peak_mHz": 13.287283363484955,
      "f_peak_Hz": 0.013287283363484954,
      "omega_peak": 4.867567681001922e-16
    }
  },
  "gw_run_parameters": {
    "g_star": 106.75,
    "v_w": 1.0,
    "epsilon_turb": 1.0,
    "frequency_unit": "mHz"
  },
  "S3": 10101.14200907273,
  "S3_over_T": 139.9591591590427,
  "bounce_diagnostics": {
    "label": "results_eft68_c6f22p97374_c8f45_f1000_mh125_Glauber_off",
    "C": NaN,
    "Lambda_GeV": NaN,
    "finiteT": null,
    "temperature_GeV": NaN,
    "phi_metaMin": -5.6194076066576565e-05,
    "phi_absMin": 232.59748174168388,
    "phi_bar": 116.94917384884843,
    "phi_top": 79.4553283090534,
    "V(phi_meta)": -69058490.95500146,
    "V(phi_true)": -87031177.07138094,
    "V(phi_top)": -67677715.88920552,
    "DeltaV_true_minus_meta": -17972686.116379485,
    "r0": 2.760490395865032e-06,
    "phi0": 225.50868520166074,
    "dphi0": -0.06237363452376929,
    "rscale_cubic": 0.02760490395865032,
    "rscale_curv": 0.026529080695448095,
    "wall_r_hi": 0.10849995011985027,
    "wall_thickness": 0.07692683360512985,
    "S_total": 10101.14200907273,
    "S_kin": 15138.812361637576,
    "S_pot": -5037.670352564846,
    "S_interior": 0.0,
    "S3_over_T": NaN,
    "beta_rscale": 36.225447532725006,
    "beta_curvature": 37.694483035835816,
    "beta_wall": 12.999365151737056,
    "Tn_from_transitionFinder_GeV": 72.17206840742939,
    "Tc_from_transitionFinder_GeV": 89.99765940742537,
    "T_spinodal_high_GeV": NaN,
    "T_spinodal_low_GeV": NaN,
    "gw_T_star_GeV": 72.17206840742939,
    "gw_alpha": 0.03631073701956515,
    "gw_beta_over_H": 959.1267122240008,
    "gw_R_star_times_H": NaN,
    "gw_Gamma_Tstar_GeV4": NaN,
    "gw_dT_for_beta_GeV": NaN,
    "gw_f_sw_peak_Hz": NaN,
    "gw_f_turb_peak_Hz": NaN,
    "gw_f_coll_peak_Hz": NaN,
    "gw_g_star": 106.75,
    "gw_v_w": 1.0,
    "omega_sw_peak": NaN,
    "omega_turb_peak": NaN,
    "omega_coll_peak": NaN,
    "omega_tot_peak": NaN
  }
}