{
  "label": "results_eft68_c6f23p30707_c8f42_f1000_mh125_Glauber_off",
  "model_parameters": {
    "c6_over_f2_TeV2": 3.307070707070707,
    "c8_over_f4_TeV4": 2.0,
    "f_GeV": 1000.0,
    "m_h": 125.0,
    "v": 246.0,
    "m_w": 80.36,
    "m_z": 91.19,
    "m_t": 173.1,
    "use_glauber_measure": false,
    "C_glauber": 0.0,
    "Lambda_glauber": 1000.0
  },
  "derived_tree_coefficients": {
    "glauber_scheme": "counterterm_subtracted",
    "lambda_tree": -0.18208450537025092,
    "mu2_tree_GeV2": -1714.0733952271012,
    "a0_mean_field": 0.24423393584352823,
    "glauber_t0": 0.0,
    "glauber_lambda_shift": 0.0,
    "glauber_mu2_shift_after_lambda_GeV2": 0.0,
    "lambda_tree_raw_glauber_equivalent": -0.18208450537025092,
    "mu2_tree_raw_glauber_equivalent_GeV2": -1714.0733952271012,
    "combo_TeV2": 6.977237414141413
  },
  "scan_parameters": {
    "T_min": 1.0,
    "T_max": 250.0,
    "phi_scan_range": [
      -10,
      1000.0
    ],
    "n_phi_scan": 1200,
    "n_T_seeds": 3,
    "deltaX_target": 0.1,
    "x_eps": 0.001,
    "T_eps": 0.01,
    "deriv_order": 4,
    "phitol": 0.0001,
    "overlapAngle": 45.0,
    "Tn_Ttol": 0.01,
    "Tn_maxiter": 160,
    "include_zeroT_loops": true,
    "include_scalar_loops": true,
    "include_thermal": true,
    "include_scalar_thermal": true,
    "include_daisy": true,
    "renormalize_zeroT_loops": true,
    "thermal_approx": "spline"
  },
  "key_temperatures": {
    "Tn": 68.14047086037682,
    "Tc": 89.8141521557148,
    "Ts_false": 25.684313476556532,
    "Ts_true": 94.03262499999968,
    "S_at_Tn": 9547.241408293306,
    "S_over_Tn": 140.1111745743007,
    "false_phase_key": 2,
    "true_phase_key": 0,
    "phi_false_Tn": -4.343809757387459e-05,
    "phi_true_Tn": 235.715927551741,
    "vTn_over_Tn": 3.459264730276586,
    "Tc_minus_Tn_over_Tc": 0.24131699487360683
  },
  "gw_scales": {
    "gw_T_star_GeV": 68.14047086037682,
    "gw_alpha": 0.045709245949777266,
    "gw_beta_over_H": 429.57842608665214,
    "gw_v_w": 1.0,
    "gw_g_star": 106.75
  },
  "gw_peaks": {
    "sw": {
      "f_peak_mHz": 5.6207140693079705,
      "f_peak_Hz": 0.0056207140693079706,
      "omega_peak": 4.561075935364399e-15
    },
    "turb": {
      "f_peak_mHz": 9.623198249142845,
      "f_peak_Hz": 0.009623198249142845,
      "omega_peak": 3.3139092368908036e-19
    },
    "coll": {
      "f_peak_mHz": NaN,
      "f_peak_Hz": NaN,
      "omega_peak": NaN
    },
    "total": {
      "f_peak_mHz": 5.6207140693079705,
      "f_peak_Hz": 0.0056207140693079706,
      "omega_peak": 4.561366872060363e-15
    }
  },
  "gw_run_parameters": {
    "g_star": 106.75,
    "v_w": 1.0,
    "epsilon_turb": 1.0,
    "frequency_unit": "mHz"
  },
  "S3": 9531.136554585299,
  "S3_over_T": 139.8748267254429,
  "bounce_diagnostics": {
    "label": "results_eft68_c6f23p30707_c8f42_f1000_mh125_Glauber_off",
    "C": NaN,
    "Lambda_GeV": NaN,
    "finiteT": null,
    "temperature_GeV": NaN,
    "phi_metaMin": -4.343809757387459e-05,
    "phi_absMin": 235.715927551741,
    "phi_bar": 117.06520700689703,
    "phi_top": 79.73479117908232,
    "V(phi_meta)": -55510051.340988,
    "V(phi_true)": -76084887.40032193,
    "V(phi_top)": -54032101.25937473,
    "DeltaV_true_minus_meta": -20574836.059333928,
    "r0": 2.677580827599332e-06,
    "phi0": 227.86280544496563,
    "dphi0": -0.07304832649595754,
    "rscale_cubic": 0.02677580827599332,
    "rscale_curv": 0.026203882162859765,
    "wall_r_hi": 0.10285404506102293,
    "wall_thickness": 0.07402372756484578,
    "S_total": 9531.136554585299,
    "S_kin": 14307.568179324466,
    "S_pot": -4776.431624739168,
    "S_interior": 0.0,
    "S3_over_T": NaN,
    "beta_rscale": 37.347145217520136,
    "beta_curvature": 38.16228443808057,
    "beta_wall": 13.50918189203572,
    "Tn_from_transitionFinder_GeV": 68.14047086037682,
    "Tc_from_transitionFinder_GeV": 89.8141521557148,
    "T_spinodal_high_GeV": NaN,
    "T_spinodal_low_GeV": NaN,
    "gw_T_star_GeV": 68.14047086037682,
    "gw_alpha": 0.045709245949777266,
    "gw_beta_over_H": 429.57842608665214,
    "gw_R_star_times_H": NaN,
    "gw_Gamma_Tstar_GeV4": NaN,
    "gw_dT_for_beta_GeV": NaN,
    "gw_f_sw_peak_Hz": NaN,
    "gw_f_turb_peak_Hz": NaN,
    "gw_f_coll_peak_Hz": NaN,
    "gw_g_star": 106.75,
    "gw_v_w": 1.0,
    "omega_sw_peak": NaN,
    "omega_turb_peak": NaN,
    "omega_coll_peak": NaN,
    "omega_tot_peak": NaN
  }
}