{
  "label": "results_eft68_c6f23p51515_c8f40_f1000_mh125_Glauber_off",
  "model_parameters": {
    "c6_over_f2_TeV2": 3.515151515151515,
    "c8_over_f4_TeV4": 0.0,
    "f_GeV": 1000.0,
    "m_h": 125.0,
    "v": 246.0,
    "m_w": 80.36,
    "m_z": 91.19,
    "m_t": 173.1,
    "use_glauber_measure": false,
    "C_glauber": 0.0,
    "Lambda_glauber": 1000.0
  },
  "derived_tree_coefficients": {
    "glauber_scheme": "counterterm_subtracted",
    "lambda_tree": -0.18998627387497818,
    "mu2_tree_GeV2": -1842.354674909091,
    "a0_mean_field": 0.2402830515911646,
    "glauber_t0": 0.0,
    "glauber_lambda_shift": 0.0,
    "glauber_mu2_shift_after_lambda_GeV2": 0.0,
    "lambda_tree_raw_glauber_equivalent": -0.18998627387497818,
    "mu2_tree_raw_glauber_equivalent_GeV2": -1842.354674909091,
    "combo_TeV2": 7.03030303030303
  },
  "scan_parameters": {
    "T_min": 1.0,
    "T_max": 250.0,
    "phi_scan_range": [
      -10,
      1000.0
    ],
    "n_phi_scan": 1200,
    "n_T_seeds": 3,
    "deltaX_target": 0.1,
    "x_eps": 0.001,
    "T_eps": 0.01,
    "deriv_order": 4,
    "phitol": 0.0001,
    "overlapAngle": 45.0,
    "Tn_Ttol": 0.01,
    "Tn_maxiter": 160,
    "include_zeroT_loops": true,
    "include_scalar_loops": true,
    "include_thermal": true,
    "include_scalar_thermal": true,
    "include_daisy": false,
    "renormalize_zeroT_loops": true,
    "thermal_approx": "spline"
  },
  "key_temperatures": {
    "Tn": 62.73387897042101,
    "Tc": 87.3861747336162,
    "Ts_false": 11.384418554682044,
    "Ts_true": 92.67431054687471,
    "S_at_Tn": 8781.531377251487,
    "S_over_Tn": 139.98068541867107,
    "false_phase_key": 2,
    "true_phase_key": 0,
    "phi_false_Tn": -3.8407806107922296e-05,
    "phi_true_Tn": 238.11025495033547,
    "vTn_over_Tn": 3.7955608493873676,
    "Tc_minus_Tn_over_Tc": 0.28210750543028185
  },
  "gw_scales": {
    "gw_T_star_GeV": 62.73387897042101,
    "gw_alpha": 0.06436987355844194,
    "gw_beta_over_H": 604.2774553499086,
    "gw_v_w": 1.0,
    "gw_g_star": 106.75
  },
  "gw_peaks": {
    "sw": {
      "f_peak_mHz": 7.298260309936079,
      "f_peak_Hz": 0.007298260309936079,
      "omega_peak": 5.790565262967633e-15
    },
    "turb": {
      "f_peak_mHz": 12.495317315618713,
      "f_peak_Hz": 0.012495317315618714,
      "omega_peak": 4.2071983176729856e-19
    },
    "coll": {
      "f_peak_mHz": NaN,
      "f_peak_Hz": NaN,
      "omega_peak": NaN
    },
    "total": {
      "f_peak_mHz": 7.298260309936079,
      "f_peak_Hz": 0.007298260309936079,
      "omega_peak": 5.7909350971222104e-15
    }
  },
  "gw_run_parameters": {
    "g_star": 106.75,
    "v_w": 1.0,
    "epsilon_turb": 1.0,
    "frequency_unit": "mHz"
  },
  "S3": 8781.700434234946,
  "S3_over_T": 139.98338024619062,
  "bounce_diagnostics": {
    "label": "results_eft68_c6f23p51515_c8f40_f1000_mh125_Glauber_off",
    "C": NaN,
    "Lambda_GeV": NaN,
    "finiteT": null,
    "temperature_GeV": NaN,
    "phi_metaMin": -3.8407806107922296e-05,
    "phi_absMin": 238.11025495033547,
    "phi_bar": 115.50968699223168,
    "phi_top": 78.66579109474057,
    "V(phi_meta)": -39207423.25854041,
    "V(phi_true)": -62262980.29524305,
    "V(phi_top)": -37726863.65590299,
    "DeltaV_true_minus_meta": -23055557.03670264,
    "r0": 2.639353454789657e-06,
    "phi0": 228.7683533970478,
    "dphi0": -0.09004749453300392,
    "rscale_cubic": 0.026393534547896568,
    "rscale_curv": 0.02555293564331391,
    "wall_r_hi": 0.09821516601557163,
    "wall_thickness": 0.0726971437664739,
    "S_total": 8781.700434234946,
    "S_kin": 13197.041538836771,
    "S_pot": -4415.341104601823,
    "S_interior": 0.0,
    "S3_over_T": NaN,
    "beta_rscale": 37.88806679852945,
    "beta_curvature": 39.13444594377357,
    "beta_wall": 13.75569861743557,
    "Tn_from_transitionFinder_GeV": 62.73387897042101,
    "Tc_from_transitionFinder_GeV": 87.3861747336162,
    "T_spinodal_high_GeV": NaN,
    "T_spinodal_low_GeV": NaN,
    "gw_T_star_GeV": 62.73387897042101,
    "gw_alpha": 0.06436987355844194,
    "gw_beta_over_H": 604.2774553499086,
    "gw_R_star_times_H": NaN,
    "gw_Gamma_Tstar_GeV4": NaN,
    "gw_dT_for_beta_GeV": NaN,
    "gw_f_sw_peak_Hz": NaN,
    "gw_f_turb_peak_Hz": NaN,
    "gw_f_coll_peak_Hz": NaN,
    "gw_g_star": 106.75,
    "gw_v_w": 1.0,
    "omega_sw_peak": NaN,
    "omega_turb_peak": NaN,
    "omega_coll_peak": NaN,
    "omega_tot_peak": NaN
  }
}