{
  "label": "results_eft68_c6f23p4303_c8f40_f1000_mh125_Glauber_off",
  "model_parameters": {
    "c6_over_f2_TeV2": 3.4303030303030306,
    "c8_over_f4_TeV4": 0.0,
    "f_GeV": 1000.0,
    "m_h": 125.0,
    "v": 246.0,
    "m_w": 80.36,
    "m_z": 91.19,
    "m_t": 173.1,
    "use_glauber_measure": false,
    "C_glauber": 0.0,
    "Lambda_glauber": 1000.0
  },
  "derived_tree_coefficients": {
    "glauber_scheme": "counterterm_subtracted",
    "lambda_tree": -0.18228423751134187,
    "mu2_tree_GeV2": -1609.3064586181827,
    "a0_mean_field": 0.24413406977298274,
    "glauber_t0": 0.0,
    "glauber_lambda_shift": 0.0,
    "glauber_mu2_shift_after_lambda_GeV2": 0.0,
    "lambda_tree_raw_glauber_equivalent": -0.18228423751134187,
    "mu2_tree_raw_glauber_equivalent_GeV2": -1609.3064586181827,
    "combo_TeV2": 6.860606060606061
  },
  "scan_parameters": {
    "T_min": 1.0,
    "T_max": 250.0,
    "phi_scan_range": [
      -10,
      1000.0
    ],
    "n_phi_scan": 1200,
    "n_T_seeds": 3,
    "deltaX_target": 0.1,
    "x_eps": 0.001,
    "T_eps": 0.01,
    "deriv_order": 4,
    "phitol": 0.0001,
    "overlapAngle": 45.0,
    "Tn_Ttol": 0.01,
    "Tn_maxiter": 160,
    "include_zeroT_loops": true,
    "include_scalar_loops": true,
    "include_thermal": true,
    "include_scalar_thermal": true,
    "include_daisy": true,
    "renormalize_zeroT_loops": true,
    "thermal_approx": "spline"
  },
  "key_temperatures": {
    "Tn": 70.58053124348962,
    "Tc": 90.74633951182432,
    "Ts_false": 30.048378906243755,
    "Ts_true": 94.63518554687467,
    "S_at_Tn": 9885.607424831373,
    "S_over_Tn": 140.0613915858451,
    "false_phase_key": 2,
    "true_phase_key": 0,
    "phi_false_Tn": 5.239440617612733e-05,
    "phi_true_Tn": 234.30555948363488,
    "vTn_over_Tn": 3.319691072816165,
    "Tc_minus_Tn_over_Tc": 0.22222172681364277
  },
  "gw_scales": {
    "gw_T_star_GeV": 70.58053124348962,
    "gw_alpha": 0.039907912906943906,
    "gw_beta_over_H": 505.86151979032695,
    "gw_v_w": 1.0,
    "gw_g_star": 106.75
  },
  "gw_peaks": {
    "sw": {
      "f_peak_mHz": 6.863259850034464,
      "f_peak_Hz": 0.006863259850034465,
      "omega_peak": 2.2693961456462456e-15
    },
    "turb": {
      "f_peak_mHz": 11.750555064331126,
      "f_peak_Hz": 0.011750555064331127,
      "omega_peak": 1.6488539167077752e-19
    },
    "coll": {
      "f_peak_mHz": NaN,
      "f_peak_Hz": NaN,
      "omega_peak": NaN
    },
    "total": {
      "f_peak_mHz": 6.863259850034464,
      "f_peak_Hz": 0.006863259850034465,
      "omega_peak": 2.2695409794582786e-15
    }
  },
  "gw_run_parameters": {
    "g_star": 106.75,
    "v_w": 1.0,
    "epsilon_turb": 1.0,
    "frequency_unit": "mHz"
  },
  "S3": 9886.249616247971,
  "S3_over_T": 140.0704902906194,
  "bounce_diagnostics": {
    "label": "results_eft68_c6f23p4303_c8f40_f1000_mh125_Glauber_off",
    "C": NaN,
    "Lambda_GeV": NaN,
    "finiteT": null,
    "temperature_GeV": NaN,
    "phi_metaMin": 5.239440617612733e-05,
    "phi_absMin": 234.30555948363488,
    "phi_bar": 117.59810833452602,
    "phi_top": 80.03718352852859,
    "V(phi_meta)": -63987588.432710096,
    "V(phi_true)": -83535385.24463019,
    "V(phi_top)": -62485870.952243686,
    "DeltaV_true_minus_meta": -19547796.81192009,
    "r0": 2.666378323609628e-06,
    "phi0": 227.02253641785916,
    "dphi0": -0.0655636713723541,
    "rscale_cubic": 0.02666378323609628,
    "rscale_curv": 0.02572490511496996,
    "wall_r_hi": 0.10473808645762404,
    "wall_thickness": 0.07439608159283179,
    "S_total": 9886.249616247971,
    "S_kin": 14807.461216331929,
    "S_pot": -4921.211600083958,
    "S_interior": 0.0,
    "S3_over_T": NaN,
    "beta_rscale": 37.50405526272967,
    "beta_curvature": 38.87283510253758,
    "beta_wall": 13.441568138937468,
    "Tn_from_transitionFinder_GeV": 70.58053124348962,
    "Tc_from_transitionFinder_GeV": 90.74633951182432,
    "T_spinodal_high_GeV": NaN,
    "T_spinodal_low_GeV": NaN,
    "gw_T_star_GeV": 70.58053124348962,
    "gw_alpha": 0.039907912906943906,
    "gw_beta_over_H": 505.86151979032695,
    "gw_R_star_times_H": NaN,
    "gw_Gamma_Tstar_GeV4": NaN,
    "gw_dT_for_beta_GeV": NaN,
    "gw_f_sw_peak_Hz": NaN,
    "gw_f_turb_peak_Hz": NaN,
    "gw_f_coll_peak_Hz": NaN,
    "gw_g_star": 106.75,
    "gw_v_w": 1.0,
    "omega_sw_peak": NaN,
    "omega_turb_peak": NaN,
    "omega_coll_peak": NaN,
    "omega_tot_peak": NaN
  }
}