{
  "label": "results_eft68_c6f20_c8f40_f519p769_mh125_Glauber_C3p70152_Lambda1000",
  "model_parameters": {
    "c6_over_f2_TeV2": 0.0,
    "c8_over_f4_TeV4": 0.0,
    "f_GeV": 519.7688330278634,
    "m_h": 125.0,
    "v": 246.0,
    "m_w": 80.36,
    "m_z": 91.19,
    "m_t": 173.1,
    "use_glauber_measure": true,
    "C_glauber": 3.7015151515151516,
    "Lambda_glauber": 1000.0
  },
  "derived_tree_coefficients": {
    "glauber_scheme": "counterterm_subtracted",
    "lambda_tree": 0.12909808976138543,
    "mu2_tree_GeV2": 7812.5,
    "a0_mean_field": 0.3998252334093464,
    "glauber_t0": 0.22400089090909092,
    "glauber_lambda_shift": 0.0,
    "glauber_mu2_shift_after_lambda_GeV2": 0.0,
    "lambda_tree_raw_glauber_equivalent": -0.4472394135773667,
    "mu2_tree_raw_glauber_equivalent_GeV2": 93760.35159372502,
    "combo_TeV2": 0.0
  },
  "scan_parameters": {
    "T_min": 1.0,
    "T_max": 250.0,
    "phi_scan_range": [
      -10.0,
      519.7688330278634
    ],
    "n_phi_scan": 1200,
    "n_T_seeds": 3,
    "deltaX_target": 0.1,
    "x_eps": 0.001,
    "T_eps": 0.01,
    "deriv_order": 4,
    "phitol": 0.0001,
    "overlapAngle": 45.0,
    "Tn_Ttol": 0.01,
    "Tn_maxiter": 160,
    "include_zeroT_loops": true,
    "include_scalar_loops": true,
    "include_thermal": true,
    "include_scalar_thermal": true,
    "include_daisy": true,
    "renormalize_zeroT_loops": true,
    "thermal_approx": "spline"
  },
  "key_temperatures": {
    "Tn": 70.18647307569015,
    "Tc": 84.12884097904751,
    "Ts_false": 58.02051367187125,
    "Ts_true": 94.00684960937471,
    "S_at_Tn": 9824.05155165564,
    "S_over_Tn": 139.9707254282636,
    "false_phase_key": 1,
    "true_phase_key": 0,
    "phi_false_Tn": -0.0003103523048423682,
    "phi_true_Tn": 235.00950243230656,
    "vTn_over_Tn": 3.348358909256899,
    "Tc_minus_Tn_over_Tc": 0.16572637565314546
  },
  "gw_scales": {
    "gw_T_star_GeV": 70.18647307569015,
    "gw_alpha": 0.04136177446170086,
    "gw_beta_over_H": 1225.1040034667703,
    "gw_v_w": 1.0,
    "gw_g_star": 106.75
  },
  "gw_peaks": {
    "sw": {
      "f_peak_mHz": 16.47583267897981,
      "f_peak_Hz": 0.01647583267897981,
      "omega_peak": 4.2682051876439687e-16
    },
    "turb": {
      "f_peak_mHz": 28.208196011125306,
      "f_peak_Hz": 0.028208196011125307,
      "omega_peak": 3.101167119766182e-20
    },
    "coll": {
      "f_peak_mHz": NaN,
      "f_peak_Hz": NaN,
      "omega_peak": NaN
    },
    "total": {
      "f_peak_mHz": 16.47583267897981,
      "f_peak_Hz": 0.01647583267897981,
      "omega_peak": 4.2684771643232374e-16
    }
  },
  "gw_run_parameters": {
    "g_star": 106.75,
    "v_w": 1.0,
    "epsilon_turb": 1.0,
    "frequency_unit": "mHz"
  },
  "S3": 9823.857767308726,
  "S3_over_T": 139.96796443546222,
  "bounce_diagnostics": {
    "label": "results_eft68_c6f20_c8f40_f519p769_mh125_Glauber_C3p70152_Lambda1000",
    "C": NaN,
    "Lambda_GeV": NaN,
    "finiteT": null,
    "temperature_GeV": NaN,
    "phi_metaMin": -0.0003103523048423682,
    "phi_absMin": 235.00950243230656,
    "phi_bar": 115.37731589637112,
    "phi_top": 78.94855430070596,
    "V(phi_meta)": -69307168.69029804,
    "V(phi_true)": -85786203.56107527,
    "V(phi_top)": -68470503.28148672,
    "DeltaV_true_minus_meta": -16479034.870777234,
    "r0": 3.5236629236833664e-06,
    "phi0": 228.14241415150474,
    "dphi0": -0.0776969584295396,
    "rscale_cubic": 0.03523662923683366,
    "rscale_curv": 0.033367461011046914,
    "wall_r_hi": 0.11914089705676909,
    "wall_thickness": 0.08695923808489663,
    "S_total": 9823.857767308726,
    "S_kin": 14732.59135475688,
    "S_pot": -4908.733587448154,
    "S_interior": 0.0,
    "S3_over_T": NaN,
    "beta_rscale": 28.379559045752224,
    "beta_curvature": 29.969314267962677,
    "beta_wall": 11.4996407744939,
    "Tn_from_transitionFinder_GeV": 70.18647307569015,
    "Tc_from_transitionFinder_GeV": 84.12884097904751,
    "T_spinodal_high_GeV": NaN,
    "T_spinodal_low_GeV": NaN,
    "gw_T_star_GeV": 70.18647307569015,
    "gw_alpha": 0.04136177446170086,
    "gw_beta_over_H": 1225.1040034667703,
    "gw_R_star_times_H": NaN,
    "gw_Gamma_Tstar_GeV4": NaN,
    "gw_dT_for_beta_GeV": NaN,
    "gw_f_sw_peak_Hz": NaN,
    "gw_f_turb_peak_Hz": NaN,
    "gw_f_coll_peak_Hz": NaN,
    "gw_g_star": 106.75,
    "gw_v_w": 1.0,
    "omega_sw_peak": NaN,
    "omega_turb_peak": NaN,
    "omega_coll_peak": NaN,
    "omega_tot_peak": NaN
  }
}