{
  "label": "results_eft68_c6f23p22424_c8f40_f1000_mh125_Glauber_off",
  "model_parameters": {
    "c6_over_f2_TeV2": 3.2242424242424246,
    "c8_over_f4_TeV4": 0.0,
    "f_GeV": 1000.0,
    "m_h": 125.0,
    "v": 246.0,
    "m_w": 80.36,
    "m_z": 91.19,
    "m_t": 173.1,
    "use_glauber_measure": false,
    "C_glauber": 0.0,
    "Lambda_glauber": 1000.0
  },
  "derived_tree_coefficients": {
    "glauber_scheme": "counterterm_subtracted",
    "lambda_tree": -0.1635792920567964,
    "mu2_tree_GeV2": -1043.332219054546,
    "a0_mean_field": 0.2534865425002555,
    "glauber_t0": 0.0,
    "glauber_lambda_shift": 0.0,
    "glauber_mu2_shift_after_lambda_GeV2": 0.0,
    "lambda_tree_raw_glauber_equivalent": -0.1635792920567964,
    "mu2_tree_raw_glauber_equivalent_GeV2": -1043.332219054546,
    "combo_TeV2": 6.448484848484849
  },
  "scan_parameters": {
    "T_min": 1.0,
    "T_max": 250.0,
    "phi_scan_range": [
      -10,
      1000.0
    ],
    "n_phi_scan": 1200,
    "n_T_seeds": 3,
    "deltaX_target": 0.1,
    "x_eps": 0.001,
    "T_eps": 0.01,
    "deriv_order": 4,
    "phitol": 0.0001,
    "overlapAngle": 45.0,
    "Tn_Ttol": 0.01,
    "Tn_maxiter": 160,
    "include_zeroT_loops": true,
    "include_scalar_loops": true,
    "include_thermal": true,
    "include_scalar_thermal": true,
    "include_daisy": false,
    "renormalize_zeroT_loops": true,
    "thermal_approx": "spline"
  },
  "key_temperatures": {
    "Tn": 79.5926054592963,
    "Tc": 93.40640433307331,
    "Ts_false": 52.66287988280804,
    "Ts_true": 95.28346093749965,
    "S_at_Tn": 11139.627293632882,
    "S_over_Tn": 139.95806808120756,
    "false_phase_key": 2,
    "true_phase_key": 0,
    "phi_false_Tn": -4.828840674268276e-05,
    "phi_true_Tn": 226.6640858508911,
    "vTn_over_Tn": 2.84780331719141,
    "Tc_minus_Tn_over_Tc": 0.14788920494700844
  },
  "gw_scales": {
    "gw_T_star_GeV": 79.5926054592963,
    "gw_alpha": 0.02479795400761024,
    "gw_beta_over_H": 1292.3430667498224,
    "gw_v_w": 1.0,
    "gw_g_star": 106.75
  },
  "gw_peaks": {
    "sw": {
      "f_peak_mHz": 19.81135111804306,
      "f_peak_Hz": 0.01981135111804306,
      "omega_peak": 9.262991683539962e-17
    },
    "turb": {
      "f_peak_mHz": 33.91892151805883,
      "f_peak_Hz": 0.03391892151805883,
      "omega_peak": 6.7301353446024096e-21
    },
    "coll": {
      "f_peak_mHz": NaN,
      "f_peak_Hz": NaN,
      "omega_peak": NaN
    },
    "total": {
      "f_peak_mHz": 19.81135111804306,
      "f_peak_Hz": 0.01981135111804306,
      "omega_peak": 9.263583418502829e-17
    }
  },
  "gw_run_parameters": {
    "g_star": 106.75,
    "v_w": 1.0,
    "epsilon_turb": 1.0,
    "frequency_unit": "mHz"
  },
  "S3": 11145.518650009746,
  "S3_over_T": 140.03208697206892,
  "bounce_diagnostics": {
    "label": "results_eft68_c6f23p22424_c8f40_f1000_mh125_Glauber_off",
    "C": NaN,
    "Lambda_GeV": NaN,
    "finiteT": null,
    "temperature_GeV": NaN,
    "phi_metaMin": -4.828840674268276e-05,
    "phi_absMin": 226.6640858508911,
    "phi_bar": 116.48964948175156,
    "phi_top": 77.68075724461306,
    "V(phi_meta)": -102596556.77506958,
    "V(phi_true)": -117179529.24976733,
    "V(phi_top)": -101294185.10086878,
    "DeltaV_true_minus_meta": -14582972.474697754,
    "r0": 2.778885318310394e-06,
    "phi0": 220.78776970896226,
    "dphi0": -0.04518089500543807,
    "rscale_cubic": 0.02778885318310394,
    "rscale_curv": 0.026346605911708676,
    "wall_r_hi": 0.11678670752283461,
    "wall_thickness": 0.08015616688440266,
    "S_total": 11145.518650009746,
    "S_kin": 16749.598096482776,
    "S_pot": -5604.079446473031,
    "S_interior": 0.0,
    "S3_over_T": NaN,
    "beta_rscale": 35.98565199545607,
    "beta_curvature": 37.95555572751908,
    "beta_wall": 12.475646464509106,
    "Tn_from_transitionFinder_GeV": 79.5926054592963,
    "Tc_from_transitionFinder_GeV": 93.40640433307331,
    "T_spinodal_high_GeV": NaN,
    "T_spinodal_low_GeV": NaN,
    "gw_T_star_GeV": 79.5926054592963,
    "gw_alpha": 0.02479795400761024,
    "gw_beta_over_H": 1292.3430667498224,
    "gw_R_star_times_H": NaN,
    "gw_Gamma_Tstar_GeV4": NaN,
    "gw_dT_for_beta_GeV": NaN,
    "gw_f_sw_peak_Hz": NaN,
    "gw_f_turb_peak_Hz": NaN,
    "gw_f_coll_peak_Hz": NaN,
    "gw_g_star": 106.75,
    "gw_v_w": 1.0,
    "omega_sw_peak": NaN,
    "omega_turb_peak": NaN,
    "omega_coll_peak": NaN,
    "omega_tot_peak": NaN
  }
}