{
  "label": "results_eft68_c6f21p05_c8f40_f1000_mh125_Glauber_C3p2_Lambda1000",
  "model_parameters": {
    "c6_over_f2_TeV2": 1.05,
    "c8_over_f4_TeV4": 0.0,
    "f_GeV": 1000.0,
    "m_h": 125.0,
    "v": 246.0,
    "m_w": 80.36,
    "m_z": 91.19,
    "m_t": 173.1,
    "use_glauber_measure": true,
    "C_glauber": 3.2,
    "Lambda_glauber": 1000.0
  },
  "derived_tree_coefficients": {
    "glauber_scheme": "counterterm_subtracted",
    "lambda_tree": 0.03378538976138544,
    "mu2_tree_GeV2": 4928.528323400001,
    "a0_mean_field": 0.3521688834093464,
    "glauber_t0": 0.19365120000000002,
    "glauber_lambda_shift": 0.0,
    "glauber_mu2_shift_after_lambda_GeV2": 0.0,
    "lambda_tree_raw_glauber_equivalent": -0.36514243781578304,
    "mu2_tree_raw_glauber_equivalent_GeV2": 81310.44161394528,
    "combo_TeV2": 2.1
  },
  "scan_parameters": {
    "T_min": 1.0,
    "T_max": 250.0,
    "phi_scan_range": [
      -10.0,
      559.0169943749474
    ],
    "n_phi_scan": 1200,
    "n_T_seeds": 3,
    "deltaX_target": 0.1,
    "x_eps": 0.001,
    "T_eps": 0.01,
    "deriv_order": 4,
    "phitol": 0.0001,
    "overlapAngle": 45.0,
    "Tn_Ttol": 0.01,
    "Tn_maxiter": 160,
    "include_zeroT_loops": true,
    "include_scalar_loops": true,
    "include_thermal": true,
    "include_scalar_thermal": true,
    "include_daisy": false,
    "renormalize_zeroT_loops": true,
    "thermal_approx": "spline"
  },
  "key_temperatures": {
    "Tn": 80.90639882525895,
    "Tc": 90.74299366944685,
    "Ts_false": 69.09386464843442,
    "Ts_true": 97.55169531249965,
    "S_at_Tn": 11327.233129888975,
    "S_over_Tn": 140.00416894531978,
    "false_phase_key": 1,
    "true_phase_key": 0,
    "phi_false_Tn": -0.00024962715147999943,
    "phi_true_Tn": 225.77768057058327,
    "vTn_over_Tn": 2.790603510338116,
    "Tc_minus_Tn_over_Tc": 0.1084005987285372
  },
  "gw_scales": {
    "gw_T_star_GeV": 80.90639882525895,
    "gw_alpha": 0.02424710048887664,
    "gw_beta_over_H": 1882.0651766083217,
    "gw_v_w": 1.0,
    "gw_g_star": 106.75
  },
  "gw_peaks": {
    "sw": {
      "f_peak_mHz": 29.088395500712377,
      "f_peak_Hz": 0.029088395500712377,
      "omega_peak": 4.099999710656329e-17
    },
    "turb": {
      "f_peak_mHz": 49.80210578249438,
      "f_peak_Hz": 0.04980210578249438,
      "omega_peak": 2.9790764717448394e-21
    },
    "coll": {
      "f_peak_mHz": NaN,
      "f_peak_Hz": NaN,
      "omega_peak": NaN
    },
    "total": {
      "f_peak_mHz": 29.088395500712377,
      "f_peak_Hz": 0.029088395500712377,
      "omega_peak": 4.100260592104248e-17
    }
  },
  "gw_run_parameters": {
    "g_star": 106.75,
    "v_w": 1.0,
    "epsilon_turb": 1.0,
    "frequency_unit": "mHz"
  },
  "S3": 11327.30242651058,
  "S3_over_T": 140.00502544891665,
  "bounce_diagnostics": {
    "label": "results_eft68_c6f21p05_c8f40_f1000_mh125_Glauber_C3p2_Lambda1000",
    "C": NaN,
    "Lambda_GeV": NaN,
    "finiteT": null,
    "temperature_GeV": NaN,
    "phi_metaMin": -0.00024962715147999943,
    "phi_absMin": 225.77768057058327,
    "phi_bar": 114.47103636361031,
    "phi_top": 77.21924848671924,
    "V(phi_meta)": -115541364.32754907,
    "V(phi_true)": -127715725.54209718,
    "V(phi_top)": -114694438.02306184,
    "DeltaV_true_minus_meta": -12174361.214548111,
    "r0": 3.4255360200636785e-06,
    "phi0": 220.55538859513632,
    "dphi0": -0.046448092392486214,
    "rscale_cubic": 0.034255360200636784,
    "rscale_curv": 0.032547312173167975,
    "wall_r_hi": 0.13071976322380915,
    "wall_thickness": 0.09096176950809916,
    "S_total": 11327.30242651058,
    "S_kin": 16975.69141443421,
    "S_pot": -5648.388987923632,
    "S_interior": 0.0,
    "S3_over_T": NaN,
    "beta_rscale": 29.19251159943753,
    "beta_curvature": 30.72450529838828,
    "beta_wall": 10.993629580952257,
    "Tn_from_transitionFinder_GeV": 80.90639882525895,
    "Tc_from_transitionFinder_GeV": 90.74299366944685,
    "T_spinodal_high_GeV": NaN,
    "T_spinodal_low_GeV": NaN,
    "gw_T_star_GeV": 80.90639882525895,
    "gw_alpha": 0.02424710048887664,
    "gw_beta_over_H": 1882.0651766083217,
    "gw_R_star_times_H": NaN,
    "gw_Gamma_Tstar_GeV4": NaN,
    "gw_dT_for_beta_GeV": NaN,
    "gw_f_sw_peak_Hz": NaN,
    "gw_f_turb_peak_Hz": NaN,
    "gw_f_coll_peak_Hz": NaN,
    "gw_g_star": 106.75,
    "gw_v_w": 1.0,
    "omega_sw_peak": NaN,
    "omega_turb_peak": NaN,
    "omega_coll_peak": NaN,
    "omega_tot_peak": NaN
  }
}