{
  "label": "results_eft68_c6f22p86061_c8f45_f1000_mh125_Glauber_off",
  "model_parameters": {
    "c6_over_f2_TeV2": 2.8606060606060604,
    "c8_over_f4_TeV4": 5.0,
    "f_GeV": 1000.0,
    "m_h": 125.0,
    "v": 246.0,
    "m_w": 80.36,
    "m_z": 91.19,
    "m_t": 173.1,
    "use_glauber_measure": false,
    "C_glauber": 0.0,
    "Lambda_glauber": 1000.0
  },
  "derived_tree_coefficients": {
    "glauber_scheme": "counterterm_subtracted",
    "lambda_tree": -0.15803696170406908,
    "mu2_tree_GeV2": -1152.6584665768423,
    "a0_mean_field": 0.25625770767661915,
    "glauber_t0": 0.0,
    "glauber_lambda_shift": 0.0,
    "glauber_mu2_shift_after_lambda_GeV2": 0.0,
    "lambda_tree_raw_glauber_equivalent": -0.15803696170406908,
    "mu2_tree_raw_glauber_equivalent_GeV2": -1152.6584665768423,
    "combo_TeV2": 6.628952121212121
  },
  "scan_parameters": {
    "T_min": 1.0,
    "T_max": 250.0,
    "phi_scan_range": [
      -10,
      1000.0
    ],
    "n_phi_scan": 1200,
    "n_T_seeds": 3,
    "deltaX_target": 0.1,
    "x_eps": 0.001,
    "T_eps": 0.01,
    "deriv_order": 4,
    "phitol": 0.0001,
    "overlapAngle": 45.0,
    "Tn_Ttol": 0.01,
    "Tn_maxiter": 160,
    "include_zeroT_loops": true,
    "include_scalar_loops": true,
    "include_thermal": true,
    "include_scalar_thermal": true,
    "include_daisy": false,
    "renormalize_zeroT_loops": true,
    "thermal_approx": "spline"
  },
  "key_temperatures": {
    "Tn": 77.8431626016691,
    "Tc": 92.32272881575686,
    "Ts_false": 51.54510332030808,
    "Ts_true": 94.26363085937469,
    "S_at_Tn": 10899.9203387716,
    "S_over_Tn": 140.02411996731857,
    "false_phase_key": 2,
    "true_phase_key": 0,
    "phi_false_Tn": -5.0644602299018506e-05,
    "phi_true_Tn": 228.09007881535098,
    "vTn_over_Tn": 2.930123484094675,
    "Tc_minus_Tn_over_Tc": 0.15683641937169976
  },
  "gw_scales": {
    "gw_T_star_GeV": 77.8431626016691,
    "gw_alpha": 0.026810274248542102,
    "gw_beta_over_H": 1092.5031916528073,
    "gw_v_w": 1.0,
    "gw_g_star": 106.75
  },
  "gw_peaks": {
    "sw": {
      "f_peak_mHz": 16.22464286568221,
      "f_peak_Hz": 0.01622464286568221,
      "omega_peak": 1.6133429593468738e-16
    },
    "turb": {
      "f_peak_mHz": 27.778135107524566,
      "f_peak_Hz": 0.027778135107524568,
      "omega_peak": 1.1722909099355006e-20
    },
    "coll": {
      "f_peak_mHz": NaN,
      "f_peak_Hz": NaN,
      "omega_peak": NaN
    },
    "total": {
      "f_peak_mHz": 16.22464286568221,
      "f_peak_Hz": 0.01622464286568221,
      "omega_peak": 1.6134455524262237e-16
    }
  },
  "gw_run_parameters": {
    "g_star": 106.75,
    "v_w": 1.0,
    "epsilon_turb": 1.0,
    "frequency_unit": "mHz"
  },
  "S3": 10899.900951116922,
  "S3_over_T": 140.02387090684837,
  "bounce_diagnostics": {
    "label": "results_eft68_c6f22p86061_c8f45_f1000_mh125_Glauber_off",
    "C": NaN,
    "Lambda_GeV": NaN,
    "finiteT": null,
    "temperature_GeV": NaN,
    "phi_metaMin": -5.0644602299018506e-05,
    "phi_absMin": 228.09007881535098,
    "phi_bar": 116.35170126006045,
    "phi_top": 78.20531128101109,
    "V(phi_meta)": -93773425.3639057,
    "V(phi_true)": -108875144.58664641,
    "V(phi_top)": -92499287.53231972,
    "DeltaV_true_minus_meta": -15101719.22274071,
    "r0": 2.828477312514739e-06,
    "phi0": 221.8586346390475,
    "dphi0": -0.04987976915561521,
    "rscale_cubic": 0.028284773125147388,
    "rscale_curv": 0.026993817335349283,
    "wall_r_hi": 0.1158435078239318,
    "wall_thickness": 0.08047108544001229,
    "S_total": 10899.900951116922,
    "S_kin": 16333.661279447559,
    "S_pot": -5433.760328330637,
    "S_interior": 0.0,
    "S3_over_T": NaN,
    "beta_rscale": 35.354711723352004,
    "beta_curvature": 37.0455195548193,
    "beta_wall": 12.426823803010048,
    "Tn_from_transitionFinder_GeV": 77.8431626016691,
    "Tc_from_transitionFinder_GeV": 92.32272881575686,
    "T_spinodal_high_GeV": NaN,
    "T_spinodal_low_GeV": NaN,
    "gw_T_star_GeV": 77.8431626016691,
    "gw_alpha": 0.026810274248542102,
    "gw_beta_over_H": 1092.5031916528073,
    "gw_R_star_times_H": NaN,
    "gw_Gamma_Tstar_GeV4": NaN,
    "gw_dT_for_beta_GeV": NaN,
    "gw_f_sw_peak_Hz": NaN,
    "gw_f_turb_peak_Hz": NaN,
    "gw_f_coll_peak_Hz": NaN,
    "gw_g_star": 106.75,
    "gw_v_w": 1.0,
    "omega_sw_peak": NaN,
    "omega_turb_peak": NaN,
    "omega_coll_peak": NaN,
    "omega_tot_peak": NaN
  }
}