{
  "label": "results_eft68_c6f20_c8f40_f789p281_mh125_Glauber_C6p42091_Lambda2000",
  "model_parameters": {
    "c6_over_f2_TeV2": 0.0,
    "c8_over_f4_TeV4": 0.0,
    "f_GeV": 789.2811576736773,
    "m_h": 125.0,
    "v": 246.0,
    "m_w": 80.36,
    "m_z": 91.19,
    "m_t": 173.1,
    "use_glauber_measure": true,
    "C_glauber": 6.420909090909091,
    "Lambda_glauber": 2000.0
  },
  "derived_tree_coefficients": {
    "glauber_scheme": "counterterm_subtracted",
    "lambda_tree": 0.12909808976138543,
    "mu2_tree_GeV2": 7812.5,
    "a0_mean_field": 0.3998252334093464,
    "glauber_t0": 0.09714193363636364,
    "glauber_lambda_shift": 0.0,
    "glauber_mu2_shift_after_lambda_GeV2": 0.0,
    "lambda_tree_raw_glauber_equivalent": -1.1520352712829367,
    "mu2_tree_raw_glauber_equivalent_GeV2": 650855.2857201622,
    "combo_TeV2": 0.0
  },
  "scan_parameters": {
    "T_min": 1.0,
    "T_max": 250.0,
    "phi_scan_range": [
      -10.0,
      789.2811576736773
    ],
    "n_phi_scan": 1200,
    "n_T_seeds": 3,
    "deltaX_target": 0.1,
    "x_eps": 0.001,
    "T_eps": 0.01,
    "deriv_order": 4,
    "phitol": 0.0001,
    "overlapAngle": 45.0,
    "Tn_Ttol": 0.01,
    "Tn_maxiter": 160,
    "include_zeroT_loops": true,
    "include_scalar_loops": true,
    "include_thermal": true,
    "include_scalar_thermal": true,
    "include_daisy": true,
    "renormalize_zeroT_loops": true,
    "thermal_approx": "spline"
  },
  "key_temperatures": {
    "Tn": 76.65714612847852,
    "Tc": 88.51124595050653,
    "Ts_false": 64.23588437499647,
    "Ts_true": 97.36348632812465,
    "S_at_Tn": 10729.478658040847,
    "S_over_Tn": 139.96710287202816,
    "false_phase_key": 1,
    "true_phase_key": 0,
    "phi_false_Tn": -0.0010540787095522075,
    "phi_true_Tn": 230.79946478875473,
    "vTn_over_Tn": 3.0108016857545334,
    "Tc_minus_Tn_over_Tc": 0.13392761218903823
  },
  "gw_scales": {
    "gw_T_star_GeV": 76.65714612847852,
    "gw_alpha": 0.031038912309058468,
    "gw_beta_over_H": 1515.128434651918,
    "gw_v_w": 1.0,
    "gw_g_star": 106.75
  },
  "gw_peaks": {
    "sw": {
      "f_peak_mHz": 22.402263950746985,
      "f_peak_Hz": 0.022402263950746987,
      "omega_peak": 1.2626942046401191e-16
    },
    "turb": {
      "f_peak_mHz": 37.77005550270059,
      "f_peak_Hz": 0.03777005550270059,
      "omega_peak": 9.17438119886124e-21
    },
    "coll": {
      "f_peak_mHz": NaN,
      "f_peak_Hz": NaN,
      "omega_peak": NaN
    },
    "total": {
      "f_peak_mHz": 22.402263950746985,
      "f_peak_Hz": 0.022402263950746987,
      "omega_peak": 1.262774925109104e-16
    }
  },
  "gw_run_parameters": {
    "g_star": 106.75,
    "v_w": 1.0,
    "epsilon_turb": 1.0,
    "frequency_unit": "mHz"
  },
  "S3": 10729.503739262385,
  "S3_over_T": 139.96743005902644,
  "bounce_diagnostics": {
    "label": "results_eft68_c6f20_c8f40_f789p281_mh125_Glauber_C6p42091_Lambda2000",
    "C": NaN,
    "Lambda_GeV": NaN,
    "finiteT": null,
    "temperature_GeV": NaN,
    "phi_metaMin": -0.0010540787095522075,
    "phi_absMin": 230.79946478875473,
    "phi_bar": 117.71606344321535,
    "phi_top": 79.86479047533334,
    "V(phi_meta)": -97303327.40095828,
    "V(phi_true)": -112236870.22711603,
    "V(phi_top)": -96329102.07575186,
    "DeltaV_true_minus_meta": -14933542.826157749,
    "r0": 3.303358860594581e-06,
    "phi0": 225.27001663953897,
    "dphi0": -0.054878266553623704,
    "rscale_cubic": 0.03303358860594581,
    "rscale_curv": 0.031407213099771986,
    "wall_r_hi": 0.12148275190805868,
    "wall_thickness": 0.08511224889867046,
    "S_total": 10729.503739262385,
    "S_kin": 16083.037112386402,
    "S_pot": -5353.533373124016,
    "S_interior": 0.0,
    "S3_over_T": NaN,
    "beta_rscale": 30.27221813315212,
    "beta_curvature": 31.839829953018604,
    "beta_wall": 11.749190192242953,
    "Tn_from_transitionFinder_GeV": 76.65714612847852,
    "Tc_from_transitionFinder_GeV": 88.51124595050653,
    "T_spinodal_high_GeV": NaN,
    "T_spinodal_low_GeV": NaN,
    "gw_T_star_GeV": 76.65714612847852,
    "gw_alpha": 0.031038912309058468,
    "gw_beta_over_H": 1515.128434651918,
    "gw_R_star_times_H": NaN,
    "gw_Gamma_Tstar_GeV4": NaN,
    "gw_dT_for_beta_GeV": NaN,
    "gw_f_sw_peak_Hz": NaN,
    "gw_f_turb_peak_Hz": NaN,
    "gw_f_coll_peak_Hz": NaN,
    "gw_g_star": 106.75,
    "gw_v_w": 1.0,
    "omega_sw_peak": NaN,
    "omega_turb_peak": NaN,
    "omega_coll_peak": NaN,
    "omega_tot_peak": NaN
  }
}