{
  "label": "results_eft68_c6f23p15354_c8f42_f1000_mh125_Glauber_off",
  "model_parameters": {
    "c6_over_f2_TeV2": 3.1535353535353536,
    "c8_over_f4_TeV4": 2.0,
    "f_GeV": 1000.0,
    "m_h": 125.0,
    "v": 246.0,
    "m_w": 80.36,
    "m_z": 91.19,
    "m_t": 173.1,
    "use_glauber_measure": false,
    "C_glauber": 0.0,
    "Lambda_glauber": 1000.0
  },
  "derived_tree_coefficients": {
    "glauber_scheme": "counterterm_subtracted",
    "lambda_tree": -0.16814748718843273,
    "mu2_tree_GeV2": -1292.3670990816454,
    "a0_mean_field": 0.25120244493443733,
    "glauber_t0": 0.0,
    "glauber_lambda_shift": 0.0,
    "glauber_mu2_shift_after_lambda_GeV2": 0.0,
    "lambda_tree_raw_glauber_equivalent": -0.16814748718843273,
    "mu2_tree_raw_glauber_equivalent_GeV2": -1292.3670990816454,
    "combo_TeV2": 6.670166707070707
  },
  "scan_parameters": {
    "T_min": 1.0,
    "T_max": 250.0,
    "phi_scan_range": [
      -10,
      1000.0
    ],
    "n_phi_scan": 1200,
    "n_T_seeds": 3,
    "deltaX_target": 0.1,
    "x_eps": 0.001,
    "T_eps": 0.01,
    "deriv_order": 4,
    "phitol": 0.0001,
    "overlapAngle": 45.0,
    "Tn_Ttol": 0.01,
    "Tn_maxiter": 160,
    "include_zeroT_loops": true,
    "include_scalar_loops": true,
    "include_thermal": true,
    "include_scalar_thermal": true,
    "include_daisy": false,
    "renormalize_zeroT_loops": true,
    "thermal_approx": "spline"
  },
  "key_temperatures": {
    "Tn": 75.3247819672487,
    "Tc": 91.44466083728312,
    "Ts_false": 44.99650058593244,
    "Ts_true": 94.18679101562468,
    "S_at_Tn": 10545.61207483123,
    "S_over_Tn": 140.00189312750317,
    "false_phase_key": 2,
    "true_phase_key": 0,
    "phi_false_Tn": -4.480466637402325e-05,
    "phi_true_Tn": 230.31081746513905,
    "vTn_over_Tn": 3.057570316835148,
    "Tc_minus_Tn_over_Tc": 0.17628015372836456
  },
  "gw_scales": {
    "gw_T_star_GeV": 75.3247819672487,
    "gw_alpha": 0.030843744434634477,
    "gw_beta_over_H": 854.9822199648482,
    "gw_v_w": 1.0,
    "gw_g_star": 106.75
  },
  "gw_peaks": {
    "sw": {
      "f_peak_mHz": 12.30481426276792,
      "f_peak_Hz": 0.01230481426276792,
      "omega_peak": 3.896287433344987e-16
    },
    "turb": {
      "f_peak_mHz": 21.06701490404673,
      "f_peak_Hz": 0.02106701490404673,
      "omega_peak": 2.831049536727401e-20
    },
    "coll": {
      "f_peak_mHz": NaN,
      "f_peak_Hz": NaN,
      "omega_peak": NaN
    },
    "total": {
      "f_peak_mHz": 12.30481426276792,
      "f_peak_Hz": 0.01230481426276792,
      "omega_peak": 3.8965353736236693e-16
    }
  },
  "gw_run_parameters": {
    "g_star": 106.75,
    "v_w": 1.0,
    "epsilon_turb": 1.0,
    "frequency_unit": "mHz"
  },
  "S3": 10545.65345851162,
  "S3_over_T": 140.00244253075812,
  "bounce_diagnostics": {
    "label": "results_eft68_c6f23p15354_c8f42_f1000_mh125_Glauber_off",
    "C": NaN,
    "Lambda_GeV": NaN,
    "finiteT": null,
    "temperature_GeV": NaN,
    "phi_metaMin": -4.480466637402325e-05,
    "phi_absMin": 230.31081746513905,
    "phi_bar": 116.99122741014847,
    "phi_top": 78.98054825154367,
    "V(phi_meta)": -82096023.40228306,
    "V(phi_true)": -98726854.52371252,
    "V(phi_top)": -80719612.53018005,
    "DeltaV_true_minus_meta": -16630831.121429458,
    "r0": 2.7483416412681535e-06,
    "phi0": 223.8283607203253,
    "dphi0": -0.053996492781400285,
    "rscale_cubic": 0.02748341641268153,
    "rscale_curv": 0.026170431439896415,
    "wall_r_hi": 0.11148025132865126,
    "wall_thickness": 0.07780624415496257,
    "S_total": 10545.65345851162,
    "S_kin": 15839.269800240396,
    "S_pot": -5293.616341728773,
    "S_interior": 0.0,
    "S3_over_T": NaN,
    "beta_rscale": 36.385578305998926,
    "beta_curvature": 38.21106316336432,
    "beta_wall": 12.852438912336561,
    "Tn_from_transitionFinder_GeV": 75.3247819672487,
    "Tc_from_transitionFinder_GeV": 91.44466083728312,
    "T_spinodal_high_GeV": NaN,
    "T_spinodal_low_GeV": NaN,
    "gw_T_star_GeV": 75.3247819672487,
    "gw_alpha": 0.030843744434634477,
    "gw_beta_over_H": 854.9822199648482,
    "gw_R_star_times_H": NaN,
    "gw_Gamma_Tstar_GeV4": NaN,
    "gw_dT_for_beta_GeV": NaN,
    "gw_f_sw_peak_Hz": NaN,
    "gw_f_turb_peak_Hz": NaN,
    "gw_f_coll_peak_Hz": NaN,
    "gw_g_star": 106.75,
    "gw_v_w": 1.0,
    "omega_sw_peak": NaN,
    "omega_turb_peak": NaN,
    "omega_coll_peak": NaN,
    "omega_tot_peak": NaN
  }
}