{
  "label": "results_eft68_c6f22_c8f40_f1000_mh125_Glauber_C3p015_Lambda1000",
  "model_parameters": {
    "c6_over_f2_TeV2": 2.0,
    "c8_over_f4_TeV4": 0.0,
    "f_GeV": 1000.0,
    "m_h": 125.0,
    "v": 246.0,
    "m_w": 80.36,
    "m_z": 91.19,
    "m_t": 173.1,
    "use_glauber_measure": true,
    "C_glauber": 3.0149999999999997,
    "Lambda_glauber": 1000.0
  },
  "derived_tree_coefficients": {
    "glauber_scheme": "counterterm_subtracted",
    "lambda_tree": -0.05244991023861459,
    "mu2_tree_GeV2": 2319.220616,
    "a0_mean_field": 0.30905123340934637,
    "glauber_t0": 0.18245573999999998,
    "glauber_lambda_shift": 0.0,
    "glauber_mu2_shift_after_lambda_GeV2": 0.0,
    "lambda_tree_raw_glauber_equivalent": -0.3969523872283667,
    "mu2_tree_raw_glauber_equivalent_GeV2": 74886.24159369676,
    "combo_TeV2": 4.0
  },
  "scan_parameters": {
    "T_min": 1.0,
    "T_max": 250.0,
    "phi_scan_range": [
      -10.0,
      575.9122837209068
    ],
    "n_phi_scan": 1200,
    "n_T_seeds": 3,
    "deltaX_target": 0.1,
    "x_eps": 0.001,
    "T_eps": 0.01,
    "deriv_order": 4,
    "phitol": 0.0001,
    "overlapAngle": 45.0,
    "Tn_Ttol": 0.01,
    "Tn_maxiter": 160,
    "include_zeroT_loops": true,
    "include_scalar_loops": true,
    "include_thermal": true,
    "include_scalar_thermal": true,
    "include_daisy": false,
    "renormalize_zeroT_loops": true,
    "thermal_approx": "spline"
  },
  "key_temperatures": {
    "Tn": 53.4742138482347,
    "Tc": 81.00571316810439,
    "Ts_false": 19.75120761718194,
    "Ts_true": 93.39407617187472,
    "S_at_Tn": 7485.911868479595,
    "S_over_Tn": 139.9910597980062,
    "false_phase_key": 1,
    "true_phase_key": 0,
    "phi_false_Tn": -0.00026360692761274844,
    "phi_true_Tn": 241.7044121249768,
    "vTn_over_Tn": 4.520018056010299,
    "Tc_minus_Tn_over_Tc": 0.33987108122529425
  },
  "gw_scales": {
    "gw_T_star_GeV": 53.4742138482347,
    "gw_alpha": 0.11828714819003362,
    "gw_beta_over_H": 254.1630411212097,
    "gw_v_w": 1.0,
    "gw_g_star": 106.75
  },
  "gw_peaks": {
    "sw": {
      "f_peak_mHz": 2.6072348353887778,
      "f_peak_Hz": 0.0026072348353887776,
      "omega_peak": 1.5739380614345788e-13
    },
    "turb": {
      "f_peak_mHz": 4.463834557965092,
      "f_peak_Hz": 0.004463834557965092,
      "omega_peak": 1.1435714591208446e-17
    },
    "coll": {
      "f_peak_mHz": NaN,
      "f_peak_Hz": NaN,
      "omega_peak": NaN
    },
    "total": {
      "f_peak_mHz": 2.6072348353887778,
      "f_peak_Hz": 0.0026072348353887776,
      "omega_peak": 1.5740384109975748e-13
    }
  },
  "gw_run_parameters": {
    "g_star": 106.75,
    "v_w": 1.0,
    "epsilon_turb": 1.0,
    "frequency_unit": "mHz"
  },
  "S3": 7486.055807851555,
  "S3_over_T": 139.9937515509391,
  "bounce_diagnostics": {
    "label": "results_eft68_c6f22_c8f40_f1000_mh125_Glauber_C3p015_Lambda1000",
    "C": NaN,
    "Lambda_GeV": NaN,
    "finiteT": null,
    "temperature_GeV": NaN,
    "phi_metaMin": -0.00026360692761274844,
    "phi_absMin": 241.7044121249768,
    "phi_bar": 110.09197623853443,
    "phi_top": 76.15604917681286,
    "V(phi_meta)": -22148299.449961144,
    "V(phi_true)": -47341681.97307945,
    "V(phi_top)": -21111536.50579848,
    "DeltaV_true_minus_meta": -25193382.523118306,
    "r0": 3.053448155815676e-06,
    "phi0": 229.06881864780334,
    "dphi0": -0.14602621656190745,
    "rscale_cubic": 0.03053448155815676,
    "rscale_curv": 0.027636149927436234,
    "wall_r_hi": 0.09808143236475286,
    "wall_thickness": 0.07783643365413173,
    "S_total": 7486.055807851555,
    "S_kin": 11220.562836670617,
    "S_pot": -3734.507028819061,
    "S_interior": 0.0,
    "S3_over_T": NaN,
    "beta_rscale": 32.7498601243769,
    "beta_curvature": 36.18448444002652,
    "beta_wall": 12.847453988494985,
    "Tn_from_transitionFinder_GeV": 53.4742138482347,
    "Tc_from_transitionFinder_GeV": 81.00571316810439,
    "T_spinodal_high_GeV": NaN,
    "T_spinodal_low_GeV": NaN,
    "gw_T_star_GeV": 53.4742138482347,
    "gw_alpha": 0.11828714819003362,
    "gw_beta_over_H": 254.1630411212097,
    "gw_R_star_times_H": NaN,
    "gw_Gamma_Tstar_GeV4": NaN,
    "gw_dT_for_beta_GeV": NaN,
    "gw_f_sw_peak_Hz": NaN,
    "gw_f_turb_peak_Hz": NaN,
    "gw_f_coll_peak_Hz": NaN,
    "gw_g_star": 106.75,
    "gw_v_w": 1.0,
    "omega_sw_peak": NaN,
    "omega_turb_peak": NaN,
    "omega_coll_peak": NaN,
    "omega_tot_peak": NaN
  }
}