{
  "label": "results_eft68_c6f22p87_c8f45_f1000_mh125_Glauber_off",
  "model_parameters": {
    "c6_over_f2_TeV2": 2.8699999999999997,
    "c8_over_f4_TeV4": 5.0,
    "f_GeV": 1000.0,
    "m_h": 125.0,
    "v": 246.0,
    "m_w": 80.36,
    "m_z": 91.19,
    "m_t": 173.1,
    "use_glauber_measure": false,
    "C_glauber": 0.0,
    "Lambda_glauber": 1000.0
  },
  "scan_parameters": {
    "T_min": 1.0,
    "T_max": 250.0,
    "phi_scan_range": [
      -10,
      1000.0
    ],
    "n_phi_scan": 1200,
    "n_T_seeds": 3,
    "deltaX_target": 0.1,
    "x_eps": 0.001,
    "T_eps": 0.01,
    "deriv_order": 4,
    "phitol": 1e-05,
    "overlapAngle": 45.0,
    "Tn_Ttol": 0.001,
    "Tn_maxiter": 160,
    "include_zeroT_loops": true,
    "include_scalar_loops": true,
    "include_thermal": true,
    "include_scalar_thermal": true,
    "include_daisy": false,
    "renormalize_zeroT_loops": true,
    "thermal_approx": "spline"
  },
  "key_temperatures": {
    "Tn": 77.42229132621965,
    "Tc": 92.13092049952675,
    "Ts_false": 50.69378593749549,
    "Ts_true": 94.17657812499968,
    "S_at_Tn": 10838.117955136107,
    "S_over_Tn": 139.98704726355336,
    "false_phase_key": 2,
    "true_phase_key": 0,
    "phi_false_Tn": -4.7817883115565017e-05,
    "phi_true_Tn": 228.4623776141254,
    "vTn_over_Tn": 2.9508604524696476,
    "Tc_minus_Tn_over_Tc": 0.15964921541604107
  },
  "gw_scales": {
    "gw_T_star_GeV": 77.42229132621965,
    "gw_alpha": 0.027397677615001073,
    "gw_beta_over_H": 1123.260055578214,
    "gw_v_w": 1.0,
    "gw_g_star": 106.75
  },
  "gw_peaks": {
    "sw": {
      "f_peak_mHz": 16.73091141130181,
      "f_peak_Hz": 0.016730911411301813,
      "omega_peak": 1.621815383871108e-16
    },
    "turb": {
      "f_peak_mHz": 28.64491511478483,
      "f_peak_Hz": 0.02864491511478483,
      "omega_peak": 1.1783466031382504e-20
    },
    "coll": {
      "f_peak_mHz": NaN,
      "f_peak_Hz": NaN,
      "omega_peak": NaN
    },
    "total": {
      "f_peak_mHz": 16.73091141130181,
      "f_peak_Hz": 0.016730911411301813,
      "omega_peak": 1.6219189306617958e-16
    }
  },
  "gw_run_parameters": {
    "g_star": 106.75,
    "v_w": 1.0,
    "epsilon_turb": 1.0,
    "frequency_unit": "mHz"
  },
  "S3": 10825.600192530255,
  "S3_over_T": 139.82536562908572,
  "bounce_diagnostics": {
    "label": "results_eft68_c6f22p87_c8f45_f1000_mh125_Glauber_off",
    "C": NaN,
    "Lambda_GeV": NaN,
    "finiteT": null,
    "temperature_GeV": NaN,
    "phi_metaMin": -4.7817883115565017e-05,
    "phi_absMin": 228.4623776141254,
    "phi_bar": 116.49601851779558,
    "phi_top": 78.38279894972335,
    "V(phi_meta)": -91738827.09257673,
    "V(phi_true)": -107047557.87957081,
    "V(phi_top)": -90451934.13709928,
    "DeltaV_true_minus_meta": -15308730.786994085,
    "r0": 2.8208123443560715e-06,
    "phi0": 222.20009006385985,
    "dphi0": -0.05051514783090334,
    "rscale_cubic": 0.028208123443560714,
    "rscale_curv": 0.02692436724777847,
    "wall_r_hi": 0.11524577095840699,
    "wall_thickness": 0.08011375936106667,
    "S_total": 10825.600192530255,
    "S_kin": 16244.458775875377,
    "S_pot": -5418.85858334512,
    "S_interior": 0.0,
    "S3_over_T": NaN,
    "beta_rscale": 35.45078076536416,
    "beta_curvature": 37.141075615536266,
    "beta_wall": 12.482250339708507,
    "Tn_from_transitionFinder_GeV": 77.42229132621965,
    "Tc_from_transitionFinder_GeV": 92.13092049952675,
    "T_spinodal_high_GeV": NaN,
    "T_spinodal_low_GeV": NaN,
    "gw_T_star_GeV": 77.42229132621965,
    "gw_alpha": 0.027397677615001073,
    "gw_beta_over_H": 1123.260055578214,
    "gw_R_star_times_H": NaN,
    "gw_Gamma_Tstar_GeV4": NaN,
    "gw_dT_for_beta_GeV": NaN,
    "gw_f_sw_peak_Hz": NaN,
    "gw_f_turb_peak_Hz": NaN,
    "gw_f_coll_peak_Hz": NaN,
    "gw_g_star": 106.75,
    "gw_v_w": 1.0,
    "omega_sw_peak": NaN,
    "omega_turb_peak": NaN,
    "omega_coll_peak": NaN,
    "omega_tot_peak": NaN
  }
}