{
  "label": "results_eft68_c6f20_c8f40_f776p31_mh125_Glauber_C6p63727_Lambda2000",
  "model_parameters": {
    "c6_over_f2_TeV2": 0.0,
    "c8_over_f4_TeV4": 0.0,
    "f_GeV": 776.3099704696897,
    "m_h": 125.0,
    "v": 246.0,
    "m_w": 80.36,
    "m_z": 91.19,
    "m_t": 173.1,
    "use_glauber_measure": true,
    "C_glauber": 6.637272727272728,
    "Lambda_glauber": 2000.0
  },
  "derived_tree_coefficients": {
    "glauber_scheme": "counterterm_subtracted",
    "lambda_tree": 0.12909808976138543,
    "mu2_tree_GeV2": 7812.5,
    "a0_mean_field": 0.3998252334093464,
    "glauber_t0": 0.1004152990909091,
    "glauber_lambda_shift": 0.0,
    "glauber_mu2_shift_after_lambda_GeV2": 0.0,
    "lambda_tree_raw_glauber_equivalent": -1.2498104719034278,
    "mu2_tree_raw_glauber_equivalent_GeV2": 671929.5707718955,
    "combo_TeV2": 0.0
  },
  "scan_parameters": {
    "T_min": 1.0,
    "T_max": 250.0,
    "phi_scan_range": [
      -10.0,
      776.3099704696897
    ],
    "n_phi_scan": 1200,
    "n_T_seeds": 3,
    "deltaX_target": 0.1,
    "x_eps": 0.001,
    "T_eps": 0.01,
    "deriv_order": 4,
    "phitol": 0.0001,
    "overlapAngle": 45.0,
    "Tn_Ttol": 0.01,
    "Tn_maxiter": 160,
    "include_zeroT_loops": true,
    "include_scalar_loops": true,
    "include_thermal": true,
    "include_scalar_thermal": true,
    "include_daisy": false,
    "renormalize_zeroT_loops": true,
    "thermal_approx": "spline"
  },
  "key_temperatures": {
    "Tn": 60.66794249826792,
    "Tc": 80.58513759852816,
    "Ts_false": 41.69156054686981,
    "Ts_true": 93.0512148437497,
    "S_at_Tn": 8494.638233626514,
    "S_over_Tn": 140.01856472830008,
    "false_phase_key": 1,
    "true_phase_key": 0,
    "phi_false_Tn": -0.0013454696605690133,
    "phi_true_Tn": 239.42044881186916,
    "vTn_over_Tn": 3.9464079207681166,
    "Tc_minus_Tn_over_Tc": 0.24715717679216345
  },
  "gw_scales": {
    "gw_T_star_GeV": 60.66794249826792,
    "gw_alpha": 0.07505558369047954,
    "gw_beta_over_H": 644.3708143694878,
    "gw_v_w": 1.0,
    "gw_g_star": 106.75
  },
  "gw_peaks": {
    "sw": {
      "f_peak_mHz": 7.525992880893312,
      "f_peak_Hz": 0.007525992880893312,
      "omega_peak": 7.637176002003995e-15
    },
    "turb": {
      "f_peak_mHz": 12.885217184405017,
      "f_peak_Hz": 0.012885217184405016,
      "omega_peak": 5.548873161910854e-19
    },
    "coll": {
      "f_peak_mHz": NaN,
      "f_peak_Hz": NaN,
      "omega_peak": NaN
    },
    "total": {
      "f_peak_mHz": 7.525992880893312,
      "f_peak_Hz": 0.007525992880893312,
      "omega_peak": 7.637663769539232e-15
    }
  },
  "gw_run_parameters": {
    "g_star": 106.75,
    "v_w": 1.0,
    "epsilon_turb": 1.0,
    "frequency_unit": "mHz"
  },
  "S3": 8494.664520373177,
  "S3_over_T": 140.01899801720984,
  "bounce_diagnostics": {
    "label": "results_eft68_c6f20_c8f40_f776p31_mh125_Glauber_C6p63727_Lambda2000",
    "C": NaN,
    "Lambda_GeV": NaN,
    "finiteT": null,
    "temperature_GeV": NaN,
    "phi_metaMin": -0.0013454696605690133,
    "phi_absMin": 239.42044881186916,
    "phi_bar": 114.19166408432318,
    "phi_top": 78.71538615068673,
    "V(phi_meta)": -39283742.81574145,
    "V(phi_true)": -61266002.531262904,
    "V(phi_top)": -38238301.440178975,
    "DeltaV_true_minus_meta": -21982259.715521455,
    "r0": 3.1429797742515268e-06,
    "phi0": 230.0782554498885,
    "dphi0": -0.10793341376084553,
    "rscale_cubic": 0.03142979774251527,
    "rscale_curv": 0.02888351121614441,
    "wall_r_hi": 0.1043247280238868,
    "wall_thickness": 0.0787963651258503,
    "S_total": 8494.664520373177,
    "S_kin": 12730.985293039419,
    "S_pot": -4236.320772666241,
    "S_interior": 0.0,
    "S3_over_T": NaN,
    "beta_rscale": 31.816940350439936,
    "beta_curvature": 34.6218690988556,
    "beta_wall": 12.690940735690553,
    "Tn_from_transitionFinder_GeV": 60.66794249826792,
    "Tc_from_transitionFinder_GeV": 80.58513759852816,
    "T_spinodal_high_GeV": NaN,
    "T_spinodal_low_GeV": NaN,
    "gw_T_star_GeV": 60.66794249826792,
    "gw_alpha": 0.07505558369047954,
    "gw_beta_over_H": 644.3708143694878,
    "gw_R_star_times_H": NaN,
    "gw_Gamma_Tstar_GeV4": NaN,
    "gw_dT_for_beta_GeV": NaN,
    "gw_f_sw_peak_Hz": NaN,
    "gw_f_turb_peak_Hz": NaN,
    "gw_f_coll_peak_Hz": NaN,
    "gw_g_star": 106.75,
    "gw_v_w": 1.0,
    "omega_sw_peak": NaN,
    "omega_turb_peak": NaN,
    "omega_coll_peak": NaN,
    "omega_tot_peak": NaN
  }
}