{
  "label": "results_eft68_c6f20_c8f40_f518p983_mh125_Glauber_C3p71273_Lambda1000",
  "model_parameters": {
    "c6_over_f2_TeV2": 0.0,
    "c8_over_f4_TeV4": 0.0,
    "f_GeV": 518.9834107245123,
    "m_h": 125.0,
    "v": 246.0,
    "m_w": 80.36,
    "m_z": 91.19,
    "m_t": 173.1,
    "use_glauber_measure": true,
    "C_glauber": 3.712727272727273,
    "Lambda_glauber": 1000.0
  },
  "scan_parameters": {
    "T_min": 1.0,
    "T_max": 250.0,
    "phi_scan_range": [
      -10.0,
      518.9834107245123
    ],
    "n_phi_scan": 1200,
    "n_T_seeds": 3,
    "deltaX_target": 0.1,
    "x_eps": 0.001,
    "T_eps": 0.01,
    "deriv_order": 4,
    "phitol": 1e-05,
    "overlapAngle": 45.0,
    "Tn_Ttol": 0.001,
    "Tn_maxiter": 160,
    "include_zeroT_loops": true,
    "include_scalar_loops": true,
    "include_thermal": true,
    "include_scalar_thermal": true,
    "include_daisy": false,
    "renormalize_zeroT_loops": true,
    "thermal_approx": "spline"
  },
  "key_temperatures": {
    "Tn": 67.5636617631137,
    "Tc": 82.28686255507309,
    "Ts_false": 54.88029296874612,
    "Ts_true": 92.47637499999973,
    "S_at_Tn": 9458.738439206943,
    "S_over_Tn": 139.99742157804317,
    "false_phase_key": 1,
    "true_phase_key": 0,
    "phi_false_Tn": -0.00028740682381639323,
    "phi_true_Tn": 236.0301477589371,
    "vTn_over_Tn": 3.493448128766127,
    "Tc_minus_Tn_over_Tc": 0.17892529056026918
  },
  "gw_scales": {
    "gw_T_star_GeV": 67.5636617631137,
    "gw_alpha": 0.04799965012301542,
    "gw_beta_over_H": 1076.1212632452814,
    "gw_v_w": 1.0,
    "gw_g_star": 106.75
  },
  "gw_peaks": {
    "sw": {
      "f_peak_mHz": 13.914028141593606,
      "f_peak_Hz": 0.013914028141593607,
      "omega_peak": 8.301290734760478e-16
    },
    "turb": {
      "f_peak_mHz": 23.82214245372448,
      "f_peak_Hz": 0.023822142453724483,
      "omega_peak": 6.031587963099712e-20
    },
    "coll": {
      "f_peak_mHz": NaN,
      "f_peak_Hz": NaN,
      "omega_peak": NaN
    },
    "total": {
      "f_peak_mHz": 13.914028141593606,
      "f_peak_Hz": 0.013914028141593607,
      "omega_peak": 8.30181939035349e-16
    }
  },
  "gw_run_parameters": {
    "g_star": 106.75,
    "v_w": 1.0,
    "epsilon_turb": 1.0,
    "frequency_unit": "mHz"
  },
  "S3": 9453.053088369796,
  "S3_over_T": 139.91327352139874,
  "bounce_diagnostics": {
    "label": "results_eft68_c6f20_c8f40_f518p983_mh125_Glauber_C3p71273_Lambda1000",
    "C": NaN,
    "Lambda_GeV": NaN,
    "finiteT": null,
    "temperature_GeV": NaN,
    "phi_metaMin": -0.00028740682381639323,
    "phi_absMin": 236.0301477589371,
    "phi_bar": 114.39975839653599,
    "phi_top": 78.42830914020594,
    "V(phi_meta)": -59139670.48716155,
    "V(phi_true)": -76512506.60548632,
    "V(phi_top)": -58302434.46948822,
    "DeltaV_true_minus_meta": -17372836.11832477,
    "r0": 3.499249157286888e-06,
    "phi0": 228.5058513958824,
    "dphi0": -0.08648198329750918,
    "rscale_cubic": 0.03499249157286888,
    "rscale_curv": 0.033062066691920515,
    "wall_r_hi": 0.11653164575050481,
    "wall_thickness": 0.08610313697090638,
    "S_total": 9453.053088369796,
    "S_kin": 14179.291619764806,
    "S_pot": -4726.238531395013,
    "S_interior": 0.0,
    "S3_over_T": NaN,
    "beta_rscale": 28.577559214884293,
    "beta_curvature": 30.246146838736028,
    "beta_wall": 11.613978714130853,
    "Tn_from_transitionFinder_GeV": 67.5636617631137,
    "Tc_from_transitionFinder_GeV": 82.28686255507309,
    "T_spinodal_high_GeV": NaN,
    "T_spinodal_low_GeV": NaN,
    "gw_T_star_GeV": 67.5636617631137,
    "gw_alpha": 0.04799965012301542,
    "gw_beta_over_H": 1076.1212632452814,
    "gw_R_star_times_H": NaN,
    "gw_Gamma_Tstar_GeV4": NaN,
    "gw_dT_for_beta_GeV": NaN,
    "gw_f_sw_peak_Hz": NaN,
    "gw_f_turb_peak_Hz": NaN,
    "gw_f_coll_peak_Hz": NaN,
    "gw_g_star": 106.75,
    "gw_v_w": 1.0,
    "omega_sw_peak": NaN,
    "omega_turb_peak": NaN,
    "omega_coll_peak": NaN,
    "omega_tot_peak": NaN
  }
}