{
  "label": "results_eft68_c6f20_c8f40_f774p984_mh125_Glauber_C6p66_Lambda2000",
  "model_parameters": {
    "c6_over_f2_TeV2": 0.0,
    "c8_over_f4_TeV4": 0.0,
    "f_GeV": 774.9842582921285,
    "m_h": 125.0,
    "v": 246.0,
    "m_w": 80.36,
    "m_z": 91.19,
    "m_t": 173.1,
    "use_glauber_measure": true,
    "C_glauber": 6.66,
    "Lambda_glauber": 2000.0
  },
  "scan_parameters": {
    "T_min": 1.0,
    "T_max": 250.0,
    "phi_scan_range": [
      -10.0,
      774.9842582921285
    ],
    "n_phi_scan": 1200,
    "n_T_seeds": 3,
    "deltaX_target": 0.1,
    "x_eps": 0.001,
    "T_eps": 0.01,
    "deriv_order": 4,
    "phitol": 1e-05,
    "overlapAngle": 45.0,
    "Tn_Ttol": 0.001,
    "Tn_maxiter": 160,
    "include_zeroT_loops": true,
    "include_scalar_loops": true,
    "include_thermal": true,
    "include_scalar_thermal": true,
    "include_daisy": false,
    "renormalize_zeroT_loops": true,
    "thermal_approx": "spline"
  },
  "key_temperatures": {
    "Tn": 58.56841694393834,
    "Tc": 79.82188336166165,
    "Ts_false": 37.9834058593695,
    "Ts_true": 92.73801953124972,
    "S_at_Tn": 8199.656291603833,
    "S_over_Tn": 140.00133040052185,
    "false_phase_key": 1,
    "true_phase_key": 0,
    "phi_false_Tn": -0.001265243313674494,
    "phi_true_Tn": 240.21847372962048,
    "vTn_over_Tn": 4.101501906045327,
    "Tc_minus_Tn_over_Tc": 0.2662611494823652
  },
  "gw_scales": {
    "gw_T_star_GeV": 58.56841694393834,
    "gw_alpha": 0.08573422529888215,
    "gw_beta_over_H": 574.7539247180549,
    "gw_v_w": 1.0,
    "gw_g_star": 106.75
  },
  "gw_peaks": {
    "sw": {
      "f_peak_mHz": 6.454186856690455,
      "f_peak_Hz": 0.006454186856690455,
      "omega_peak": 1.3574370232736429e-14
    },
    "turb": {
      "f_peak_mHz": 11.050183107177936,
      "f_peak_Hz": 0.011050183107177937,
      "omega_peak": 9.862728790824664e-19
    },
    "coll": {
      "f_peak_mHz": NaN,
      "f_peak_Hz": NaN,
      "omega_peak": NaN
    },
    "total": {
      "f_peak_mHz": 6.454186856690455,
      "f_peak_Hz": 0.006454186856690455,
      "omega_peak": 1.3575235475820994e-14
    }
  },
  "gw_run_parameters": {
    "g_star": 106.75,
    "v_w": 1.0,
    "epsilon_turb": 1.0,
    "frequency_unit": "mHz"
  },
  "S3": 8187.21751704233,
  "S3_over_T": 139.78895015856637,
  "bounce_diagnostics": {
    "label": "results_eft68_c6f20_c8f40_f774p984_mh125_Glauber_C6p66_Lambda2000",
    "C": NaN,
    "Lambda_GeV": NaN,
    "finiteT": null,
    "temperature_GeV": NaN,
    "phi_metaMin": -0.001265243313674494,
    "phi_absMin": 240.21847372962048,
    "phi_bar": 113.14057589630919,
    "phi_top": 78.0994604949628,
    "V(phi_meta)": -34398125.73437819,
    "V(phi_true)": -57262512.07216555,
    "V(phi_top)": -33372383.64951786,
    "DeltaV_true_minus_meta": -22864386.33778736,
    "r0": 3.1481858102911063e-06,
    "phi0": 230.09864541360463,
    "dphi0": -0.11859396585270145,
    "rscale_cubic": 0.03148185810291106,
    "rscale_curv": 0.028785001792933054,
    "wall_r_hi": 0.10279193395985933,
    "wall_thickness": 0.0786673594301813,
    "S_total": 8187.21751704233,
    "S_kin": 12276.99033078353,
    "S_pot": -4089.7728137411996,
    "S_interior": 0.0,
    "S3_over_T": NaN,
    "beta_rscale": 31.764325877179786,
    "beta_curvature": 34.74032730888257,
    "beta_wall": 12.711752463072287,
    "Tn_from_transitionFinder_GeV": 58.56841694393834,
    "Tc_from_transitionFinder_GeV": 79.82188336166165,
    "T_spinodal_high_GeV": NaN,
    "T_spinodal_low_GeV": NaN,
    "gw_T_star_GeV": 58.56841694393834,
    "gw_alpha": 0.08573422529888215,
    "gw_beta_over_H": 574.7539247180549,
    "gw_R_star_times_H": NaN,
    "gw_Gamma_Tstar_GeV4": NaN,
    "gw_dT_for_beta_GeV": NaN,
    "gw_f_sw_peak_Hz": NaN,
    "gw_f_turb_peak_Hz": NaN,
    "gw_f_coll_peak_Hz": NaN,
    "gw_g_star": 106.75,
    "gw_v_w": 1.0,
    "omega_sw_peak": NaN,
    "omega_turb_peak": NaN,
    "omega_coll_peak": NaN,
    "omega_tot_peak": NaN
  }
}