{
  "label": "results_eft68_c6f23p30505_c8f40_f1000_mh125_Glauber_off",
  "model_parameters": {
    "c6_over_f2_TeV2": 3.305050505050505,
    "c8_over_f4_TeV4": 0.0,
    "f_GeV": 1000.0,
    "m_h": 125.0,
    "v": 246.0,
    "m_w": 80.36,
    "m_z": 91.19,
    "m_t": 173.1,
    "use_glauber_measure": false,
    "C_glauber": 0.0,
    "Lambda_glauber": 1000.0
  },
  "derived_tree_coefficients": {
    "glauber_scheme": "counterterm_subtracted",
    "lambda_tree": -0.17091456478406913,
    "mu2_tree_GeV2": -1265.2829012363636,
    "a0_mean_field": 0.2498189061366191,
    "glauber_t0": 0.0,
    "glauber_lambda_shift": 0.0,
    "glauber_mu2_shift_after_lambda_GeV2": 0.0,
    "lambda_tree_raw_glauber_equivalent": -0.17091456478406913,
    "mu2_tree_raw_glauber_equivalent_GeV2": -1265.2829012363636,
    "combo_TeV2": 6.61010101010101
  },
  "scan_parameters": {
    "T_min": 1.0,
    "T_max": 250.0,
    "phi_scan_range": [
      -10,
      1000.0
    ],
    "n_phi_scan": 1200,
    "n_T_seeds": 3,
    "deltaX_target": 0.1,
    "x_eps": 0.001,
    "T_eps": 0.01,
    "deriv_order": 4,
    "phitol": 0.0001,
    "overlapAngle": 45.0,
    "Tn_Ttol": 0.01,
    "Tn_maxiter": 160,
    "include_zeroT_loops": true,
    "include_scalar_loops": true,
    "include_thermal": true,
    "include_scalar_thermal": true,
    "include_daisy": false,
    "renormalize_zeroT_loops": true,
    "thermal_approx": "spline"
  },
  "key_temperatures": {
    "Tn": 75.75351080635764,
    "Tc": 91.7593495945451,
    "Ts_false": 44.8421400390574,
    "Ts_true": 94.53500195312468,
    "S_at_Tn": 10605.369018174806,
    "S_over_Tn": 139.99838298299366,
    "false_phase_key": 2,
    "true_phase_key": 0,
    "phi_false_Tn": -4.8029160976159984e-05,
    "phi_true_Tn": 230.02529294286438,
    "vTn_over_Tn": 3.036496797235692,
    "Tc_minus_Tn_over_Tc": 0.17443278378619823
  },
  "gw_scales": {
    "gw_T_star_GeV": 75.75351080635764,
    "gw_alpha": 0.030308711883162594,
    "gw_beta_over_H": 575.2741831913445,
    "gw_v_w": 1.0,
    "gw_g_star": 106.75
  },
  "gw_peaks": {
    "sw": {
      "f_peak_mHz": 8.380489594072982,
      "f_peak_Hz": 0.008380489594072981,
      "omega_peak": 8.197336533566297e-16
    },
    "turb": {
      "f_peak_mHz": 14.348197007390617,
      "f_peak_Hz": 0.014348197007390618,
      "omega_peak": 5.955859207116378e-20
    },
    "coll": {
      "f_peak_mHz": NaN,
      "f_peak_Hz": NaN,
      "omega_peak": NaN
    },
    "total": {
      "f_peak_mHz": 8.380489594072982,
      "f_peak_Hz": 0.008380489594072981,
      "omega_peak": 8.197859795583387e-16
    }
  },
  "gw_run_parameters": {
    "g_star": 106.75,
    "v_w": 1.0,
    "epsilon_turb": 1.0,
    "frequency_unit": "mHz"
  },
  "S3": 10598.310211254782,
  "S3_over_T": 139.9052017317898,
  "bounce_diagnostics": {
    "label": "results_eft68_c6f23p30505_c8f40_f1000_mh125_Glauber_off",
    "C": NaN,
    "Lambda_GeV": NaN,
    "finiteT": null,
    "temperature_GeV": NaN,
    "phi_metaMin": -4.8029160976159984e-05,
    "phi_absMin": 230.02529294286438,
    "phi_bar": 117.05249302488119,
    "phi_top": 78.87025371956192,
    "V(phi_meta)": -84004192.25612184,
    "V(phi_true)": -100586843.97438225,
    "V(phi_top)": -82607765.87156123,
    "DeltaV_true_minus_meta": -16582651.718260407,
    "r0": 2.7247637587182414e-06,
    "phi0": 223.60554078384413,
    "dphi0": -0.05287425020085482,
    "rscale_cubic": 0.027247637587182412,
    "rscale_curv": 0.025898308031311552,
    "wall_r_hi": 0.11140015648376651,
    "wall_thickness": 0.07755378150650116,
    "S_total": 10598.310211254782,
    "S_kin": 15900.308971077035,
    "S_pot": -5301.998759822257,
    "S_interior": 0.0,
    "S3_over_T": NaN,
    "beta_rscale": 36.70042941522428,
    "beta_curvature": 38.61256280357501,
    "beta_wall": 12.89427775892749,
    "Tn_from_transitionFinder_GeV": 75.75351080635764,
    "Tc_from_transitionFinder_GeV": 91.7593495945451,
    "T_spinodal_high_GeV": NaN,
    "T_spinodal_low_GeV": NaN,
    "gw_T_star_GeV": 75.75351080635764,
    "gw_alpha": 0.030308711883162594,
    "gw_beta_over_H": 575.2741831913445,
    "gw_R_star_times_H": NaN,
    "gw_Gamma_Tstar_GeV4": NaN,
    "gw_dT_for_beta_GeV": NaN,
    "gw_f_sw_peak_Hz": NaN,
    "gw_f_turb_peak_Hz": NaN,
    "gw_f_coll_peak_Hz": NaN,
    "gw_g_star": 106.75,
    "gw_v_w": 1.0,
    "omega_sw_peak": NaN,
    "omega_turb_peak": NaN,
    "omega_coll_peak": NaN,
    "omega_tot_peak": NaN
  }
}