{
  "label": "results_eft68_c6f20_c8f40_f513p624_mh125_Glauber_C3p79061_Lambda1000",
  "model_parameters": {
    "c6_over_f2_TeV2": 0.0,
    "c8_over_f4_TeV4": 0.0,
    "f_GeV": 513.624431622108,
    "m_h": 125.0,
    "v": 246.0,
    "m_w": 80.36,
    "m_z": 91.19,
    "m_t": 173.1,
    "use_glauber_measure": true,
    "C_glauber": 3.7906060606060605,
    "Lambda_glauber": 1000.0
  },
  "derived_tree_coefficients": {
    "glauber_scheme": "counterterm_subtracted",
    "lambda_tree": 0.12909808976138543,
    "mu2_tree_GeV2": 7812.5,
    "a0_mean_field": 0.3998252334093464,
    "glauber_t0": 0.22939231636363636,
    "glauber_lambda_shift": 0.0,
    "glauber_mu2_shift_after_lambda_GeV2": 0.0,
    "lambda_tree_raw_glauber_equivalent": -0.4838037127273444,
    "mu2_tree_raw_glauber_equivalent_GeV2": 95321.42834351104,
    "combo_TeV2": 0.0
  },
  "scan_parameters": {
    "T_min": 1.0,
    "T_max": 250.0,
    "phi_scan_range": [
      -10.0,
      513.624431622108
    ],
    "n_phi_scan": 1200,
    "n_T_seeds": 3,
    "deltaX_target": 0.1,
    "x_eps": 0.001,
    "T_eps": 0.01,
    "deriv_order": 4,
    "phitol": 0.0001,
    "overlapAngle": 45.0,
    "Tn_Ttol": 0.01,
    "Tn_maxiter": 160,
    "include_zeroT_loops": true,
    "include_scalar_loops": true,
    "include_thermal": true,
    "include_scalar_thermal": true,
    "include_daisy": false,
    "renormalize_zeroT_loops": true,
    "thermal_approx": "spline"
  },
  "key_temperatures": {
    "Tn": 54.38880438145453,
    "Tc": 76.98470465639971,
    "Ts_false": 36.358389062494645,
    "Ts_true": 90.20570898437478,
    "S_at_Tn": 7614.768767607857,
    "S_over_Tn": 140.00618057719868,
    "false_phase_key": 1,
    "true_phase_key": 0,
    "phi_false_Tn": -0.0003470816578459828,
    "phi_true_Tn": 241.55373063410684,
    "vTn_over_Tn": 4.441239946000206,
    "Tc_minus_Tn_over_Tc": 0.29351155370142473
  },
  "gw_scales": {
    "gw_T_star_GeV": 54.38880438145453,
    "gw_alpha": 0.10762130884260755,
    "gw_beta_over_H": 674.0703350979705,
    "gw_v_w": 1.0,
    "gw_g_star": 106.75
  },
  "gw_peaks": {
    "sw": {
      "f_peak_mHz": 7.0774188063364125,
      "f_peak_Hz": 0.007077418806336413,
      "omega_peak": 1.7650369876436563e-14
    },
    "turb": {
      "f_peak_mHz": 11.932477079945759,
      "f_peak_Hz": 0.011932477079945759,
      "omega_peak": 1.2824502051384168e-18
    },
    "coll": {
      "f_peak_mHz": NaN,
      "f_peak_Hz": NaN,
      "omega_peak": NaN
    },
    "total": {
      "f_peak_mHz": 7.0774188063364125,
      "f_peak_Hz": 0.007077418806336413,
      "omega_peak": 1.765149869311618e-14
    }
  },
  "gw_run_parameters": {
    "g_star": 106.75,
    "v_w": 1.0,
    "epsilon_turb": 1.0,
    "frequency_unit": "mHz"
  },
  "S3": 7614.886921143765,
  "S3_over_T": 140.00835296427817,
  "bounce_diagnostics": {
    "label": "results_eft68_c6f20_c8f40_f513p624_mh125_Glauber_C3p79061_Lambda1000",
    "C": NaN,
    "Lambda_GeV": NaN,
    "finiteT": null,
    "temperature_GeV": NaN,
    "phi_metaMin": -0.0003470816578459828,
    "phi_absMin": 241.55373063410684,
    "phi_bar": 108.50602717005819,
    "phi_top": 75.25323033704723,
    "V(phi_meta)": -26069489.817879178,
    "V(phi_true)": -48769857.5950837,
    "V(phi_top)": -25306611.104627028,
    "DeltaV_true_minus_meta": -22700367.77720452,
    "r0": 3.51741633963008e-06,
    "phi0": 229.33597607592912,
    "dphi0": -0.156395531041263,
    "rscale_cubic": 0.0351741633963008,
    "rscale_curv": 0.03184087582711129,
    "wall_r_hi": 0.10558880706165356,
    "wall_thickness": 0.0843025796004947,
    "S_total": 7614.886921143765,
    "S_kin": 11404.627285873692,
    "S_pot": -3789.740364729927,
    "S_interior": 0.0,
    "S3_over_T": NaN,
    "beta_rscale": 28.429958339966323,
    "beta_curvature": 31.406177961673666,
    "beta_wall": 11.862033222932741,
    "Tn_from_transitionFinder_GeV": 54.38880438145453,
    "Tc_from_transitionFinder_GeV": 76.98470465639971,
    "T_spinodal_high_GeV": NaN,
    "T_spinodal_low_GeV": NaN,
    "gw_T_star_GeV": 54.38880438145453,
    "gw_alpha": 0.10762130884260755,
    "gw_beta_over_H": 674.0703350979705,
    "gw_R_star_times_H": NaN,
    "gw_Gamma_Tstar_GeV4": NaN,
    "gw_dT_for_beta_GeV": NaN,
    "gw_f_sw_peak_Hz": NaN,
    "gw_f_turb_peak_Hz": NaN,
    "gw_f_coll_peak_Hz": NaN,
    "gw_g_star": 106.75,
    "gw_v_w": 1.0,
    "omega_sw_peak": NaN,
    "omega_turb_peak": NaN,
    "omega_coll_peak": NaN,
    "omega_tot_peak": NaN
  }
}