benchmark_role,c6_over_f2_TeV2,c8_over_f4_TeV4,mean_field_vc_over_Tc,mean_field_Tc_GeV,combo_no_nucleation_guide,combo_too_weak_guide
weak_but_visible,1.4120603015075384,1.9346733668341702,0.800321124169414,103.24174151260472,3.1753566834170868,1.5876783417085434
intermediate_1,2.0201005025125633,-3.718592964824121,1.3001361368164057,100.76118484285111,3.365097889447237,1.6825489447236186
intermediate_2,2.075376884422111,-3.592964824120603,1.410728757030427,99.12739631498948,3.498458190954775,1.7492290954773875
strong_near_no_nucleation_edge,2.075376884422111,-3.718592964824121,1.394674098871675,99.41245322663536,3.4756506532663325,1.7378253266331662
