{
  "label": "results_eft68_c6f23p14_c8f42_f1000_mh125_Glauber_off",
  "model_parameters": {
    "c6_over_f2_TeV2": 3.14,
    "c8_over_f4_TeV4": 2.0,
    "f_GeV": 1000.0,
    "m_h": 125.0,
    "v": 246.0,
    "m_w": 80.36,
    "m_z": 91.19,
    "m_t": 173.1,
    "use_glauber_measure": false,
    "C_glauber": 0.0,
    "Lambda_glauber": 1000.0
  },
  "scan_parameters": {
    "T_min": 1.0,
    "T_max": 250.0,
    "phi_scan_range": [
      -10,
      1000.0
    ],
    "n_phi_scan": 1200,
    "n_T_seeds": 3,
    "deltaX_target": 0.1,
    "x_eps": 0.001,
    "T_eps": 0.01,
    "deriv_order": 4,
    "phitol": 1e-05,
    "overlapAngle": 45.0,
    "Tn_Ttol": 0.001,
    "Tn_maxiter": 160,
    "include_zeroT_loops": true,
    "include_scalar_loops": true,
    "include_thermal": true,
    "include_scalar_thermal": true,
    "include_daisy": false,
    "renormalize_zeroT_loops": true,
    "thermal_approx": "spline"
  },
  "key_temperatures": {
    "Tn": 75.99587846172868,
    "Tc": 91.7221493781038,
    "Ts_false": 46.382633007807556,
    "Ts_true": 94.31031835937468,
    "S_at_Tn": 10639.043986390616,
    "S_over_Tn": 139.99501291044896,
    "false_phase_key": 2,
    "true_phase_key": 0,
    "phi_false_Tn": -4.782230565845062e-05,
    "phi_true_Tn": 229.76857735596442,
    "vTn_over_Tn": 3.0234347178666443,
    "Tc_minus_Tn_over_Tc": 0.171455542886889
  },
  "gw_scales": {
    "gw_T_star_GeV": 75.99587846172868,
    "gw_alpha": 0.02976344320601742,
    "gw_beta_over_H": 762.9903019266184,
    "gw_v_w": 1.0,
    "gw_g_star": 106.75
  },
  "gw_peaks": {
    "sw": {
      "f_peak_mHz": 11.22126196879453,
      "f_peak_Hz": 0.011221261968794529,
      "omega_peak": 4.429653178186404e-16
    },
    "turb": {
      "f_peak_mHz": 18.918966775122765,
      "f_peak_Hz": 0.018918966775122767,
      "omega_peak": 3.2187290492991614e-20
    },
    "coll": {
      "f_peak_mHz": NaN,
      "f_peak_Hz": NaN,
      "omega_peak": NaN
    },
    "total": {
      "f_peak_mHz": 11.22126196879453,
      "f_peak_Hz": 0.011221261968794529,
      "omega_peak": 4.4299368244531375e-16
    }
  },
  "gw_run_parameters": {
    "g_star": 106.75,
    "v_w": 1.0,
    "epsilon_turb": 1.0,
    "frequency_unit": "mHz"
  },
  "S3": 10629.345781760392,
  "S3_over_T": 139.86739803413553,
  "bounce_diagnostics": {
    "label": "results_eft68_c6f23p14_c8f42_f1000_mh125_Glauber_off",
    "C": NaN,
    "Lambda_GeV": NaN,
    "finiteT": null,
    "temperature_GeV": NaN,
    "phi_metaMin": -4.782230565845062e-05,
    "phi_absMin": 229.76857735596442,
    "phi_bar": 116.91418937711653,
    "phi_top": 78.81094730092379,
    "V(phi_meta)": -85094588.9440599,
    "V(phi_true)": -101382071.40034124,
    "V(phi_top)": -83731980.23300894,
    "DeltaV_true_minus_meta": -16287482.456281349,
    "r0": 2.7562944178224742e-06,
    "phi0": 223.35727462218415,
    "dphi0": -0.052774520692630444,
    "rscale_cubic": 0.027562944178224743,
    "rscale_curv": 0.026241889400723844,
    "wall_r_hi": 0.11232809278280274,
    "wall_thickness": 0.07826103314687191,
    "S_total": 10629.345781760392,
    "S_kin": 15945.405010873754,
    "S_pot": -5316.0592291133635,
    "S_interior": 0.0,
    "S3_over_T": NaN,
    "beta_rscale": 36.28059446530459,
    "beta_curvature": 38.10701440855439,
    "beta_wall": 12.777751069594332,
    "Tn_from_transitionFinder_GeV": 75.99587846172868,
    "Tc_from_transitionFinder_GeV": 91.7221493781038,
    "T_spinodal_high_GeV": NaN,
    "T_spinodal_low_GeV": NaN,
    "gw_T_star_GeV": 75.99587846172868,
    "gw_alpha": 0.02976344320601742,
    "gw_beta_over_H": 762.9903019266184,
    "gw_R_star_times_H": NaN,
    "gw_Gamma_Tstar_GeV4": NaN,
    "gw_dT_for_beta_GeV": NaN,
    "gw_f_sw_peak_Hz": NaN,
    "gw_f_turb_peak_Hz": NaN,
    "gw_f_coll_peak_Hz": NaN,
    "gw_g_star": 106.75,
    "gw_v_w": 1.0,
    "omega_sw_peak": NaN,
    "omega_turb_peak": NaN,
    "omega_coll_peak": NaN,
    "omega_tot_peak": NaN
  }
}