{
  "label": "results_eft68_c6f23p26465_c8f40_f1000_mh125_Glauber_off",
  "model_parameters": {
    "c6_over_f2_TeV2": 3.264646464646465,
    "c8_over_f4_TeV4": 0.0,
    "f_GeV": 1000.0,
    "m_h": 125.0,
    "v": 246.0,
    "m_w": 80.36,
    "m_z": 91.19,
    "m_t": 173.1,
    "use_glauber_measure": false,
    "C_glauber": 0.0,
    "Lambda_glauber": 1000.0
  },
  "derived_tree_coefficients": {
    "glauber_scheme": "counterterm_subtracted",
    "lambda_tree": -0.16724692842043276,
    "mu2_tree_GeV2": -1154.3075601454548,
    "a0_mean_field": 0.2516527243184373,
    "glauber_t0": 0.0,
    "glauber_lambda_shift": 0.0,
    "glauber_mu2_shift_after_lambda_GeV2": 0.0,
    "lambda_tree_raw_glauber_equivalent": -0.16724692842043276,
    "mu2_tree_raw_glauber_equivalent_GeV2": -1154.3075601454548,
    "combo_TeV2": 6.52929292929293
  },
  "scan_parameters": {
    "T_min": 1.0,
    "T_max": 250.0,
    "phi_scan_range": [
      -10,
      1000.0
    ],
    "n_phi_scan": 1200,
    "n_T_seeds": 3,
    "deltaX_target": 0.1,
    "x_eps": 0.001,
    "T_eps": 0.01,
    "deriv_order": 4,
    "phitol": 0.0001,
    "overlapAngle": 45.0,
    "Tn_Ttol": 0.01,
    "Tn_maxiter": 160,
    "include_zeroT_loops": true,
    "include_scalar_loops": true,
    "include_thermal": true,
    "include_scalar_thermal": true,
    "include_daisy": false,
    "renormalize_zeroT_loops": true,
    "thermal_approx": "spline"
  },
  "key_temperatures": {
    "Tn": 77.7198166787109,
    "Tc": 92.58495744285626,
    "Ts_false": 48.90721093749524,
    "Ts_true": 94.90704296874966,
    "S_at_Tn": 10881.472819611141,
    "S_over_Tn": 140.00898721357646,
    "false_phase_key": 2,
    "true_phase_key": 0,
    "phi_false_Tn": -4.794663478466648e-05,
    "phi_true_Tn": 228.3713024119482,
    "vTn_over_Tn": 2.9383921909649064,
    "Tc_minus_Tn_over_Tc": 0.1605567597017062
  },
  "gw_scales": {
    "gw_T_star_GeV": 77.7198166787109,
    "gw_alpha": 0.027325724518595527,
    "gw_beta_over_H": 1077.1797210340187,
    "gw_v_w": 1.0,
    "gw_g_star": 106.75
  },
  "gw_peaks": {
    "sw": {
      "f_peak_mHz": 15.977282681122281,
      "f_peak_Hz": 0.015977282681122282,
      "omega_peak": 1.7504913436226883e-16
    },
    "turb": {
      "f_peak_mHz": 27.35463089336022,
      "f_peak_Hz": 0.02735463089336022,
      "omega_peak": 1.2719370058106162e-20
    },
    "coll": {
      "f_peak_mHz": NaN,
      "f_peak_Hz": NaN,
      "omega_peak": NaN
    },
    "total": {
      "f_peak_mHz": 15.977282681122281,
      "f_peak_Hz": 0.015977282681122282,
      "omega_peak": 1.750602676163864e-16
    }
  },
  "gw_run_parameters": {
    "g_star": 106.75,
    "v_w": 1.0,
    "epsilon_turb": 1.0,
    "frequency_unit": "mHz"
  },
  "S3": 10881.471266630275,
  "S3_over_T": 140.00896723178892,
  "bounce_diagnostics": {
    "label": "results_eft68_c6f23p26465_c8f40_f1000_mh125_Glauber_off",
    "C": NaN,
    "Lambda_GeV": NaN,
    "finiteT": null,
    "temperature_GeV": NaN,
    "phi_metaMin": -4.794663478466648e-05,
    "phi_absMin": 228.3713024119482,
    "phi_bar": 116.81382660582369,
    "phi_top": 78.3155126688907,
    "V(phi_meta)": -93177276.56226467,
    "V(phi_true)": -108739526.88679895,
    "V(phi_top)": -91825015.40703219,
    "DeltaV_true_minus_meta": -15562250.324534282,
    "r0": 2.749426723611336e-06,
    "phi0": 222.23777012925314,
    "dphi0": -0.04881557112718887,
    "rscale_cubic": 0.027494267236113357,
    "rscale_curv": 0.026144896490880927,
    "wall_r_hi": 0.11405533012936657,
    "wall_thickness": 0.07883188443131743,
    "S_total": 10881.471266630275,
    "S_kin": 16313.897322049499,
    "S_pot": -5432.426055419222,
    "S_interior": 0.0,
    "S3_over_T": NaN,
    "beta_rscale": 36.37121845846152,
    "beta_curvature": 38.24838315525084,
    "beta_wall": 12.68522257477244,
    "Tn_from_transitionFinder_GeV": 77.7198166787109,
    "Tc_from_transitionFinder_GeV": 92.58495744285626,
    "T_spinodal_high_GeV": NaN,
    "T_spinodal_low_GeV": NaN,
    "gw_T_star_GeV": 77.7198166787109,
    "gw_alpha": 0.027325724518595527,
    "gw_beta_over_H": 1077.1797210340187,
    "gw_R_star_times_H": NaN,
    "gw_Gamma_Tstar_GeV4": NaN,
    "gw_dT_for_beta_GeV": NaN,
    "gw_f_sw_peak_Hz": NaN,
    "gw_f_turb_peak_Hz": NaN,
    "gw_f_coll_peak_Hz": NaN,
    "gw_g_star": 106.75,
    "gw_v_w": 1.0,
    "omega_sw_peak": NaN,
    "omega_turb_peak": NaN,
    "omega_coll_peak": NaN,
    "omega_tot_peak": NaN
  }
}