{
  "label": "results_eft68_c6f23p31111_c8f42_f1000_mh125_Glauber_off",
  "model_parameters": {
    "c6_over_f2_TeV2": 3.311111111111111,
    "c8_over_f4_TeV4": 2.0,
    "f_GeV": 1000.0,
    "m_h": 125.0,
    "v": 246.0,
    "m_w": 80.36,
    "m_z": 91.19,
    "m_t": 173.1,
    "use_glauber_measure": false,
    "C_glauber": 0.0,
    "Lambda_glauber": 1000.0
  },
  "derived_tree_coefficients": {
    "glauber_scheme": "counterterm_subtracted",
    "lambda_tree": -0.18245126900661454,
    "mu2_tree_GeV2": -1725.17092933619,
    "a0_mean_field": 0.24405055402534642,
    "glauber_t0": 0.0,
    "glauber_lambda_shift": 0.0,
    "glauber_mu2_shift_after_lambda_GeV2": 0.0,
    "lambda_tree_raw_glauber_equivalent": -0.18245126900661454,
    "mu2_tree_raw_glauber_equivalent_GeV2": -1725.17092933619,
    "combo_TeV2": 6.985318222222221
  },
  "scan_parameters": {
    "T_min": 1.0,
    "T_max": 250.0,
    "phi_scan_range": [
      -10,
      1000.0
    ],
    "n_phi_scan": 1200,
    "n_T_seeds": 3,
    "deltaX_target": 0.1,
    "x_eps": 0.001,
    "T_eps": 0.01,
    "deriv_order": 4,
    "phitol": 0.0001,
    "overlapAngle": 45.0,
    "Tn_Ttol": 0.01,
    "Tn_maxiter": 160,
    "include_zeroT_loops": true,
    "include_scalar_loops": true,
    "include_thermal": true,
    "include_scalar_thermal": true,
    "include_daisy": false,
    "renormalize_zeroT_loops": true,
    "thermal_approx": "spline"
  },
  "key_temperatures": {
    "Tn": 66.08875481079842,
    "Tc": 88.17383894950542,
    "Ts_false": 24.31296542968175,
    "Ts_true": 92.7842207031247,
    "S_at_Tn": 9255.62548573314,
    "S_over_Tn": 140.0484168937745,
    "false_phase_key": 2,
    "true_phase_key": 0,
    "phi_false_Tn": -3.9203235558426704e-05,
    "phi_true_Tn": 236.4093073224681,
    "vTn_over_Tn": 3.577148760016289,
    "Tc_minus_Tn_over_Tc": 0.25047207200941407
  },
  "gw_scales": {
    "gw_T_star_GeV": 66.08875481079842,
    "gw_alpha": 0.05201328258558557,
    "gw_beta_over_H": 661.1262011199249,
    "gw_v_w": 1.0,
    "gw_g_star": 106.75
  },
  "gw_peaks": {
    "sw": {
      "f_peak_mHz": 8.380489594072982,
      "f_peak_Hz": 0.008380489594072981,
      "omega_peak": 2.733456000722178e-15
    },
    "turb": {
      "f_peak_mHz": 14.348197007390617,
      "f_peak_Hz": 0.014348197007390618,
      "omega_peak": 1.986041157940646e-19
    },
    "coll": {
      "f_peak_mHz": NaN,
      "f_peak_Hz": NaN,
      "omega_peak": NaN
    },
    "total": {
      "f_peak_mHz": 8.380489594072982,
      "f_peak_Hz": 0.008380489594072981,
      "omega_peak": 2.7336302649351503e-15
    }
  },
  "gw_run_parameters": {
    "g_star": 106.75,
    "v_w": 1.0,
    "epsilon_turb": 1.0,
    "frequency_unit": "mHz"
  },
  "S3": 9255.6722253914,
  "S3_over_T": 140.0491241193591,
  "bounce_diagnostics": {
    "label": "results_eft68_c6f23p31111_c8f42_f1000_mh125_Glauber_off",
    "C": NaN,
    "Lambda_GeV": NaN,
    "finiteT": null,
    "temperature_GeV": NaN,
    "phi_metaMin": -3.9203235558426704e-05,
    "phi_absMin": 236.4093073224681,
    "phi_bar": 116.30816872805363,
    "phi_top": 79.20902093284025,
    "V(phi_meta)": -48384980.742174774,
    "V(phi_true)": -69650615.2020802,
    "V(phi_top)": -46925091.29194175,
    "DeltaV_true_minus_meta": -21265634.45990543,
    "r0": 2.6763274584542095e-06,
    "phi0": 227.97977134435519,
    "dphi0": -0.07923191028807891,
    "rscale_cubic": 0.026763274584542095,
    "rscale_curv": 0.0261038574724975,
    "wall_r_hi": 0.10155259996074419,
    "wall_thickness": 0.07396202427490975,
    "S_total": 9255.6722253914,
    "S_kin": 13852.263849672998,
    "S_pot": -4596.591624281597,
    "S_interior": 0.0,
    "S3_over_T": NaN,
    "beta_rscale": 37.36463551353238,
    "beta_curvature": 38.30851504037442,
    "beta_wall": 13.52045201309115,
    "Tn_from_transitionFinder_GeV": 66.08875481079842,
    "Tc_from_transitionFinder_GeV": 88.17383894950542,
    "T_spinodal_high_GeV": NaN,
    "T_spinodal_low_GeV": NaN,
    "gw_T_star_GeV": 66.08875481079842,
    "gw_alpha": 0.05201328258558557,
    "gw_beta_over_H": 661.1262011199249,
    "gw_R_star_times_H": NaN,
    "gw_Gamma_Tstar_GeV4": NaN,
    "gw_dT_for_beta_GeV": NaN,
    "gw_f_sw_peak_Hz": NaN,
    "gw_f_turb_peak_Hz": NaN,
    "gw_f_coll_peak_Hz": NaN,
    "gw_g_star": 106.75,
    "gw_v_w": 1.0,
    "omega_sw_peak": NaN,
    "omega_turb_peak": NaN,
    "omega_coll_peak": NaN,
    "omega_tot_peak": NaN
  }
}