{
  "label": "results_eft68_c6f23p36768_c8f42_f1000_mh125_Glauber_off",
  "model_parameters": {
    "c6_over_f2_TeV2": 3.367676767676768,
    "c8_over_f4_TeV4": 2.0,
    "f_GeV": 1000.0,
    "m_h": 125.0,
    "v": 246.0,
    "m_w": 80.36,
    "m_z": 91.19,
    "m_t": 173.1,
    "use_glauber_measure": false,
    "C_glauber": 0.0,
    "Lambda_glauber": 1000.0
  },
  "derived_tree_coefficients": {
    "glauber_scheme": "counterterm_subtracted",
    "lambda_tree": -0.18758595991570545,
    "mu2_tree_GeV2": -1880.5364068634635,
    "a0_mean_field": 0.24148320857080097,
    "glauber_t0": 0.0,
    "glauber_lambda_shift": 0.0,
    "glauber_mu2_shift_after_lambda_GeV2": 0.0,
    "lambda_tree_raw_glauber_equivalent": -0.18758595991570545,
    "mu2_tree_raw_glauber_equivalent_GeV2": -1880.5364068634635,
    "combo_TeV2": 7.098449535353535
  },
  "scan_parameters": {
    "T_min": 1.0,
    "T_max": 250.0,
    "phi_scan_range": [
      -10,
      1000.0
    ],
    "n_phi_scan": 1200,
    "n_T_seeds": 3,
    "deltaX_target": 0.1,
    "x_eps": 0.001,
    "T_eps": 0.01,
    "deriv_order": 4,
    "phitol": 0.0001,
    "overlapAngle": 45.0,
    "Tn_Ttol": 0.01,
    "Tn_maxiter": 160,
    "include_zeroT_loops": true,
    "include_scalar_loops": true,
    "include_thermal": true,
    "include_scalar_thermal": true,
    "include_daisy": true,
    "renormalize_zeroT_loops": true,
    "thermal_approx": "spline"
  },
  "key_temperatures": {
    "Tn": 63.63019444373639,
    "Tc": 88.50402148568686,
    "Ts_false": 11.128804492181942,
    "Ts_true": 93.49766406249968,
    "S_at_Tn": 8915.656559297378,
    "S_over_Tn": 140.11675804606966,
    "false_phase_key": 2,
    "true_phase_key": 0,
    "phi_false_Tn": -4.7481237117813484e-05,
    "phi_true_Tn": 238.02483088489794,
    "vTn_over_Tn": 3.740752844867796,
    "Tc_minus_Tn_over_Tc": 0.28104742162448676
  },
  "gw_scales": {
    "gw_T_star_GeV": 63.63019444373639,
    "gw_alpha": 0.06006255224133214,
    "gw_beta_over_H": 208.59556025858458,
    "gw_v_w": 1.0,
    "gw_g_star": 106.75
  },
  "gw_peaks": {
    "sw": {
      "f_peak_mHz": 2.5674850488811827,
      "f_peak_Hz": 0.0025674850488811825,
      "omega_peak": 4.0405155406652776e-14
    },
    "turb": {
      "f_peak_mHz": 4.328761281083057,
      "f_peak_Hz": 0.004328761281083057,
      "omega_peak": 2.935931469347422e-18
    },
    "coll": {
      "f_peak_mHz": NaN,
      "f_peak_Hz": NaN,
      "omega_peak": NaN
    },
    "total": {
      "f_peak_mHz": 2.5674850488811827,
      "f_peak_Hz": 0.0025674850488811825,
      "omega_peak": 4.040774211100551e-14
    }
  },
  "gw_run_parameters": {
    "g_star": 106.75,
    "v_w": 1.0,
    "epsilon_turb": 1.0,
    "frequency_unit": "mHz"
  },
  "S3": 8932.032168577403,
  "S3_over_T": 140.37411399827417,
  "bounce_diagnostics": {
    "label": "results_eft68_c6f23p36768_c8f42_f1000_mh125_Glauber_off",
    "C": NaN,
    "Lambda_GeV": NaN,
    "finiteT": null,
    "temperature_GeV": NaN,
    "phi_metaMin": -4.7481237117813484e-05,
    "phi_absMin": 238.02483088489794,
    "phi_bar": 116.07348041784573,
    "phi_top": 79.03575769335296,
    "V(phi_meta)": -42101237.33738705,
    "V(phi_true)": -64793752.60491588,
    "V(phi_top)": -40625307.362864,
    "DeltaV_true_minus_meta": -22692515.267528832,
    "r0": 2.655922391396265e-06,
    "phi0": 228.97436421676449,
    "dphi0": -0.08769325044231784,
    "rscale_cubic": 0.026559223913962652,
    "rscale_curv": 0.025745181173620145,
    "wall_r_hi": 0.09910505982002313,
    "wall_thickness": 0.07305767271968122,
    "S_total": 8932.032168577403,
    "S_kin": 13359.30761042642,
    "S_pot": -4427.2754418490185,
    "S_interior": 0.0,
    "S3_over_T": NaN,
    "beta_rscale": 37.65170259641067,
    "beta_curvature": 38.84222098543611,
    "beta_wall": 13.687816252195056,
    "Tn_from_transitionFinder_GeV": 63.63019444373639,
    "Tc_from_transitionFinder_GeV": 88.50402148568686,
    "T_spinodal_high_GeV": NaN,
    "T_spinodal_low_GeV": NaN,
    "gw_T_star_GeV": 63.63019444373639,
    "gw_alpha": 0.06006255224133214,
    "gw_beta_over_H": 208.59556025858458,
    "gw_R_star_times_H": NaN,
    "gw_Gamma_Tstar_GeV4": NaN,
    "gw_dT_for_beta_GeV": NaN,
    "gw_f_sw_peak_Hz": NaN,
    "gw_f_turb_peak_Hz": NaN,
    "gw_f_coll_peak_Hz": NaN,
    "gw_g_star": 106.75,
    "gw_v_w": 1.0,
    "omega_sw_peak": NaN,
    "omega_turb_peak": NaN,
    "omega_coll_peak": NaN,
    "omega_tot_peak": NaN
  }
}