{
  "label": "results_eft68_c6f23p34545_c8f40_f1000_mh125_Glauber_off",
  "model_parameters": {
    "c6_over_f2_TeV2": 3.3454545454545457,
    "c8_over_f4_TeV4": 0.0,
    "f_GeV": 1000.0,
    "m_h": 125.0,
    "v": 246.0,
    "m_w": 80.36,
    "m_z": 91.19,
    "m_t": 173.1,
    "use_glauber_measure": false,
    "C_glauber": 0.0,
    "Lambda_glauber": 1000.0
  },
  "derived_tree_coefficients": {
    "glauber_scheme": "counterterm_subtracted",
    "lambda_tree": -0.1745822011477055,
    "mu2_tree_GeV2": -1376.2582423272725,
    "a0_mean_field": 0.24798508795480093,
    "glauber_t0": 0.0,
    "glauber_lambda_shift": 0.0,
    "glauber_mu2_shift_after_lambda_GeV2": 0.0,
    "lambda_tree_raw_glauber_equivalent": -0.1745822011477055,
    "mu2_tree_raw_glauber_equivalent_GeV2": -1376.2582423272725,
    "combo_TeV2": 6.690909090909091
  },
  "scan_parameters": {
    "T_min": 1.0,
    "T_max": 250.0,
    "phi_scan_range": [
      -10,
      1000.0
    ],
    "n_phi_scan": 1200,
    "n_T_seeds": 3,
    "deltaX_target": 0.1,
    "x_eps": 0.001,
    "T_eps": 0.01,
    "deriv_order": 4,
    "phitol": 0.0001,
    "overlapAngle": 45.0,
    "Tn_Ttol": 0.01,
    "Tn_maxiter": 160,
    "include_zeroT_loops": true,
    "include_scalar_loops": true,
    "include_thermal": true,
    "include_scalar_thermal": true,
    "include_daisy": true,
    "renormalize_zeroT_loops": true,
    "thermal_approx": "spline"
  },
  "key_temperatures": {
    "Tn": 75.49901919182867,
    "Tc": 92.54421200862235,
    "Ts_false": 41.540652929681976,
    "Ts_true": 95.40844726562466,
    "S_at_Tn": 10577.29384023277,
    "S_over_Tn": 140.0984271511909,
    "false_phase_key": 2,
    "true_phase_key": 0,
    "phi_false_Tn": -5.473340366483285e-05,
    "phi_true_Tn": 230.91495344153822,
    "vTn_over_Tn": 3.058515937204789,
    "Tc_minus_Tn_over_Tc": 0.184184320627265
  },
  "gw_scales": {
    "gw_T_star_GeV": 75.49901919182867,
    "gw_alpha": 0.030450158331893674,
    "gw_beta_over_H": 853.2422068710849,
    "gw_v_w": 1.0,
    "gw_g_star": 106.75
  },
  "gw_peaks": {
    "sw": {
      "f_peak_mHz": 12.30481426276792,
      "f_peak_Hz": 0.01230481426276792,
      "omega_peak": 3.774751523373607e-16
    },
    "turb": {
      "f_peak_mHz": 21.06701490404673,
      "f_peak_Hz": 0.02106701490404673,
      "omega_peak": 2.74275430127835e-20
    },
    "coll": {
      "f_peak_mHz": NaN,
      "f_peak_Hz": NaN,
      "omega_peak": NaN
    },
    "total": {
      "f_peak_mHz": 12.30481426276792,
      "f_peak_Hz": 0.01230481426276792,
      "omega_peak": 3.774991698753492e-16
    }
  },
  "gw_run_parameters": {
    "g_star": 106.75,
    "v_w": 1.0,
    "epsilon_turb": 1.0,
    "frequency_unit": "mHz"
  },
  "S3": 10559.786144172629,
  "S3_over_T": 139.86653412466484,
  "bounce_diagnostics": {
    "label": "results_eft68_c6f23p34545_c8f40_f1000_mh125_Glauber_off",
    "C": NaN,
    "Lambda_GeV": NaN,
    "finiteT": null,
    "temperature_GeV": NaN,
    "phi_metaMin": -5.473340366483285e-05,
    "phi_absMin": 230.91495344153822,
    "phi_bar": 117.70460760043379,
    "phi_top": 79.57041278032456,
    "V(phi_meta)": -84007839.92409681,
    "V(phi_true)": -101090796.44445682,
    "V(phi_top)": -82567307.11393082,
    "DeltaV_true_minus_meta": -17082956.520360008,
    "r0": 2.706541604382538e-06,
    "phi0": 224.54038736334687,
    "dphi0": -0.05355775939378372,
    "rscale_cubic": 0.027065416043825376,
    "rscale_curv": 0.025740721914951387,
    "wall_r_hi": 0.11024299038311045,
    "wall_thickness": 0.07666784562221049,
    "S_total": 10559.786144172629,
    "S_kin": 15857.941689109106,
    "S_pot": -5298.155544936472,
    "S_interior": 0.0,
    "S3_over_T": NaN,
    "beta_rscale": 36.947519978291155,
    "beta_curvature": 38.8489524902069,
    "beta_wall": 13.04327768550604,
    "Tn_from_transitionFinder_GeV": 75.49901919182867,
    "Tc_from_transitionFinder_GeV": 92.54421200862235,
    "T_spinodal_high_GeV": NaN,
    "T_spinodal_low_GeV": NaN,
    "gw_T_star_GeV": 75.49901919182867,
    "gw_alpha": 0.030450158331893674,
    "gw_beta_over_H": 853.2422068710849,
    "gw_R_star_times_H": NaN,
    "gw_Gamma_Tstar_GeV4": NaN,
    "gw_dT_for_beta_GeV": NaN,
    "gw_f_sw_peak_Hz": NaN,
    "gw_f_turb_peak_Hz": NaN,
    "gw_f_coll_peak_Hz": NaN,
    "gw_g_star": 106.75,
    "gw_v_w": 1.0,
    "omega_sw_peak": NaN,
    "omega_turb_peak": NaN,
    "omega_coll_peak": NaN,
    "omega_tot_peak": NaN
  }
}