{
  "label": "results_eft68_c6f22p90101_c8f45_f1000_mh125_Glauber_off",
  "model_parameters": {
    "c6_over_f2_TeV2": 2.901010101010101,
    "c8_over_f4_TeV4": 5.0,
    "f_GeV": 1000.0,
    "m_h": 125.0,
    "v": 246.0,
    "m_w": 80.36,
    "m_z": 91.19,
    "m_t": 173.1,
    "use_glauber_measure": false,
    "C_glauber": 0.0,
    "Lambda_glauber": 1000.0
  },
  "derived_tree_coefficients": {
    "glauber_scheme": "counterterm_subtracted",
    "lambda_tree": -0.16170459806770546,
    "mu2_tree_GeV2": -1263.633807667752,
    "a0_mean_field": 0.254423889494801,
    "glauber_t0": 0.0,
    "glauber_lambda_shift": 0.0,
    "glauber_mu2_shift_after_lambda_GeV2": 0.0,
    "lambda_tree_raw_glauber_equivalent": -0.16170459806770546,
    "mu2_tree_raw_glauber_equivalent_GeV2": -1263.633807667752,
    "combo_TeV2": 6.7097602020202025
  },
  "scan_parameters": {
    "T_min": 1.0,
    "T_max": 250.0,
    "phi_scan_range": [
      -10,
      1000.0
    ],
    "n_phi_scan": 1200,
    "n_T_seeds": 3,
    "deltaX_target": 0.1,
    "x_eps": 0.001,
    "T_eps": 0.01,
    "deriv_order": 4,
    "phitol": 0.0001,
    "overlapAngle": 45.0,
    "Tn_Ttol": 0.01,
    "Tn_maxiter": 160,
    "include_zeroT_loops": true,
    "include_scalar_loops": true,
    "include_thermal": true,
    "include_scalar_thermal": true,
    "include_daisy": true,
    "renormalize_zeroT_loops": true,
    "thermal_approx": "spline"
  },
  "key_temperatures": {
    "Tn": 77.74506828626234,
    "Tc": 93.12654664257069,
    "Ts_false": 49.110641992182735,
    "Ts_true": 95.12978124999967,
    "S_at_Tn": 10889.358215702721,
    "S_over_Tn": 140.06493859658602,
    "false_phase_key": 2,
    "true_phase_key": 0,
    "phi_false_Tn": 4.981662496270203e-05,
    "phi_true_Tn": 228.96150569463293,
    "vTn_over_Tn": 2.945029321365851,
    "Tc_minus_Tn_over_Tc": 0.16516749424140093
  },
  "gw_scales": {
    "gw_T_star_GeV": 77.74506828626234,
    "gw_alpha": 0.026700554845850016,
    "gw_beta_over_H": 902.3485205536588,
    "gw_v_w": 1.0,
    "gw_g_star": 106.75
  },
  "gw_peaks": {
    "sw": {
      "f_peak_mHz": 13.49299699644052,
      "f_peak_Hz": 0.013492996996440519,
      "omega_peak": 2.3381182200754403e-16
    },
    "turb": {
      "f_peak_mHz": 23.10129700083158,
      "f_peak_Hz": 0.02310129700083158,
      "omega_peak": 1.698783744752468e-20
    },
    "coll": {
      "f_peak_mHz": NaN,
      "f_peak_Hz": NaN,
      "omega_peak": NaN
    },
    "total": {
      "f_peak_mHz": 13.49299699644052,
      "f_peak_Hz": 0.013492996996440519,
      "omega_peak": 2.338267481264402e-16
    }
  },
  "gw_run_parameters": {
    "g_star": 106.75,
    "v_w": 1.0,
    "epsilon_turb": 1.0,
    "frequency_unit": "mHz"
  },
  "S3": 10893.700016873927,
  "S3_over_T": 140.12078524084157,
  "bounce_diagnostics": {
    "label": "results_eft68_c6f22p90101_c8f45_f1000_mh125_Glauber_off",
    "C": NaN,
    "Lambda_GeV": NaN,
    "finiteT": null,
    "temperature_GeV": NaN,
    "phi_metaMin": 4.981662496270203e-05,
    "phi_absMin": 228.96150569463293,
    "phi_bar": 117.12561364688685,
    "phi_top": 78.9956450574413,
    "V(phi_meta)": -94573072.73522264,
    "V(phi_true)": -110111351.09380502,
    "V(phi_top)": -93252901.29893763,
    "DeltaV_true_minus_meta": -15538278.358582377,
    "r0": 2.8068039867642438e-06,
    "phi0": 222.82761231450553,
    "dphi0": -0.05007450102166787,
    "rscale_cubic": 0.028068039867642437,
    "rscale_curv": 0.026785216769317197,
    "wall_r_hi": 0.11472173406792067,
    "wall_thickness": 0.0795065785795653,
    "S_total": 10893.700016873927,
    "S_kin": 16346.233758580962,
    "S_pot": -5452.533741707033,
    "S_interior": 0.0,
    "S3_over_T": NaN,
    "beta_rscale": 35.62771054607293,
    "beta_curvature": 37.33402462679126,
    "beta_wall": 12.577575565011408,
    "Tn_from_transitionFinder_GeV": 77.74506828626234,
    "Tc_from_transitionFinder_GeV": 93.12654664257069,
    "T_spinodal_high_GeV": NaN,
    "T_spinodal_low_GeV": NaN,
    "gw_T_star_GeV": 77.74506828626234,
    "gw_alpha": 0.026700554845850016,
    "gw_beta_over_H": 902.3485205536588,
    "gw_R_star_times_H": NaN,
    "gw_Gamma_Tstar_GeV4": NaN,
    "gw_dT_for_beta_GeV": NaN,
    "gw_f_sw_peak_Hz": NaN,
    "gw_f_turb_peak_Hz": NaN,
    "gw_f_coll_peak_Hz": NaN,
    "gw_g_star": 106.75,
    "gw_v_w": 1.0,
    "omega_sw_peak": NaN,
    "omega_turb_peak": NaN,
    "omega_coll_peak": NaN,
    "omega_tot_peak": NaN
  }
}