{
  "label": "results_eft68_c6f20_c8f40_f795p615_mh125_Glauber_C6p31909_Lambda2000",
  "model_parameters": {
    "c6_over_f2_TeV2": 0.0,
    "c8_over_f4_TeV4": 0.0,
    "f_GeV": 795.6145082207007,
    "m_h": 125.0,
    "v": 246.0,
    "m_w": 80.36,
    "m_z": 91.19,
    "m_t": 173.1,
    "use_glauber_measure": true,
    "C_glauber": 6.319090909090909,
    "Lambda_glauber": 2000.0
  },
  "derived_tree_coefficients": {
    "glauber_scheme": "counterterm_subtracted",
    "lambda_tree": 0.12909808976138543,
    "mu2_tree_GeV2": 7812.5,
    "a0_mean_field": 0.3998252334093464,
    "glauber_t0": 0.09560152636363636,
    "glauber_lambda_shift": 0.0,
    "glauber_mu2_shift_after_lambda_GeV2": 0.0,
    "lambda_tree_raw_glauber_equivalent": -1.1075035799510657,
    "mu2_tree_raw_glauber_equivalent_GeV2": 640916.0079852492,
    "combo_TeV2": 0.0
  },
  "scan_parameters": {
    "T_min": 1.0,
    "T_max": 250.0,
    "phi_scan_range": [
      -10.0,
      795.6145082207007
    ],
    "n_phi_scan": 1200,
    "n_T_seeds": 3,
    "deltaX_target": 0.1,
    "x_eps": 0.001,
    "T_eps": 0.01,
    "deriv_order": 4,
    "phitol": 0.0001,
    "overlapAngle": 45.0,
    "Tn_Ttol": 0.01,
    "Tn_maxiter": 160,
    "include_zeroT_loops": true,
    "include_scalar_loops": true,
    "include_thermal": true,
    "include_scalar_thermal": true,
    "include_daisy": false,
    "renormalize_zeroT_loops": true,
    "thermal_approx": "spline"
  },
  "key_temperatures": {
    "Tn": 80.64615442709729,
    "Tc": 90.20830072194771,
    "Ts_false": 70.35734511718456,
    "Ts_true": 97.60373242187465,
    "S_at_Tn": 11289.412040109248,
    "S_over_Tn": 139.98698537218758,
    "false_phase_key": 1,
    "true_phase_key": 0,
    "phi_false_Tn": -0.00124133471667428,
    "phi_true_Tn": 226.47213103704544,
    "vTn_over_Tn": 2.808219841924047,
    "Tc_minus_Tn_over_Tc": 0.10600073627729857
  },
  "gw_scales": {
    "gw_T_star_GeV": 80.64615442709729,
    "gw_alpha": 0.025855359565317555,
    "gw_beta_over_H": 2075.6895608401014,
    "gw_v_w": 1.0,
    "gw_g_star": 106.75
  },
  "gw_peaks": {
    "sw": {
      "f_peak_mHz": 32.39107446153521,
      "f_peak_Hz": 0.03239107446153521,
      "omega_peak": 4.0371887732967335e-17
    },
    "turb": {
      "f_peak_mHz": 54.61111800548629,
      "f_peak_Hz": 0.05461111800548629,
      "omega_peak": 2.933541313401577e-21
    },
    "coll": {
      "f_peak_mHz": NaN,
      "f_peak_Hz": NaN,
      "omega_peak": NaN
    },
    "total": {
      "f_peak_mHz": 32.39107446153521,
      "f_peak_Hz": 0.03239107446153521,
      "omega_peak": 4.037447272676848e-17
    }
  },
  "gw_run_parameters": {
    "g_star": 106.75,
    "v_w": 1.0,
    "epsilon_turb": 1.0,
    "frequency_unit": "mHz"
  },
  "S3": 11293.268479868088,
  "S3_over_T": 140.0348046363079,
  "bounce_diagnostics": {
    "label": "results_eft68_c6f20_c8f40_f795p615_mh125_Glauber_C6p31909_Lambda2000",
    "C": NaN,
    "Lambda_GeV": NaN,
    "finiteT": null,
    "temperature_GeV": NaN,
    "phi_metaMin": -0.00124133471667428,
    "phi_absMin": 226.47213103704544,
    "phi_bar": 116.02884876905557,
    "phi_top": 78.18664340713963,
    "V(phi_meta)": -116833384.02312131,
    "V(phi_true)": -129476063.66698144,
    "V(phi_top)": -115969089.14853086,
    "DeltaV_true_minus_meta": -12642679.643860132,
    "r0": 3.433466940608348e-06,
    "phi0": 221.4211342864719,
    "dphi0": -0.046325721825169135,
    "rscale_cubic": 0.03433466940608348,
    "rscale_curv": 0.03277185142719486,
    "wall_r_hi": 0.12934655014496665,
    "wall_thickness": 0.08959666275532682,
    "S_total": 11293.268479868088,
    "S_kin": 16925.105858220388,
    "S_pot": -5631.837378352302,
    "S_interior": 0.0,
    "S3_over_T": NaN,
    "beta_rscale": 29.12508019730105,
    "beta_curvature": 30.513975309072222,
    "beta_wall": 11.16112999354484,
    "Tn_from_transitionFinder_GeV": 80.64615442709729,
    "Tc_from_transitionFinder_GeV": 90.20830072194771,
    "T_spinodal_high_GeV": NaN,
    "T_spinodal_low_GeV": NaN,
    "gw_T_star_GeV": 80.64615442709729,
    "gw_alpha": 0.025855359565317555,
    "gw_beta_over_H": 2075.6895608401014,
    "gw_R_star_times_H": NaN,
    "gw_Gamma_Tstar_GeV4": NaN,
    "gw_dT_for_beta_GeV": NaN,
    "gw_f_sw_peak_Hz": NaN,
    "gw_f_turb_peak_Hz": NaN,
    "gw_f_coll_peak_Hz": NaN,
    "gw_g_star": 106.75,
    "gw_v_w": 1.0,
    "omega_sw_peak": NaN,
    "omega_turb_peak": NaN,
    "omega_coll_peak": NaN,
    "omega_tot_peak": NaN
  }
}