{
  "label": "results_eft68_c6f21_c8f45_f1000_mh125_Glauber_C3p35_Lambda1000",
  "model_parameters": {
    "c6_over_f2_TeV2": 1.0,
    "c8_over_f4_TeV4": 5.0,
    "f_GeV": 1000.0,
    "m_h": 125.0,
    "v": 246.0,
    "m_w": 80.36,
    "m_z": 91.19,
    "m_t": 173.1,
    "use_glauber_measure": true,
    "C_glauber": 3.35,
    "Lambda_glauber": 1000.0
  },
  "derived_tree_coefficients": {
    "glauber_scheme": "counterterm_subtracted",
    "lambda_tree": 0.010857692841385418,
    "mu2_tree_GeV2": 3957.7559906595197,
    "a0_mean_field": 0.3407050349493464,
    "glauber_t0": 0.2027286,
    "glauber_lambda_shift": 0.0,
    "glauber_mu2_shift_after_lambda_GeV2": 0.0,
    "lambda_tree_raw_glauber_equivalent": -0.43635848641402336,
    "mu2_tree_raw_glauber_equivalent_GeV2": 83327.65432493194,
    "combo_TeV2": 2.90774
  },
  "scan_parameters": {
    "T_min": 1.0,
    "T_max": 250.0,
    "phi_scan_range": [
      -10.0,
      546.358364708153
    ],
    "n_phi_scan": 1200,
    "n_T_seeds": 3,
    "deltaX_target": 0.1,
    "x_eps": 0.001,
    "T_eps": 0.01,
    "deriv_order": 4,
    "phitol": 0.0001,
    "overlapAngle": 45.0,
    "Tn_Ttol": 0.01,
    "Tn_maxiter": 160,
    "include_zeroT_loops": true,
    "include_scalar_loops": true,
    "include_thermal": true,
    "include_scalar_thermal": true,
    "include_daisy": false,
    "renormalize_zeroT_loops": true,
    "thermal_approx": "spline"
  },
  "key_temperatures": {
    "Tn": 39.123014991921764,
    "Tc": 76.40836114992003,
    "Ts_false": 4.905166210932248,
    "Ts_true": 90.93033789062476,
    "S_at_Tn": 5477.7573644210215,
    "S_over_Tn": 140.0136816028132,
    "false_phase_key": 1,
    "true_phase_key": 0,
    "phi_false_Tn": -0.00040768252576349885,
    "phi_true_Tn": 244.56797046113448,
    "vTn_over_Tn": 6.2512556997878,
    "Tc_minus_Tn_over_Tc": 0.4879746875455303
  },
  "gw_scales": {
    "gw_T_star_GeV": 39.123014991921764,
    "gw_alpha": 0.39232244334473376,
    "gw_beta_over_H": 139.30178608237514,
    "gw_v_w": 1.0,
    "gw_g_star": 106.75
  },
  "gw_peaks": {
    "sw": {
      "f_peak_mHz": 1.0532191951985757,
      "f_peak_Hz": 0.0010532191951985756,
      "omega_peak": 7.893073569715604e-12
    },
    "turb": {
      "f_peak_mHz": 1.775719969491454,
      "f_peak_Hz": 0.0017757199694914542,
      "omega_peak": 5.735142789697181e-16
    },
    "coll": {
      "f_peak_mHz": NaN,
      "f_peak_Hz": NaN,
      "omega_peak": NaN
    },
    "total": {
      "f_peak_mHz": 1.0532191951985757,
      "f_peak_Hz": 0.0010532191951985756,
      "omega_peak": 7.893578638233172e-12
    }
  },
  "gw_run_parameters": {
    "g_star": 106.75,
    "v_w": 1.0,
    "epsilon_turb": 1.0,
    "frequency_unit": "mHz"
  },
  "S3": 5477.786317595709,
  "S3_over_T": 140.01442165760432,
  "bounce_diagnostics": {
    "label": "results_eft68_c6f21_c8f45_f1000_mh125_Glauber_C3p35_Lambda1000",
    "C": NaN,
    "Lambda_GeV": NaN,
    "finiteT": null,
    "temperature_GeV": NaN,
    "phi_metaMin": -0.00040768252576349885,
    "phi_absMin": 244.56797046113448,
    "phi_bar": 94.71127722512308,
    "phi_top": 66.0384229225695,
    "V(phi_meta)": -7026900.32441972,
    "V(phi_true)": -35561416.816263005,
    "V(phi_top)": -6509021.184246186,
    "DeltaV_true_minus_meta": -28534516.491843283,
    "r0": 3.746360277371821e-06,
    "phi0": 219.22847116363457,
    "dphi0": -0.3085988637722317,
    "rscale_cubic": 0.037463602773718206,
    "rscale_curv": 0.033352091592981525,
    "wall_r_hi": 0.09764812167379157,
    "wall_thickness": 0.09764812167379157,
    "S_total": 5477.786317595709,
    "S_kin": 8210.657315579787,
    "S_pot": -2732.8709979840787,
    "S_interior": 0.0,
    "S3_over_T": NaN,
    "beta_rscale": 26.692574284433977,
    "beta_curvature": 29.983114861098496,
    "beta_wall": 10.240852387725925,
    "Tn_from_transitionFinder_GeV": 39.123014991921764,
    "Tc_from_transitionFinder_GeV": 76.40836114992003,
    "T_spinodal_high_GeV": NaN,
    "T_spinodal_low_GeV": NaN,
    "gw_T_star_GeV": 39.123014991921764,
    "gw_alpha": 0.39232244334473376,
    "gw_beta_over_H": 139.30178608237514,
    "gw_R_star_times_H": NaN,
    "gw_Gamma_Tstar_GeV4": NaN,
    "gw_dT_for_beta_GeV": NaN,
    "gw_f_sw_peak_Hz": NaN,
    "gw_f_turb_peak_Hz": NaN,
    "gw_f_coll_peak_Hz": NaN,
    "gw_g_star": 106.75,
    "gw_v_w": 1.0,
    "omega_sw_peak": NaN,
    "omega_turb_peak": NaN,
    "omega_coll_peak": NaN,
    "omega_tot_peak": NaN
  }
}