{
  "label": "results_eft68_c6f22p82424_c8f45_f1000_mh125_Glauber_off",
  "model_parameters": {
    "c6_over_f2_TeV2": 2.824242424242424,
    "c8_over_f4_TeV4": 5.0,
    "f_GeV": 1000.0,
    "m_h": 125.0,
    "v": 246.0,
    "m_w": 80.36,
    "m_z": 91.19,
    "m_t": 173.1,
    "use_glauber_measure": false,
    "C_glauber": 0.0,
    "Lambda_glauber": 1000.0
  },
  "derived_tree_coefficients": {
    "glauber_scheme": "counterterm_subtracted",
    "lambda_tree": -0.1547360889767964,
    "mu2_tree_GeV2": -1052.780659595026,
    "a0_mean_field": 0.2579081440402555,
    "glauber_t0": 0.0,
    "glauber_lambda_shift": 0.0,
    "glauber_mu2_shift_after_lambda_GeV2": 0.0,
    "lambda_tree_raw_glauber_equivalent": -0.1547360889767964,
    "mu2_tree_raw_glauber_equivalent_GeV2": -1052.780659595026,
    "combo_TeV2": 6.556224848484849
  },
  "scan_parameters": {
    "T_min": 1.0,
    "T_max": 250.0,
    "phi_scan_range": [
      -10,
      1000.0
    ],
    "n_phi_scan": 1200,
    "n_T_seeds": 3,
    "deltaX_target": 0.1,
    "x_eps": 0.001,
    "T_eps": 0.01,
    "deriv_order": 4,
    "phitol": 0.0001,
    "overlapAngle": 45.0,
    "Tn_Ttol": 0.01,
    "Tn_maxiter": 160,
    "include_zeroT_loops": true,
    "include_scalar_loops": true,
    "include_thermal": true,
    "include_scalar_thermal": true,
    "include_daisy": true,
    "renormalize_zeroT_loops": true,
    "thermal_approx": "spline"
  },
  "key_temperatures": {
    "Tn": 81.37081808669828,
    "Tc": 94.729330645465,
    "Ts_false": 56.29273574218335,
    "Ts_true": 95.85975976562466,
    "S_at_Tn": 11394.100486333398,
    "S_over_Tn": 140.0268641049339,
    "false_phase_key": 2,
    "true_phase_key": 0,
    "phi_false_Tn": -5.62892826891479e-05,
    "phi_true_Tn": 225.64294883277256,
    "vTn_over_Tn": 2.773020526748993,
    "Tc_minus_Tn_over_Tc": 0.14101770241323072
  },
  "gw_scales": {
    "gw_T_star_GeV": 81.37081808669828,
    "gw_alpha": 0.022162222920230346,
    "gw_beta_over_H": 1133.3611320207096,
    "gw_v_w": 1.0,
    "gw_g_star": 106.75
  },
  "gw_peaks": {
    "sw": {
      "f_peak_mHz": 17.791333764165667,
      "f_peak_Hz": 0.017791333764165668,
      "omega_peak": 8.77534859855333e-17
    },
    "turb": {
      "f_peak_mHz": 29.99606045250632,
      "f_peak_Hz": 0.029996060452506322,
      "omega_peak": 6.3759468940449965e-21
    },
    "coll": {
      "f_peak_mHz": NaN,
      "f_peak_Hz": NaN,
      "omega_peak": NaN
    },
    "total": {
      "f_peak_mHz": 17.791333764165667,
      "f_peak_Hz": 0.017791333764165668,
      "omega_peak": 8.775909634142538e-17
    }
  },
  "gw_run_parameters": {
    "g_star": 106.75,
    "v_w": 1.0,
    "epsilon_turb": 1.0,
    "frequency_unit": "mHz"
  },
  "S3": 11393.393207601008,
  "S3_over_T": 140.01817206091837,
  "bounce_diagnostics": {
    "label": "results_eft68_c6f22p82424_c8f45_f1000_mh125_Glauber_off",
    "C": NaN,
    "Lambda_GeV": NaN,
    "finiteT": null,
    "temperature_GeV": NaN,
    "phi_metaMin": -5.62892826891479e-05,
    "phi_absMin": 225.64294883277256,
    "phi_bar": 116.38239070407549,
    "phi_top": 77.8286123437969,
    "V(phi_meta)": -113711046.35901934,
    "V(phi_true)": -127411367.86260249,
    "V(phi_top)": -112483369.71677329,
    "DeltaV_true_minus_meta": -13700321.503583148,
    "r0": 2.8676225019431365e-06,
    "phi0": 219.95808192667022,
    "dphi0": -0.04331575538802988,
    "rscale_cubic": 0.028676225019431366,
    "rscale_curv": 0.027208729786196432,
    "wall_r_hi": 0.12028283067521026,
    "wall_thickness": 0.08237507734132804,
    "S_total": 11393.393207601008,
    "S_kin": 17094.470916621238,
    "S_pot": -5701.07770902023,
    "S_interior": 0.0,
    "S3_over_T": NaN,
    "beta_rscale": 34.87209349635064,
    "beta_curvature": 36.75291070977096,
    "beta_wall": 12.139594065040038,
    "Tn_from_transitionFinder_GeV": 81.37081808669828,
    "Tc_from_transitionFinder_GeV": 94.729330645465,
    "T_spinodal_high_GeV": NaN,
    "T_spinodal_low_GeV": NaN,
    "gw_T_star_GeV": 81.37081808669828,
    "gw_alpha": 0.022162222920230346,
    "gw_beta_over_H": 1133.3611320207096,
    "gw_R_star_times_H": NaN,
    "gw_Gamma_Tstar_GeV4": NaN,
    "gw_dT_for_beta_GeV": NaN,
    "gw_f_sw_peak_Hz": NaN,
    "gw_f_turb_peak_Hz": NaN,
    "gw_f_coll_peak_Hz": NaN,
    "gw_g_star": 106.75,
    "gw_v_w": 1.0,
    "omega_sw_peak": NaN,
    "omega_turb_peak": NaN,
    "omega_coll_peak": NaN,
    "omega_tot_peak": NaN
  }
}