{
  "label": "results_eft68_c6f23p27475_c8f42_f1000_mh125_Glauber_off",
  "model_parameters": {
    "c6_over_f2_TeV2": 3.2747474747474747,
    "c8_over_f4_TeV4": 2.0,
    "f_GeV": 1000.0,
    "m_h": 125.0,
    "v": 246.0,
    "m_w": 80.36,
    "m_z": 91.19,
    "m_t": 173.1,
    "use_glauber_measure": false,
    "C_glauber": 0.0,
    "Lambda_glauber": 1000.0
  },
  "derived_tree_coefficients": {
    "glauber_scheme": "counterterm_subtracted",
    "lambda_tree": -0.1791503962793418,
    "mu2_tree_GeV2": -1625.29312235437,
    "a0_mean_field": 0.24570099038898277,
    "glauber_t0": 0.0,
    "glauber_lambda_shift": 0.0,
    "glauber_mu2_shift_after_lambda_GeV2": 0.0,
    "lambda_tree_raw_glauber_equivalent": -0.1791503962793418,
    "mu2_tree_raw_glauber_equivalent_GeV2": -1625.29312235437,
    "combo_TeV2": 6.912590949494949
  },
  "scan_parameters": {
    "T_min": 1.0,
    "T_max": 250.0,
    "phi_scan_range": [
      -10,
      1000.0
    ],
    "n_phi_scan": 1200,
    "n_T_seeds": 3,
    "deltaX_target": 0.1,
    "x_eps": 0.001,
    "T_eps": 0.01,
    "deriv_order": 4,
    "phitol": 0.0001,
    "overlapAngle": 45.0,
    "Tn_Ttol": 0.01,
    "Tn_maxiter": 160,
    "include_zeroT_loops": true,
    "include_scalar_loops": true,
    "include_thermal": true,
    "include_scalar_thermal": true,
    "include_daisy": true,
    "renormalize_zeroT_loops": true,
    "thermal_approx": "spline"
  },
  "key_temperatures": {
    "Tn": 70.31244908198299,
    "Tc": 90.50649009174016,
    "Ts_false": 31.015977343743753,
    "Ts_true": 94.32053124999968,
    "S_at_Tn": 9840.004999591469,
    "S_over_Tn": 139.9468391168996,
    "false_phase_key": 2,
    "true_phase_key": 0,
    "phi_false_Tn": -5.1211227811084546e-05,
    "phi_true_Tn": 234.43443375923513,
    "vTn_over_Tn": 3.334181027969727,
    "Tc_minus_Tn_over_Tc": 0.22312257374347266
  },
  "gw_scales": {
    "gw_T_star_GeV": 70.31244908198299,
    "gw_alpha": 0.040303812161409165,
    "gw_beta_over_H": 577.7577599188887,
    "gw_v_w": 1.0,
    "gw_g_star": 106.75
  },
  "gw_peaks": {
    "sw": {
      "f_peak_mHz": 7.760831545860945,
      "f_peak_Hz": 0.007760831545860945,
      "omega_peak": 1.787424815865273e-15
    },
    "turb": {
      "f_peak_mHz": 13.287283363484955,
      "f_peak_Hz": 0.013287283363484954,
      "omega_peak": 1.2987486596822896e-19
    },
    "coll": {
      "f_peak_mHz": NaN,
      "f_peak_Hz": NaN,
      "omega_peak": NaN
    },
    "total": {
      "f_peak_mHz": 7.760831545860945,
      "f_peak_Hz": 0.007760831545860945,
      "omega_peak": 1.7875385524927138e-15
    }
  },
  "gw_run_parameters": {
    "g_star": 106.75,
    "v_w": 1.0,
    "epsilon_turb": 1.0,
    "frequency_unit": "mHz"
  },
  "S3": 9840.411832973954,
  "S3_over_T": 139.95262519586282,
  "bounce_diagnostics": {
    "label": "results_eft68_c6f23p27475_c8f42_f1000_mh125_Glauber_off",
    "C": NaN,
    "Lambda_GeV": NaN,
    "finiteT": null,
    "temperature_GeV": NaN,
    "phi_metaMin": -5.1211227811084546e-05,
    "phi_absMin": 234.43443375923513,
    "phi_bar": 117.45766682952907,
    "phi_top": 79.9703261659681,
    "V(phi_meta)": -63009688.957177155,
    "V(phi_true)": -82512360.10683636,
    "V(phi_top)": -61537916.12672057,
    "DeltaV_true_minus_meta": -19502671.14965921,
    "r0": 2.6911204070044384e-06,
    "phi0": 227.10462296810775,
    "dphi0": -0.0665462905426257,
    "rscale_cubic": 0.026911204070044385,
    "rscale_curv": 0.02608795179935547,
    "wall_r_hi": 0.10491415670552302,
    "wall_thickness": 0.07464349073849072,
    "S_total": 9840.411832973954,
    "S_kin": 14812.108606025758,
    "S_pot": -4971.696773051805,
    "S_interior": 0.0,
    "S3_over_T": NaN,
    "beta_rscale": 37.15924406047398,
    "beta_curvature": 38.33186921954827,
    "beta_wall": 13.397015467878424,
    "Tn_from_transitionFinder_GeV": 70.31244908198299,
    "Tc_from_transitionFinder_GeV": 90.50649009174016,
    "T_spinodal_high_GeV": NaN,
    "T_spinodal_low_GeV": NaN,
    "gw_T_star_GeV": 70.31244908198299,
    "gw_alpha": 0.040303812161409165,
    "gw_beta_over_H": 577.7577599188887,
    "gw_R_star_times_H": NaN,
    "gw_Gamma_Tstar_GeV4": NaN,
    "gw_dT_for_beta_GeV": NaN,
    "gw_f_sw_peak_Hz": NaN,
    "gw_f_turb_peak_Hz": NaN,
    "gw_f_coll_peak_Hz": NaN,
    "gw_g_star": 106.75,
    "gw_v_w": 1.0,
    "omega_sw_peak": NaN,
    "omega_turb_peak": NaN,
    "omega_coll_peak": NaN,
    "omega_tot_peak": NaN
  }
}